                  Warning	No conflict handling possible for the conflict regions of the vehicles backing out of parking lot "153": Link "10256" has more than one lane. Conflict regions over multi-lane links are not supported by parking lot conflict handling.	Network object type: Parking Lot	Network object keys: 153
                  Warning	No conflict handling possible for the conflict regions of the vehicles backing out of parking lot "154": Link "10256" has more than one lane. Conflict regions over multi-lane links are not supported by parking lot conflict handling.	Network object type: Parking Lot	Network object keys: 154
                  Warning	No conflict handling possible for the conflict regions of the vehicles backing out of parking lot "155": Link "324" has more than one lane. Conflict regions over multi-lane links are not supported by parking lot conflict handling.	Network object type: Parking Lot	Network object keys: 155
                  Warning	No conflict handling possible for the conflict regions of the vehicles backing out of parking lot "156": Link "324" has more than one lane. Conflict regions over multi-lane links are not supported by parking lot conflict handling.	Network object type: Parking Lot	Network object keys: 156
                  Warning	No conflict handling possible for the conflict regions of the vehicles pulling forward out of parking lot "172": Link "425" has more than one lane. Conflict regions over multi-lane links are not supported by parking lot conflict handling.	Network object type: Parking Lot	Network object keys: 172
                  Warning	No conflict handling possible for the conflict regions of the vehicles pulling forward out of parking lot "173": Link "425" has more than one lane. Conflict regions over multi-lane links are not supported by parking lot conflict handling.	Network object type: Parking Lot	Network object keys: 173
                  Warning	No conflict handling possible for the conflict regions of the vehicles pulling forward out of parking lot "174": Link "425" has more than one lane. Conflict regions over multi-lane links are not supported by parking lot conflict handling.	Network object type: Parking Lot	Network object keys: 174
                  Warning	Simulation second 29.00: Vehicle 1 ignores the decision "16: Roundabout South - South Approach LDV" of type "Static Vehicle Routing Decision" because it has left link "70: External Road South" at position 113.974 m in the same time step.
                  Warning	Simulation second 29.00: Vehicle 1 ignores the decision "17: Roundabout South - South Approach HDV and LDV Port" of type "Static Vehicle Routing Decision" because it has left link "70: External Road South" at position 113.974 m in the same time step.
                  Warning	Simulation second 33.00: Vehicle 3 ignores the decision "16: Roundabout South - South Approach LDV" of type "Static Vehicle Routing Decision" because it has left link "70: External Road South" at position 113.974 m in the same time step.
                  Warning	Simulation second 33.00: Vehicle 3 ignores the decision "17: Roundabout South - South Approach HDV and LDV Port" of type "Static Vehicle Routing Decision" because it has left link "70: External Road South" at position 113.974 m in the same time step.
                  Warning	Simulation second 35.00: Vehicle 4 ignores the decision "16: Roundabout South - South Approach LDV" of type "Static Vehicle Routing Decision" because it has left link "70: External Road South" at position 113.974 m in the same time step.
                  Warning	Simulation second 35.00: Vehicle 4 ignores the decision "17: Roundabout South - South Approach HDV and LDV Port" of type "Static Vehicle Routing Decision" because it has left link "70: External Road South" at position 113.974 m in the same time step.
                  Warning	Simulation second 42.00: Vehicle 5 ignores the decision "16: Roundabout South - South Approach LDV" of type "Static Vehicle Routing Decision" because it has left link "70: External Road South" at position 113.974 m in the same time step.
                  Warning	Simulation second 42.00: Vehicle 5 ignores the decision "17: Roundabout South - South Approach HDV and LDV Port" of type "Static Vehicle Routing Decision" because it has left link "70: External Road South" at position 113.974 m in the same time step.
                  Warning	Simulation second 63.00: Vehicle 6 ignores the decision "16: Roundabout South - South Approach LDV" of type "Static Vehicle Routing Decision" because it has left link "70: External Road South" at position 113.974 m in the same time step.
                  Warning	Simulation second 63.00: Vehicle 6 ignores the decision "17: Roundabout South - South Approach HDV and LDV Port" of type "Static Vehicle Routing Decision" because it has left link "70: External Road South" at position 113.974 m in the same time step.
                  Warning	Simulation second 79.00: Vehicle 9 ignores the decision "16: Roundabout South - South Approach LDV" of type "Static Vehicle Routing Decision" because it has left link "70: External Road South" at position 113.974 m in the same time step.
                  Warning	Simulation second 79.00: Vehicle 9 ignores the decision "17: Roundabout South - South Approach HDV and LDV Port" of type "Static Vehicle Routing Decision" because it has left link "70: External Road South" at position 113.974 m in the same time step.
                  Warning	Simulation second 95.00: Vehicle 14 ignores the decision "16: Roundabout South - South Approach LDV" of type "Static Vehicle Routing Decision" because it has left link "70: External Road South" at position 113.974 m in the same time step.
                  Warning	Simulation second 95.00: Vehicle 14 ignores the decision "17: Roundabout South - South Approach HDV and LDV Port" of type "Static Vehicle Routing Decision" because it has left link "70: External Road South" at position 113.974 m in the same time step.
                  Warning	Simulation second 115.00: Vehicle 1 ignores the decision "4: Roundabout Terminal Nort - South Approach LDV" of type "Static Vehicle Routing Decision" because it has left link "396: TNorte Entry/Exit" at position 164.855 m in the same time step.
                  Warning	Simulation second 115.00: Vehicle 1 ignores the decision "5: Roundabout Terminal Nort - South Approach LDV Port" of type "Static Vehicle Routing Decision" because it has left link "396: TNorte Entry/Exit" at position 164.855 m in the same time step.
                  Warning	Simulation second 115.00: Vehicle 1 ignores the decision "6: Roundabout Terminal Nort - South Approach HDV Port" of type "Static Vehicle Routing Decision" because it has left link "396: TNorte Entry/Exit" at position 164.855 m in the same time step.
                  Warning	Simulation second 133.00: Vehicle 15 ignores the decision "16: Roundabout South - South Approach LDV" of type "Static Vehicle Routing Decision" because it has left link "70: External Road South" at position 113.974 m in the same time step.
                  Warning	Simulation second 133.00: Vehicle 15 ignores the decision "17: Roundabout South - South Approach HDV and LDV Port" of type "Static Vehicle Routing Decision" because it has left link "70: External Road South" at position 113.974 m in the same time step.
                  Warning	Simulation second 134.00: Vehicle 10 ignores the decision "22: Roundabout Centre - East Approach LDV" of type "Static Vehicle Routing Decision" because it has left link "372: External Road Centre" at position 61.876 m in the same time step.
                  Warning	Simulation second 134.00: Vehicle 10 ignores the decision "23: Roundabout Centre - East Approach HDV and LDV Port" of type "Static Vehicle Routing Decision" because it has left link "372: External Road Centre" at position 61.876 m in the same time step.
                  Warning	Simulation second 214.00: Vehicle 21 ignores the decision "3: Roundabout Terminal Nort - North Approach" of type "Static Vehicle Routing Decision" because it has left link "400: External Road Ferry" at position 142.927 m in the same time step.
                  Warning	Simulation second 232.00: Vehicle 27 ignores the decision "16: Roundabout South - South Approach LDV" of type "Static Vehicle Routing Decision" because it has left link "70: External Road South" at position 113.974 m in the same time step.
                  Warning	Simulation second 232.00: Vehicle 27 ignores the decision "17: Roundabout South - South Approach HDV and LDV Port" of type "Static Vehicle Routing Decision" because it has left link "70: External Road South" at position 113.974 m in the same time step.
                  Warning	Simulation second 234.00: Vehicle 1 ignores the decision "1287" of type "Desired Speed Decision" because it has left link "10028: TNorte 8" at position 5.026 m in the same time step.
                  Warning	Simulation second 249.00: Vehicle 19 ignores the decision "7: Roundabout Terminal Nort - East Approach" of type "Static Vehicle Routing Decision" because it has left link "844: TNorte Entry/Exit" at position 13.671 m in the same time step.
                  Warning	Simulation second 252.00: Vehicle 30 ignores the decision "28: Roundabout TG - South Approach Minor" of type "Static Vehicle Routing Decision" because it has left link "907: External Road East" at position 152.286 m in the same time step.
                  Warning	Simulation second 254.00: Vehicle 1 ignores the decision "287: TRo-ro8" of type "Static Vehicle Routing Decision" because it has left link "351: TNorte 8" at position 171.964 m in the same time step.
                  Warning	Simulation second 261.00: Vehicle 7 ignores the decision "1042" of type "Desired Speed Decision" because it has left link "11647: External Road Gafanha da Nazare" at position 5.279 m in the same time step.
                  Warning	Simulation second 265.00: Vehicle 32 ignores the decision "16: Roundabout South - South Approach LDV" of type "Static Vehicle Routing Decision" because it has left link "70: External Road South" at position 113.974 m in the same time step.
                  Warning	Simulation second 265.00: Vehicle 32 ignores the decision "17: Roundabout South - South Approach HDV and LDV Port" of type "Static Vehicle Routing Decision" because it has left link "70: External Road South" at position 113.974 m in the same time step.
                  Warning	Simulation second 266.00: Vehicle 31 ignores the decision "16: Roundabout South - South Approach LDV" of type "Static Vehicle Routing Decision" because it has left link "70: External Road South" at position 113.974 m in the same time step.
                  Warning	Simulation second 266.00: Vehicle 31 ignores the decision "17: Roundabout South - South Approach HDV and LDV Port" of type "Static Vehicle Routing Decision" because it has left link "70: External Road South" at position 113.974 m in the same time step.
                  Warning	Simulation second 275.00: Vehicle 28 ignores the decision "22: Roundabout Centre - East Approach LDV" of type "Static Vehicle Routing Decision" because it has left link "372: External Road Centre" at position 61.876 m in the same time step.
                  Warning	Simulation second 275.00: Vehicle 28 ignores the decision "23: Roundabout Centre - East Approach HDV and LDV Port" of type "Static Vehicle Routing Decision" because it has left link "372: External Road Centre" at position 61.876 m in the same time step.
                  Warning	Simulation second 302.00: Vehicle 36 ignores the decision "16: Roundabout South - South Approach LDV" of type "Static Vehicle Routing Decision" because it has left link "70: External Road South" at position 113.974 m in the same time step.
                  Warning	Simulation second 302.00: Vehicle 36 ignores the decision "17: Roundabout South - South Approach HDV and LDV Port" of type "Static Vehicle Routing Decision" because it has left link "70: External Road South" at position 113.974 m in the same time step.
                  Warning	Simulation second 309.00: Vehicle 29 ignores the decision "22: Roundabout Centre - East Approach LDV" of type "Static Vehicle Routing Decision" because it has left link "372: External Road Centre" at position 61.876 m in the same time step.
                  Warning	Simulation second 309.00: Vehicle 29 ignores the decision "23: Roundabout Centre - East Approach HDV and LDV Port" of type "Static Vehicle Routing Decision" because it has left link "372: External Road Centre" at position 61.876 m in the same time step.
                  Warning	Simulation second 310.00: Vehicle 38 ignores the decision "16: Roundabout South - South Approach LDV" of type "Static Vehicle Routing Decision" because it has left link "70: External Road South" at position 113.974 m in the same time step.
                  Warning	Simulation second 310.00: Vehicle 38 ignores the decision "17: Roundabout South - South Approach HDV and LDV Port" of type "Static Vehicle Routing Decision" because it has left link "70: External Road South" at position 113.974 m in the same time step.
                  Warning	Simulation second 328.00: Vehicle 32 ignores the decision "1039" of type "Desired Speed Decision" because it has left link "11021: External Road Gafanha da Nazare" at position 1.001 m in the same time step.
                  Warning	Simulation second 330.00: Vehicle 34 ignores the decision "22: Roundabout Centre - East Approach LDV" of type "Static Vehicle Routing Decision" because it has left link "372: External Road Centre" at position 61.876 m in the same time step.
                  Warning	Simulation second 330.00: Vehicle 34 ignores the decision "23: Roundabout Centre - East Approach HDV and LDV Port" of type "Static Vehicle Routing Decision" because it has left link "372: External Road Centre" at position 61.876 m in the same time step.
                  Warning	Simulation second 333.00: Vehicle 41 ignores the decision "16: Roundabout South - South Approach LDV" of type "Static Vehicle Routing Decision" because it has left link "70: External Road South" at position 113.974 m in the same time step.
                  Warning	Simulation second 333.00: Vehicle 41 ignores the decision "17: Roundabout South - South Approach HDV and LDV Port" of type "Static Vehicle Routing Decision" because it has left link "70: External Road South" at position 113.974 m in the same time step.
                  Warning	Simulation second 336.00: Vehicle 21 ignores the decision "19: Roundabout South - Nort Approach" of type "Static Vehicle Routing Decision" because it has left link "89: External Road South" at position 147.277 m in the same time step.
                  Warning	Simulation second 336.00: Vehicle 21 ignores the decision "304: Roundabout South - Nort Approach HDV and LDV Port" of type "Static Vehicle Routing Decision" because it has left link "89: External Road South" at position 147.277 m in the same time step.
                  Warning	Simulation second 345.00: Vehicle 24 ignores the decision "19: Roundabout South - Nort Approach" of type "Static Vehicle Routing Decision" because it has left link "89: External Road South" at position 147.277 m in the same time step.
                  Warning	Simulation second 345.00: Vehicle 24 ignores the decision "304: Roundabout South - Nort Approach HDV and LDV Port" of type "Static Vehicle Routing Decision" because it has left link "89: External Road South" at position 147.277 m in the same time step.
                  Warning	Simulation second 347.00: Vehicle 12 ignores the decision "1042" of type "Desired Speed Decision" because it has left link "11647: External Road Gafanha da Nazare" at position 5.279 m in the same time step.
                  Warning	Simulation second 381.00: Vehicle 38 ignores the decision "1039" of type "Desired Speed Decision" because it has left link "11021: External Road Gafanha da Nazare" at position 1.001 m in the same time step.
                  Warning	Simulation second 383.00: Vehicle 2 ignores the decision "19: Roundabout South - Nort Approach" of type "Static Vehicle Routing Decision" because it has left link "89: External Road South" at position 147.277 m in the same time step.
                  Warning	Simulation second 383.00: Vehicle 2 ignores the decision "304: Roundabout South - Nort Approach HDV and LDV Port" of type "Static Vehicle Routing Decision" because it has left link "89: External Road South" at position 147.277 m in the same time step.
                  Warning	Simulation second 386.00: Vehicle 44 ignores the decision "16: Roundabout South - South Approach LDV" of type "Static Vehicle Routing Decision" because it has left link "70: External Road South" at position 113.974 m in the same time step.
                  Warning	Simulation second 386.00: Vehicle 44 ignores the decision "17: Roundabout South - South Approach HDV and LDV Port" of type "Static Vehicle Routing Decision" because it has left link "70: External Road South" at position 113.974 m in the same time step.
                  Warning	Simulation second 388.00: Vehicle 42 ignores the decision "22: Roundabout Centre - East Approach LDV" of type "Static Vehicle Routing Decision" because it has left link "372: External Road Centre" at position 61.876 m in the same time step.
                  Warning	Simulation second 388.00: Vehicle 42 ignores the decision "23: Roundabout Centre - East Approach HDV and LDV Port" of type "Static Vehicle Routing Decision" because it has left link "372: External Road Centre" at position 61.876 m in the same time step.
                  Warning	Simulation second 392.00: Vehicle 45 ignores the decision "16: Roundabout South - South Approach LDV" of type "Static Vehicle Routing Decision" because it has left link "70: External Road South" at position 113.974 m in the same time step.
                  Warning	Simulation second 392.00: Vehicle 45 ignores the decision "17: Roundabout South - South Approach HDV and LDV Port" of type "Static Vehicle Routing Decision" because it has left link "70: External Road South" at position 113.974 m in the same time step.
                  Warning	Simulation second 397.00: Vehicle 26 ignores the decision "1039" of type "Desired Speed Decision" because it has left link "11021: External Road Gafanha da Nazare" at position 1.001 m in the same time step.
                  Warning	Simulation second 404.00: Vehicle 18 ignores the decision "1042" of type "Desired Speed Decision" because it has left link "11647: External Road Gafanha da Nazare" at position 5.279 m in the same time step.
                  Warning	Simulation second 406.00: Vehicle 20 ignores the decision "1042" of type "Desired Speed Decision" because it has left link "11647: External Road Gafanha da Nazare" at position 5.279 m in the same time step.
                  Warning	Simulation second 410.00: Vehicle 25 ignores the decision "1042" of type "Desired Speed Decision" because it has left link "11647: External Road Gafanha da Nazare" at position 5.279 m in the same time step.
                  Warning	Simulation second 415.00: Vehicle 48 ignores the decision "16: Roundabout South - South Approach LDV" of type "Static Vehicle Routing Decision" because it has left link "70: External Road South" at position 113.974 m in the same time step.
                  Warning	Simulation second 415.00: Vehicle 48 ignores the decision "17: Roundabout South - South Approach HDV and LDV Port" of type "Static Vehicle Routing Decision" because it has left link "70: External Road South" at position 113.974 m in the same time step.
                  Warning	Simulation second 421.00: Vehicle 33 ignores the decision "1042" of type "Desired Speed Decision" because it has left link "11647: External Road Gafanha da Nazare" at position 5.279 m in the same time step.
                  Warning	Simulation second 424.00: Vehicle 29 ignores the decision "19: Roundabout South - Nort Approach" of type "Static Vehicle Routing Decision" because it has left link "89: External Road South" at position 147.277 m in the same time step.
                  Warning	Simulation second 424.00: Vehicle 29 ignores the decision "304: Roundabout South - Nort Approach HDV and LDV Port" of type "Static Vehicle Routing Decision" because it has left link "89: External Road South" at position 147.277 m in the same time step.
                  Warning	Simulation second 427.00: Vehicle 11 ignores the decision "19: Roundabout South - Nort Approach" of type "Static Vehicle Routing Decision" because it has left link "89: External Road South" at position 147.277 m in the same time step.
                  Warning	Simulation second 427.00: Vehicle 11 ignores the decision "304: Roundabout South - Nort Approach HDV and LDV Port" of type "Static Vehicle Routing Decision" because it has left link "89: External Road South" at position 147.277 m in the same time step.
                  Warning	Simulation second 434.00: Vehicle 46 ignores the decision "22: Roundabout Centre - East Approach LDV" of type "Static Vehicle Routing Decision" because it has left link "372: External Road Centre" at position 61.876 m in the same time step.
                  Warning	Simulation second 440.00: Vehicle 47 ignores the decision "22: Roundabout Centre - East Approach LDV" of type "Static Vehicle Routing Decision" because it has left link "372: External Road Centre" at position 61.876 m in the same time step.
                  Warning	Simulation second 440.00: Vehicle 47 ignores the decision "23: Roundabout Centre - East Approach HDV and LDV Port" of type "Static Vehicle Routing Decision" because it has left link "372: External Road Centre" at position 61.876 m in the same time step.
                  Warning	Simulation second 441.00: Vehicle 16 ignores the decision "19: Roundabout South - Nort Approach" of type "Static Vehicle Routing Decision" because it has left link "89: External Road South" at position 147.277 m in the same time step.
                  Warning	Simulation second 441.00: Vehicle 16 ignores the decision "304: Roundabout South - Nort Approach HDV and LDV Port" of type "Static Vehicle Routing Decision" because it has left link "89: External Road South" at position 147.277 m in the same time step.
                  Warning	Simulation second 450.00: Vehicle 34 ignores the decision "4: Roundabout Terminal Nort - South Approach LDV" of type "Static Vehicle Routing Decision" because it has left link "396: TNorte Entry/Exit" at position 164.855 m in the same time step.
                  Warning	Simulation second 450.00: Vehicle 34 ignores the decision "5: Roundabout Terminal Nort - South Approach LDV Port" of type "Static Vehicle Routing Decision" because it has left link "396: TNorte Entry/Exit" at position 164.855 m in the same time step.
                  Warning	Simulation second 450.00: Vehicle 34 ignores the decision "6: Roundabout Terminal Nort - South Approach HDV Port" of type "Static Vehicle Routing Decision" because it has left link "396: TNorte Entry/Exit" at position 164.855 m in the same time step.
                  Warning	Simulation second 452.00: Vehicle 44 ignores the decision "1039" of type "Desired Speed Decision" because it has left link "11021: External Road Gafanha da Nazare" at position 1.001 m in the same time step.
                  Warning	Simulation second 474.00: Vehicle 12 ignores the decision "19: Roundabout South - Nort Approach" of type "Static Vehicle Routing Decision" because it has left link "89: External Road South" at position 147.277 m in the same time step.
                  Warning	Simulation second 474.00: Vehicle 12 ignores the decision "304: Roundabout South - Nort Approach HDV and LDV Port" of type "Static Vehicle Routing Decision" because it has left link "89: External Road South" at position 147.277 m in the same time step.
                  Warning	Simulation second 479.00: Vehicle 51 ignores the decision "16: Roundabout South - South Approach LDV" of type "Static Vehicle Routing Decision" because it has left link "70: External Road South" at position 113.974 m in the same time step.
                  Warning	Simulation second 479.00: Vehicle 51 ignores the decision "17: Roundabout South - South Approach HDV and LDV Port" of type "Static Vehicle Routing Decision" because it has left link "70: External Road South" at position 113.974 m in the same time step.
                  Warning	Simulation second 483.00: Vehicle 35 ignores the decision "1042" of type "Desired Speed Decision" because it has left link "11647: External Road Gafanha da Nazare" at position 5.279 m in the same time step.
                  Warning	Simulation second 499.00: Vehicle 42 ignores the decision "19: Roundabout South - Nort Approach" of type "Static Vehicle Routing Decision" because it has left link "89: External Road South" at position 147.277 m in the same time step.
                  Warning	Simulation second 499.00: Vehicle 42 ignores the decision "304: Roundabout South - Nort Approach HDV and LDV Port" of type "Static Vehicle Routing Decision" because it has left link "89: External Road South" at position 147.277 m in the same time step.
                  Warning	Simulation second 499.00: Vehicle 45 ignores the decision "4: Roundabout Terminal Nort - South Approach LDV" of type "Static Vehicle Routing Decision" because it has left link "396: TNorte Entry/Exit" at position 164.855 m in the same time step.
                  Warning	Simulation second 499.00: Vehicle 45 ignores the decision "5: Roundabout Terminal Nort - South Approach LDV Port" of type "Static Vehicle Routing Decision" because it has left link "396: TNorte Entry/Exit" at position 164.855 m in the same time step.
                  Warning	Simulation second 499.00: Vehicle 45 ignores the decision "6: Roundabout Terminal Nort - South Approach HDV Port" of type "Static Vehicle Routing Decision" because it has left link "396: TNorte Entry/Exit" at position 164.855 m in the same time step.
                  Warning	Simulation second 503.00: Vehicle 48 ignores the decision "4: Roundabout Terminal Nort - South Approach LDV" of type "Static Vehicle Routing Decision" because it has left link "396: TNorte Entry/Exit" at position 164.855 m in the same time step.
                  Warning	Simulation second 503.00: Vehicle 48 ignores the decision "5: Roundabout Terminal Nort - South Approach LDV Port" of type "Static Vehicle Routing Decision" because it has left link "396: TNorte Entry/Exit" at position 164.855 m in the same time step.
                  Warning	Simulation second 503.00: Vehicle 48 ignores the decision "6: Roundabout Terminal Nort - South Approach HDV Port" of type "Static Vehicle Routing Decision" because it has left link "396: TNorte Entry/Exit" at position 164.855 m in the same time step.
                  Warning	Simulation second 505.00: Vehicle 23 ignores the decision "19: Roundabout South - Nort Approach" of type "Static Vehicle Routing Decision" because it has left link "89: External Road South" at position 147.277 m in the same time step.
                  Warning	Simulation second 505.00: Vehicle 23 ignores the decision "304: Roundabout South - Nort Approach HDV and LDV Port" of type "Static Vehicle Routing Decision" because it has left link "89: External Road South" at position 147.277 m in the same time step.
                  Warning	Simulation second 505.00: Vehicle 33 ignores the decision "19: Roundabout South - Nort Approach" of type "Static Vehicle Routing Decision" because it has left link "89: External Road South" at position 147.277 m in the same time step.
                  Warning	Simulation second 505.00: Vehicle 33 ignores the decision "304: Roundabout South - Nort Approach HDV and LDV Port" of type "Static Vehicle Routing Decision" because it has left link "89: External Road South" at position 147.277 m in the same time step.
                  Warning	Simulation second 515.00: Vehicle 55 ignores the decision "16: Roundabout South - South Approach LDV" of type "Static Vehicle Routing Decision" because it has left link "70: External Road South" at position 113.974 m in the same time step.
                  Warning	Simulation second 515.00: Vehicle 55 ignores the decision "17: Roundabout South - South Approach HDV and LDV Port" of type "Static Vehicle Routing Decision" because it has left link "70: External Road South" at position 113.974 m in the same time step.
                  Warning	Simulation second 520.00: Vehicle 18 ignores the decision "19: Roundabout South - Nort Approach" of type "Static Vehicle Routing Decision" because it has left link "89: External Road South" at position 147.277 m in the same time step.
                  Warning	Simulation second 520.00: Vehicle 18 ignores the decision "304: Roundabout South - Nort Approach HDV and LDV Port" of type "Static Vehicle Routing Decision" because it has left link "89: External Road South" at position 147.277 m in the same time step.
                  Warning	Simulation second 523.00: Vehicle 56 ignores the decision "16: Roundabout South - South Approach LDV" of type "Static Vehicle Routing Decision" because it has left link "70: External Road South" at position 113.974 m in the same time step.
                  Warning	Simulation second 523.00: Vehicle 56 ignores the decision "17: Roundabout South - South Approach HDV and LDV Port" of type "Static Vehicle Routing Decision" because it has left link "70: External Road South" at position 113.974 m in the same time step.
                  Warning	Simulation second 530.00: Vehicle 58 ignores the decision "16: Roundabout South - South Approach LDV" of type "Static Vehicle Routing Decision" because it has left link "70: External Road South" at position 113.974 m in the same time step.
                  Warning	Simulation second 530.00: Vehicle 58 ignores the decision "17: Roundabout South - South Approach HDV and LDV Port" of type "Static Vehicle Routing Decision" because it has left link "70: External Road South" at position 113.974 m in the same time step.
                  Warning	Simulation second 531.00: Vehicle 50 ignores the decision "3: Roundabout Terminal Nort - North Approach" of type "Static Vehicle Routing Decision" because it has left link "400: External Road Ferry" at position 142.927 m in the same time step.
                  Warning	Simulation second 535.00: Vehicle 46 ignores the decision "4: Roundabout Terminal Nort - South Approach LDV" of type "Static Vehicle Routing Decision" because it has left link "396: TNorte Entry/Exit" at position 164.855 m in the same time step.
                  Warning	Simulation second 535.00: Vehicle 46 ignores the decision "5: Roundabout Terminal Nort - South Approach LDV Port" of type "Static Vehicle Routing Decision" because it has left link "396: TNorte Entry/Exit" at position 164.855 m in the same time step.
                  Warning	Simulation second 535.00: Vehicle 46 ignores the decision "6: Roundabout Terminal Nort - South Approach HDV Port" of type "Static Vehicle Routing Decision" because it has left link "396: TNorte Entry/Exit" at position 164.855 m in the same time step.
                  Warning	Simulation second 541.00: Vehicle 47 ignores the decision "19: Roundabout South - Nort Approach" of type "Static Vehicle Routing Decision" because it has left link "89: External Road South" at position 147.277 m in the same time step.
                  Warning	Simulation second 541.00: Vehicle 47 ignores the decision "304: Roundabout South - Nort Approach HDV and LDV Port" of type "Static Vehicle Routing Decision" because it has left link "89: External Road South" at position 147.277 m in the same time step.
                  Warning	Simulation second 548.00: Vehicle 37 ignores the decision "4: Roundabout Terminal Nort - South Approach LDV" of type "Static Vehicle Routing Decision" because it has left link "396: TNorte Entry/Exit" at position 164.855 m in the same time step.
                  Warning	Simulation second 548.00: Vehicle 37 ignores the decision "5: Roundabout Terminal Nort - South Approach LDV Port" of type "Static Vehicle Routing Decision" because it has left link "396: TNorte Entry/Exit" at position 164.855 m in the same time step.
                  Warning	Simulation second 548.00: Vehicle 37 ignores the decision "6: Roundabout Terminal Nort - South Approach HDV Port" of type "Static Vehicle Routing Decision" because it has left link "396: TNorte Entry/Exit" at position 164.855 m in the same time step.
                  Warning	Simulation second 569.00: Vehicle 37 ignores the decision "1091" of type "Desired Speed Decision" because it has left link "10054: TNorte 3" at position 8.078 m in the same time step.
                  Warning	Simulation second 577.00: Vehicle 35 ignores the decision "19: Roundabout South - Nort Approach" of type "Static Vehicle Routing Decision" because it has left link "89: External Road South" at position 147.277 m in the same time step.
                  Warning	Simulation second 577.00: Vehicle 35 ignores the decision "304: Roundabout South - Nort Approach HDV and LDV Port" of type "Static Vehicle Routing Decision" because it has left link "89: External Road South" at position 147.277 m in the same time step.
                  Warning	Simulation second 579.00: Vehicle 51 ignores the decision "5: Roundabout Terminal Nort - South Approach LDV Port" of type "Static Vehicle Routing Decision" because it has left link "396: TNorte Entry/Exit" at position 164.855 m in the same time step.
                  Warning	Simulation second 579.00: Vehicle 51 ignores the decision "6: Roundabout Terminal Nort - South Approach HDV Port" of type "Static Vehicle Routing Decision" because it has left link "396: TNorte Entry/Exit" at position 164.855 m in the same time step.
                  Warning	Simulation second 598.00: Vehicle 39 ignores the decision "19: Roundabout South - Nort Approach" of type "Static Vehicle Routing Decision" because it has left link "89: External Road South" at position 147.277 m in the same time step.
                  Warning	Simulation second 598.00: Vehicle 39 ignores the decision "304: Roundabout South - Nort Approach HDV and LDV Port" of type "Static Vehicle Routing Decision" because it has left link "89: External Road South" at position 147.277 m in the same time step.
                  Warning	Simulation second 602.00: Vehicle 41 ignores the decision "1287" of type "Desired Speed Decision" because it has left link "10028: TNorte 8" at position 5.026 m in the same time step.
                  Warning	Simulation second 604.00: Vehicle 63 ignores the decision "16: Roundabout South - South Approach LDV" of type "Static Vehicle Routing Decision" because it has left link "70: External Road South" at position 113.974 m in the same time step.
                  Warning	Simulation second 604.00: Vehicle 63 ignores the decision "17: Roundabout South - South Approach HDV and LDV Port" of type "Static Vehicle Routing Decision" because it has left link "70: External Road South" at position 113.974 m in the same time step.
                  Warning	Simulation second 630.00: Vehicle 58 ignores the decision "4: Roundabout Terminal Nort - South Approach LDV" of type "Static Vehicle Routing Decision" because it has left link "396: TNorte Entry/Exit" at position 164.855 m in the same time step.
                  Warning	Simulation second 630.00: Vehicle 58 ignores the decision "5: Roundabout Terminal Nort - South Approach LDV Port" of type "Static Vehicle Routing Decision" because it has left link "396: TNorte Entry/Exit" at position 164.855 m in the same time step.
                  Warning	Simulation second 630.00: Vehicle 58 ignores the decision "6: Roundabout Terminal Nort - South Approach HDV Port" of type "Static Vehicle Routing Decision" because it has left link "396: TNorte Entry/Exit" at position 164.855 m in the same time step.
                  Warning	Simulation second 638.00: Vehicle 34 ignores the decision "1287" of type "Desired Speed Decision" because it has left link "10028: TNorte 8" at position 5.026 m in the same time step.
                  Warning	Simulation second 638.00: Vehicle 67 ignores the decision "16: Roundabout South - South Approach LDV" of type "Static Vehicle Routing Decision" because it has left link "70: External Road South" at position 113.974 m in the same time step.
                  Warning	Simulation second 638.00: Vehicle 67 ignores the decision "17: Roundabout South - South Approach HDV and LDV Port" of type "Static Vehicle Routing Decision" because it has left link "70: External Road South" at position 113.974 m in the same time step.
                  Warning	Simulation second 643.00: Vehicle 52 ignores the decision "19: Roundabout South - Nort Approach" of type "Static Vehicle Routing Decision" because it has left link "89: External Road South" at position 147.277 m in the same time step.
                  Warning	Simulation second 643.00: Vehicle 52 ignores the decision "304: Roundabout South - Nort Approach HDV and LDV Port" of type "Static Vehicle Routing Decision" because it has left link "89: External Road South" at position 147.277 m in the same time step.
                  Warning	Simulation second 654.00: Vehicle 64 ignores the decision "22: Roundabout Centre - East Approach LDV" of type "Static Vehicle Routing Decision" because it has left link "372: External Road Centre" at position 61.876 m in the same time step.
                  Warning	Simulation second 654.00: Vehicle 64 ignores the decision "23: Roundabout Centre - East Approach HDV and LDV Port" of type "Static Vehicle Routing Decision" because it has left link "372: External Road Centre" at position 61.876 m in the same time step.
                  Warning	Simulation second 655.00: Vehicle 59 ignores the decision "4: Roundabout Terminal Nort - South Approach LDV" of type "Static Vehicle Routing Decision" because it has left link "396: TNorte Entry/Exit" at position 164.855 m in the same time step.
                  Warning	Simulation second 655.00: Vehicle 59 ignores the decision "5: Roundabout Terminal Nort - South Approach LDV Port" of type "Static Vehicle Routing Decision" because it has left link "396: TNorte Entry/Exit" at position 164.855 m in the same time step.
                  Warning	Simulation second 655.00: Vehicle 59 ignores the decision "6: Roundabout Terminal Nort - South Approach HDV Port" of type "Static Vehicle Routing Decision" because it has left link "396: TNorte Entry/Exit" at position 164.855 m in the same time step.
                  Warning	Simulation second 664.00: Vehicle 71 ignores the decision "16: Roundabout South - South Approach LDV" of type "Static Vehicle Routing Decision" because it has left link "70: External Road South" at position 113.974 m in the same time step.
                  Warning	Simulation second 664.00: Vehicle 71 ignores the decision "17: Roundabout South - South Approach HDV and LDV Port" of type "Static Vehicle Routing Decision" because it has left link "70: External Road South" at position 113.974 m in the same time step.
                  Warning	Simulation second 666.00: Vehicle 65 ignores the decision "22: Roundabout Centre - East Approach LDV" of type "Static Vehicle Routing Decision" because it has left link "372: External Road Centre" at position 61.876 m in the same time step.
                  Warning	Simulation second 666.00: Vehicle 65 ignores the decision "23: Roundabout Centre - East Approach HDV and LDV Port" of type "Static Vehicle Routing Decision" because it has left link "372: External Road Centre" at position 61.876 m in the same time step.
                  Warning	Simulation second 671.00: Vehicle 37 ignores the decision "254: Roundabout MultiPurpose - Southeast Aproach" of type "Static Vehicle Routing Decision" because it has left link "32: TNorte 5" at position 848.237 m in the same time step.
                  Warning	Simulation second 673.00: Vehicle 45 ignores the decision "1287" of type "Desired Speed Decision" because it has left link "10028: TNorte 8" at position 5.026 m in the same time step.
                  Warning	Simulation second 684.00: Vehicle 50 ignores the decision "19: Roundabout South - Nort Approach" of type "Static Vehicle Routing Decision" because it has left link "89: External Road South" at position 147.277 m in the same time step.
                  Warning	Simulation second 684.00: Vehicle 50 ignores the decision "304: Roundabout South - Nort Approach HDV and LDV Port" of type "Static Vehicle Routing Decision" because it has left link "89: External Road South" at position 147.277 m in the same time step.
                  Warning	Simulation second 687.00: Vehicle 48 ignores the decision "1676" of type "Desired Speed Decision" because it has left link "343: TNorte 7" at position 85.200 m in the same time step.
                  Warning	Simulation second 696.00: Vehicle 46 ignores the decision "1287" of type "Desired Speed Decision" because it has left link "10028: TNorte 8" at position 5.026 m in the same time step.
                  Warning	Simulation second 700.00: Vehicle 53 ignores the decision "1042" of type "Desired Speed Decision" because it has left link "11647: External Road Gafanha da Nazare" at position 5.279 m in the same time step.
                  Warning	Simulation second 708.00: Vehicle 57 ignores the decision "1042" of type "Desired Speed Decision" because it has left link "11647: External Road Gafanha da Nazare" at position 5.279 m in the same time step.
                  Warning	Simulation second 709.00: Vehicle 63 ignores the decision "4: Roundabout Terminal Nort - South Approach LDV" of type "Static Vehicle Routing Decision" because it has left link "396: TNorte Entry/Exit" at position 164.855 m in the same time step.
                  Warning	Simulation second 709.00: Vehicle 63 ignores the decision "5: Roundabout Terminal Nort - South Approach LDV Port" of type "Static Vehicle Routing Decision" because it has left link "396: TNorte Entry/Exit" at position 164.855 m in the same time step.
                  Warning	Simulation second 709.00: Vehicle 63 ignores the decision "6: Roundabout Terminal Nort - South Approach HDV Port" of type "Static Vehicle Routing Decision" because it has left link "396: TNorte Entry/Exit" at position 164.855 m in the same time step.
                  Warning	Simulation second 714.00: Vehicle 74 ignores the decision "16: Roundabout South - South Approach LDV" of type "Static Vehicle Routing Decision" because it has left link "70: External Road South" at position 113.974 m in the same time step.
                  Warning	Simulation second 714.00: Vehicle 74 ignores the decision "17: Roundabout South - South Approach HDV and LDV Port" of type "Static Vehicle Routing Decision" because it has left link "70: External Road South" at position 113.974 m in the same time step.
                  Warning	Simulation second 726.00: Vehicle 60 ignores the decision "1042" of type "Desired Speed Decision" because it has left link "11647: External Road Gafanha da Nazare" at position 5.279 m in the same time step.
                  Warning	Simulation second 728.00: Vehicle 71 ignores the decision "1039" of type "Desired Speed Decision" because it has left link "11021: External Road Gafanha da Nazare" at position 1.001 m in the same time step.
                  Warning	Simulation second 730.00: Vehicle 69 ignores the decision "4: Roundabout Terminal Nort - South Approach LDV" of type "Static Vehicle Routing Decision" because it has left link "396: TNorte Entry/Exit" at position 164.855 m in the same time step.
                  Warning	Simulation second 730.00: Vehicle 69 ignores the decision "5: Roundabout Terminal Nort - South Approach LDV Port" of type "Static Vehicle Routing Decision" because it has left link "396: TNorte Entry/Exit" at position 164.855 m in the same time step.
                  Warning	Simulation second 730.00: Vehicle 69 ignores the decision "6: Roundabout Terminal Nort - South Approach HDV Port" of type "Static Vehicle Routing Decision" because it has left link "396: TNorte Entry/Exit" at position 164.855 m in the same time step.
                  Warning	Simulation second 730.00: Vehicle 75 ignores the decision "16: Roundabout South - South Approach LDV" of type "Static Vehicle Routing Decision" because it has left link "70: External Road South" at position 113.974 m in the same time step.
                  Warning	Simulation second 730.00: Vehicle 75 ignores the decision "17: Roundabout South - South Approach HDV and LDV Port" of type "Static Vehicle Routing Decision" because it has left link "70: External Road South" at position 113.974 m in the same time step.
                  Warning	Simulation second 742.00: Vehicle 41 ignores the decision "254: Roundabout MultiPurpose - Southeast Aproach" of type "Static Vehicle Routing Decision" because it has left link "32: TNorte 5" at position 848.237 m in the same time step.
                  Warning	Simulation second 744.00: Vehicle 64 ignores the decision "5: Roundabout Terminal Nort - South Approach LDV Port" of type "Static Vehicle Routing Decision" because it has left link "396: TNorte Entry/Exit" at position 164.855 m in the same time step.
                  Warning	Simulation second 744.00: Vehicle 64 ignores the decision "6: Roundabout Terminal Nort - South Approach HDV Port" of type "Static Vehicle Routing Decision" because it has left link "396: TNorte Entry/Exit" at position 164.855 m in the same time step.
                  Warning	Simulation second 748.00: Vehicle 80 ignores the decision "16: Roundabout South - South Approach LDV" of type "Static Vehicle Routing Decision" because it has left link "70: External Road South" at position 113.974 m in the same time step.
                  Warning	Simulation second 748.00: Vehicle 80 ignores the decision "17: Roundabout South - South Approach HDV and LDV Port" of type "Static Vehicle Routing Decision" because it has left link "70: External Road South" at position 113.974 m in the same time step.
                  Warning	Simulation second 750.00: Vehicle 81 ignores the decision "16: Roundabout South - South Approach LDV" of type "Static Vehicle Routing Decision" because it has left link "70: External Road South" at position 113.974 m in the same time step.
                  Warning	Simulation second 750.00: Vehicle 81 ignores the decision "17: Roundabout South - South Approach HDV and LDV Port" of type "Static Vehicle Routing Decision" because it has left link "70: External Road South" at position 113.974 m in the same time step.
                  Warning	Simulation second 755.00: Vehicle 65 ignores the decision "4: Roundabout Terminal Nort - South Approach LDV" of type "Static Vehicle Routing Decision" because it has left link "396: TNorte Entry/Exit" at position 164.855 m in the same time step.
                  Warning	Simulation second 755.00: Vehicle 65 ignores the decision "5: Roundabout Terminal Nort - South Approach LDV Port" of type "Static Vehicle Routing Decision" because it has left link "396: TNorte Entry/Exit" at position 164.855 m in the same time step.
                  Warning	Simulation second 755.00: Vehicle 65 ignores the decision "6: Roundabout Terminal Nort - South Approach HDV Port" of type "Static Vehicle Routing Decision" because it has left link "396: TNorte Entry/Exit" at position 164.855 m in the same time step.
                  Warning	Simulation second 758.00: Vehicle 37 ignores the decision "254: Roundabout MultiPurpose - Southeast Aproach" of type "Static Vehicle Routing Decision" because it has left link "32: TNorte 5" at position 848.237 m in the same time step.
                  Warning	Simulation second 761.00: Vehicle 86 ignores the decision "28: Roundabout TG - South Approach Minor" of type "Static Vehicle Routing Decision" because it has left link "907: External Road East" at position 152.286 m in the same time step.
                  Warning	Simulation second 767.00: Vehicle 84 ignores the decision "16: Roundabout South - South Approach LDV" of type "Static Vehicle Routing Decision" because it has left link "70: External Road South" at position 113.974 m in the same time step.
                  Warning	Simulation second 767.00: Vehicle 84 ignores the decision "17: Roundabout South - South Approach HDV and LDV Port" of type "Static Vehicle Routing Decision" because it has left link "70: External Road South" at position 113.974 m in the same time step.
                  Warning	Simulation second 775.00: Vehicle 65 ignores the decision "1091" of type "Desired Speed Decision" because it has left link "10054: TNorte 3" at position 8.078 m in the same time step.
                  Warning	Simulation second 775.00: Vehicle 78 ignores the decision "22: Roundabout Centre - East Approach LDV" of type "Static Vehicle Routing Decision" because it has left link "372: External Road Centre" at position 61.876 m in the same time step.
                  Warning	Simulation second 775.00: Vehicle 78 ignores the decision "23: Roundabout Centre - East Approach HDV and LDV Port" of type "Static Vehicle Routing Decision" because it has left link "372: External Road Centre" at position 61.876 m in the same time step.
                  Warning	Simulation second 779.00: Vehicle 61 ignores the decision "1042" of type "Desired Speed Decision" because it has left link "11647: External Road Gafanha da Nazare" at position 5.279 m in the same time step.
                  Warning	Simulation second 784.00: Vehicle 59 ignores the decision "254: Roundabout MultiPurpose - Southeast Aproach" of type "Static Vehicle Routing Decision" because it has left link "32: TNorte 5" at position 848.237 m in the same time step.
                  Warning	Simulation second 790.00: Vehicle 54 ignores the decision "19: Roundabout South - Nort Approach" of type "Static Vehicle Routing Decision" because it has left link "89: External Road South" at position 147.277 m in the same time step.
                  Warning	Simulation second 790.00: Vehicle 54 ignores the decision "304: Roundabout South - Nort Approach HDV and LDV Port" of type "Static Vehicle Routing Decision" because it has left link "89: External Road South" at position 147.277 m in the same time step.
                  Warning	Simulation second 790.00: Vehicle 58 ignores the decision "1287" of type "Desired Speed Decision" because it has left link "10028: TNorte 8" at position 5.026 m in the same time step.
                  Warning	Simulation second 794.00: Vehicle 53 ignores the decision "19: Roundabout South - Nort Approach" of type "Static Vehicle Routing Decision" because it has left link "89: External Road South" at position 147.277 m in the same time step.
                  Warning	Simulation second 794.00: Vehicle 53 ignores the decision "304: Roundabout South - Nort Approach HDV and LDV Port" of type "Static Vehicle Routing Decision" because it has left link "89: External Road South" at position 147.277 m in the same time step.
                  Warning	Simulation second 797.00: Vehicle 57 ignores the decision "19: Roundabout South - Nort Approach" of type "Static Vehicle Routing Decision" because it has left link "89: External Road South" at position 147.277 m in the same time step.
                  Warning	Simulation second 797.00: Vehicle 57 ignores the decision "304: Roundabout South - Nort Approach HDV and LDV Port" of type "Static Vehicle Routing Decision" because it has left link "89: External Road South" at position 147.277 m in the same time step.
                  Warning	Simulation second 806.00: Vehicle 48 ignores the decision "1676" of type "Desired Speed Decision" because it has left link "343: TNorte 7" at position 85.200 m in the same time step.
                  Warning	Simulation second 808.00: Vehicle 74 ignores the decision "4: Roundabout Terminal Nort - South Approach LDV" of type "Static Vehicle Routing Decision" because it has left link "396: TNorte Entry/Exit" at position 164.855 m in the same time step.
                  Warning	Simulation second 808.00: Vehicle 74 ignores the decision "5: Roundabout Terminal Nort - South Approach LDV Port" of type "Static Vehicle Routing Decision" because it has left link "396: TNorte Entry/Exit" at position 164.855 m in the same time step.
                  Warning	Simulation second 808.00: Vehicle 74 ignores the decision "6: Roundabout Terminal Nort - South Approach HDV Port" of type "Static Vehicle Routing Decision" because it has left link "396: TNorte Entry/Exit" at position 164.855 m in the same time step.
                  Warning	Simulation second 811.00: Vehicle 89 ignores the decision "16: Roundabout South - South Approach LDV" of type "Static Vehicle Routing Decision" because it has left link "70: External Road South" at position 113.974 m in the same time step.
                  Warning	Simulation second 811.00: Vehicle 89 ignores the decision "17: Roundabout South - South Approach HDV and LDV Port" of type "Static Vehicle Routing Decision" because it has left link "70: External Road South" at position 113.974 m in the same time step.
                  Warning	Simulation second 819.00: Vehicle 90 ignores the decision "16: Roundabout South - South Approach LDV" of type "Static Vehicle Routing Decision" because it has left link "70: External Road South" at position 113.974 m in the same time step.
                  Warning	Simulation second 819.00: Vehicle 90 ignores the decision "17: Roundabout South - South Approach HDV and LDV Port" of type "Static Vehicle Routing Decision" because it has left link "70: External Road South" at position 113.974 m in the same time step.
                  Warning	Simulation second 822.00: Vehicle 45 ignores the decision "255: Roundabout MultiPurpose - Northeast Aproach" of type "Static Vehicle Routing Decision" because it has left link "125: TNorte 1" at position 53.048 m in the same time step.
                  Warning	Simulation second 823.00: Vehicle 88 ignores the decision "22: Roundabout Centre - East Approach LDV" of type "Static Vehicle Routing Decision" because it has left link "372: External Road Centre" at position 61.876 m in the same time step.
                  Warning	Simulation second 823.00: Vehicle 88 ignores the decision "23: Roundabout Centre - East Approach HDV and LDV Port" of type "Static Vehicle Routing Decision" because it has left link "372: External Road Centre" at position 61.876 m in the same time step.
                  Warning	Simulation second 826.00: Vehicle 69 ignores the decision "1039" of type "Desired Speed Decision" because it has left link "11021: External Road Gafanha da Nazare" at position 1.001 m in the same time step.
                  Warning	Simulation second 845.00: Vehicle 37 ignores the decision "254: Roundabout MultiPurpose - Southeast Aproach" of type "Static Vehicle Routing Decision" because it has left link "32: TNorte 5" at position 848.237 m in the same time step.
                  Warning	Simulation second 847.00: Vehicle 75 ignores the decision "4: Roundabout Terminal Nort - South Approach LDV" of type "Static Vehicle Routing Decision" because it has left link "396: TNorte Entry/Exit" at position 164.855 m in the same time step.
                  Warning	Simulation second 847.00: Vehicle 75 ignores the decision "5: Roundabout Terminal Nort - South Approach LDV Port" of type "Static Vehicle Routing Decision" because it has left link "396: TNorte Entry/Exit" at position 164.855 m in the same time step.
                  Warning	Simulation second 847.00: Vehicle 75 ignores the decision "6: Roundabout Terminal Nort - South Approach HDV Port" of type "Static Vehicle Routing Decision" because it has left link "396: TNorte Entry/Exit" at position 164.855 m in the same time step.
                  Warning	Simulation second 853.00: Vehicle 93 ignores the decision "16: Roundabout South - South Approach LDV" of type "Static Vehicle Routing Decision" because it has left link "70: External Road South" at position 113.974 m in the same time step.
                  Warning	Simulation second 853.00: Vehicle 93 ignores the decision "17: Roundabout South - South Approach HDV and LDV Port" of type "Static Vehicle Routing Decision" because it has left link "70: External Road South" at position 113.974 m in the same time step.
                  Warning	Simulation second 866.00: Vehicle 78 ignores the decision "4: Roundabout Terminal Nort - South Approach LDV" of type "Static Vehicle Routing Decision" because it has left link "396: TNorte Entry/Exit" at position 164.855 m in the same time step.
                  Warning	Simulation second 866.00: Vehicle 78 ignores the decision "5: Roundabout Terminal Nort - South Approach LDV Port" of type "Static Vehicle Routing Decision" because it has left link "396: TNorte Entry/Exit" at position 164.855 m in the same time step.
                  Warning	Simulation second 866.00: Vehicle 78 ignores the decision "6: Roundabout Terminal Nort - South Approach HDV Port" of type "Static Vehicle Routing Decision" because it has left link "396: TNorte Entry/Exit" at position 164.855 m in the same time step.
                  Warning	Simulation second 870.00: Vehicle 65 ignores the decision "263: TNorte Multipurpose 7" of type "Static Vehicle Routing Decision" because it has left link "28: TNorte 7" at position 81.926 m in the same time step.
                  Warning	Simulation second 872.00: Vehicle 84 ignores the decision "4: Roundabout Terminal Nort - South Approach LDV" of type "Static Vehicle Routing Decision" because it has left link "396: TNorte Entry/Exit" at position 164.855 m in the same time step.
                  Warning	Simulation second 872.00: Vehicle 84 ignores the decision "5: Roundabout Terminal Nort - South Approach LDV Port" of type "Static Vehicle Routing Decision" because it has left link "396: TNorte Entry/Exit" at position 164.855 m in the same time step.
                  Warning	Simulation second 872.00: Vehicle 84 ignores the decision "6: Roundabout Terminal Nort - South Approach HDV Port" of type "Static Vehicle Routing Decision" because it has left link "396: TNorte Entry/Exit" at position 164.855 m in the same time step.
                  Warning	Simulation second 876.00: Vehicle 62 ignores the decision "19: Roundabout South - Nort Approach" of type "Static Vehicle Routing Decision" because it has left link "89: External Road South" at position 147.277 m in the same time step.
                  Warning	Simulation second 876.00: Vehicle 62 ignores the decision "304: Roundabout South - Nort Approach HDV and LDV Port" of type "Static Vehicle Routing Decision" because it has left link "89: External Road South" at position 147.277 m in the same time step.
                  Warning	Simulation second 882.00: Vehicle 76 ignores the decision "1042" of type "Desired Speed Decision" because it has left link "11647: External Road Gafanha da Nazare" at position 5.279 m in the same time step.
                  Warning	Simulation second 883.00: Vehicle 65 ignores the decision "1287" of type "Desired Speed Decision" because it has left link "10028: TNorte 8" at position 5.026 m in the same time step.
                  Warning	Simulation second 883.00: Vehicle 90 ignores the decision "1039" of type "Desired Speed Decision" because it has left link "11021: External Road Gafanha da Nazare" at position 1.001 m in the same time step.
                  Warning	Simulation second 883.00: Vehicle 98 ignores the decision "16: Roundabout South - South Approach LDV" of type "Static Vehicle Routing Decision" because it has left link "70: External Road South" at position 113.974 m in the same time step.
                  Warning	Simulation second 883.00: Vehicle 98 ignores the decision "17: Roundabout South - South Approach HDV and LDV Port" of type "Static Vehicle Routing Decision" because it has left link "70: External Road South" at position 113.974 m in the same time step.
                  Warning	Simulation second 884.00: Vehicle 48 ignores the decision "255: Roundabout MultiPurpose - Northeast Aproach" of type "Static Vehicle Routing Decision" because it has left link "125: TNorte 1" at position 53.048 m in the same time step.
                  Warning	Simulation second 885.00: Vehicle 59 ignores the decision "254: Roundabout MultiPurpose - Southeast Aproach" of type "Static Vehicle Routing Decision" because it has left link "32: TNorte 5" at position 848.237 m in the same time step.
                  Warning	Simulation second 890.00: Vehicle 92 ignores the decision "22: Roundabout Centre - East Approach LDV" of type "Static Vehicle Routing Decision" because it has left link "372: External Road Centre" at position 61.876 m in the same time step.
                  Warning	Simulation second 890.00: Vehicle 92 ignores the decision "23: Roundabout Centre - East Approach HDV and LDV Port" of type "Static Vehicle Routing Decision" because it has left link "372: External Road Centre" at position 61.876 m in the same time step.
                  Warning	Simulation second 899.00: Vehicle 99 ignores the decision "16: Roundabout South - South Approach LDV" of type "Static Vehicle Routing Decision" because it has left link "70: External Road South" at position 113.974 m in the same time step.
                  Warning	Simulation second 899.00: Vehicle 99 ignores the decision "17: Roundabout South - South Approach HDV and LDV Port" of type "Static Vehicle Routing Decision" because it has left link "70: External Road South" at position 113.974 m in the same time step.
                  Warning	Simulation second 902.00: Vehicle 89 ignores the decision "4: Roundabout Terminal Nort - South Approach LDV" of type "Static Vehicle Routing Decision" because it has left link "396: TNorte Entry/Exit" at position 164.855 m in the same time step.
                  Warning	Simulation second 902.00: Vehicle 89 ignores the decision "5: Roundabout Terminal Nort - South Approach LDV Port" of type "Static Vehicle Routing Decision" because it has left link "396: TNorte Entry/Exit" at position 164.855 m in the same time step.
                  Warning	Simulation second 902.00: Vehicle 89 ignores the decision "6: Roundabout Terminal Nort - South Approach HDV Port" of type "Static Vehicle Routing Decision" because it has left link "396: TNorte Entry/Exit" at position 164.855 m in the same time step.
                  Warning	Simulation second 906.00: Vehicle 95 ignores the decision "22: Roundabout Centre - East Approach LDV" of type "Static Vehicle Routing Decision" because it has left link "372: External Road Centre" at position 61.876 m in the same time step.
                  Warning	Simulation second 906.00: Vehicle 95 ignores the decision "23: Roundabout Centre - East Approach HDV and LDV Port" of type "Static Vehicle Routing Decision" because it has left link "372: External Road Centre" at position 61.876 m in the same time step.
                  Warning	Simulation second 907.00: Vehicle 100 ignores the decision "16: Roundabout South - South Approach LDV" of type "Static Vehicle Routing Decision" because it has left link "70: External Road South" at position 113.974 m in the same time step.
                  Warning	Simulation second 907.00: Vehicle 100 ignores the decision "17: Roundabout South - South Approach HDV and LDV Port" of type "Static Vehicle Routing Decision" because it has left link "70: External Road South" at position 113.974 m in the same time step.
                  Warning	Simulation second 918.00: Vehicle 102 ignores the decision "16: Roundabout South - South Approach LDV" of type "Static Vehicle Routing Decision" because it has left link "70: External Road South" at position 113.974 m in the same time step.
                  Warning	Simulation second 918.00: Vehicle 102 ignores the decision "17: Roundabout South - South Approach HDV and LDV Port" of type "Static Vehicle Routing Decision" because it has left link "70: External Road South" at position 113.974 m in the same time step.
                  Warning	Simulation second 920.00: Vehicle 83 ignores the decision "1042" of type "Desired Speed Decision" because it has left link "11647: External Road Gafanha da Nazare" at position 5.279 m in the same time step.
                  Warning	Simulation second 923.00: Vehicle 103 ignores the decision "16: Roundabout South - South Approach LDV" of type "Static Vehicle Routing Decision" because it has left link "70: External Road South" at position 113.974 m in the same time step.
                  Warning	Simulation second 923.00: Vehicle 103 ignores the decision "17: Roundabout South - South Approach HDV and LDV Port" of type "Static Vehicle Routing Decision" because it has left link "70: External Road South" at position 113.974 m in the same time step.
                  Warning	Simulation second 923.00: Vehicle 89 ignores the decision "1091" of type "Desired Speed Decision" because it has left link "10054: TNorte 3" at position 8.078 m in the same time step.
                  Warning	Simulation second 932.00: Vehicle 37 ignores the decision "254: Roundabout MultiPurpose - Southeast Aproach" of type "Static Vehicle Routing Decision" because it has left link "32: TNorte 5" at position 848.237 m in the same time step.
                  Warning	Simulation second 943.00: Vehicle 107 ignores the decision "16: Roundabout South - South Approach LDV" of type "Static Vehicle Routing Decision" because it has left link "70: External Road South" at position 113.974 m in the same time step.
                  Warning	Simulation second 943.00: Vehicle 107 ignores the decision "17: Roundabout South - South Approach HDV and LDV Port" of type "Static Vehicle Routing Decision" because it has left link "70: External Road South" at position 113.974 m in the same time step.
                  Warning	Simulation second 946.00: Vehicle 74 ignores the decision "19: Roundabout South - Nort Approach" of type "Static Vehicle Routing Decision" because it has left link "89: External Road South" at position 147.277 m in the same time step.
                  Warning	Simulation second 946.00: Vehicle 74 ignores the decision "304: Roundabout South - Nort Approach HDV and LDV Port" of type "Static Vehicle Routing Decision" because it has left link "89: External Road South" at position 147.277 m in the same time step.
                  Warning	Simulation second 958.00: Vehicle 104 ignores the decision "22: Roundabout Centre - East Approach LDV" of type "Static Vehicle Routing Decision" because it has left link "372: External Road Centre" at position 61.876 m in the same time step.
                  Warning	Simulation second 958.00: Vehicle 104 ignores the decision "23: Roundabout Centre - East Approach HDV and LDV Port" of type "Static Vehicle Routing Decision" because it has left link "372: External Road Centre" at position 61.876 m in the same time step.
                  Warning	Simulation second 962.00: Vehicle 82 ignores the decision "25: Roundabot TG - North Approach " of type "Static Vehicle Routing Decision" because it has left link "209: External Road East" at position 250.353 m in the same time step.
                  Warning	Simulation second 963.00: Vehicle 51 ignores the decision "254: Roundabout MultiPurpose - Southeast Aproach" of type "Static Vehicle Routing Decision" because it has left link "32: TNorte 5" at position 848.237 m in the same time step.
                  Warning	Simulation second 965.00: Vehicle 106 ignores the decision "305: TGL Rounabout Entrance" of type "Static Vehicle Routing Decision" because it has left link "90: TGL 1" at position 16.830 m in the same time step.
                  Warning	Simulation second 980.00: Vehicle 100 ignores the decision "1039" of type "Desired Speed Decision" because it has left link "11021: External Road Gafanha da Nazare" at position 1.001 m in the same time step.
                  Warning	Simulation second 986.00: Vehicle 59 ignores the decision "254: Roundabout MultiPurpose - Southeast Aproach" of type "Static Vehicle Routing Decision" because it has left link "32: TNorte 5" at position 848.237 m in the same time step.
                  Warning	Simulation second 989.00: Vehicle 92 ignores the decision "19: Roundabout South - Nort Approach" of type "Static Vehicle Routing Decision" because it has left link "89: External Road South" at position 147.277 m in the same time step.
                  Warning	Simulation second 989.00: Vehicle 92 ignores the decision "304: Roundabout South - Nort Approach HDV and LDV Port" of type "Static Vehicle Routing Decision" because it has left link "89: External Road South" at position 147.277 m in the same time step.
                  Warning	Simulation second 993.00: Vehicle 98 ignores the decision "4: Roundabout Terminal Nort - South Approach LDV" of type "Static Vehicle Routing Decision" because it has left link "396: TNorte Entry/Exit" at position 164.855 m in the same time step.
                  Warning	Simulation second 993.00: Vehicle 98 ignores the decision "5: Roundabout Terminal Nort - South Approach LDV Port" of type "Static Vehicle Routing Decision" because it has left link "396: TNorte Entry/Exit" at position 164.855 m in the same time step.
                  Warning	Simulation second 993.00: Vehicle 98 ignores the decision "6: Roundabout Terminal Nort - South Approach HDV Port" of type "Static Vehicle Routing Decision" because it has left link "396: TNorte Entry/Exit" at position 164.855 m in the same time step.
                  Warning	Simulation second 997.00: Vehicle 99 ignores the decision "4: Roundabout Terminal Nort - South Approach LDV" of type "Static Vehicle Routing Decision" because it has left link "396: TNorte Entry/Exit" at position 164.855 m in the same time step.
                  Warning	Simulation second 997.00: Vehicle 99 ignores the decision "5: Roundabout Terminal Nort - South Approach LDV Port" of type "Static Vehicle Routing Decision" because it has left link "396: TNorte Entry/Exit" at position 164.855 m in the same time step.
                  Warning	Simulation second 997.00: Vehicle 99 ignores the decision "6: Roundabout Terminal Nort - South Approach HDV Port" of type "Static Vehicle Routing Decision" because it has left link "396: TNorte Entry/Exit" at position 164.855 m in the same time step.
                  Warning	Simulation second 1008.00: Vehicle 83 ignores the decision "19: Roundabout South - Nort Approach" of type "Static Vehicle Routing Decision" because it has left link "89: External Road South" at position 147.277 m in the same time step.
                  Warning	Simulation second 1008.00: Vehicle 83 ignores the decision "304: Roundabout South - Nort Approach HDV and LDV Port" of type "Static Vehicle Routing Decision" because it has left link "89: External Road South" at position 147.277 m in the same time step.
                  Warning	Simulation second 1008.00: Vehicle 91 ignores the decision "1042" of type "Desired Speed Decision" because it has left link "11647: External Road Gafanha da Nazare" at position 5.279 m in the same time step.
                  Warning	Simulation second 1010.00: Vehicle 97 ignores the decision "19: Roundabout South - Nort Approach" of type "Static Vehicle Routing Decision" because it has left link "89: External Road South" at position 147.277 m in the same time step.
                  Warning	Simulation second 1010.00: Vehicle 97 ignores the decision "304: Roundabout South - Nort Approach HDV and LDV Port" of type "Static Vehicle Routing Decision" because it has left link "89: External Road South" at position 147.277 m in the same time step.
                  Warning	Simulation second 1012.00: Vehicle 102 ignores the decision "4: Roundabout Terminal Nort - South Approach LDV" of type "Static Vehicle Routing Decision" because it has left link "396: TNorte Entry/Exit" at position 164.855 m in the same time step.
                  Warning	Simulation second 1012.00: Vehicle 102 ignores the decision "5: Roundabout Terminal Nort - South Approach LDV Port" of type "Static Vehicle Routing Decision" because it has left link "396: TNorte Entry/Exit" at position 164.855 m in the same time step.
                  Warning	Simulation second 1012.00: Vehicle 102 ignores the decision "6: Roundabout Terminal Nort - South Approach HDV Port" of type "Static Vehicle Routing Decision" because it has left link "396: TNorte Entry/Exit" at position 164.855 m in the same time step.
                  Warning	Simulation second 1019.00: Vehicle 37 ignores the decision "254: Roundabout MultiPurpose - Southeast Aproach" of type "Static Vehicle Routing Decision" because it has left link "32: TNorte 5" at position 848.237 m in the same time step.
                  Warning	Simulation second 1022.00: Vehicle 115 ignores the decision "16: Roundabout South - South Approach LDV" of type "Static Vehicle Routing Decision" because it has left link "70: External Road South" at position 113.974 m in the same time step.
                  Warning	Simulation second 1022.00: Vehicle 115 ignores the decision "17: Roundabout South - South Approach HDV and LDV Port" of type "Static Vehicle Routing Decision" because it has left link "70: External Road South" at position 113.974 m in the same time step.
                  Warning	Simulation second 1026.00: Vehicle 117 ignores the decision "16: Roundabout South - South Approach LDV" of type "Static Vehicle Routing Decision" because it has left link "70: External Road South" at position 113.974 m in the same time step.
                  Warning	Simulation second 1026.00: Vehicle 117 ignores the decision "17: Roundabout South - South Approach HDV and LDV Port" of type "Static Vehicle Routing Decision" because it has left link "70: External Road South" at position 113.974 m in the same time step.
                  Warning	Simulation second 1029.00: Vehicle 118 ignores the decision "16: Roundabout South - South Approach LDV" of type "Static Vehicle Routing Decision" because it has left link "70: External Road South" at position 113.974 m in the same time step.
                  Warning	Simulation second 1029.00: Vehicle 118 ignores the decision "17: Roundabout South - South Approach HDV and LDV Port" of type "Static Vehicle Routing Decision" because it has left link "70: External Road South" at position 113.974 m in the same time step.
                  Warning	Simulation second 1033.00: Vehicle 102 ignores the decision "1091" of type "Desired Speed Decision" because it has left link "10054: TNorte 3" at position 8.078 m in the same time step.
                  Warning	Simulation second 1040.00: Vehicle 103 ignores the decision "4: Roundabout Terminal Nort - South Approach LDV" of type "Static Vehicle Routing Decision" because it has left link "396: TNorte Entry/Exit" at position 164.855 m in the same time step.
                  Warning	Simulation second 1040.00: Vehicle 103 ignores the decision "5: Roundabout Terminal Nort - South Approach LDV Port" of type "Static Vehicle Routing Decision" because it has left link "396: TNorte Entry/Exit" at position 164.855 m in the same time step.
                  Warning	Simulation second 1040.00: Vehicle 103 ignores the decision "6: Roundabout Terminal Nort - South Approach HDV Port" of type "Static Vehicle Routing Decision" because it has left link "396: TNorte Entry/Exit" at position 164.855 m in the same time step.
                  Warning	Simulation second 1043.00: Vehicle 41 ignores the decision "19: Roundabout South - Nort Approach" of type "Static Vehicle Routing Decision" because it has left link "89: External Road South" at position 147.277 m in the same time step.
                  Warning	Simulation second 1043.00: Vehicle 41 ignores the decision "304: Roundabout South - Nort Approach HDV and LDV Port" of type "Static Vehicle Routing Decision" because it has left link "89: External Road South" at position 147.277 m in the same time step.
                  Warning	Simulation second 1045.00: Vehicle 106 ignores the decision "1487" of type "Desired Speed Decision" because it has left link "10227: TGL 3" at position 7.174 m in the same time step.
                  Warning	Simulation second 1049.00: Vehicle 104 ignores the decision "19: Roundabout South - Nort Approach" of type "Static Vehicle Routing Decision" because it has left link "89: External Road South" at position 147.277 m in the same time step.
                  Warning	Simulation second 1049.00: Vehicle 104 ignores the decision "304: Roundabout South - Nort Approach HDV and LDV Port" of type "Static Vehicle Routing Decision" because it has left link "89: External Road South" at position 147.277 m in the same time step.
                  Warning	Simulation second 1051.00: Vehicle 119 ignores the decision "16: Roundabout South - South Approach LDV" of type "Static Vehicle Routing Decision" because it has left link "70: External Road South" at position 113.974 m in the same time step.
                  Warning	Simulation second 1051.00: Vehicle 119 ignores the decision "17: Roundabout South - South Approach HDV and LDV Port" of type "Static Vehicle Routing Decision" because it has left link "70: External Road South" at position 113.974 m in the same time step.
                  Warning	Simulation second 1058.00: Vehicle 78 ignores the decision "1287" of type "Desired Speed Decision" because it has left link "10028: TNorte 8" at position 5.026 m in the same time step.
                  Warning	Simulation second 1074.00: Vehicle 121 ignores the decision "16: Roundabout South - South Approach LDV" of type "Static Vehicle Routing Decision" because it has left link "70: External Road South" at position 113.974 m in the same time step.
                  Warning	Simulation second 1074.00: Vehicle 121 ignores the decision "17: Roundabout South - South Approach HDV and LDV Port" of type "Static Vehicle Routing Decision" because it has left link "70: External Road South" at position 113.974 m in the same time step.
                  Warning	Simulation second 1087.00: Vehicle 59 ignores the decision "254: Roundabout MultiPurpose - Southeast Aproach" of type "Static Vehicle Routing Decision" because it has left link "32: TNorte 5" at position 848.237 m in the same time step.
                  Warning	Simulation second 1091.00: Vehicle 96 ignores the decision "1042" of type "Desired Speed Decision" because it has left link "11647: External Road Gafanha da Nazare" at position 5.279 m in the same time step.
                  Warning	Simulation second 1093.00: Vehicle 78 ignores the decision "1676" of type "Desired Speed Decision" because it has left link "343: TNorte 7" at position 85.200 m in the same time step.
                  Warning	Simulation second 1098.00: Vehicle 123 ignores the decision "16: Roundabout South - South Approach LDV" of type "Static Vehicle Routing Decision" because it has left link "70: External Road South" at position 113.974 m in the same time step.
                  Warning	Simulation second 1098.00: Vehicle 123 ignores the decision "17: Roundabout South - South Approach HDV and LDV Port" of type "Static Vehicle Routing Decision" because it has left link "70: External Road South" at position 113.974 m in the same time step.
                  Warning	Simulation second 1098.00: Vehicle 91 ignores the decision "19: Roundabout South - Nort Approach" of type "Static Vehicle Routing Decision" because it has left link "89: External Road South" at position 147.277 m in the same time step.
                  Warning	Simulation second 1098.00: Vehicle 91 ignores the decision "304: Roundabout South - Nort Approach HDV and LDV Port" of type "Static Vehicle Routing Decision" because it has left link "89: External Road South" at position 147.277 m in the same time step.
                  Warning	Simulation second 1099.00: Vehicle 87 ignores the decision "19: Roundabout South - Nort Approach" of type "Static Vehicle Routing Decision" because it has left link "89: External Road South" at position 147.277 m in the same time step.
                  Warning	Simulation second 1099.00: Vehicle 87 ignores the decision "304: Roundabout South - Nort Approach HDV and LDV Port" of type "Static Vehicle Routing Decision" because it has left link "89: External Road South" at position 147.277 m in the same time step.
                  Warning	Simulation second 1104.00: Vehicle 124 ignores the decision "16: Roundabout South - South Approach LDV" of type "Static Vehicle Routing Decision" because it has left link "70: External Road South" at position 113.974 m in the same time step.
                  Warning	Simulation second 1104.00: Vehicle 124 ignores the decision "17: Roundabout South - South Approach HDV and LDV Port" of type "Static Vehicle Routing Decision" because it has left link "70: External Road South" at position 113.974 m in the same time step.
                  Warning	Simulation second 1116.00: Vehicle 101 ignores the decision "1042" of type "Desired Speed Decision" because it has left link "11647: External Road Gafanha da Nazare" at position 5.279 m in the same time step.
                  Warning	Simulation second 1118.00: Vehicle 105 ignores the decision "1042" of type "Desired Speed Decision" because it has left link "11647: External Road Gafanha da Nazare" at position 5.279 m in the same time step.
                  Warning	Simulation second 1122.00: Vehicle 102 ignores the decision "254: Roundabout MultiPurpose - Southeast Aproach" of type "Static Vehicle Routing Decision" because it has left link "32: TNorte 5" at position 848.237 m in the same time step.
                  Warning	Simulation second 1122.00: Vehicle 108 ignores the decision "1042" of type "Desired Speed Decision" because it has left link "11647: External Road Gafanha da Nazare" at position 5.279 m in the same time step.
                  Warning	Simulation second 1129.00: Vehicle 112 ignores the decision "4: Roundabout Terminal Nort - South Approach LDV" of type "Static Vehicle Routing Decision" because it has left link "396: TNorte Entry/Exit" at position 164.855 m in the same time step.
                  Warning	Simulation second 1129.00: Vehicle 112 ignores the decision "5: Roundabout Terminal Nort - South Approach LDV Port" of type "Static Vehicle Routing Decision" because it has left link "396: TNorte Entry/Exit" at position 164.855 m in the same time step.
                  Warning	Simulation second 1129.00: Vehicle 112 ignores the decision "6: Roundabout Terminal Nort - South Approach HDV Port" of type "Static Vehicle Routing Decision" because it has left link "396: TNorte Entry/Exit" at position 164.855 m in the same time step.
                  Warning	Simulation second 1136.00: Vehicle 37 ignores the decision "1287" of type "Desired Speed Decision" because it has left link "10028: TNorte 8" at position 5.026 m in the same time step.
                  Warning	Simulation second 1153.00: Vehicle 99 ignores the decision "1287" of type "Desired Speed Decision" because it has left link "10028: TNorte 8" at position 5.026 m in the same time step.
                  Warning	Simulation second 1163.00: Vehicle 89 ignores the decision "300: TNorte 10" of type "Static Vehicle Routing Decision" because it has left link "5: TNorte 4" at position 67.840 m in the same time step.
                  Warning	Simulation second 1169.00: Vehicle 131 ignores the decision "16: Roundabout South - South Approach LDV" of type "Static Vehicle Routing Decision" because it has left link "70: External Road South" at position 113.974 m in the same time step.
                  Warning	Simulation second 1169.00: Vehicle 131 ignores the decision "17: Roundabout South - South Approach HDV and LDV Port" of type "Static Vehicle Routing Decision" because it has left link "70: External Road South" at position 113.974 m in the same time step.
                  Warning	Simulation second 1173.00: Vehicle 128 ignores the decision "3: Roundabout Terminal Nort - North Approach" of type "Static Vehicle Routing Decision" because it has left link "400: External Road Ferry" at position 142.927 m in the same time step.
                  Warning	Simulation second 1184.00: Vehicle 81 ignores the decision "1578" of type "Desired Speed Decision" because it has left link "126: TGL 4" at position 4.873 m in the same time step.
                  Warning	Simulation second 1188.00: Vehicle 59 ignores the decision "254: Roundabout MultiPurpose - Southeast Aproach" of type "Static Vehicle Routing Decision" because it has left link "32: TNorte 5" at position 848.237 m in the same time step.
                  Warning	Simulation second 1194.00: Vehicle 37 ignores the decision "1246" of type "Desired Speed Decision" because it has left link "10138: TNorte 7" at position 7.941 m in the same time step.
                  Warning	Simulation second 1196.00: Vehicle 134 ignores the decision "16: Roundabout South - South Approach LDV" of type "Static Vehicle Routing Decision" because it has left link "70: External Road South" at position 113.974 m in the same time step.
                  Warning	Simulation second 1196.00: Vehicle 134 ignores the decision "17: Roundabout South - South Approach HDV and LDV Port" of type "Static Vehicle Routing Decision" because it has left link "70: External Road South" at position 113.974 m in the same time step.
                  Warning	Simulation second 1204.00: Vehicle 103 ignores the decision "1039" of type "Desired Speed Decision" because it has left link "11021: External Road Gafanha da Nazare" at position 1.001 m in the same time step.
                  Warning	Simulation second 1206.00: Vehicle 82 ignores the decision "19: Roundabout South - Nort Approach" of type "Static Vehicle Routing Decision" because it has left link "89: External Road South" at position 147.277 m in the same time step.
                  Warning	Simulation second 1206.00: Vehicle 82 ignores the decision "304: Roundabout South - Nort Approach HDV and LDV Port" of type "Static Vehicle Routing Decision" because it has left link "89: External Road South" at position 147.277 m in the same time step.
                  Warning	Simulation second 1208.00: Vehicle 78 ignores the decision "1676" of type "Desired Speed Decision" because it has left link "343: TNorte 7" at position 85.200 m in the same time step.
                  Warning	Simulation second 1209.00: Vehicle 111 ignores the decision "19: Roundabout South - Nort Approach" of type "Static Vehicle Routing Decision" because it has left link "89: External Road South" at position 147.277 m in the same time step.
                  Warning	Simulation second 1209.00: Vehicle 111 ignores the decision "304: Roundabout South - Nort Approach HDV and LDV Port" of type "Static Vehicle Routing Decision" because it has left link "89: External Road South" at position 147.277 m in the same time step.
                  Warning	Simulation second 1212.00: Vehicle 132 ignores the decision "22: Roundabout Centre - East Approach LDV" of type "Static Vehicle Routing Decision" because it has left link "372: External Road Centre" at position 61.876 m in the same time step.
                  Warning	Simulation second 1212.00: Vehicle 132 ignores the decision "23: Roundabout Centre - East Approach HDV and LDV Port" of type "Static Vehicle Routing Decision" because it has left link "372: External Road Centre" at position 61.876 m in the same time step.
                  Warning	Simulation second 1217.00: Vehicle 136 ignores the decision "16: Roundabout South - South Approach LDV" of type "Static Vehicle Routing Decision" because it has left link "70: External Road South" at position 113.974 m in the same time step.
                  Warning	Simulation second 1217.00: Vehicle 136 ignores the decision "17: Roundabout South - South Approach HDV and LDV Port" of type "Static Vehicle Routing Decision" because it has left link "70: External Road South" at position 113.974 m in the same time step.
                  Warning	Simulation second 1220.00: Vehicle 101 ignores the decision "19: Roundabout South - Nort Approach" of type "Static Vehicle Routing Decision" because it has left link "89: External Road South" at position 147.277 m in the same time step.
                  Warning	Simulation second 1220.00: Vehicle 101 ignores the decision "304: Roundabout South - Nort Approach HDV and LDV Port" of type "Static Vehicle Routing Decision" because it has left link "89: External Road South" at position 147.277 m in the same time step.
                  Warning	Simulation second 1222.00: Vehicle 108 ignores the decision "19: Roundabout South - Nort Approach" of type "Static Vehicle Routing Decision" because it has left link "89: External Road South" at position 147.277 m in the same time step.
                  Warning	Simulation second 1222.00: Vehicle 108 ignores the decision "304: Roundabout South - Nort Approach HDV and LDV Port" of type "Static Vehicle Routing Decision" because it has left link "89: External Road South" at position 147.277 m in the same time step.
                  Warning	Simulation second 1228.00: Vehicle 102 ignores the decision "263: TNorte Multipurpose 7" of type "Static Vehicle Routing Decision" because it has left link "28: TNorte 7" at position 81.926 m in the same time step.
                  Warning	Simulation second 1231.00: Vehicle 78 ignores the decision "1246" of type "Desired Speed Decision" because it has left link "10138: TNorte 7" at position 7.941 m in the same time step.
                  Warning	Simulation second 1234.00: Vehicle 138 ignores the decision "16: Roundabout South - South Approach LDV" of type "Static Vehicle Routing Decision" because it has left link "70: External Road South" at position 113.974 m in the same time step.
                  Warning	Simulation second 1234.00: Vehicle 138 ignores the decision "17: Roundabout South - South Approach HDV and LDV Port" of type "Static Vehicle Routing Decision" because it has left link "70: External Road South" at position 113.974 m in the same time step.
                  Warning	Simulation second 1236.00: Vehicle 113 ignores the decision "1042" of type "Desired Speed Decision" because it has left link "11647: External Road Gafanha da Nazare" at position 5.279 m in the same time step.
                  Warning	Simulation second 1241.00: Vehicle 51 ignores the decision "19: Roundabout South - Nort Approach" of type "Static Vehicle Routing Decision" because it has left link "89: External Road South" at position 147.277 m in the same time step.
                  Warning	Simulation second 1241.00: Vehicle 51 ignores the decision "304: Roundabout South - Nort Approach HDV and LDV Port" of type "Static Vehicle Routing Decision" because it has left link "89: External Road South" at position 147.277 m in the same time step.
                  Warning	Simulation second 1242.00: Vehicle 102 ignores the decision "1287" of type "Desired Speed Decision" because it has left link "10028: TNorte 8" at position 5.026 m in the same time step.
                  Warning	Simulation second 1257.00: Vehicle 130 ignores the decision "4: Roundabout Terminal Nort - South Approach LDV" of type "Static Vehicle Routing Decision" because it has left link "396: TNorte Entry/Exit" at position 164.855 m in the same time step.
                  Warning	Simulation second 1257.00: Vehicle 130 ignores the decision "5: Roundabout Terminal Nort - South Approach LDV Port" of type "Static Vehicle Routing Decision" because it has left link "396: TNorte Entry/Exit" at position 164.855 m in the same time step.
                  Warning	Simulation second 1257.00: Vehicle 130 ignores the decision "6: Roundabout Terminal Nort - South Approach HDV Port" of type "Static Vehicle Routing Decision" because it has left link "396: TNorte Entry/Exit" at position 164.855 m in the same time step.
                  Warning	Simulation second 1260.00: Vehicle 128 ignores the decision "1039" of type "Desired Speed Decision" because it has left link "11021: External Road Gafanha da Nazare" at position 1.001 m in the same time step.
                  Warning	Simulation second 1265.00: Vehicle 116 ignores the decision "1042" of type "Desired Speed Decision" because it has left link "11647: External Road Gafanha da Nazare" at position 5.279 m in the same time step.
                  Warning	Simulation second 1268.00: Vehicle 137 ignores the decision "22: Roundabout Centre - East Approach LDV" of type "Static Vehicle Routing Decision" because it has left link "372: External Road Centre" at position 61.876 m in the same time step.
                  Warning	Simulation second 1268.00: Vehicle 137 ignores the decision "23: Roundabout Centre - East Approach HDV and LDV Port" of type "Static Vehicle Routing Decision" because it has left link "372: External Road Centre" at position 61.876 m in the same time step.
                  Warning	Simulation second 1277.00: Vehicle 139 ignores the decision "22: Roundabout Centre - East Approach LDV" of type "Static Vehicle Routing Decision" because it has left link "372: External Road Centre" at position 61.876 m in the same time step.
                  Warning	Simulation second 1277.00: Vehicle 139 ignores the decision "23: Roundabout Centre - East Approach HDV and LDV Port" of type "Static Vehicle Routing Decision" because it has left link "372: External Road Centre" at position 61.876 m in the same time step.
                  Warning	Simulation second 1285.00: Vehicle 145 ignores the decision "16: Roundabout South - South Approach LDV" of type "Static Vehicle Routing Decision" because it has left link "70: External Road South" at position 113.974 m in the same time step.
                  Warning	Simulation second 1285.00: Vehicle 145 ignores the decision "17: Roundabout South - South Approach HDV and LDV Port" of type "Static Vehicle Routing Decision" because it has left link "70: External Road South" at position 113.974 m in the same time step.
                  Warning	Simulation second 1287.00: Vehicle 146 ignores the decision "16: Roundabout South - South Approach LDV" of type "Static Vehicle Routing Decision" because it has left link "70: External Road South" at position 113.974 m in the same time step.
                  Warning	Simulation second 1287.00: Vehicle 146 ignores the decision "17: Roundabout South - South Approach HDV and LDV Port" of type "Static Vehicle Routing Decision" because it has left link "70: External Road South" at position 113.974 m in the same time step.
                  Warning	Simulation second 1289.00: Vehicle 59 ignores the decision "254: Roundabout MultiPurpose - Southeast Aproach" of type "Static Vehicle Routing Decision" because it has left link "32: TNorte 5" at position 848.237 m in the same time step.
                  Warning	Simulation second 1298.00: Vehicle 134 ignores the decision "4: Roundabout Terminal Nort - South Approach LDV" of type "Static Vehicle Routing Decision" because it has left link "396: TNorte Entry/Exit" at position 164.855 m in the same time step.
                  Warning	Simulation second 1298.00: Vehicle 134 ignores the decision "5: Roundabout Terminal Nort - South Approach LDV Port" of type "Static Vehicle Routing Decision" because it has left link "396: TNorte Entry/Exit" at position 164.855 m in the same time step.
                  Warning	Simulation second 1298.00: Vehicle 134 ignores the decision "6: Roundabout Terminal Nort - South Approach HDV Port" of type "Static Vehicle Routing Decision" because it has left link "396: TNorte Entry/Exit" at position 164.855 m in the same time step.
                  Warning	Simulation second 1300.00: Vehicle 149 ignores the decision "16: Roundabout South - South Approach LDV" of type "Static Vehicle Routing Decision" because it has left link "70: External Road South" at position 113.974 m in the same time step.
                  Warning	Simulation second 1300.00: Vehicle 149 ignores the decision "17: Roundabout South - South Approach HDV and LDV Port" of type "Static Vehicle Routing Decision" because it has left link "70: External Road South" at position 113.974 m in the same time step.
                  Warning	Simulation second 1303.00: Vehicle 132 ignores the decision "19: Roundabout South - Nort Approach" of type "Static Vehicle Routing Decision" because it has left link "89: External Road South" at position 147.277 m in the same time step.
                  Warning	Simulation second 1303.00: Vehicle 132 ignores the decision "304: Roundabout South - Nort Approach HDV and LDV Port" of type "Static Vehicle Routing Decision" because it has left link "89: External Road South" at position 147.277 m in the same time step.
                  Warning	Simulation second 1315.00: Vehicle 126 ignores the decision "1042" of type "Desired Speed Decision" because it has left link "11647: External Road Gafanha da Nazare" at position 5.279 m in the same time step.
                  Warning	Simulation second 1325.00: Vehicle 147 ignores the decision "22: Roundabout Centre - East Approach LDV" of type "Static Vehicle Routing Decision" because it has left link "372: External Road Centre" at position 61.876 m in the same time step.
                  Warning	Simulation second 1325.00: Vehicle 147 ignores the decision "23: Roundabout Centre - East Approach HDV and LDV Port" of type "Static Vehicle Routing Decision" because it has left link "372: External Road Centre" at position 61.876 m in the same time step.
                  Warning	Simulation second 1327.00: Vehicle 75 ignores the decision "254: Roundabout MultiPurpose - Southeast Aproach" of type "Static Vehicle Routing Decision" because it has left link "32: TNorte 5" at position 848.237 m in the same time step.
                  Warning	Simulation second 1331.00: Vehicle 113 ignores the decision "19: Roundabout South - Nort Approach" of type "Static Vehicle Routing Decision" because it has left link "89: External Road South" at position 147.277 m in the same time step.
                  Warning	Simulation second 1331.00: Vehicle 113 ignores the decision "304: Roundabout South - Nort Approach HDV and LDV Port" of type "Static Vehicle Routing Decision" because it has left link "89: External Road South" at position 147.277 m in the same time step.
                  Warning	Simulation second 1338.00: Vehicle 141 ignores the decision "4: Roundabout Terminal Nort - South Approach LDV" of type "Static Vehicle Routing Decision" because it has left link "396: TNorte Entry/Exit" at position 164.855 m in the same time step.
                  Warning	Simulation second 1338.00: Vehicle 141 ignores the decision "5: Roundabout Terminal Nort - South Approach LDV Port" of type "Static Vehicle Routing Decision" because it has left link "396: TNorte Entry/Exit" at position 164.855 m in the same time step.
                  Warning	Simulation second 1338.00: Vehicle 141 ignores the decision "6: Roundabout Terminal Nort - South Approach HDV Port" of type "Static Vehicle Routing Decision" because it has left link "396: TNorte Entry/Exit" at position 164.855 m in the same time step.
                  Warning	Simulation second 1345.00: Vehicle 135 ignores the decision "1042" of type "Desired Speed Decision" because it has left link "11647: External Road Gafanha da Nazare" at position 5.279 m in the same time step.
                  Warning	Simulation second 1347.00: Vehicle 89 ignores the decision "300: TNorte 10" of type "Static Vehicle Routing Decision" because it has left link "5: TNorte 4" at position 67.840 m in the same time step.
                  Warning	Simulation second 1356.00: Vehicle 143 ignores the decision "4: Roundabout Terminal Nort - South Approach LDV" of type "Static Vehicle Routing Decision" because it has left link "396: TNorte Entry/Exit" at position 164.855 m in the same time step.
                  Warning	Simulation second 1356.00: Vehicle 143 ignores the decision "5: Roundabout Terminal Nort - South Approach LDV Port" of type "Static Vehicle Routing Decision" because it has left link "396: TNorte Entry/Exit" at position 164.855 m in the same time step.
                  Warning	Simulation second 1356.00: Vehicle 143 ignores the decision "6: Roundabout Terminal Nort - South Approach HDV Port" of type "Static Vehicle Routing Decision" because it has left link "396: TNorte Entry/Exit" at position 164.855 m in the same time step.
                  Warning	Simulation second 1356.00: Vehicle 153 ignores the decision "16: Roundabout South - South Approach LDV" of type "Static Vehicle Routing Decision" because it has left link "70: External Road South" at position 113.974 m in the same time step.
                  Warning	Simulation second 1356.00: Vehicle 153 ignores the decision "17: Roundabout South - South Approach HDV and LDV Port" of type "Static Vehicle Routing Decision" because it has left link "70: External Road South" at position 113.974 m in the same time step.
                  Warning	Simulation second 1358.00: Vehicle 110 ignores the decision "19: Roundabout South - Nort Approach" of type "Static Vehicle Routing Decision" because it has left link "89: External Road South" at position 147.277 m in the same time step.
                  Warning	Simulation second 1358.00: Vehicle 110 ignores the decision "304: Roundabout South - Nort Approach HDV and LDV Port" of type "Static Vehicle Routing Decision" because it has left link "89: External Road South" at position 147.277 m in the same time step.
                  Warning	Simulation second 1362.00: Vehicle 151 ignores the decision "22: Roundabout Centre - East Approach LDV" of type "Static Vehicle Routing Decision" because it has left link "372: External Road Centre" at position 61.876 m in the same time step.
                  Warning	Simulation second 1362.00: Vehicle 151 ignores the decision "23: Roundabout Centre - East Approach HDV and LDV Port" of type "Static Vehicle Routing Decision" because it has left link "372: External Road Centre" at position 61.876 m in the same time step.
                  Warning	Simulation second 1366.00: Vehicle 139 ignores the decision "4: Roundabout Terminal Nort - South Approach LDV" of type "Static Vehicle Routing Decision" because it has left link "396: TNorte Entry/Exit" at position 164.855 m in the same time step.
                  Warning	Simulation second 1366.00: Vehicle 139 ignores the decision "5: Roundabout Terminal Nort - South Approach LDV Port" of type "Static Vehicle Routing Decision" because it has left link "396: TNorte Entry/Exit" at position 164.855 m in the same time step.
                  Warning	Simulation second 1366.00: Vehicle 139 ignores the decision "6: Roundabout Terminal Nort - South Approach HDV Port" of type "Static Vehicle Routing Decision" because it has left link "396: TNorte Entry/Exit" at position 164.855 m in the same time step.
                  Warning	Simulation second 1371.00: Vehicle 137 ignores the decision "19: Roundabout South - Nort Approach" of type "Static Vehicle Routing Decision" because it has left link "89: External Road South" at position 147.277 m in the same time step.
                  Warning	Simulation second 1371.00: Vehicle 137 ignores the decision "304: Roundabout South - Nort Approach HDV and LDV Port" of type "Static Vehicle Routing Decision" because it has left link "89: External Road South" at position 147.277 m in the same time step.
                  Warning	Simulation second 1374.00: Vehicle 146 ignores the decision "4: Roundabout Terminal Nort - South Approach LDV" of type "Static Vehicle Routing Decision" because it has left link "396: TNorte Entry/Exit" at position 164.855 m in the same time step.
                  Warning	Simulation second 1374.00: Vehicle 146 ignores the decision "5: Roundabout Terminal Nort - South Approach LDV Port" of type "Static Vehicle Routing Decision" because it has left link "396: TNorte Entry/Exit" at position 164.855 m in the same time step.
                  Warning	Simulation second 1374.00: Vehicle 146 ignores the decision "6: Roundabout Terminal Nort - South Approach HDV Port" of type "Static Vehicle Routing Decision" because it has left link "396: TNorte Entry/Exit" at position 164.855 m in the same time step.
                  Warning	Simulation second 1378.00: Vehicle 116 ignores the decision "19: Roundabout South - Nort Approach" of type "Static Vehicle Routing Decision" because it has left link "89: External Road South" at position 147.277 m in the same time step.
                  Warning	Simulation second 1378.00: Vehicle 116 ignores the decision "304: Roundabout South - Nort Approach HDV and LDV Port" of type "Static Vehicle Routing Decision" because it has left link "89: External Road South" at position 147.277 m in the same time step.
                  Warning	Simulation second 1381.00: Vehicle 156 ignores the decision "303: TNorte Park 2" of type "Static Vehicle Routing Decision" because it has left link "204: TNorte 1" at position 8.636 m in the same time step.
                  Warning	Simulation second 1386.00: Vehicle 139 ignores the decision "1091" of type "Desired Speed Decision" because it has left link "10054: TNorte 3" at position 8.078 m in the same time step.
                  Warning	Simulation second 1390.00: Vehicle 59 ignores the decision "254: Roundabout MultiPurpose - Southeast Aproach" of type "Static Vehicle Routing Decision" because it has left link "32: TNorte 5" at position 848.237 m in the same time step.
                  Warning	Simulation second 1392.00: Vehicle 140 ignores the decision "1042" of type "Desired Speed Decision" because it has left link "11647: External Road Gafanha da Nazare" at position 5.279 m in the same time step.
                  Warning	Simulation second 1393.00: Vehicle 142 (on Static Vehicle Route "267 - 1") reached the end of link "58: TGS Entry/Exit" without finding the subsequent link ("10081: TGS Entry/Exit").	Network object type: Vehicle	Network object keys: 142
                  Warning	Simulation second 1395.00: Vehicle 145 ignores the decision "4: Roundabout Terminal Nort - South Approach LDV" of type "Static Vehicle Routing Decision" because it has left link "396: TNorte Entry/Exit" at position 164.855 m in the same time step.
                  Warning	Simulation second 1395.00: Vehicle 145 ignores the decision "5: Roundabout Terminal Nort - South Approach LDV Port" of type "Static Vehicle Routing Decision" because it has left link "396: TNorte Entry/Exit" at position 164.855 m in the same time step.
                  Warning	Simulation second 1395.00: Vehicle 145 ignores the decision "6: Roundabout Terminal Nort - South Approach HDV Port" of type "Static Vehicle Routing Decision" because it has left link "396: TNorte Entry/Exit" at position 164.855 m in the same time step.
                  Warning	Simulation second 1397.00: Vehicle 125 ignores the decision "19: Roundabout South - Nort Approach" of type "Static Vehicle Routing Decision" because it has left link "89: External Road South" at position 147.277 m in the same time step.
                  Warning	Simulation second 1397.00: Vehicle 125 ignores the decision "304: Roundabout South - Nort Approach HDV and LDV Port" of type "Static Vehicle Routing Decision" because it has left link "89: External Road South" at position 147.277 m in the same time step.
                  Warning	Simulation second 1409.00: Vehicle 158 ignores the decision "16: Roundabout South - South Approach LDV" of type "Static Vehicle Routing Decision" because it has left link "70: External Road South" at position 113.974 m in the same time step.
                  Warning	Simulation second 1409.00: Vehicle 158 ignores the decision "17: Roundabout South - South Approach HDV and LDV Port" of type "Static Vehicle Routing Decision" because it has left link "70: External Road South" at position 113.974 m in the same time step.
                  Warning	Simulation second 1424.00: Vehicle 144 ignores the decision "19: Roundabout South - Nort Approach" of type "Static Vehicle Routing Decision" because it has left link "89: External Road South" at position 147.277 m in the same time step.
                  Warning	Simulation second 1424.00: Vehicle 144 ignores the decision "304: Roundabout South - Nort Approach HDV and LDV Port" of type "Static Vehicle Routing Decision" because it has left link "89: External Road South" at position 147.277 m in the same time step.
                  Warning	Simulation second 1435.00: Vehicle 148 ignores the decision "4: Roundabout Terminal Nort - South Approach LDV" of type "Static Vehicle Routing Decision" because it has left link "396: TNorte Entry/Exit" at position 164.855 m in the same time step.
                  Warning	Simulation second 1435.00: Vehicle 148 ignores the decision "5: Roundabout Terminal Nort - South Approach LDV Port" of type "Static Vehicle Routing Decision" because it has left link "396: TNorte Entry/Exit" at position 164.855 m in the same time step.
                  Warning	Simulation second 1435.00: Vehicle 148 ignores the decision "6: Roundabout Terminal Nort - South Approach HDV Port" of type "Static Vehicle Routing Decision" because it has left link "396: TNorte Entry/Exit" at position 164.855 m in the same time step.
                  Warning	Simulation second 1464.00: Vehicle 151 ignores the decision "19: Roundabout South - Nort Approach" of type "Static Vehicle Routing Decision" because it has left link "89: External Road South" at position 147.277 m in the same time step.
                  Warning	Simulation second 1464.00: Vehicle 151 ignores the decision "304: Roundabout South - Nort Approach HDV and LDV Port" of type "Static Vehicle Routing Decision" because it has left link "89: External Road South" at position 147.277 m in the same time step.
                  Warning	Simulation second 1465.00: Vehicle 141 ignores the decision "19: Roundabout South - Nort Approach" of type "Static Vehicle Routing Decision" because it has left link "89: External Road South" at position 147.277 m in the same time step.
                  Warning	Simulation second 1465.00: Vehicle 141 ignores the decision "304: Roundabout South - Nort Approach HDV and LDV Port" of type "Static Vehicle Routing Decision" because it has left link "89: External Road South" at position 147.277 m in the same time step.
                  Warning	Simulation second 1468.00: Vehicle 140 ignores the decision "19: Roundabout South - Nort Approach" of type "Static Vehicle Routing Decision" because it has left link "89: External Road South" at position 147.277 m in the same time step.
                  Warning	Simulation second 1468.00: Vehicle 140 ignores the decision "304: Roundabout South - Nort Approach HDV and LDV Port" of type "Static Vehicle Routing Decision" because it has left link "89: External Road South" at position 147.277 m in the same time step.
                  Warning	Simulation second 1471.00: Vehicle 161 ignores the decision "16: Roundabout South - South Approach LDV" of type "Static Vehicle Routing Decision" because it has left link "70: External Road South" at position 113.974 m in the same time step.
                  Warning	Simulation second 1471.00: Vehicle 161 ignores the decision "17: Roundabout South - South Approach HDV and LDV Port" of type "Static Vehicle Routing Decision" because it has left link "70: External Road South" at position 113.974 m in the same time step.
                  Warning	Simulation second 1482.00: Vehicle 143 ignores the decision "1039" of type "Desired Speed Decision" because it has left link "11021: External Road Gafanha da Nazare" at position 1.001 m in the same time step.
                  Warning	Simulation second 1484.00: Vehicle 162 ignores the decision "16: Roundabout South - South Approach LDV" of type "Static Vehicle Routing Decision" because it has left link "70: External Road South" at position 113.974 m in the same time step.
                  Warning	Simulation second 1484.00: Vehicle 162 ignores the decision "17: Roundabout South - South Approach HDV and LDV Port" of type "Static Vehicle Routing Decision" because it has left link "70: External Road South" at position 113.974 m in the same time step.
                  Warning	Simulation second 1490.00: Vehicle 139 ignores the decision "7: Roundabout Terminal Nort - East Approach" of type "Static Vehicle Routing Decision" because it has left link "844: TNorte Entry/Exit" at position 13.671 m in the same time step.
                  Warning	Simulation second 1491.00: Vehicle 59 ignores the decision "254: Roundabout MultiPurpose - Southeast Aproach" of type "Static Vehicle Routing Decision" because it has left link "32: TNorte 5" at position 848.237 m in the same time step.
                  Warning	Simulation second 1502.00: Vehicle 158 ignores the decision "4: Roundabout Terminal Nort - South Approach LDV" of type "Static Vehicle Routing Decision" because it has left link "396: TNorte Entry/Exit" at position 164.855 m in the same time step.
                  Warning	Simulation second 1502.00: Vehicle 158 ignores the decision "5: Roundabout Terminal Nort - South Approach LDV Port" of type "Static Vehicle Routing Decision" because it has left link "396: TNorte Entry/Exit" at position 164.855 m in the same time step.
                  Warning	Simulation second 1502.00: Vehicle 158 ignores the decision "6: Roundabout Terminal Nort - South Approach HDV Port" of type "Static Vehicle Routing Decision" because it has left link "396: TNorte Entry/Exit" at position 164.855 m in the same time step.
                  Warning	Simulation second 1537.00: Vehicle 167 ignores the decision "16: Roundabout South - South Approach LDV" of type "Static Vehicle Routing Decision" because it has left link "70: External Road South" at position 113.974 m in the same time step.
                  Warning	Simulation second 1537.00: Vehicle 167 ignores the decision "17: Roundabout South - South Approach HDV and LDV Port" of type "Static Vehicle Routing Decision" because it has left link "70: External Road South" at position 113.974 m in the same time step.
                  Warning	Simulation second 1562.00: Vehicle 173 ignores the decision "16: Roundabout South - South Approach LDV" of type "Static Vehicle Routing Decision" because it has left link "70: External Road South" at position 113.974 m in the same time step.
                  Warning	Simulation second 1562.00: Vehicle 173 ignores the decision "17: Roundabout South - South Approach HDV and LDV Port" of type "Static Vehicle Routing Decision" because it has left link "70: External Road South" at position 113.974 m in the same time step.
                  Warning	Simulation second 1574.00: Vehicle 148 ignores the decision "1287" of type "Desired Speed Decision" because it has left link "10028: TNorte 8" at position 5.026 m in the same time step.
                  Warning	Simulation second 1574.00: Vehicle 165 ignores the decision "22: Roundabout Centre - East Approach LDV" of type "Static Vehicle Routing Decision" because it has left link "372: External Road Centre" at position 61.876 m in the same time step.
                  Warning	Simulation second 1574.00: Vehicle 165 ignores the decision "23: Roundabout Centre - East Approach HDV and LDV Port" of type "Static Vehicle Routing Decision" because it has left link "372: External Road Centre" at position 61.876 m in the same time step.
                  Warning	Simulation second 1575.00: Vehicle 174 ignores the decision "16: Roundabout South - South Approach LDV" of type "Static Vehicle Routing Decision" because it has left link "70: External Road South" at position 113.974 m in the same time step.
                  Warning	Simulation second 1575.00: Vehicle 174 ignores the decision "17: Roundabout South - South Approach HDV and LDV Port" of type "Static Vehicle Routing Decision" because it has left link "70: External Road South" at position 113.974 m in the same time step.
                  Warning	Simulation second 1575.00: Vehicle 175 ignores the decision "16: Roundabout South - South Approach LDV" of type "Static Vehicle Routing Decision" because it has left link "70: External Road South" at position 113.974 m in the same time step.
                  Warning	Simulation second 1575.00: Vehicle 175 ignores the decision "17: Roundabout South - South Approach HDV and LDV Port" of type "Static Vehicle Routing Decision" because it has left link "70: External Road South" at position 113.974 m in the same time step.
                  Warning	Simulation second 1582.00: Vehicle 176 ignores the decision "16: Roundabout South - South Approach LDV" of type "Static Vehicle Routing Decision" because it has left link "70: External Road South" at position 113.974 m in the same time step.
                  Warning	Simulation second 1582.00: Vehicle 176 ignores the decision "17: Roundabout South - South Approach HDV and LDV Port" of type "Static Vehicle Routing Decision" because it has left link "70: External Road South" at position 113.974 m in the same time step.
                  Warning	Simulation second 1589.00: Vehicle 170 ignores the decision "22: Roundabout Centre - East Approach LDV" of type "Static Vehicle Routing Decision" because it has left link "372: External Road Centre" at position 61.876 m in the same time step.
                  Warning	Simulation second 1589.00: Vehicle 170 ignores the decision "23: Roundabout Centre - East Approach HDV and LDV Port" of type "Static Vehicle Routing Decision" because it has left link "372: External Road Centre" at position 61.876 m in the same time step.
                  Warning	Simulation second 1592.00: Vehicle 59 ignores the decision "254: Roundabout MultiPurpose - Southeast Aproach" of type "Static Vehicle Routing Decision" because it has left link "32: TNorte 5" at position 848.237 m in the same time step.
                  Warning	Simulation second 1593.00: Vehicle 177 ignores the decision "16: Roundabout South - South Approach LDV" of type "Static Vehicle Routing Decision" because it has left link "70: External Road South" at position 113.974 m in the same time step.
                  Warning	Simulation second 1593.00: Vehicle 177 ignores the decision "17: Roundabout South - South Approach HDV and LDV Port" of type "Static Vehicle Routing Decision" because it has left link "70: External Road South" at position 113.974 m in the same time step.
                  Warning	Simulation second 1604.00: Vehicle 179 ignores the decision "16: Roundabout South - South Approach LDV" of type "Static Vehicle Routing Decision" because it has left link "70: External Road South" at position 113.974 m in the same time step.
                  Warning	Simulation second 1604.00: Vehicle 179 ignores the decision "17: Roundabout South - South Approach HDV and LDV Port" of type "Static Vehicle Routing Decision" because it has left link "70: External Road South" at position 113.974 m in the same time step.
                  Warning	Simulation second 1606.00: Vehicle 158 ignores the decision "1039" of type "Desired Speed Decision" because it has left link "11021: External Road Gafanha da Nazare" at position 1.001 m in the same time step.
                  Warning	Simulation second 1615.00: Vehicle 148 ignores the decision "1676" of type "Desired Speed Decision" because it has left link "343: TNorte 7" at position 85.200 m in the same time step.
                  Warning	Simulation second 1621.00: Vehicle 168 ignores the decision "4: Roundabout Terminal Nort - South Approach LDV" of type "Static Vehicle Routing Decision" because it has left link "396: TNorte Entry/Exit" at position 164.855 m in the same time step.
                  Warning	Simulation second 1621.00: Vehicle 168 ignores the decision "5: Roundabout Terminal Nort - South Approach LDV Port" of type "Static Vehicle Routing Decision" because it has left link "396: TNorte Entry/Exit" at position 164.855 m in the same time step.
                  Warning	Simulation second 1621.00: Vehicle 168 ignores the decision "6: Roundabout Terminal Nort - South Approach HDV Port" of type "Static Vehicle Routing Decision" because it has left link "396: TNorte Entry/Exit" at position 164.855 m in the same time step.
                  Warning	Simulation second 1624.00: Vehicle 182 ignores the decision "16: Roundabout South - South Approach LDV" of type "Static Vehicle Routing Decision" because it has left link "70: External Road South" at position 113.974 m in the same time step.
                  Warning	Simulation second 1624.00: Vehicle 182 ignores the decision "17: Roundabout South - South Approach HDV and LDV Port" of type "Static Vehicle Routing Decision" because it has left link "70: External Road South" at position 113.974 m in the same time step.
                  Warning	Simulation second 1631.00: Vehicle 155 ignores the decision "19: Roundabout South - Nort Approach" of type "Static Vehicle Routing Decision" because it has left link "89: External Road South" at position 147.277 m in the same time step.
                  Warning	Simulation second 1631.00: Vehicle 155 ignores the decision "304: Roundabout South - Nort Approach HDV and LDV Port" of type "Static Vehicle Routing Decision" because it has left link "89: External Road South" at position 147.277 m in the same time step.
                  Warning	Simulation second 1632.00: Vehicle 185 ignores the decision "16: Roundabout South - South Approach LDV" of type "Static Vehicle Routing Decision" because it has left link "70: External Road South" at position 113.974 m in the same time step.
                  Warning	Simulation second 1632.00: Vehicle 185 ignores the decision "17: Roundabout South - South Approach HDV and LDV Port" of type "Static Vehicle Routing Decision" because it has left link "70: External Road South" at position 113.974 m in the same time step.
                  Warning	Simulation second 1633.00: Vehicle 186 ignores the decision "16: Roundabout South - South Approach LDV" of type "Static Vehicle Routing Decision" because it has left link "70: External Road South" at position 113.974 m in the same time step.
                  Warning	Simulation second 1633.00: Vehicle 186 ignores the decision "17: Roundabout South - South Approach HDV and LDV Port" of type "Static Vehicle Routing Decision" because it has left link "70: External Road South" at position 113.974 m in the same time step.
                  Warning	Simulation second 1638.00: Vehicle 187 ignores the decision "16: Roundabout South - South Approach LDV" of type "Static Vehicle Routing Decision" because it has left link "70: External Road South" at position 113.974 m in the same time step.
                  Warning	Simulation second 1638.00: Vehicle 187 ignores the decision "17: Roundabout South - South Approach HDV and LDV Port" of type "Static Vehicle Routing Decision" because it has left link "70: External Road South" at position 113.974 m in the same time step.
                  Warning	Simulation second 1648.00: Vehicle 164 ignores the decision "1039" of type "Desired Speed Decision" because it has left link "11021: External Road Gafanha da Nazare" at position 1.001 m in the same time step.
                  Warning	Simulation second 1652.00: Vehicle 190 ignores the decision "16: Roundabout South - South Approach LDV" of type "Static Vehicle Routing Decision" because it has left link "70: External Road South" at position 113.974 m in the same time step.
                  Warning	Simulation second 1652.00: Vehicle 190 ignores the decision "17: Roundabout South - South Approach HDV and LDV Port" of type "Static Vehicle Routing Decision" because it has left link "70: External Road South" at position 113.974 m in the same time step.
                  Warning	Simulation second 1654.00: Vehicle 89 ignores the decision "300: TNorte 10" of type "Static Vehicle Routing Decision" because it has left link "5: TNorte 4" at position 67.840 m in the same time step.
                  Warning	Simulation second 1661.00: Vehicle 173 ignores the decision "4: Roundabout Terminal Nort - South Approach LDV" of type "Static Vehicle Routing Decision" because it has left link "396: TNorte Entry/Exit" at position 164.855 m in the same time step.
                  Warning	Simulation second 1661.00: Vehicle 173 ignores the decision "5: Roundabout Terminal Nort - South Approach LDV Port" of type "Static Vehicle Routing Decision" because it has left link "396: TNorte Entry/Exit" at position 164.855 m in the same time step.
                  Warning	Simulation second 1661.00: Vehicle 173 ignores the decision "6: Roundabout Terminal Nort - South Approach HDV Port" of type "Static Vehicle Routing Decision" because it has left link "396: TNorte Entry/Exit" at position 164.855 m in the same time step.
                  Warning	Simulation second 1668.00: Vehicle 166 ignores the decision "19: Roundabout South - Nort Approach" of type "Static Vehicle Routing Decision" because it has left link "89: External Road South" at position 147.277 m in the same time step.
                  Warning	Simulation second 1668.00: Vehicle 166 ignores the decision "304: Roundabout South - Nort Approach HDV and LDV Port" of type "Static Vehicle Routing Decision" because it has left link "89: External Road South" at position 147.277 m in the same time step.
                  Warning	Simulation second 1670.00: Vehicle 194 ignores the decision "16: Roundabout South - South Approach LDV" of type "Static Vehicle Routing Decision" because it has left link "70: External Road South" at position 113.974 m in the same time step.
                  Warning	Simulation second 1670.00: Vehicle 194 ignores the decision "17: Roundabout South - South Approach HDV and LDV Port" of type "Static Vehicle Routing Decision" because it has left link "70: External Road South" at position 113.974 m in the same time step.
                  Warning	Simulation second 1671.00: Vehicle 181 ignores the decision "22: Roundabout Centre - East Approach LDV" of type "Static Vehicle Routing Decision" because it has left link "372: External Road Centre" at position 61.876 m in the same time step.
                  Warning	Simulation second 1671.00: Vehicle 181 ignores the decision "23: Roundabout Centre - East Approach HDV and LDV Port" of type "Static Vehicle Routing Decision" because it has left link "372: External Road Centre" at position 61.876 m in the same time step.
                  Warning	Simulation second 1679.00: Vehicle 197 ignores the decision "16: Roundabout South - South Approach LDV" of type "Static Vehicle Routing Decision" because it has left link "70: External Road South" at position 113.974 m in the same time step.
                  Warning	Simulation second 1679.00: Vehicle 197 ignores the decision "17: Roundabout South - South Approach HDV and LDV Port" of type "Static Vehicle Routing Decision" because it has left link "70: External Road South" at position 113.974 m in the same time step.
                  Warning	Simulation second 1680.00: Vehicle 175 ignores the decision "5: Roundabout Terminal Nort - South Approach LDV Port" of type "Static Vehicle Routing Decision" because it has left link "396: TNorte Entry/Exit" at position 164.855 m in the same time step.
                  Warning	Simulation second 1680.00: Vehicle 175 ignores the decision "6: Roundabout Terminal Nort - South Approach HDV Port" of type "Static Vehicle Routing Decision" because it has left link "396: TNorte Entry/Exit" at position 164.855 m in the same time step.
                  Warning	Simulation second 1682.00: Vehicle 179 ignores the decision "1039" of type "Desired Speed Decision" because it has left link "11021: External Road Gafanha da Nazare" at position 1.001 m in the same time step.
                  Warning	Simulation second 1683.00: Vehicle 198 ignores the decision "16: Roundabout South - South Approach LDV" of type "Static Vehicle Routing Decision" because it has left link "70: External Road South" at position 113.974 m in the same time step.
                  Warning	Simulation second 1683.00: Vehicle 198 ignores the decision "17: Roundabout South - South Approach HDV and LDV Port" of type "Static Vehicle Routing Decision" because it has left link "70: External Road South" at position 113.974 m in the same time step.
                  Warning	Simulation second 1684.00: Vehicle 173 ignores the decision "1091" of type "Desired Speed Decision" because it has left link "10054: TNorte 3" at position 8.078 m in the same time step.
                  Warning	Simulation second 1684.00: Vehicle 177 ignores the decision "4: Roundabout Terminal Nort - South Approach LDV" of type "Static Vehicle Routing Decision" because it has left link "396: TNorte Entry/Exit" at position 164.855 m in the same time step.
                  Warning	Simulation second 1684.00: Vehicle 177 ignores the decision "5: Roundabout Terminal Nort - South Approach LDV Port" of type "Static Vehicle Routing Decision" because it has left link "396: TNorte Entry/Exit" at position 164.855 m in the same time step.
                  Warning	Simulation second 1684.00: Vehicle 177 ignores the decision "6: Roundabout Terminal Nort - South Approach HDV Port" of type "Static Vehicle Routing Decision" because it has left link "396: TNorte Entry/Exit" at position 164.855 m in the same time step.
                  Warning	Simulation second 1693.00: Vehicle 59 ignores the decision "254: Roundabout MultiPurpose - Southeast Aproach" of type "Static Vehicle Routing Decision" because it has left link "32: TNorte 5" at position 848.237 m in the same time step.
                  Warning	Simulation second 1701.00: Vehicle 148 ignores the decision "255: Roundabout MultiPurpose - Northeast Aproach" of type "Static Vehicle Routing Decision" because it has left link "125: TNorte 1" at position 53.048 m in the same time step.
                  Warning	Simulation second 1702.00: Vehicle 165 ignores the decision "19: Roundabout South - Nort Approach" of type "Static Vehicle Routing Decision" because it has left link "89: External Road South" at position 147.277 m in the same time step.
                  Warning	Simulation second 1702.00: Vehicle 165 ignores the decision "304: Roundabout South - Nort Approach HDV and LDV Port" of type "Static Vehicle Routing Decision" because it has left link "89: External Road South" at position 147.277 m in the same time step.
                  Warning	Simulation second 1702.00: Vehicle 170 ignores the decision "4: Roundabout Terminal Nort - South Approach LDV" of type "Static Vehicle Routing Decision" because it has left link "396: TNorte Entry/Exit" at position 164.855 m in the same time step.
                  Warning	Simulation second 1702.00: Vehicle 170 ignores the decision "5: Roundabout Terminal Nort - South Approach LDV Port" of type "Static Vehicle Routing Decision" because it has left link "396: TNorte Entry/Exit" at position 164.855 m in the same time step.
                  Warning	Simulation second 1702.00: Vehicle 170 ignores the decision "6: Roundabout Terminal Nort - South Approach HDV Port" of type "Static Vehicle Routing Decision" because it has left link "396: TNorte Entry/Exit" at position 164.855 m in the same time step.
                  Warning	Simulation second 1711.00: Vehicle 172 ignores the decision "1039" of type "Desired Speed Decision" because it has left link "11021: External Road Gafanha da Nazare" at position 1.001 m in the same time step.
                  Warning	Simulation second 1720.00: Vehicle 160 ignores the decision "19: Roundabout South - Nort Approach" of type "Static Vehicle Routing Decision" because it has left link "89: External Road South" at position 147.277 m in the same time step.
                  Warning	Simulation second 1720.00: Vehicle 160 ignores the decision "304: Roundabout South - Nort Approach HDV and LDV Port" of type "Static Vehicle Routing Decision" because it has left link "89: External Road South" at position 147.277 m in the same time step.
                  Warning	Simulation second 1727.00: Vehicle 186 ignores the decision "4: Roundabout Terminal Nort - South Approach LDV" of type "Static Vehicle Routing Decision" because it has left link "396: TNorte Entry/Exit" at position 164.855 m in the same time step.
                  Warning	Simulation second 1727.00: Vehicle 186 ignores the decision "5: Roundabout Terminal Nort - South Approach LDV Port" of type "Static Vehicle Routing Decision" because it has left link "396: TNorte Entry/Exit" at position 164.855 m in the same time step.
                  Warning	Simulation second 1727.00: Vehicle 186 ignores the decision "6: Roundabout Terminal Nort - South Approach HDV Port" of type "Static Vehicle Routing Decision" because it has left link "396: TNorte Entry/Exit" at position 164.855 m in the same time step.
                  Warning	Simulation second 1741.00: Vehicle 190 ignores the decision "4: Roundabout Terminal Nort - South Approach LDV" of type "Static Vehicle Routing Decision" because it has left link "396: TNorte Entry/Exit" at position 164.855 m in the same time step.
                  Warning	Simulation second 1741.00: Vehicle 190 ignores the decision "5: Roundabout Terminal Nort - South Approach LDV Port" of type "Static Vehicle Routing Decision" because it has left link "396: TNorte Entry/Exit" at position 164.855 m in the same time step.
                  Warning	Simulation second 1741.00: Vehicle 190 ignores the decision "6: Roundabout Terminal Nort - South Approach HDV Port" of type "Static Vehicle Routing Decision" because it has left link "396: TNorte Entry/Exit" at position 164.855 m in the same time step.
                  Warning	Simulation second 1743.00: Vehicle 171 ignores the decision "1042" of type "Desired Speed Decision" because it has left link "11647: External Road Gafanha da Nazare" at position 5.279 m in the same time step.
                  Warning	Simulation second 1744.00: Vehicle 199 ignores the decision "22: Roundabout Centre - East Approach LDV" of type "Static Vehicle Routing Decision" because it has left link "372: External Road Centre" at position 61.876 m in the same time step.
                  Warning	Simulation second 1744.00: Vehicle 199 ignores the decision "23: Roundabout Centre - East Approach HDV and LDV Port" of type "Static Vehicle Routing Decision" because it has left link "372: External Road Centre" at position 61.876 m in the same time step.
                  Warning	Simulation second 1745.00: Vehicle 168 ignores the decision "19: Roundabout South - Nort Approach" of type "Static Vehicle Routing Decision" because it has left link "89: External Road South" at position 147.277 m in the same time step.
                  Warning	Simulation second 1745.00: Vehicle 168 ignores the decision "304: Roundabout South - Nort Approach HDV and LDV Port" of type "Static Vehicle Routing Decision" because it has left link "89: External Road South" at position 147.277 m in the same time step.
                  Warning	Simulation second 1758.00: Vehicle 178 ignores the decision "1042" of type "Desired Speed Decision" because it has left link "11647: External Road Gafanha da Nazare" at position 5.279 m in the same time step.
                  Warning	Simulation second 1760.00: Vehicle 194 ignores the decision "4: Roundabout Terminal Nort - South Approach LDV" of type "Static Vehicle Routing Decision" because it has left link "396: TNorte Entry/Exit" at position 164.855 m in the same time step.
                  Warning	Simulation second 1760.00: Vehicle 194 ignores the decision "5: Roundabout Terminal Nort - South Approach LDV Port" of type "Static Vehicle Routing Decision" because it has left link "396: TNorte Entry/Exit" at position 164.855 m in the same time step.
                  Warning	Simulation second 1760.00: Vehicle 194 ignores the decision "6: Roundabout Terminal Nort - South Approach HDV Port" of type "Static Vehicle Routing Decision" because it has left link "396: TNorte Entry/Exit" at position 164.855 m in the same time step.
                  Warning	Simulation second 1772.00: Vehicle 202 ignores the decision "16: Roundabout South - South Approach LDV" of type "Static Vehicle Routing Decision" because it has left link "70: External Road South" at position 113.974 m in the same time step.
                  Warning	Simulation second 1772.00: Vehicle 202 ignores the decision "17: Roundabout South - South Approach HDV and LDV Port" of type "Static Vehicle Routing Decision" because it has left link "70: External Road South" at position 113.974 m in the same time step.
                  Warning	Simulation second 1776.00: Vehicle 180 ignores the decision "1042" of type "Desired Speed Decision" because it has left link "11647: External Road Gafanha da Nazare" at position 5.279 m in the same time step.
                  Warning	Simulation second 1781.00: Vehicle 194 ignores the decision "1091" of type "Desired Speed Decision" because it has left link "10054: TNorte 3" at position 8.078 m in the same time step.
                  Warning	Simulation second 1787.00: Vehicle 198 ignores the decision "4: Roundabout Terminal Nort - South Approach LDV" of type "Static Vehicle Routing Decision" because it has left link "396: TNorte Entry/Exit" at position 164.855 m in the same time step.
                  Warning	Simulation second 1787.00: Vehicle 198 ignores the decision "5: Roundabout Terminal Nort - South Approach LDV Port" of type "Static Vehicle Routing Decision" because it has left link "396: TNorte Entry/Exit" at position 164.855 m in the same time step.
                  Warning	Simulation second 1787.00: Vehicle 198 ignores the decision "6: Roundabout Terminal Nort - South Approach HDV Port" of type "Static Vehicle Routing Decision" because it has left link "396: TNorte Entry/Exit" at position 164.855 m in the same time step.
                  Warning	Simulation second 1788.00: Vehicle 177 (on Static Vehicle Route "261 - 2") reached the end of link "34: TNorte 6" without finding the subsequent link ("10052: TNorte 4").	Network object type: Vehicle	Network object keys: 177
                  Warning	Simulation second 1788.00: Vehicle 181 ignores the decision "19: Roundabout South - Nort Approach" of type "Static Vehicle Routing Decision" because it has left link "89: External Road South" at position 147.277 m in the same time step.
                  Warning	Simulation second 1788.00: Vehicle 181 ignores the decision "304: Roundabout South - Nort Approach HDV and LDV Port" of type "Static Vehicle Routing Decision" because it has left link "89: External Road South" at position 147.277 m in the same time step.
                  Warning	Simulation second 1790.00: Vehicle 183 ignores the decision "19: Roundabout South - Nort Approach" of type "Static Vehicle Routing Decision" because it has left link "89: External Road South" at position 147.277 m in the same time step.
                  Warning	Simulation second 1790.00: Vehicle 183 ignores the decision "304: Roundabout South - Nort Approach HDV and LDV Port" of type "Static Vehicle Routing Decision" because it has left link "89: External Road South" at position 147.277 m in the same time step.
                  Warning	Simulation second 1792.00: Vehicle 204 ignores the decision "16: Roundabout South - South Approach LDV" of type "Static Vehicle Routing Decision" because it has left link "70: External Road South" at position 113.974 m in the same time step.
                  Warning	Simulation second 1792.00: Vehicle 204 ignores the decision "17: Roundabout South - South Approach HDV and LDV Port" of type "Static Vehicle Routing Decision" because it has left link "70: External Road South" at position 113.974 m in the same time step.
                  Warning	Simulation second 1794.00: Vehicle 59 ignores the decision "254: Roundabout MultiPurpose - Southeast Aproach" of type "Static Vehicle Routing Decision" because it has left link "32: TNorte 5" at position 848.237 m in the same time step.
                  Warning	Simulation second 1797.00: Vehicle 173 ignores the decision "263: TNorte Multipurpose 7" of type "Static Vehicle Routing Decision" because it has left link "28: TNorte 7" at position 81.926 m in the same time step.
                  Warning	Simulation second 1831.00: Vehicle 171 ignores the decision "19: Roundabout South - Nort Approach" of type "Static Vehicle Routing Decision" because it has left link "89: External Road South" at position 147.277 m in the same time step.
                  Warning	Simulation second 1831.00: Vehicle 171 ignores the decision "304: Roundabout South - Nort Approach HDV and LDV Port" of type "Static Vehicle Routing Decision" because it has left link "89: External Road South" at position 147.277 m in the same time step.
                  Warning	Simulation second 1838.00: Vehicle 196 ignores the decision "4: Roundabout Terminal Nort - South Approach LDV" of type "Static Vehicle Routing Decision" because it has left link "396: TNorte Entry/Exit" at position 164.855 m in the same time step.
                  Warning	Simulation second 1838.00: Vehicle 196 ignores the decision "5: Roundabout Terminal Nort - South Approach LDV Port" of type "Static Vehicle Routing Decision" because it has left link "396: TNorte Entry/Exit" at position 164.855 m in the same time step.
                  Warning	Simulation second 1838.00: Vehicle 196 ignores the decision "6: Roundabout Terminal Nort - South Approach HDV Port" of type "Static Vehicle Routing Decision" because it has left link "396: TNorte Entry/Exit" at position 164.855 m in the same time step.
                  Warning	Simulation second 1838.00: Vehicle 89 ignores the decision "300: TNorte 10" of type "Static Vehicle Routing Decision" because it has left link "5: TNorte 4" at position 67.840 m in the same time step.
                  Warning	Simulation second 1846.00: Vehicle 169 ignores the decision "19: Roundabout South - Nort Approach" of type "Static Vehicle Routing Decision" because it has left link "89: External Road South" at position 147.277 m in the same time step.
                  Warning	Simulation second 1846.00: Vehicle 169 ignores the decision "304: Roundabout South - Nort Approach HDV and LDV Port" of type "Static Vehicle Routing Decision" because it has left link "89: External Road South" at position 147.277 m in the same time step.
                  Warning	Simulation second 1846.00: Vehicle 208 ignores the decision "16: Roundabout South - South Approach LDV" of type "Static Vehicle Routing Decision" because it has left link "70: External Road South" at position 113.974 m in the same time step.
                  Warning	Simulation second 1846.00: Vehicle 208 ignores the decision "17: Roundabout South - South Approach HDV and LDV Port" of type "Static Vehicle Routing Decision" because it has left link "70: External Road South" at position 113.974 m in the same time step.
                  Warning	Simulation second 1847.00: Vehicle 199 ignores the decision "19: Roundabout South - Nort Approach" of type "Static Vehicle Routing Decision" because it has left link "89: External Road South" at position 147.277 m in the same time step.
                  Warning	Simulation second 1847.00: Vehicle 199 ignores the decision "304: Roundabout South - Nort Approach HDV and LDV Port" of type "Static Vehicle Routing Decision" because it has left link "89: External Road South" at position 147.277 m in the same time step.
                  Warning	Simulation second 1861.00: Vehicle 211 ignores the decision "16: Roundabout South - South Approach LDV" of type "Static Vehicle Routing Decision" because it has left link "70: External Road South" at position 113.974 m in the same time step.
                  Warning	Simulation second 1861.00: Vehicle 211 ignores the decision "17: Roundabout South - South Approach HDV and LDV Port" of type "Static Vehicle Routing Decision" because it has left link "70: External Road South" at position 113.974 m in the same time step.
                  Warning	Simulation second 1863.00: Vehicle 210 ignores the decision "16: Roundabout South - South Approach LDV" of type "Static Vehicle Routing Decision" because it has left link "70: External Road South" at position 113.974 m in the same time step.
                  Warning	Simulation second 1863.00: Vehicle 210 ignores the decision "17: Roundabout South - South Approach HDV and LDV Port" of type "Static Vehicle Routing Decision" because it has left link "70: External Road South" at position 113.974 m in the same time step.
                  Warning	Simulation second 1870.00: Vehicle 207 ignores the decision "22: Roundabout Centre - East Approach LDV" of type "Static Vehicle Routing Decision" because it has left link "372: External Road Centre" at position 61.876 m in the same time step.
                  Warning	Simulation second 1870.00: Vehicle 207 ignores the decision "23: Roundabout Centre - East Approach HDV and LDV Port" of type "Static Vehicle Routing Decision" because it has left link "372: External Road Centre" at position 61.876 m in the same time step.
                  Warning	Simulation second 1881.00: Vehicle 186 ignores the decision "1287" of type "Desired Speed Decision" because it has left link "10028: TNorte 8" at position 5.026 m in the same time step.
                  Warning	Simulation second 1885.00: Vehicle 215 ignores the decision "16: Roundabout South - South Approach LDV" of type "Static Vehicle Routing Decision" because it has left link "70: External Road South" at position 113.974 m in the same time step.
                  Warning	Simulation second 1885.00: Vehicle 215 ignores the decision "17: Roundabout South - South Approach HDV and LDV Port" of type "Static Vehicle Routing Decision" because it has left link "70: External Road South" at position 113.974 m in the same time step.
                  Warning	Simulation second 1894.00: Vehicle 194 ignores the decision "1287" of type "Desired Speed Decision" because it has left link "10028: TNorte 8" at position 5.026 m in the same time step.
                  Warning	Simulation second 1895.00: Vehicle 189 ignores the decision "1042" of type "Desired Speed Decision" because it has left link "11647: External Road Gafanha da Nazare" at position 5.279 m in the same time step.
                  Warning	Simulation second 1895.00: Vehicle 59 ignores the decision "254: Roundabout MultiPurpose - Southeast Aproach" of type "Static Vehicle Routing Decision" because it has left link "32: TNorte 5" at position 848.237 m in the same time step.
                  Warning	Simulation second 1899.00: Vehicle 204 ignores the decision "4: Roundabout Terminal Nort - South Approach LDV" of type "Static Vehicle Routing Decision" because it has left link "396: TNorte Entry/Exit" at position 164.855 m in the same time step.
                  Warning	Simulation second 1899.00: Vehicle 204 ignores the decision "5: Roundabout Terminal Nort - South Approach LDV Port" of type "Static Vehicle Routing Decision" because it has left link "396: TNorte Entry/Exit" at position 164.855 m in the same time step.
                  Warning	Simulation second 1899.00: Vehicle 204 ignores the decision "6: Roundabout Terminal Nort - South Approach HDV Port" of type "Static Vehicle Routing Decision" because it has left link "396: TNorte Entry/Exit" at position 164.855 m in the same time step.
                  Warning	Simulation second 1899.00: Vehicle 205 ignores the decision "4: Roundabout Terminal Nort - South Approach LDV" of type "Static Vehicle Routing Decision" because it has left link "396: TNorte Entry/Exit" at position 164.855 m in the same time step.
                  Warning	Simulation second 1899.00: Vehicle 205 ignores the decision "5: Roundabout Terminal Nort - South Approach LDV Port" of type "Static Vehicle Routing Decision" because it has left link "396: TNorte Entry/Exit" at position 164.855 m in the same time step.
                  Warning	Simulation second 1899.00: Vehicle 205 ignores the decision "6: Roundabout Terminal Nort - South Approach HDV Port" of type "Static Vehicle Routing Decision" because it has left link "396: TNorte Entry/Exit" at position 164.855 m in the same time step.
                  Warning	Simulation second 1922.00: Vehicle 193 ignores the decision "1042" of type "Desired Speed Decision" because it has left link "11647: External Road Gafanha da Nazare" at position 5.279 m in the same time step.
                  Warning	Simulation second 1926.00: Vehicle 188 ignores the decision "19: Roundabout South - Nort Approach" of type "Static Vehicle Routing Decision" because it has left link "89: External Road South" at position 147.277 m in the same time step.
                  Warning	Simulation second 1926.00: Vehicle 188 ignores the decision "304: Roundabout South - Nort Approach HDV and LDV Port" of type "Static Vehicle Routing Decision" because it has left link "89: External Road South" at position 147.277 m in the same time step.
                  Warning	Simulation second 1933.00: Vehicle 184 ignores the decision "19: Roundabout South - Nort Approach" of type "Static Vehicle Routing Decision" because it has left link "89: External Road South" at position 147.277 m in the same time step.
                  Warning	Simulation second 1933.00: Vehicle 184 ignores the decision "304: Roundabout South - Nort Approach HDV and LDV Port" of type "Static Vehicle Routing Decision" because it has left link "89: External Road South" at position 147.277 m in the same time step.
                  Warning	Simulation second 1942.00: Vehicle 195 ignores the decision "1042" of type "Desired Speed Decision" because it has left link "11647: External Road Gafanha da Nazare" at position 5.279 m in the same time step.
                  Warning	Simulation second 1942.00: Vehicle 209 ignores the decision "1039" of type "Desired Speed Decision" because it has left link "11021: External Road Gafanha da Nazare" at position 1.001 m in the same time step.
                  Warning	Simulation second 1944.00: Vehicle 203 ignores the decision "1042" of type "Desired Speed Decision" because it has left link "11647: External Road Gafanha da Nazare" at position 5.279 m in the same time step.
                  Warning	Simulation second 1946.00: Vehicle 211 ignores the decision "4: Roundabout Terminal Nort - South Approach LDV" of type "Static Vehicle Routing Decision" because it has left link "396: TNorte Entry/Exit" at position 164.855 m in the same time step.
                  Warning	Simulation second 1946.00: Vehicle 211 ignores the decision "5: Roundabout Terminal Nort - South Approach LDV Port" of type "Static Vehicle Routing Decision" because it has left link "396: TNorte Entry/Exit" at position 164.855 m in the same time step.
                  Warning	Simulation second 1946.00: Vehicle 211 ignores the decision "6: Roundabout Terminal Nort - South Approach HDV Port" of type "Static Vehicle Routing Decision" because it has left link "396: TNorte Entry/Exit" at position 164.855 m in the same time step.
                  Warning	Simulation second 1950.00: Vehicle 208 ignores the decision "4: Roundabout Terminal Nort - South Approach LDV" of type "Static Vehicle Routing Decision" because it has left link "396: TNorte Entry/Exit" at position 164.855 m in the same time step.
                  Warning	Simulation second 1950.00: Vehicle 208 ignores the decision "5: Roundabout Terminal Nort - South Approach LDV Port" of type "Static Vehicle Routing Decision" because it has left link "396: TNorte Entry/Exit" at position 164.855 m in the same time step.
                  Warning	Simulation second 1950.00: Vehicle 208 ignores the decision "6: Roundabout Terminal Nort - South Approach HDV Port" of type "Static Vehicle Routing Decision" because it has left link "396: TNorte Entry/Exit" at position 164.855 m in the same time step.
                  Warning	Simulation second 1953.00: Vehicle 190 ignores the decision "4: TNorte" of type "Parking Routing Decision" because it has left link "7: TNorte 1" at position 16.018 m in the same time step.
                  Warning	Simulation second 1956.00: Vehicle 218 ignores the decision "22: Roundabout Centre - East Approach LDV" of type "Static Vehicle Routing Decision" because it has left link "372: External Road Centre" at position 61.876 m in the same time step.
                  Warning	Simulation second 1956.00: Vehicle 218 ignores the decision "23: Roundabout Centre - East Approach HDV and LDV Port" of type "Static Vehicle Routing Decision" because it has left link "372: External Road Centre" at position 61.876 m in the same time step.
                  Warning	Simulation second 1957.00: Vehicle 220 ignores the decision "22: Roundabout Centre - East Approach LDV" of type "Static Vehicle Routing Decision" because it has left link "372: External Road Centre" at position 61.876 m in the same time step.
                  Warning	Simulation second 1957.00: Vehicle 220 ignores the decision "23: Roundabout Centre - East Approach HDV and LDV Port" of type "Static Vehicle Routing Decision" because it has left link "372: External Road Centre" at position 61.876 m in the same time step.
                  Warning	Simulation second 1959.00: Vehicle 226 ignores the decision "303: TNorte Park 2" of type "Static Vehicle Routing Decision" because it has left link "204: TNorte 1" at position 8.636 m in the same time step.
                  Warning	Simulation second 1960.00: Vehicle 207 ignores the decision "19: Roundabout South - Nort Approach" of type "Static Vehicle Routing Decision" because it has left link "89: External Road South" at position 147.277 m in the same time step.
                  Warning	Simulation second 1960.00: Vehicle 207 ignores the decision "304: Roundabout South - Nort Approach HDV and LDV Port" of type "Static Vehicle Routing Decision" because it has left link "89: External Road South" at position 147.277 m in the same time step.
                  Warning	Simulation second 1962.00: Vehicle 223 ignores the decision "16: Roundabout South - South Approach LDV" of type "Static Vehicle Routing Decision" because it has left link "70: External Road South" at position 113.974 m in the same time step.
                  Warning	Simulation second 1962.00: Vehicle 223 ignores the decision "17: Roundabout South - South Approach HDV and LDV Port" of type "Static Vehicle Routing Decision" because it has left link "70: External Road South" at position 113.974 m in the same time step.
                  Warning	Simulation second 1966.00: Vehicle 224 ignores the decision "16: Roundabout South - South Approach LDV" of type "Static Vehicle Routing Decision" because it has left link "70: External Road South" at position 113.974 m in the same time step.
                  Warning	Simulation second 1966.00: Vehicle 224 ignores the decision "17: Roundabout South - South Approach HDV and LDV Port" of type "Static Vehicle Routing Decision" because it has left link "70: External Road South" at position 113.974 m in the same time step.
                  Warning	Simulation second 1996.00: Vehicle 59 ignores the decision "254: Roundabout MultiPurpose - Southeast Aproach" of type "Static Vehicle Routing Decision" because it has left link "32: TNorte 5" at position 848.237 m in the same time step.
                  Warning	Simulation second 2008.00: Vehicle 230 ignores the decision "16: Roundabout South - South Approach LDV" of type "Static Vehicle Routing Decision" because it has left link "70: External Road South" at position 113.974 m in the same time step.
                  Warning	Simulation second 2008.00: Vehicle 230 ignores the decision "17: Roundabout South - South Approach HDV and LDV Port" of type "Static Vehicle Routing Decision" because it has left link "70: External Road South" at position 113.974 m in the same time step.
                  Warning	Simulation second 2020.00: Vehicle 189 ignores the decision "19: Roundabout South - Nort Approach" of type "Static Vehicle Routing Decision" because it has left link "89: External Road South" at position 147.277 m in the same time step.
                  Warning	Simulation second 2020.00: Vehicle 189 ignores the decision "304: Roundabout South - Nort Approach HDV and LDV Port" of type "Static Vehicle Routing Decision" because it has left link "89: External Road South" at position 147.277 m in the same time step.
                  Warning	Simulation second 2022.00: Vehicle 89 ignores the decision "300: TNorte 10" of type "Static Vehicle Routing Decision" because it has left link "5: TNorte 4" at position 67.840 m in the same time step.
                  Warning	Simulation second 2024.00: Vehicle 193 ignores the decision "19: Roundabout South - Nort Approach" of type "Static Vehicle Routing Decision" because it has left link "89: External Road South" at position 147.277 m in the same time step.
                  Warning	Simulation second 2024.00: Vehicle 193 ignores the decision "304: Roundabout South - Nort Approach HDV and LDV Port" of type "Static Vehicle Routing Decision" because it has left link "89: External Road South" at position 147.277 m in the same time step.
                  Warning	Simulation second 2025.00: Vehicle 232 ignores the decision "16: Roundabout South - South Approach LDV" of type "Static Vehicle Routing Decision" because it has left link "70: External Road South" at position 113.974 m in the same time step.
                  Warning	Simulation second 2025.00: Vehicle 232 ignores the decision "17: Roundabout South - South Approach HDV and LDV Port" of type "Static Vehicle Routing Decision" because it has left link "70: External Road South" at position 113.974 m in the same time step.
                  Warning	Simulation second 2031.00: Vehicle 203 ignores the decision "19: Roundabout South - Nort Approach" of type "Static Vehicle Routing Decision" because it has left link "89: External Road South" at position 147.277 m in the same time step.
                  Warning	Simulation second 2031.00: Vehicle 203 ignores the decision "304: Roundabout South - Nort Approach HDV and LDV Port" of type "Static Vehicle Routing Decision" because it has left link "89: External Road South" at position 147.277 m in the same time step.
                  Warning	Simulation second 2043.00: Vehicle 194 ignores the decision "1676" of type "Desired Speed Decision" because it has left link "343: TNorte 7" at position 85.200 m in the same time step.
                  Warning	Simulation second 2056.00: Vehicle 214 ignores the decision "1042" of type "Desired Speed Decision" because it has left link "11647: External Road Gafanha da Nazare" at position 5.279 m in the same time step.
                  Warning	Simulation second 2058.00: Vehicle 216 ignores the decision "1042" of type "Desired Speed Decision" because it has left link "11647: External Road Gafanha da Nazare" at position 5.279 m in the same time step.
                  Warning	Simulation second 2064.00: Vehicle 236 ignores the decision "16: Roundabout South - South Approach LDV" of type "Static Vehicle Routing Decision" because it has left link "70: External Road South" at position 113.974 m in the same time step.
                  Warning	Simulation second 2064.00: Vehicle 236 ignores the decision "17: Roundabout South - South Approach HDV and LDV Port" of type "Static Vehicle Routing Decision" because it has left link "70: External Road South" at position 113.974 m in the same time step.
                  Warning	Simulation second 2065.00: Vehicle 211 ignores the decision "19: Roundabout South - Nort Approach" of type "Static Vehicle Routing Decision" because it has left link "89: External Road South" at position 147.277 m in the same time step.
                  Warning	Simulation second 2065.00: Vehicle 211 ignores the decision "304: Roundabout South - Nort Approach HDV and LDV Port" of type "Static Vehicle Routing Decision" because it has left link "89: External Road South" at position 147.277 m in the same time step.
                  Warning	Simulation second 2067.00: Vehicle 218 ignores the decision "19: Roundabout South - Nort Approach" of type "Static Vehicle Routing Decision" because it has left link "89: External Road South" at position 147.277 m in the same time step.
                  Warning	Simulation second 2067.00: Vehicle 218 ignores the decision "304: Roundabout South - Nort Approach HDV and LDV Port" of type "Static Vehicle Routing Decision" because it has left link "89: External Road South" at position 147.277 m in the same time step.
                  Warning	Simulation second 2075.00: Vehicle 238 ignores the decision "16: Roundabout South - South Approach LDV" of type "Static Vehicle Routing Decision" because it has left link "70: External Road South" at position 113.974 m in the same time step.
                  Warning	Simulation second 2075.00: Vehicle 238 ignores the decision "17: Roundabout South - South Approach HDV and LDV Port" of type "Static Vehicle Routing Decision" because it has left link "70: External Road South" at position 113.974 m in the same time step.
                  Warning	Simulation second 2079.00: Vehicle 220 ignores the decision "19: Roundabout South - Nort Approach" of type "Static Vehicle Routing Decision" because it has left link "89: External Road South" at position 147.277 m in the same time step.
                  Warning	Simulation second 2079.00: Vehicle 220 ignores the decision "304: Roundabout South - Nort Approach HDV and LDV Port" of type "Static Vehicle Routing Decision" because it has left link "89: External Road South" at position 147.277 m in the same time step.
                  Warning	Simulation second 2080.00: Vehicle 205 ignores the decision "263: TNorte Multipurpose 7" of type "Static Vehicle Routing Decision" because it has left link "28: TNorte 7" at position 81.926 m in the same time step.
                  Warning	Simulation second 2080.00: Vehicle 208 ignores the decision "1241" of type "Desired Speed Decision" because it has left link "10033: TNorte 4" at position 7.691 m in the same time step.
                  Warning	Simulation second 2084.00: Vehicle 206 ignores the decision "19: Roundabout South - Nort Approach" of type "Static Vehicle Routing Decision" because it has left link "89: External Road South" at position 147.277 m in the same time step.
                  Warning	Simulation second 2084.00: Vehicle 206 ignores the decision "304: Roundabout South - Nort Approach HDV and LDV Port" of type "Static Vehicle Routing Decision" because it has left link "89: External Road South" at position 147.277 m in the same time step.
                  Warning	Simulation second 2089.00: Vehicle 205 ignores the decision "283: TRo-ro4" of type "Static Vehicle Routing Decision" because it has left link "350: TNorte 8" at position 66.230 m in the same time step.
                  Warning	Simulation second 2096.00: Vehicle 232 ignores the decision "1039" of type "Desired Speed Decision" because it has left link "11021: External Road Gafanha da Nazare" at position 1.001 m in the same time step.
                  Warning	Simulation second 2097.00: Vehicle 241 ignores the decision "16: Roundabout South - South Approach LDV" of type "Static Vehicle Routing Decision" because it has left link "70: External Road South" at position 113.974 m in the same time step.
                  Warning	Simulation second 2097.00: Vehicle 241 ignores the decision "17: Roundabout South - South Approach HDV and LDV Port" of type "Static Vehicle Routing Decision" because it has left link "70: External Road South" at position 113.974 m in the same time step.
                  Warning	Simulation second 2097.00: Vehicle 59 ignores the decision "254: Roundabout MultiPurpose - Southeast Aproach" of type "Static Vehicle Routing Decision" because it has left link "32: TNorte 5" at position 848.237 m in the same time step.
                  Warning	Simulation second 2101.00: Vehicle 208 ignores the decision "1236" of type "Desired Speed Decision" because it has left link "10036: TNorte 4" at position 12.478 m in the same time step.
                  Warning	Simulation second 2107.00: Vehicle 242 ignores the decision "16: Roundabout South - South Approach LDV" of type "Static Vehicle Routing Decision" because it has left link "70: External Road South" at position 113.974 m in the same time step.
                  Warning	Simulation second 2107.00: Vehicle 242 ignores the decision "17: Roundabout South - South Approach HDV and LDV Port" of type "Static Vehicle Routing Decision" because it has left link "70: External Road South" at position 113.974 m in the same time step.
                  Warning	Simulation second 2111.00: Vehicle 208 (on Static Vehicle Route "299 - 1") reached the end of link "26: TNorte 4" without finding the subsequent link ("10046: TNorte 4").	Network object type: Vehicle	Network object keys: 208
                  Warning	Simulation second 2115.00: Vehicle 233 ignores the decision "20: Roudabout Centre - West Approach LDV" of type "Static Vehicle Routing Decision" because it has left link "367: External Road Centre" at position 210.272 m in the same time step.
                  Warning	Simulation second 2115.00: Vehicle 233 ignores the decision "21: Roudabout Centre - West Approach HDV and LDV Port" of type "Static Vehicle Routing Decision" because it has left link "367: External Road Centre" at position 210.272 m in the same time step.
                  Warning	Simulation second 2128.00: Vehicle 194 ignores the decision "4: TNorte" of type "Parking Routing Decision" because it has left link "7: TNorte 1" at position 16.018 m in the same time step.
                  Warning	Simulation second 2136.00: Vehicle 243 ignores the decision "16: Roundabout South - South Approach LDV" of type "Static Vehicle Routing Decision" because it has left link "70: External Road South" at position 113.974 m in the same time step.
                  Warning	Simulation second 2136.00: Vehicle 243 ignores the decision "17: Roundabout South - South Approach HDV and LDV Port" of type "Static Vehicle Routing Decision" because it has left link "70: External Road South" at position 113.974 m in the same time step.
                  Warning	Simulation second 2137.00: Vehicle 219 ignores the decision "1042" of type "Desired Speed Decision" because it has left link "11647: External Road Gafanha da Nazare" at position 5.279 m in the same time step.
                  Warning	Simulation second 2142.00: Vehicle 214 ignores the decision "19: Roundabout South - Nort Approach" of type "Static Vehicle Routing Decision" because it has left link "89: External Road South" at position 147.277 m in the same time step.
                  Warning	Simulation second 2142.00: Vehicle 214 ignores the decision "304: Roundabout South - Nort Approach HDV and LDV Port" of type "Static Vehicle Routing Decision" because it has left link "89: External Road South" at position 147.277 m in the same time step.
                  Warning	Simulation second 2146.00: Vehicle 228 ignores the decision "19: Roundabout South - Nort Approach" of type "Static Vehicle Routing Decision" because it has left link "89: External Road South" at position 147.277 m in the same time step.
                  Warning	Simulation second 2146.00: Vehicle 228 ignores the decision "304: Roundabout South - Nort Approach HDV and LDV Port" of type "Static Vehicle Routing Decision" because it has left link "89: External Road South" at position 147.277 m in the same time step.
                  Warning	Simulation second 2147.00: Vehicle 216 ignores the decision "19: Roundabout South - Nort Approach" of type "Static Vehicle Routing Decision" because it has left link "89: External Road South" at position 147.277 m in the same time step.
                  Warning	Simulation second 2147.00: Vehicle 216 ignores the decision "304: Roundabout South - Nort Approach HDV and LDV Port" of type "Static Vehicle Routing Decision" because it has left link "89: External Road South" at position 147.277 m in the same time step.
                  Warning	Simulation second 2151.00: Vehicle 244 ignores the decision "16: Roundabout South - South Approach LDV" of type "Static Vehicle Routing Decision" because it has left link "70: External Road South" at position 113.974 m in the same time step.
                  Warning	Simulation second 2151.00: Vehicle 244 ignores the decision "17: Roundabout South - South Approach HDV and LDV Port" of type "Static Vehicle Routing Decision" because it has left link "70: External Road South" at position 113.974 m in the same time step.
                  Warning	Simulation second 2157.00: Vehicle 245 ignores the decision "16: Roundabout South - South Approach LDV" of type "Static Vehicle Routing Decision" because it has left link "70: External Road South" at position 113.974 m in the same time step.
                  Warning	Simulation second 2157.00: Vehicle 245 ignores the decision "17: Roundabout South - South Approach HDV and LDV Port" of type "Static Vehicle Routing Decision" because it has left link "70: External Road South" at position 113.974 m in the same time step.
                  Warning	Simulation second 2162.00: Vehicle 241 ignores the decision "1039" of type "Desired Speed Decision" because it has left link "11021: External Road Gafanha da Nazare" at position 1.001 m in the same time step.
                  Warning	Simulation second 2182.00: Vehicle 229 ignores the decision "1042" of type "Desired Speed Decision" because it has left link "11647: External Road Gafanha da Nazare" at position 5.279 m in the same time step.
                  Warning	Simulation second 2198.00: Vehicle 59 ignores the decision "254: Roundabout MultiPurpose - Southeast Aproach" of type "Static Vehicle Routing Decision" because it has left link "32: TNorte 5" at position 848.237 m in the same time step.
                  Warning	Simulation second 2217.00: Vehicle 246 ignores the decision "22: Roundabout Centre - East Approach LDV" of type "Static Vehicle Routing Decision" because it has left link "372: External Road Centre" at position 61.876 m in the same time step.
                  Warning	Simulation second 2217.00: Vehicle 246 ignores the decision "23: Roundabout Centre - East Approach HDV and LDV Port" of type "Static Vehicle Routing Decision" because it has left link "372: External Road Centre" at position 61.876 m in the same time step.
                  Warning	Simulation second 2230.00: Vehicle 186 ignores the decision "1287" of type "Desired Speed Decision" because it has left link "10028: TNorte 8" at position 5.026 m in the same time step.
                  Warning	Simulation second 2231.00: Vehicle 219 ignores the decision "19: Roundabout South - Nort Approach" of type "Static Vehicle Routing Decision" because it has left link "89: External Road South" at position 147.277 m in the same time step.
                  Warning	Simulation second 2231.00: Vehicle 219 ignores the decision "304: Roundabout South - Nort Approach HDV and LDV Port" of type "Static Vehicle Routing Decision" because it has left link "89: External Road South" at position 147.277 m in the same time step.
                  Warning	Simulation second 2233.00: Vehicle 205 ignores the decision "1676" of type "Desired Speed Decision" because it has left link "343: TNorte 7" at position 85.200 m in the same time step.
                  Warning	Simulation second 2233.00: Vehicle 243 ignores the decision "4: Roundabout Terminal Nort - South Approach LDV" of type "Static Vehicle Routing Decision" because it has left link "396: TNorte Entry/Exit" at position 164.855 m in the same time step.
                  Warning	Simulation second 2233.00: Vehicle 243 ignores the decision "5: Roundabout Terminal Nort - South Approach LDV Port" of type "Static Vehicle Routing Decision" because it has left link "396: TNorte Entry/Exit" at position 164.855 m in the same time step.
                  Warning	Simulation second 2233.00: Vehicle 243 ignores the decision "6: Roundabout Terminal Nort - South Approach HDV Port" of type "Static Vehicle Routing Decision" because it has left link "396: TNorte Entry/Exit" at position 164.855 m in the same time step.
                  Warning	Simulation second 2236.00: Vehicle 244 ignores the decision "4: Roundabout Terminal Nort - South Approach LDV" of type "Static Vehicle Routing Decision" because it has left link "396: TNorte Entry/Exit" at position 164.855 m in the same time step.
                  Warning	Simulation second 2236.00: Vehicle 244 ignores the decision "5: Roundabout Terminal Nort - South Approach LDV Port" of type "Static Vehicle Routing Decision" because it has left link "396: TNorte Entry/Exit" at position 164.855 m in the same time step.
                  Warning	Simulation second 2236.00: Vehicle 244 ignores the decision "6: Roundabout Terminal Nort - South Approach HDV Port" of type "Static Vehicle Routing Decision" because it has left link "396: TNorte Entry/Exit" at position 164.855 m in the same time step.
                  Warning	Simulation second 2237.00: Vehicle 254 ignores the decision "16: Roundabout South - South Approach LDV" of type "Static Vehicle Routing Decision" because it has left link "70: External Road South" at position 113.974 m in the same time step.
                  Warning	Simulation second 2237.00: Vehicle 254 ignores the decision "17: Roundabout South - South Approach HDV and LDV Port" of type "Static Vehicle Routing Decision" because it has left link "70: External Road South" at position 113.974 m in the same time step.
                  Warning	Simulation second 2241.00: Vehicle 221 ignores the decision "19: Roundabout South - Nort Approach" of type "Static Vehicle Routing Decision" because it has left link "89: External Road South" at position 147.277 m in the same time step.
                  Warning	Simulation second 2241.00: Vehicle 221 ignores the decision "304: Roundabout South - Nort Approach HDV and LDV Port" of type "Static Vehicle Routing Decision" because it has left link "89: External Road South" at position 147.277 m in the same time step.
                  Warning	Simulation second 2245.00: Vehicle 225 ignores the decision "19: Roundabout South - Nort Approach" of type "Static Vehicle Routing Decision" because it has left link "89: External Road South" at position 147.277 m in the same time step.
                  Warning	Simulation second 2245.00: Vehicle 225 ignores the decision "304: Roundabout South - Nort Approach HDV and LDV Port" of type "Static Vehicle Routing Decision" because it has left link "89: External Road South" at position 147.277 m in the same time step.
                  Warning	Simulation second 2247.00: Vehicle 227 ignores the decision "19: Roundabout South - Nort Approach" of type "Static Vehicle Routing Decision" because it has left link "89: External Road South" at position 147.277 m in the same time step.
                  Warning	Simulation second 2247.00: Vehicle 227 ignores the decision "304: Roundabout South - Nort Approach HDV and LDV Port" of type "Static Vehicle Routing Decision" because it has left link "89: External Road South" at position 147.277 m in the same time step.
                  Warning	Simulation second 2248.00: Vehicle 222 ignores the decision "19: Roundabout South - Nort Approach" of type "Static Vehicle Routing Decision" because it has left link "89: External Road South" at position 147.277 m in the same time step.
                  Warning	Simulation second 2248.00: Vehicle 222 ignores the decision "304: Roundabout South - Nort Approach HDV and LDV Port" of type "Static Vehicle Routing Decision" because it has left link "89: External Road South" at position 147.277 m in the same time step.
                  Warning	Simulation second 2258.00: Vehicle 244 ignores the decision "1090" of type "Desired Speed Decision" because it has left link "10054: TNorte 3" at position 8.078 m in the same time step.
                  Warning	Simulation second 2262.00: Vehicle 245 ignores the decision "4: Roundabout Terminal Nort - South Approach LDV" of type "Static Vehicle Routing Decision" because it has left link "396: TNorte Entry/Exit" at position 164.855 m in the same time step.
                  Warning	Simulation second 2262.00: Vehicle 245 ignores the decision "5: Roundabout Terminal Nort - South Approach LDV Port" of type "Static Vehicle Routing Decision" because it has left link "396: TNorte Entry/Exit" at position 164.855 m in the same time step.
                  Warning	Simulation second 2262.00: Vehicle 245 ignores the decision "6: Roundabout Terminal Nort - South Approach HDV Port" of type "Static Vehicle Routing Decision" because it has left link "396: TNorte Entry/Exit" at position 164.855 m in the same time step.
                  Warning	Simulation second 2263.00: Vehicle 217 ignores the decision "19: Roundabout South - Nort Approach" of type "Static Vehicle Routing Decision" because it has left link "89: External Road South" at position 147.277 m in the same time step.
                  Warning	Simulation second 2263.00: Vehicle 217 ignores the decision "304: Roundabout South - Nort Approach HDV and LDV Port" of type "Static Vehicle Routing Decision" because it has left link "89: External Road South" at position 147.277 m in the same time step.
                  Warning	Simulation second 2272.00: Vehicle 229 ignores the decision "19: Roundabout South - Nort Approach" of type "Static Vehicle Routing Decision" because it has left link "89: External Road South" at position 147.277 m in the same time step.
                  Warning	Simulation second 2272.00: Vehicle 229 ignores the decision "304: Roundabout South - Nort Approach HDV and LDV Port" of type "Static Vehicle Routing Decision" because it has left link "89: External Road South" at position 147.277 m in the same time step.
                  Warning	Simulation second 2273.00: Vehicle 257 ignores the decision "16: Roundabout South - South Approach LDV" of type "Static Vehicle Routing Decision" because it has left link "70: External Road South" at position 113.974 m in the same time step.
                  Warning	Simulation second 2273.00: Vehicle 257 ignores the decision "17: Roundabout South - South Approach HDV and LDV Port" of type "Static Vehicle Routing Decision" because it has left link "70: External Road South" at position 113.974 m in the same time step.
                  Warning	Simulation second 2286.00: Vehicle 258 ignores the decision "16: Roundabout South - South Approach LDV" of type "Static Vehicle Routing Decision" because it has left link "70: External Road South" at position 113.974 m in the same time step.
                  Warning	Simulation second 2286.00: Vehicle 258 ignores the decision "17: Roundabout South - South Approach HDV and LDV Port" of type "Static Vehicle Routing Decision" because it has left link "70: External Road South" at position 113.974 m in the same time step.
                  Warning	Simulation second 2294.00: Vehicle 261 ignores the decision "16: Roundabout South - South Approach LDV" of type "Static Vehicle Routing Decision" because it has left link "70: External Road South" at position 113.974 m in the same time step.
                  Warning	Simulation second 2294.00: Vehicle 261 ignores the decision "17: Roundabout South - South Approach HDV and LDV Port" of type "Static Vehicle Routing Decision" because it has left link "70: External Road South" at position 113.974 m in the same time step.
                  Warning	Simulation second 2298.00: Vehicle 237 ignores the decision "1042" of type "Desired Speed Decision" because it has left link "11647: External Road Gafanha da Nazare" at position 5.279 m in the same time step.
                  Warning	Simulation second 2299.00: Vehicle 59 ignores the decision "254: Roundabout MultiPurpose - Southeast Aproach" of type "Static Vehicle Routing Decision" because it has left link "32: TNorte 5" at position 848.237 m in the same time step.
                  Warning	Simulation second 2300.00: Vehicle 240 ignores the decision "1042" of type "Desired Speed Decision" because it has left link "11647: External Road Gafanha da Nazare" at position 5.279 m in the same time step.
                  Warning	Simulation second 2309.00: Vehicle 231 ignores the decision "19: Roundabout South - Nort Approach" of type "Static Vehicle Routing Decision" because it has left link "89: External Road South" at position 147.277 m in the same time step.
                  Warning	Simulation second 2309.00: Vehicle 231 ignores the decision "304: Roundabout South - Nort Approach HDV and LDV Port" of type "Static Vehicle Routing Decision" because it has left link "89: External Road South" at position 147.277 m in the same time step.
                  Warning	Simulation second 2311.00: Vehicle 205 ignores the decision "4: TNorte" of type "Parking Routing Decision" because it has left link "7: TNorte 1" at position 16.018 m in the same time step.
                  Warning	Simulation second 2318.00: Vehicle 246 ignores the decision "19: Roundabout South - Nort Approach" of type "Static Vehicle Routing Decision" because it has left link "89: External Road South" at position 147.277 m in the same time step.
                  Warning	Simulation second 2318.00: Vehicle 246 ignores the decision "304: Roundabout South - Nort Approach HDV and LDV Port" of type "Static Vehicle Routing Decision" because it has left link "89: External Road South" at position 147.277 m in the same time step.
                  Warning	Simulation second 2319.00: Vehicle 264 ignores the decision "16: Roundabout South - South Approach LDV" of type "Static Vehicle Routing Decision" because it has left link "70: External Road South" at position 113.974 m in the same time step.
                  Warning	Simulation second 2319.00: Vehicle 264 ignores the decision "17: Roundabout South - South Approach HDV and LDV Port" of type "Static Vehicle Routing Decision" because it has left link "70: External Road South" at position 113.974 m in the same time step.
                  Warning	Simulation second 2321.00: Vehicle 265 ignores the decision "16: Roundabout South - South Approach LDV" of type "Static Vehicle Routing Decision" because it has left link "70: External Road South" at position 113.974 m in the same time step.
                  Warning	Simulation second 2321.00: Vehicle 265 ignores the decision "17: Roundabout South - South Approach HDV and LDV Port" of type "Static Vehicle Routing Decision" because it has left link "70: External Road South" at position 113.974 m in the same time step.
                  Warning	Simulation second 2329.00: Vehicle 89 ignores the decision "300: TNorte 10" of type "Static Vehicle Routing Decision" because it has left link "5: TNorte 4" at position 67.840 m in the same time step.
                  Warning	Simulation second 2335.00: Vehicle 257 ignores the decision "1039" of type "Desired Speed Decision" because it has left link "11021: External Road Gafanha da Nazare" at position 1.001 m in the same time step.
                  Warning	Simulation second 2342.00: Vehicle 262 ignores the decision "22: Roundabout Centre - East Approach LDV" of type "Static Vehicle Routing Decision" because it has left link "372: External Road Centre" at position 61.876 m in the same time step.
                  Warning	Simulation second 2342.00: Vehicle 262 ignores the decision "23: Roundabout Centre - East Approach HDV and LDV Port" of type "Static Vehicle Routing Decision" because it has left link "372: External Road Centre" at position 61.876 m in the same time step.
                  Warning	Simulation second 2343.00: Vehicle 268 ignores the decision "16: Roundabout South - South Approach LDV" of type "Static Vehicle Routing Decision" because it has left link "70: External Road South" at position 113.974 m in the same time step.
                  Warning	Simulation second 2343.00: Vehicle 268 ignores the decision "17: Roundabout South - South Approach HDV and LDV Port" of type "Static Vehicle Routing Decision" because it has left link "70: External Road South" at position 113.974 m in the same time step.
                  Warning	Simulation second 2346.00: Vehicle 271 ignores the decision "16: Roundabout South - South Approach LDV" of type "Static Vehicle Routing Decision" because it has left link "70: External Road South" at position 113.974 m in the same time step.
                  Warning	Simulation second 2346.00: Vehicle 271 ignores the decision "17: Roundabout South - South Approach HDV and LDV Port" of type "Static Vehicle Routing Decision" because it has left link "70: External Road South" at position 113.974 m in the same time step.
                  Warning	Simulation second 2355.00: Vehicle 243 ignores the decision "254: Roundabout MultiPurpose - Southeast Aproach" of type "Static Vehicle Routing Decision" because it has left link "32: TNorte 5" at position 848.237 m in the same time step.
                  Warning	Simulation second 2364.00: Vehicle 273 ignores the decision "16: Roundabout South - South Approach LDV" of type "Static Vehicle Routing Decision" because it has left link "70: External Road South" at position 113.974 m in the same time step.
                  Warning	Simulation second 2364.00: Vehicle 273 ignores the decision "17: Roundabout South - South Approach HDV and LDV Port" of type "Static Vehicle Routing Decision" because it has left link "70: External Road South" at position 113.974 m in the same time step.
                  Warning	Simulation second 2367.00: Vehicle 274 ignores the decision "16: Roundabout South - South Approach LDV" of type "Static Vehicle Routing Decision" because it has left link "70: External Road South" at position 113.974 m in the same time step.
                  Warning	Simulation second 2367.00: Vehicle 274 ignores the decision "17: Roundabout South - South Approach HDV and LDV Port" of type "Static Vehicle Routing Decision" because it has left link "70: External Road South" at position 113.974 m in the same time step.
                  Warning	Simulation second 2374.00: Vehicle 276 ignores the decision "16: Roundabout South - South Approach LDV" of type "Static Vehicle Routing Decision" because it has left link "70: External Road South" at position 113.974 m in the same time step.
                  Warning	Simulation second 2374.00: Vehicle 276 ignores the decision "17: Roundabout South - South Approach HDV and LDV Port" of type "Static Vehicle Routing Decision" because it has left link "70: External Road South" at position 113.974 m in the same time step.
                  Warning	Simulation second 2380.00: Vehicle 269 ignores the decision "22: Roundabout Centre - East Approach LDV" of type "Static Vehicle Routing Decision" because it has left link "372: External Road Centre" at position 61.876 m in the same time step.
                  Warning	Simulation second 2385.00: Vehicle 265 ignores the decision "1039" of type "Desired Speed Decision" because it has left link "11021: External Road Gafanha da Nazare" at position 1.001 m in the same time step.
                  Warning	Simulation second 2391.00: Vehicle 250 ignores the decision "19: Roundabout South - Nort Approach" of type "Static Vehicle Routing Decision" because it has left link "89: External Road South" at position 147.277 m in the same time step.
                  Warning	Simulation second 2391.00: Vehicle 250 ignores the decision "304: Roundabout South - Nort Approach HDV and LDV Port" of type "Static Vehicle Routing Decision" because it has left link "89: External Road South" at position 147.277 m in the same time step.
                  Warning	Simulation second 2392.00: Vehicle 252 ignores the decision "19: Roundabout South - Nort Approach" of type "Static Vehicle Routing Decision" because it has left link "89: External Road South" at position 147.277 m in the same time step.
                  Warning	Simulation second 2392.00: Vehicle 252 ignores the decision "304: Roundabout South - Nort Approach HDV and LDV Port" of type "Static Vehicle Routing Decision" because it has left link "89: External Road South" at position 147.277 m in the same time step.
                  Warning	Simulation second 2395.00: Vehicle 253 ignores the decision "1042" of type "Desired Speed Decision" because it has left link "11647: External Road Gafanha da Nazare" at position 5.279 m in the same time step.
                  Warning	Simulation second 2397.00: Vehicle 240 ignores the decision "19: Roundabout South - Nort Approach" of type "Static Vehicle Routing Decision" because it has left link "89: External Road South" at position 147.277 m in the same time step.
                  Warning	Simulation second 2397.00: Vehicle 240 ignores the decision "304: Roundabout South - Nort Approach HDV and LDV Port" of type "Static Vehicle Routing Decision" because it has left link "89: External Road South" at position 147.277 m in the same time step.
                  Warning	Simulation second 2400.00: Vehicle 258 ignores the decision "4: Roundabout Terminal Nort - South Approach LDV" of type "Static Vehicle Routing Decision" because it has left link "396: TNorte Entry/Exit" at position 164.855 m in the same time step.
                  Warning	Simulation second 2400.00: Vehicle 258 ignores the decision "5: Roundabout Terminal Nort - South Approach LDV Port" of type "Static Vehicle Routing Decision" because it has left link "396: TNorte Entry/Exit" at position 164.855 m in the same time step.
                  Warning	Simulation second 2400.00: Vehicle 258 ignores the decision "6: Roundabout Terminal Nort - South Approach HDV Port" of type "Static Vehicle Routing Decision" because it has left link "396: TNorte Entry/Exit" at position 164.855 m in the same time step.
                  Warning	Simulation second 2400.00: Vehicle 59 ignores the decision "254: Roundabout MultiPurpose - Southeast Aproach" of type "Static Vehicle Routing Decision" because it has left link "32: TNorte 5" at position 848.237 m in the same time step.
                  Warning	Simulation second 2407.00: Vehicle 264 ignores the decision "4: Roundabout Terminal Nort - South Approach LDV" of type "Static Vehicle Routing Decision" because it has left link "396: TNorte Entry/Exit" at position 164.855 m in the same time step.
                  Warning	Simulation second 2407.00: Vehicle 264 ignores the decision "5: Roundabout Terminal Nort - South Approach LDV Port" of type "Static Vehicle Routing Decision" because it has left link "396: TNorte Entry/Exit" at position 164.855 m in the same time step.
                  Warning	Simulation second 2407.00: Vehicle 264 ignores the decision "6: Roundabout Terminal Nort - South Approach HDV Port" of type "Static Vehicle Routing Decision" because it has left link "396: TNorte Entry/Exit" at position 164.855 m in the same time step.
                  Warning	Simulation second 2411.00: Vehicle 263 ignores the decision "5: Roundabout Terminal Nort - South Approach LDV Port" of type "Static Vehicle Routing Decision" because it has left link "396: TNorte Entry/Exit" at position 164.855 m in the same time step.
                  Warning	Simulation second 2411.00: Vehicle 263 ignores the decision "6: Roundabout Terminal Nort - South Approach HDV Port" of type "Static Vehicle Routing Decision" because it has left link "396: TNorte Entry/Exit" at position 164.855 m in the same time step.
                  Warning	Simulation second 2421.00: Vehicle 278 ignores the decision "305: TGL Rounabout Entrance" of type "Static Vehicle Routing Decision" because it has left link "90: TGL 1" at position 16.830 m in the same time step.
                  Warning	Simulation second 2424.00: Vehicle 256 ignores the decision "1042" of type "Desired Speed Decision" because it has left link "11647: External Road Gafanha da Nazare" at position 5.279 m in the same time step.
                  Warning	Simulation second 2426.00: Vehicle 235 ignores the decision "19: Roundabout South - Nort Approach" of type "Static Vehicle Routing Decision" because it has left link "89: External Road South" at position 147.277 m in the same time step.
                  Warning	Simulation second 2426.00: Vehicle 235 ignores the decision "304: Roundabout South - Nort Approach HDV and LDV Port" of type "Static Vehicle Routing Decision" because it has left link "89: External Road South" at position 147.277 m in the same time step.
                  Warning	Simulation second 2428.00: Vehicle 285 ignores the decision "16: Roundabout South - South Approach LDV" of type "Static Vehicle Routing Decision" because it has left link "70: External Road South" at position 113.974 m in the same time step.
                  Warning	Simulation second 2428.00: Vehicle 285 ignores the decision "17: Roundabout South - South Approach HDV and LDV Port" of type "Static Vehicle Routing Decision" because it has left link "70: External Road South" at position 113.974 m in the same time step.
                  Warning	Simulation second 2432.00: Vehicle 271 ignores the decision "4: Roundabout Terminal Nort - South Approach LDV" of type "Static Vehicle Routing Decision" because it has left link "396: TNorte Entry/Exit" at position 164.855 m in the same time step.
                  Warning	Simulation second 2432.00: Vehicle 271 ignores the decision "5: Roundabout Terminal Nort - South Approach LDV Port" of type "Static Vehicle Routing Decision" because it has left link "396: TNorte Entry/Exit" at position 164.855 m in the same time step.
                  Warning	Simulation second 2432.00: Vehicle 271 ignores the decision "6: Roundabout Terminal Nort - South Approach HDV Port" of type "Static Vehicle Routing Decision" because it has left link "396: TNorte Entry/Exit" at position 164.855 m in the same time step.
                  Warning	Simulation second 2433.00: Vehicle 287 ignores the decision "16: Roundabout South - South Approach LDV" of type "Static Vehicle Routing Decision" because it has left link "70: External Road South" at position 113.974 m in the same time step.
                  Warning	Simulation second 2433.00: Vehicle 287 ignores the decision "17: Roundabout South - South Approach HDV and LDV Port" of type "Static Vehicle Routing Decision" because it has left link "70: External Road South" at position 113.974 m in the same time step.
                  Warning	Simulation second 2441.00: Vehicle 289 ignores the decision "16: Roundabout South - South Approach LDV" of type "Static Vehicle Routing Decision" because it has left link "70: External Road South" at position 113.974 m in the same time step.
                  Warning	Simulation second 2441.00: Vehicle 289 ignores the decision "17: Roundabout South - South Approach HDV and LDV Port" of type "Static Vehicle Routing Decision" because it has left link "70: External Road South" at position 113.974 m in the same time step.
                  Warning	Simulation second 2443.00: Vehicle 290 ignores the decision "16: Roundabout South - South Approach LDV" of type "Static Vehicle Routing Decision" because it has left link "70: External Road South" at position 113.974 m in the same time step.
                  Warning	Simulation second 2443.00: Vehicle 290 ignores the decision "17: Roundabout South - South Approach HDV and LDV Port" of type "Static Vehicle Routing Decision" because it has left link "70: External Road South" at position 113.974 m in the same time step.
                  Warning	Simulation second 2444.00: Vehicle 262 ignores the decision "19: Roundabout South - Nort Approach" of type "Static Vehicle Routing Decision" because it has left link "89: External Road South" at position 147.277 m in the same time step.
                  Warning	Simulation second 2444.00: Vehicle 262 ignores the decision "304: Roundabout South - Nort Approach HDV and LDV Port" of type "Static Vehicle Routing Decision" because it has left link "89: External Road South" at position 147.277 m in the same time step.
                  Warning	Simulation second 2447.00: Vehicle 291 ignores the decision "16: Roundabout South - South Approach LDV" of type "Static Vehicle Routing Decision" because it has left link "70: External Road South" at position 113.974 m in the same time step.
                  Warning	Simulation second 2447.00: Vehicle 291 ignores the decision "17: Roundabout South - South Approach HDV and LDV Port" of type "Static Vehicle Routing Decision" because it has left link "70: External Road South" at position 113.974 m in the same time step.
                  Warning	Simulation second 2453.00: Vehicle 243 ignores the decision "254: Roundabout MultiPurpose - Southeast Aproach" of type "Static Vehicle Routing Decision" because it has left link "32: TNorte 5" at position 848.237 m in the same time step.
                  Warning	Simulation second 2464.00: Vehicle 274 ignores the decision "4: Roundabout Terminal Nort - South Approach LDV" of type "Static Vehicle Routing Decision" because it has left link "396: TNorte Entry/Exit" at position 164.855 m in the same time step.
                  Warning	Simulation second 2464.00: Vehicle 274 ignores the decision "5: Roundabout Terminal Nort - South Approach LDV Port" of type "Static Vehicle Routing Decision" because it has left link "396: TNorte Entry/Exit" at position 164.855 m in the same time step.
                  Warning	Simulation second 2464.00: Vehicle 274 ignores the decision "6: Roundabout Terminal Nort - South Approach HDV Port" of type "Static Vehicle Routing Decision" because it has left link "396: TNorte Entry/Exit" at position 164.855 m in the same time step.
                  Warning	Simulation second 2466.00: Vehicle 269 ignores the decision "4: Roundabout Terminal Nort - South Approach LDV" of type "Static Vehicle Routing Decision" because it has left link "396: TNorte Entry/Exit" at position 164.855 m in the same time step.
                  Warning	Simulation second 2466.00: Vehicle 269 ignores the decision "5: Roundabout Terminal Nort - South Approach LDV Port" of type "Static Vehicle Routing Decision" because it has left link "396: TNorte Entry/Exit" at position 164.855 m in the same time step.
                  Warning	Simulation second 2466.00: Vehicle 269 ignores the decision "6: Roundabout Terminal Nort - South Approach HDV Port" of type "Static Vehicle Routing Decision" because it has left link "396: TNorte Entry/Exit" at position 164.855 m in the same time step.
                  Warning	Simulation second 2471.00: Vehicle 286 ignores the decision "22: Roundabout Centre - East Approach LDV" of type "Static Vehicle Routing Decision" because it has left link "372: External Road Centre" at position 61.876 m in the same time step.
                  Warning	Simulation second 2471.00: Vehicle 286 ignores the decision "23: Roundabout Centre - East Approach HDV and LDV Port" of type "Static Vehicle Routing Decision" because it has left link "372: External Road Centre" at position 61.876 m in the same time step.
                  Warning	Simulation second 2481.00: Vehicle 276 ignores the decision "4: Roundabout Terminal Nort - South Approach LDV" of type "Static Vehicle Routing Decision" because it has left link "396: TNorte Entry/Exit" at position 164.855 m in the same time step.
                  Warning	Simulation second 2481.00: Vehicle 276 ignores the decision "5: Roundabout Terminal Nort - South Approach LDV Port" of type "Static Vehicle Routing Decision" because it has left link "396: TNorte Entry/Exit" at position 164.855 m in the same time step.
                  Warning	Simulation second 2481.00: Vehicle 276 ignores the decision "6: Roundabout Terminal Nort - South Approach HDV Port" of type "Static Vehicle Routing Decision" because it has left link "396: TNorte Entry/Exit" at position 164.855 m in the same time step.
                  Warning	Simulation second 2488.00: Vehicle 259 ignores the decision "1042" of type "Desired Speed Decision" because it has left link "11647: External Road Gafanha da Nazare" at position 5.279 m in the same time step.
                  Warning	Simulation second 2491.00: Vehicle 278 left link "300: TGL 1" without stopping at parking lot "112".	Network object type: Vehicle	Network object keys: 278
                  Warning	Simulation second 2501.00: Vehicle 59 ignores the decision "254: Roundabout MultiPurpose - Southeast Aproach" of type "Static Vehicle Routing Decision" because it has left link "32: TNorte 5" at position 848.237 m in the same time step.
                  Warning	Simulation second 2502.00: Vehicle 272 ignores the decision "1042" of type "Desired Speed Decision" because it has left link "11647: External Road Gafanha da Nazare" at position 5.279 m in the same time step.
                  Warning	Simulation second 2507.00: Vehicle 256 ignores the decision "19: Roundabout South - Nort Approach" of type "Static Vehicle Routing Decision" because it has left link "89: External Road South" at position 147.277 m in the same time step.
                  Warning	Simulation second 2507.00: Vehicle 256 ignores the decision "304: Roundabout South - Nort Approach HDV and LDV Port" of type "Static Vehicle Routing Decision" because it has left link "89: External Road South" at position 147.277 m in the same time step.
                  Warning	Simulation second 2513.00: Vehicle 89 ignores the decision "300: TNorte 10" of type "Static Vehicle Routing Decision" because it has left link "5: TNorte 4" at position 67.840 m in the same time step.
                  Warning	Simulation second 2525.00: Vehicle 297 ignores the decision "16: Roundabout South - South Approach LDV" of type "Static Vehicle Routing Decision" because it has left link "70: External Road South" at position 113.974 m in the same time step.
                  Warning	Simulation second 2525.00: Vehicle 297 ignores the decision "17: Roundabout South - South Approach HDV and LDV Port" of type "Static Vehicle Routing Decision" because it has left link "70: External Road South" at position 113.974 m in the same time step.
                  Warning	Simulation second 2529.00: Vehicle 298 ignores the decision "16: Roundabout South - South Approach LDV" of type "Static Vehicle Routing Decision" because it has left link "70: External Road South" at position 113.974 m in the same time step.
                  Warning	Simulation second 2529.00: Vehicle 298 ignores the decision "17: Roundabout South - South Approach HDV and LDV Port" of type "Static Vehicle Routing Decision" because it has left link "70: External Road South" at position 113.974 m in the same time step.
                  Warning	Simulation second 2530.00: Vehicle 264 ignores the decision "19: Roundabout South - Nort Approach" of type "Static Vehicle Routing Decision" because it has left link "89: External Road South" at position 147.277 m in the same time step.
                  Warning	Simulation second 2530.00: Vehicle 264 ignores the decision "304: Roundabout South - Nort Approach HDV and LDV Port" of type "Static Vehicle Routing Decision" because it has left link "89: External Road South" at position 147.277 m in the same time step.
                  Warning	Simulation second 2531.00: Vehicle 290 ignores the decision "4: Roundabout Terminal Nort - South Approach LDV" of type "Static Vehicle Routing Decision" because it has left link "396: TNorte Entry/Exit" at position 164.855 m in the same time step.
                  Warning	Simulation second 2531.00: Vehicle 290 ignores the decision "5: Roundabout Terminal Nort - South Approach LDV Port" of type "Static Vehicle Routing Decision" because it has left link "396: TNorte Entry/Exit" at position 164.855 m in the same time step.
                  Warning	Simulation second 2531.00: Vehicle 290 ignores the decision "6: Roundabout Terminal Nort - South Approach HDV Port" of type "Static Vehicle Routing Decision" because it has left link "396: TNorte Entry/Exit" at position 164.855 m in the same time step.
                  Warning	Simulation second 2539.00: Vehicle 287 ignores the decision "4: Roundabout Terminal Nort - South Approach LDV" of type "Static Vehicle Routing Decision" because it has left link "396: TNorte Entry/Exit" at position 164.855 m in the same time step.
                  Warning	Simulation second 2539.00: Vehicle 287 ignores the decision "5: Roundabout Terminal Nort - South Approach LDV Port" of type "Static Vehicle Routing Decision" because it has left link "396: TNorte Entry/Exit" at position 164.855 m in the same time step.
                  Warning	Simulation second 2539.00: Vehicle 287 ignores the decision "6: Roundabout Terminal Nort - South Approach HDV Port" of type "Static Vehicle Routing Decision" because it has left link "396: TNorte Entry/Exit" at position 164.855 m in the same time step.
                  Warning	Simulation second 2548.00: Vehicle 263 ignores the decision "1287" of type "Desired Speed Decision" because it has left link "10028: TNorte 8" at position 5.026 m in the same time step.
                  Warning	Simulation second 2550.00: Vehicle 243 ignores the decision "254: Roundabout MultiPurpose - Southeast Aproach" of type "Static Vehicle Routing Decision" because it has left link "32: TNorte 5" at position 848.237 m in the same time step.
                  Warning	Simulation second 2551.00: Vehicle 271 ignores the decision "19: Roundabout South - Nort Approach" of type "Static Vehicle Routing Decision" because it has left link "89: External Road South" at position 147.277 m in the same time step.
                  Warning	Simulation second 2551.00: Vehicle 271 ignores the decision "304: Roundabout South - Nort Approach HDV and LDV Port" of type "Static Vehicle Routing Decision" because it has left link "89: External Road South" at position 147.277 m in the same time step.
                  Warning	Simulation second 2555.00: Vehicle 275 ignores the decision "1042" of type "Desired Speed Decision" because it has left link "11647: External Road Gafanha da Nazare" at position 5.279 m in the same time step.
                  Warning	Simulation second 2557.00: Vehicle 292 (on Static Vehicle Route "267 - 1") reached the end of link "58: TGS Entry/Exit" without finding the subsequent link ("10081: TGS Entry/Exit").	Network object type: Vehicle	Network object keys: 292
                  Warning	Simulation second 2561.00: Vehicle 291 ignores the decision "4: Roundabout Terminal Nort - South Approach LDV" of type "Static Vehicle Routing Decision" because it has left link "396: TNorte Entry/Exit" at position 164.855 m in the same time step.
                  Warning	Simulation second 2561.00: Vehicle 291 ignores the decision "5: Roundabout Terminal Nort - South Approach LDV Port" of type "Static Vehicle Routing Decision" because it has left link "396: TNorte Entry/Exit" at position 164.855 m in the same time step.
                  Warning	Simulation second 2561.00: Vehicle 291 ignores the decision "6: Roundabout Terminal Nort - South Approach HDV Port" of type "Static Vehicle Routing Decision" because it has left link "396: TNorte Entry/Exit" at position 164.855 m in the same time step.
                  Warning	Simulation second 2565.00: Vehicle 286 ignores the decision "4: Roundabout Terminal Nort - South Approach LDV" of type "Static Vehicle Routing Decision" because it has left link "396: TNorte Entry/Exit" at position 164.855 m in the same time step.
                  Warning	Simulation second 2565.00: Vehicle 286 ignores the decision "5: Roundabout Terminal Nort - South Approach LDV Port" of type "Static Vehicle Routing Decision" because it has left link "396: TNorte Entry/Exit" at position 164.855 m in the same time step.
                  Warning	Simulation second 2565.00: Vehicle 286 ignores the decision "6: Roundabout Terminal Nort - South Approach HDV Port" of type "Static Vehicle Routing Decision" because it has left link "396: TNorte Entry/Exit" at position 164.855 m in the same time step.
                  Warning	Simulation second 2574.00: Vehicle 260 ignores the decision "19: Roundabout South - Nort Approach" of type "Static Vehicle Routing Decision" because it has left link "89: External Road South" at position 147.277 m in the same time step.
                  Warning	Simulation second 2574.00: Vehicle 260 ignores the decision "304: Roundabout South - Nort Approach HDV and LDV Port" of type "Static Vehicle Routing Decision" because it has left link "89: External Road South" at position 147.277 m in the same time step.
                  Warning	Simulation second 2574.00: Vehicle 274 ignores the decision "1039" of type "Desired Speed Decision" because it has left link "11021: External Road Gafanha da Nazare" at position 1.001 m in the same time step.
                  Warning	Simulation second 2582.00: Vehicle 272 ignores the decision "19: Roundabout South - Nort Approach" of type "Static Vehicle Routing Decision" because it has left link "89: External Road South" at position 147.277 m in the same time step.
                  Warning	Simulation second 2582.00: Vehicle 272 ignores the decision "304: Roundabout South - Nort Approach HDV and LDV Port" of type "Static Vehicle Routing Decision" because it has left link "89: External Road South" at position 147.277 m in the same time step.
                  Warning	Simulation second 2589.00: Vehicle 281 ignores the decision "1042" of type "Desired Speed Decision" because it has left link "11647: External Road Gafanha da Nazare" at position 5.279 m in the same time step.
                  Warning	Simulation second 2602.00: Vehicle 294 ignores the decision "19: Roundabout South - Nort Approach" of type "Static Vehicle Routing Decision" because it has left link "89: External Road South" at position 147.277 m in the same time step.
                  Warning	Simulation second 2602.00: Vehicle 294 ignores the decision "304: Roundabout South - Nort Approach HDV and LDV Port" of type "Static Vehicle Routing Decision" because it has left link "89: External Road South" at position 147.277 m in the same time step.
                  Warning	Simulation second 2602.00: Vehicle 59 ignores the decision "254: Roundabout MultiPurpose - Southeast Aproach" of type "Static Vehicle Routing Decision" because it has left link "32: TNorte 5" at position 848.237 m in the same time step.
                  Warning	Simulation second 2603.00: Vehicle 309 ignores the decision "16: Roundabout South - South Approach LDV" of type "Static Vehicle Routing Decision" because it has left link "70: External Road South" at position 113.974 m in the same time step.
                  Warning	Simulation second 2603.00: Vehicle 309 ignores the decision "17: Roundabout South - South Approach HDV and LDV Port" of type "Static Vehicle Routing Decision" because it has left link "70: External Road South" at position 113.974 m in the same time step.
                  Warning	Simulation second 2639.00: Vehicle 312 ignores the decision "16: Roundabout South - South Approach LDV" of type "Static Vehicle Routing Decision" because it has left link "70: External Road South" at position 113.974 m in the same time step.
                  Warning	Simulation second 2639.00: Vehicle 312 ignores the decision "17: Roundabout South - South Approach HDV and LDV Port" of type "Static Vehicle Routing Decision" because it has left link "70: External Road South" at position 113.974 m in the same time step.
                  Warning	Simulation second 2646.00: Vehicle 290 ignores the decision "263: TNorte Multipurpose 7" of type "Static Vehicle Routing Decision" because it has left link "28: TNorte 7" at position 81.926 m in the same time step.
                  Warning	Simulation second 2647.00: Vehicle 243 ignores the decision "254: Roundabout MultiPurpose - Southeast Aproach" of type "Static Vehicle Routing Decision" because it has left link "32: TNorte 5" at position 848.237 m in the same time step.
                  Warning	Simulation second 2650.00: Vehicle 314 ignores the decision "16: Roundabout South - South Approach LDV" of type "Static Vehicle Routing Decision" because it has left link "70: External Road South" at position 113.974 m in the same time step.
                  Warning	Simulation second 2650.00: Vehicle 314 ignores the decision "17: Roundabout South - South Approach HDV and LDV Port" of type "Static Vehicle Routing Decision" because it has left link "70: External Road South" at position 113.974 m in the same time step.
                  Warning	Simulation second 2654.00: Vehicle 276 ignores the decision "1287" of type "Desired Speed Decision" because it has left link "10028: TNorte 8" at position 5.026 m in the same time step.
                  Warning	Simulation second 2656.00: Vehicle 269 ignores the decision "255: Roundabout MultiPurpose - Northeast Aproach" of type "Static Vehicle Routing Decision" because it has left link "125: TNorte 1" at position 53.048 m in the same time step.
                  Warning	Simulation second 2659.00: Vehicle 287 ignores the decision "1039" of type "Desired Speed Decision" because it has left link "11021: External Road Gafanha da Nazare" at position 1.001 m in the same time step.
                  Warning	Simulation second 2659.00: Vehicle 290 ignores the decision "1287" of type "Desired Speed Decision" because it has left link "10028: TNorte 8" at position 5.026 m in the same time step.
                  Warning	Simulation second 2660.00: Vehicle 275 ignores the decision "19: Roundabout South - Nort Approach" of type "Static Vehicle Routing Decision" because it has left link "89: External Road South" at position 147.277 m in the same time step.
                  Warning	Simulation second 2660.00: Vehicle 275 ignores the decision "304: Roundabout South - Nort Approach HDV and LDV Port" of type "Static Vehicle Routing Decision" because it has left link "89: External Road South" at position 147.277 m in the same time step.
                  Warning	Simulation second 2663.00: Vehicle 317 ignores the decision "16: Roundabout South - South Approach LDV" of type "Static Vehicle Routing Decision" because it has left link "70: External Road South" at position 113.974 m in the same time step.
                  Warning	Simulation second 2663.00: Vehicle 317 ignores the decision "17: Roundabout South - South Approach HDV and LDV Port" of type "Static Vehicle Routing Decision" because it has left link "70: External Road South" at position 113.974 m in the same time step.
                  Warning	Simulation second 2667.00: Vehicle 286 ignores the decision "1039" of type "Desired Speed Decision" because it has left link "11021: External Road Gafanha da Nazare" at position 1.001 m in the same time step.
                  Warning	Simulation second 2676.00: Vehicle 309 ignores the decision "1039" of type "Desired Speed Decision" because it has left link "11021: External Road Gafanha da Nazare" at position 1.001 m in the same time step.
                  Warning	Simulation second 2681.00: Vehicle 318 ignores the decision "16: Roundabout South - South Approach LDV" of type "Static Vehicle Routing Decision" because it has left link "70: External Road South" at position 113.974 m in the same time step.
                  Warning	Simulation second 2681.00: Vehicle 318 ignores the decision "17: Roundabout South - South Approach HDV and LDV Port" of type "Static Vehicle Routing Decision" because it has left link "70: External Road South" at position 113.974 m in the same time step.
                  Warning	Simulation second 2684.00: Vehicle 263 ignores the decision "7: Roundabout Terminal Nort - East Approach" of type "Static Vehicle Routing Decision" because it has left link "844: TNorte Entry/Exit" at position 13.671 m in the same time step.
                  Warning	Simulation second 2688.00: Vehicle 319 ignores the decision "16: Roundabout South - South Approach LDV" of type "Static Vehicle Routing Decision" because it has left link "70: External Road South" at position 113.974 m in the same time step.
                  Warning	Simulation second 2688.00: Vehicle 319 ignores the decision "17: Roundabout South - South Approach HDV and LDV Port" of type "Static Vehicle Routing Decision" because it has left link "70: External Road South" at position 113.974 m in the same time step.
                  Warning	Simulation second 2691.00: Vehicle 300 ignores the decision "1042" of type "Desired Speed Decision" because it has left link "11647: External Road Gafanha da Nazare" at position 5.279 m in the same time step.
                  Warning	Simulation second 2697.00: Vehicle 89 ignores the decision "300: TNorte 10" of type "Static Vehicle Routing Decision" because it has left link "5: TNorte 4" at position 67.840 m in the same time step.
                  Warning	Simulation second 2739.00: Vehicle 320 ignores the decision "22: Roundabout Centre - East Approach LDV" of type "Static Vehicle Routing Decision" because it has left link "372: External Road Centre" at position 61.876 m in the same time step.
                  Warning	Simulation second 2741.00: Vehicle 312 ignores the decision "4: Roundabout Terminal Nort - South Approach LDV" of type "Static Vehicle Routing Decision" because it has left link "396: TNorte Entry/Exit" at position 164.855 m in the same time step.
                  Warning	Simulation second 2741.00: Vehicle 312 ignores the decision "5: Roundabout Terminal Nort - South Approach LDV Port" of type "Static Vehicle Routing Decision" because it has left link "396: TNorte Entry/Exit" at position 164.855 m in the same time step.
                  Warning	Simulation second 2741.00: Vehicle 312 ignores the decision "6: Roundabout Terminal Nort - South Approach HDV Port" of type "Static Vehicle Routing Decision" because it has left link "396: TNorte Entry/Exit" at position 164.855 m in the same time step.
                  Warning	Simulation second 2744.00: Vehicle 243 ignores the decision "254: Roundabout MultiPurpose - Southeast Aproach" of type "Static Vehicle Routing Decision" because it has left link "32: TNorte 5" at position 848.237 m in the same time step.
                  Warning	Simulation second 2745.00: Vehicle 299 ignores the decision "1039" of type "Desired Speed Decision" because it has left link "11021: External Road Gafanha da Nazare" at position 1.001 m in the same time step.
                  Warning	Simulation second 2746.00: Vehicle 314 ignores the decision "4: Roundabout Terminal Nort - South Approach LDV" of type "Static Vehicle Routing Decision" because it has left link "396: TNorte Entry/Exit" at position 164.855 m in the same time step.
                  Warning	Simulation second 2746.00: Vehicle 314 ignores the decision "5: Roundabout Terminal Nort - South Approach LDV Port" of type "Static Vehicle Routing Decision" because it has left link "396: TNorte Entry/Exit" at position 164.855 m in the same time step.
                  Warning	Simulation second 2746.00: Vehicle 314 ignores the decision "6: Roundabout Terminal Nort - South Approach HDV Port" of type "Static Vehicle Routing Decision" because it has left link "396: TNorte Entry/Exit" at position 164.855 m in the same time step.
                  Warning	Simulation second 2746.00: Vehicle 59 ignores the decision "1287" of type "Desired Speed Decision" because it has left link "10028: TNorte 8" at position 5.026 m in the same time step.
                  Warning	Simulation second 2751.00: Vehicle 323 ignores the decision "22: Roundabout Centre - East Approach LDV" of type "Static Vehicle Routing Decision" because it has left link "372: External Road Centre" at position 61.876 m in the same time step.
                  Warning	Simulation second 2751.00: Vehicle 323 ignores the decision "23: Roundabout Centre - East Approach HDV and LDV Port" of type "Static Vehicle Routing Decision" because it has left link "372: External Road Centre" at position 61.876 m in the same time step.
                  Warning	Simulation second 2754.00: Vehicle 300 ignores the decision "4: Roundabout Terminal Nort - South Approach LDV" of type "Static Vehicle Routing Decision" because it has left link "396: TNorte Entry/Exit" at position 164.855 m in the same time step.
                  Warning	Simulation second 2754.00: Vehicle 300 ignores the decision "5: Roundabout Terminal Nort - South Approach LDV Port" of type "Static Vehicle Routing Decision" because it has left link "396: TNorte Entry/Exit" at position 164.855 m in the same time step.
                  Warning	Simulation second 2754.00: Vehicle 300 ignores the decision "6: Roundabout Terminal Nort - South Approach HDV Port" of type "Static Vehicle Routing Decision" because it has left link "396: TNorte Entry/Exit" at position 164.855 m in the same time step.
                  Warning	Simulation second 2761.00: Vehicle 297 ignores the decision "267: TGS 10,11,12,13" of type "Static Vehicle Routing Decision" because it has left link "58: TGS Entry/Exit" at position 41.299 m in the same time step.
                  Warning	Simulation second 2762.00: Vehicle 297 ignores the decision "1636" of type "Desired Speed Decision" because it has left link "77: TGS 13" at position 2.914 m in the same time step.
                  Warning	Simulation second 2763.00: Vehicle 297 ignores the decision "1637" of type "Desired Speed Decision" because it has left link "10111: TGS 13" at position 16.150 m in the same time step.
                  Warning	Simulation second 2770.00: Vehicle 333 ignores the decision "16: Roundabout South - South Approach LDV" of type "Static Vehicle Routing Decision" because it has left link "70: External Road South" at position 113.974 m in the same time step.
                  Warning	Simulation second 2770.00: Vehicle 333 ignores the decision "17: Roundabout South - South Approach HDV and LDV Port" of type "Static Vehicle Routing Decision" because it has left link "70: External Road South" at position 113.974 m in the same time step.
                  Warning	Simulation second 2787.00: Vehicle 329 ignores the decision "22: Roundabout Centre - East Approach LDV" of type "Static Vehicle Routing Decision" because it has left link "372: External Road Centre" at position 61.876 m in the same time step.
                  Warning	Simulation second 2787.00: Vehicle 329 ignores the decision "23: Roundabout Centre - East Approach HDV and LDV Port" of type "Static Vehicle Routing Decision" because it has left link "372: External Road Centre" at position 61.876 m in the same time step.
                  Warning	Simulation second 2788.00: Vehicle 318 ignores the decision "4: Roundabout Terminal Nort - South Approach LDV" of type "Static Vehicle Routing Decision" because it has left link "396: TNorte Entry/Exit" at position 164.855 m in the same time step.
                  Warning	Simulation second 2788.00: Vehicle 318 ignores the decision "5: Roundabout Terminal Nort - South Approach LDV Port" of type "Static Vehicle Routing Decision" because it has left link "396: TNorte Entry/Exit" at position 164.855 m in the same time step.
                  Warning	Simulation second 2788.00: Vehicle 318 ignores the decision "6: Roundabout Terminal Nort - South Approach HDV Port" of type "Static Vehicle Routing Decision" because it has left link "396: TNorte Entry/Exit" at position 164.855 m in the same time step.
                  Warning	Simulation second 2792.00: Vehicle 297 ignores the decision "1612" of type "Desired Speed Decision" because it has left link "10115: TGS 13" at position 8.092 m in the same time step.
                  Warning	Simulation second 2795.00: Vehicle 336 ignores the decision "16: Roundabout South - South Approach LDV" of type "Static Vehicle Routing Decision" because it has left link "70: External Road South" at position 113.974 m in the same time step.
                  Warning	Simulation second 2795.00: Vehicle 336 ignores the decision "17: Roundabout South - South Approach HDV and LDV Port" of type "Static Vehicle Routing Decision" because it has left link "70: External Road South" at position 113.974 m in the same time step.
                  Warning	Simulation second 2797.00: Vehicle 331 ignores the decision "22: Roundabout Centre - East Approach LDV" of type "Static Vehicle Routing Decision" because it has left link "372: External Road Centre" at position 61.876 m in the same time step.
                  Warning	Simulation second 2797.00: Vehicle 331 ignores the decision "23: Roundabout Centre - East Approach HDV and LDV Port" of type "Static Vehicle Routing Decision" because it has left link "372: External Road Centre" at position 61.876 m in the same time step.
                  Warning	Simulation second 2798.00: Vehicle 308 ignores the decision "1042" of type "Desired Speed Decision" because it has left link "11647: External Road Gafanha da Nazare" at position 5.279 m in the same time step.
                  Warning	Simulation second 2802.00: Vehicle 327 ignores the decision "267: TGS 10,11,12,13" of type "Static Vehicle Routing Decision" because it has left link "58: TGS Entry/Exit" at position 41.299 m in the same time step.
                  Warning	Simulation second 2804.00: Vehicle 276 ignores the decision "255: Roundabout MultiPurpose - Northeast Aproach" of type "Static Vehicle Routing Decision" because it has left link "125: TNorte 1" at position 53.048 m in the same time step.
                  Warning	Simulation second 2804.00: Vehicle 327 ignores the decision "1636" of type "Desired Speed Decision" because it has left link "77: TGS 13" at position 2.914 m in the same time step.
                  Warning	Simulation second 2804.00: Vehicle 330 ignores the decision "22: Roundabout Centre - East Approach LDV" of type "Static Vehicle Routing Decision" because it has left link "372: External Road Centre" at position 61.876 m in the same time step.
                  Warning	Simulation second 2804.00: Vehicle 330 ignores the decision "23: Roundabout Centre - East Approach HDV and LDV Port" of type "Static Vehicle Routing Decision" because it has left link "372: External Road Centre" at position 61.876 m in the same time step.
                  Warning	Simulation second 2812.00: Vehicle 337 ignores the decision "16: Roundabout South - South Approach LDV" of type "Static Vehicle Routing Decision" because it has left link "70: External Road South" at position 113.974 m in the same time step.
                  Warning	Simulation second 2812.00: Vehicle 337 ignores the decision "17: Roundabout South - South Approach HDV and LDV Port" of type "Static Vehicle Routing Decision" because it has left link "70: External Road South" at position 113.974 m in the same time step.
                  Warning	Simulation second 2814.00: Vehicle 290 ignores the decision "1676" of type "Desired Speed Decision" because it has left link "343: TNorte 7" at position 85.200 m in the same time step.
                  Warning	Simulation second 2818.00: Vehicle 322 ignores the decision "1039" of type "Desired Speed Decision" because it has left link "11021: External Road Gafanha da Nazare" at position 1.001 m in the same time step.
                  Warning	Simulation second 2820.00: Vehicle 89 ignores the decision "300: TNorte 10" of type "Static Vehicle Routing Decision" because it has left link "5: TNorte 4" at position 67.840 m in the same time step.
                  Warning	Simulation second 2827.00: Vehicle 342 ignores the decision "28: Roundabout TG - South Approach Minor" of type "Static Vehicle Routing Decision" because it has left link "907: External Road East" at position 152.286 m in the same time step.
                  Warning	Simulation second 2834.00: Vehicle 340 ignores the decision "16: Roundabout South - South Approach LDV" of type "Static Vehicle Routing Decision" because it has left link "70: External Road South" at position 113.974 m in the same time step.
                  Warning	Simulation second 2834.00: Vehicle 340 ignores the decision "17: Roundabout South - South Approach HDV and LDV Port" of type "Static Vehicle Routing Decision" because it has left link "70: External Road South" at position 113.974 m in the same time step.
                  Warning	Simulation second 2838.00: Vehicle 320 ignores the decision "19: Roundabout South - Nort Approach" of type "Static Vehicle Routing Decision" because it has left link "89: External Road South" at position 147.277 m in the same time step.
                  Warning	Simulation second 2838.00: Vehicle 320 ignores the decision "304: Roundabout South - Nort Approach HDV and LDV Port" of type "Static Vehicle Routing Decision" because it has left link "89: External Road South" at position 147.277 m in the same time step.
                  Warning	Simulation second 2841.00: Vehicle 243 ignores the decision "254: Roundabout MultiPurpose - Southeast Aproach" of type "Static Vehicle Routing Decision" because it has left link "32: TNorte 5" at position 848.237 m in the same time step.
                  Warning	Simulation second 2844.00: Vehicle 323 ignores the decision "19: Roundabout South - Nort Approach" of type "Static Vehicle Routing Decision" because it has left link "89: External Road South" at position 147.277 m in the same time step.
                  Warning	Simulation second 2844.00: Vehicle 323 ignores the decision "304: Roundabout South - Nort Approach HDV and LDV Port" of type "Static Vehicle Routing Decision" because it has left link "89: External Road South" at position 147.277 m in the same time step.
                  Warning	Simulation second 2850.00: Vehicle 325 ignores the decision "4: Roundabout Terminal Nort - South Approach LDV" of type "Static Vehicle Routing Decision" because it has left link "396: TNorte Entry/Exit" at position 164.855 m in the same time step.
                  Warning	Simulation second 2850.00: Vehicle 325 ignores the decision "5: Roundabout Terminal Nort - South Approach LDV Port" of type "Static Vehicle Routing Decision" because it has left link "396: TNorte Entry/Exit" at position 164.855 m in the same time step.
                  Warning	Simulation second 2850.00: Vehicle 325 ignores the decision "6: Roundabout Terminal Nort - South Approach HDV Port" of type "Static Vehicle Routing Decision" because it has left link "396: TNorte Entry/Exit" at position 164.855 m in the same time step.
                  Warning	Simulation second 2871.00: Vehicle 311 ignores the decision "1042" of type "Desired Speed Decision" because it has left link "11647: External Road Gafanha da Nazare" at position 5.279 m in the same time step.
                  Warning	Simulation second 2873.00: Vehicle 313 ignores the decision "1042" of type "Desired Speed Decision" because it has left link "11647: External Road Gafanha da Nazare" at position 5.279 m in the same time step.
                  Warning	Simulation second 2877.00: Vehicle 300 ignores the decision "19: Roundabout South - Nort Approach" of type "Static Vehicle Routing Decision" because it has left link "89: External Road South" at position 147.277 m in the same time step.
                  Warning	Simulation second 2877.00: Vehicle 300 ignores the decision "304: Roundabout South - Nort Approach HDV and LDV Port" of type "Static Vehicle Routing Decision" because it has left link "89: External Road South" at position 147.277 m in the same time step.
                  Warning	Simulation second 2877.00: Vehicle 329 ignores the decision "5: Roundabout Terminal Nort - South Approach LDV Port" of type "Static Vehicle Routing Decision" because it has left link "396: TNorte Entry/Exit" at position 164.855 m in the same time step.
                  Warning	Simulation second 2877.00: Vehicle 329 ignores the decision "6: Roundabout Terminal Nort - South Approach HDV Port" of type "Static Vehicle Routing Decision" because it has left link "396: TNorte Entry/Exit" at position 164.855 m in the same time step.
                  Warning	Simulation second 2883.00: Vehicle 59 ignores the decision "255: Roundabout MultiPurpose - Northeast Aproach" of type "Static Vehicle Routing Decision" because it has left link "125: TNorte 1" at position 53.048 m in the same time step.
                  Warning	Simulation second 2892.00: Vehicle 290 ignores the decision "255: Roundabout MultiPurpose - Northeast Aproach" of type "Static Vehicle Routing Decision" because it has left link "125: TNorte 1" at position 53.048 m in the same time step.
                  Warning	Simulation second 2897.00: Vehicle 302 ignores the decision "19: Roundabout South - Nort Approach" of type "Static Vehicle Routing Decision" because it has left link "89: External Road South" at position 147.277 m in the same time step.
                  Warning	Simulation second 2897.00: Vehicle 302 ignores the decision "304: Roundabout South - Nort Approach HDV and LDV Port" of type "Static Vehicle Routing Decision" because it has left link "89: External Road South" at position 147.277 m in the same time step.
                  Warning	Simulation second 2899.00: Vehicle 338 ignores the decision "4: Roundabout Terminal Nort - South Approach LDV" of type "Static Vehicle Routing Decision" because it has left link "396: TNorte Entry/Exit" at position 164.855 m in the same time step.
                  Warning	Simulation second 2899.00: Vehicle 338 ignores the decision "5: Roundabout Terminal Nort - South Approach LDV Port" of type "Static Vehicle Routing Decision" because it has left link "396: TNorte Entry/Exit" at position 164.855 m in the same time step.
                  Warning	Simulation second 2899.00: Vehicle 338 ignores the decision "6: Roundabout Terminal Nort - South Approach HDV Port" of type "Static Vehicle Routing Decision" because it has left link "396: TNorte Entry/Exit" at position 164.855 m in the same time step.
                  Warning	Simulation second 2905.00: Vehicle 308 ignores the decision "19: Roundabout South - Nort Approach" of type "Static Vehicle Routing Decision" because it has left link "89: External Road South" at position 147.277 m in the same time step.
                  Warning	Simulation second 2905.00: Vehicle 308 ignores the decision "304: Roundabout South - Nort Approach HDV and LDV Port" of type "Static Vehicle Routing Decision" because it has left link "89: External Road South" at position 147.277 m in the same time step.
                  Warning	Simulation second 2906.00: Vehicle 307 ignores the decision "19: Roundabout South - Nort Approach" of type "Static Vehicle Routing Decision" because it has left link "89: External Road South" at position 147.277 m in the same time step.
                  Warning	Simulation second 2906.00: Vehicle 307 ignores the decision "304: Roundabout South - Nort Approach HDV and LDV Port" of type "Static Vehicle Routing Decision" because it has left link "89: External Road South" at position 147.277 m in the same time step.
                  Warning	Simulation second 2914.00: Vehicle 330 ignores the decision "19: Roundabout South - Nort Approach" of type "Static Vehicle Routing Decision" because it has left link "89: External Road South" at position 147.277 m in the same time step.
                  Warning	Simulation second 2914.00: Vehicle 330 ignores the decision "304: Roundabout South - Nort Approach HDV and LDV Port" of type "Static Vehicle Routing Decision" because it has left link "89: External Road South" at position 147.277 m in the same time step.
                  Warning	Simulation second 2919.00: Vehicle 343 ignores the decision "1039" of type "Desired Speed Decision" because it has left link "11021: External Road Gafanha da Nazare" at position 1.001 m in the same time step.
                  Warning	Simulation second 2921.00: Vehicle 350 ignores the decision "16: Roundabout South - South Approach LDV" of type "Static Vehicle Routing Decision" because it has left link "70: External Road South" at position 113.974 m in the same time step.
                  Warning	Simulation second 2921.00: Vehicle 350 ignores the decision "17: Roundabout South - South Approach HDV and LDV Port" of type "Static Vehicle Routing Decision" because it has left link "70: External Road South" at position 113.974 m in the same time step.
                  Warning	Simulation second 2935.00: Vehicle 324 ignores the decision "1042" of type "Desired Speed Decision" because it has left link "11647: External Road Gafanha da Nazare" at position 5.279 m in the same time step.
                  Warning	Simulation second 2937.00: Vehicle 314 ignores the decision "254: Roundabout MultiPurpose - Southeast Aproach" of type "Static Vehicle Routing Decision" because it has left link "32: TNorte 5" at position 848.237 m in the same time step.
                  Warning	Simulation second 2938.00: Vehicle 243 ignores the decision "254: Roundabout MultiPurpose - Southeast Aproach" of type "Static Vehicle Routing Decision" because it has left link "32: TNorte 5" at position 848.237 m in the same time step.
                  Warning	Simulation second 2939.00: Vehicle 352 ignores the decision "16: Roundabout South - South Approach LDV" of type "Static Vehicle Routing Decision" because it has left link "70: External Road South" at position 113.974 m in the same time step.
                  Warning	Simulation second 2939.00: Vehicle 352 ignores the decision "17: Roundabout South - South Approach HDV and LDV Port" of type "Static Vehicle Routing Decision" because it has left link "70: External Road South" at position 113.974 m in the same time step.
                  Warning	Simulation second 2945.00: Vehicle 341 ignores the decision "1039" of type "Desired Speed Decision" because it has left link "11021: External Road Gafanha da Nazare" at position 1.001 m in the same time step.
                  Warning	Simulation second 2963.00: Vehicle 345 ignores the decision "297: TNorte 7" of type "Static Vehicle Routing Decision" because it has left link "342: TNorte 3" at position 71.688 m in the same time step.
                  Warning	Simulation second 2964.00: Vehicle 89 ignores the decision "1238" of type "Desired Speed Decision" because it has left link "10031: TNorte 4" at position 12.254 m in the same time step.
                  Warning	Simulation second 2968.00: Vehicle 89 ignores the decision "1244" of type "Desired Speed Decision" because it has left link "10032: TNorte 4" at position 8.141 m in the same time step.
                  Warning	Simulation second 2970.00: Vehicle 313 ignores the decision "19: Roundabout South - Nort Approach" of type "Static Vehicle Routing Decision" because it has left link "89: External Road South" at position 147.277 m in the same time step.
                  Warning	Simulation second 2970.00: Vehicle 313 ignores the decision "304: Roundabout South - Nort Approach HDV and LDV Port" of type "Static Vehicle Routing Decision" because it has left link "89: External Road South" at position 147.277 m in the same time step.
                  Warning	Simulation second 2973.00: Vehicle 360 ignores the decision "16: Roundabout South - South Approach LDV" of type "Static Vehicle Routing Decision" because it has left link "70: External Road South" at position 113.974 m in the same time step.
                  Warning	Simulation second 2973.00: Vehicle 360 ignores the decision "17: Roundabout South - South Approach HDV and LDV Port" of type "Static Vehicle Routing Decision" because it has left link "70: External Road South" at position 113.974 m in the same time step.
                  Warning	Simulation second 2977.00: Vehicle 351 ignores the decision "22: Roundabout Centre - East Approach LDV" of type "Static Vehicle Routing Decision" because it has left link "372: External Road Centre" at position 61.876 m in the same time step.
                  Warning	Simulation second 2977.00: Vehicle 351 ignores the decision "23: Roundabout Centre - East Approach HDV and LDV Port" of type "Static Vehicle Routing Decision" because it has left link "372: External Road Centre" at position 61.876 m in the same time step.
                  Warning	Simulation second 2979.00: Vehicle 327 ignores the decision "193: Roundabout Prio - North Approach LDV" of type "Static Vehicle Routing Decision" because it has left link "633: TGS External Road" at position 777.531 m in the same time step.
                  Warning	Simulation second 2981.00: Vehicle 353 ignores the decision "3: Roundabout Terminal Nort - North Approach" of type "Static Vehicle Routing Decision" because it has left link "400: External Road Ferry" at position 142.927 m in the same time step.
                  Warning	Simulation second 2985.00: Vehicle 297 ignores the decision "25: Roundabot TG - North Approach " of type "Static Vehicle Routing Decision" because it has left link "209: External Road East" at position 250.353 m in the same time step.
                  Warning	Simulation second 2989.00: Vehicle 310 ignores the decision "19: Roundabout South - Nort Approach" of type "Static Vehicle Routing Decision" because it has left link "89: External Road South" at position 147.277 m in the same time step.
                  Warning	Simulation second 2989.00: Vehicle 310 ignores the decision "304: Roundabout South - Nort Approach HDV and LDV Port" of type "Static Vehicle Routing Decision" because it has left link "89: External Road South" at position 147.277 m in the same time step.
                  Warning	Simulation second 2990.00: Vehicle 335 ignores the decision "1039" of type "Desired Speed Decision" because it has left link "11021: External Road Gafanha da Nazare" at position 1.001 m in the same time step.
                  Warning	Simulation second 2994.00: Vehicle 362 ignores the decision "16: Roundabout South - South Approach LDV" of type "Static Vehicle Routing Decision" because it has left link "70: External Road South" at position 113.974 m in the same time step.
                  Warning	Simulation second 2994.00: Vehicle 362 ignores the decision "17: Roundabout South - South Approach HDV and LDV Port" of type "Static Vehicle Routing Decision" because it has left link "70: External Road South" at position 113.974 m in the same time step.
                  Warning	Simulation second 2996.00: Vehicle 89 ignores the decision "1241" of type "Desired Speed Decision" because it has left link "10033: TNorte 4" at position 7.691 m in the same time step.
                  Warning	Simulation second 3012.00: Vehicle 304 ignores the decision "7: Roundabout Terminal Nort - East Approach" of type "Static Vehicle Routing Decision" because it has left link "844: TNorte Entry/Exit" at position 13.671 m in the same time step.
                  Warning	Simulation second 3013.00: Vehicle 364 ignores the decision "16: Roundabout South - South Approach LDV" of type "Static Vehicle Routing Decision" because it has left link "70: External Road South" at position 113.974 m in the same time step.
                  Warning	Simulation second 3013.00: Vehicle 364 ignores the decision "17: Roundabout South - South Approach HDV and LDV Port" of type "Static Vehicle Routing Decision" because it has left link "70: External Road South" at position 113.974 m in the same time step.
                  Warning	Simulation second 3016.00: Vehicle 338 ignores the decision "19: Roundabout South - Nort Approach" of type "Static Vehicle Routing Decision" because it has left link "89: External Road South" at position 147.277 m in the same time step.
                  Warning	Simulation second 3016.00: Vehicle 338 ignores the decision "304: Roundabout South - Nort Approach HDV and LDV Port" of type "Static Vehicle Routing Decision" because it has left link "89: External Road South" at position 147.277 m in the same time step.
                  Warning	Simulation second 3020.00: Vehicle 89 ignores the decision "299: TNorte 9" of type "Static Vehicle Routing Decision" because it has left link "26: TNorte 4" at position 77.914 m in the same time step.
                  Warning	Simulation second 3025.00: Vehicle 352 ignores the decision "4: Roundabout Terminal Nort - South Approach LDV" of type "Static Vehicle Routing Decision" because it has left link "396: TNorte Entry/Exit" at position 164.855 m in the same time step.
                  Warning	Simulation second 3025.00: Vehicle 352 ignores the decision "5: Roundabout Terminal Nort - South Approach LDV Port" of type "Static Vehicle Routing Decision" because it has left link "396: TNorte Entry/Exit" at position 164.855 m in the same time step.
                  Warning	Simulation second 3025.00: Vehicle 352 ignores the decision "6: Roundabout Terminal Nort - South Approach HDV Port" of type "Static Vehicle Routing Decision" because it has left link "396: TNorte Entry/Exit" at position 164.855 m in the same time step.
                  Warning	Simulation second 3030.00: Vehicle 316 ignores the decision "5: Roundabout Terminal Nort - South Approach LDV Port" of type "Static Vehicle Routing Decision" because it has left link "396: TNorte Entry/Exit" at position 164.855 m in the same time step.
                  Warning	Simulation second 3030.00: Vehicle 316 ignores the decision "6: Roundabout Terminal Nort - South Approach HDV Port" of type "Static Vehicle Routing Decision" because it has left link "396: TNorte Entry/Exit" at position 164.855 m in the same time step.
                  Warning	Simulation second 3030.00: Vehicle 354 ignores the decision "4: Roundabout Terminal Nort - South Approach LDV" of type "Static Vehicle Routing Decision" because it has left link "396: TNorte Entry/Exit" at position 164.855 m in the same time step.
                  Warning	Simulation second 3030.00: Vehicle 354 ignores the decision "5: Roundabout Terminal Nort - South Approach LDV Port" of type "Static Vehicle Routing Decision" because it has left link "396: TNorte Entry/Exit" at position 164.855 m in the same time step.
                  Warning	Simulation second 3030.00: Vehicle 354 ignores the decision "6: Roundabout Terminal Nort - South Approach HDV Port" of type "Static Vehicle Routing Decision" because it has left link "396: TNorte Entry/Exit" at position 164.855 m in the same time step.
                  Warning	Simulation second 3035.00: Vehicle 243 ignores the decision "254: Roundabout MultiPurpose - Southeast Aproach" of type "Static Vehicle Routing Decision" because it has left link "32: TNorte 5" at position 848.237 m in the same time step.
                  Warning	Simulation second 3036.00: Vehicle 314 (on Static Vehicle Route "262 - 2") reached the end of link "34: TNorte 6" without finding the subsequent link ("10049: TNorte 7").	Network object type: Vehicle	Network object keys: 314
                  Warning	Simulation second 3036.00: Vehicle 350 ignores the decision "5: Roundabout Terminal Nort - South Approach LDV Port" of type "Static Vehicle Routing Decision" because it has left link "396: TNorte Entry/Exit" at position 164.855 m in the same time step.
                  Warning	Simulation second 3036.00: Vehicle 350 ignores the decision "6: Roundabout Terminal Nort - South Approach HDV Port" of type "Static Vehicle Routing Decision" because it has left link "396: TNorte Entry/Exit" at position 164.855 m in the same time step.
                  Warning	Simulation second 3044.00: Vehicle 356 ignores the decision "4: Roundabout Terminal Nort - South Approach LDV" of type "Static Vehicle Routing Decision" because it has left link "396: TNorte Entry/Exit" at position 164.855 m in the same time step.
                  Warning	Simulation second 3044.00: Vehicle 356 ignores the decision "5: Roundabout Terminal Nort - South Approach LDV Port" of type "Static Vehicle Routing Decision" because it has left link "396: TNorte Entry/Exit" at position 164.855 m in the same time step.
                  Warning	Simulation second 3044.00: Vehicle 356 ignores the decision "6: Roundabout Terminal Nort - South Approach HDV Port" of type "Static Vehicle Routing Decision" because it has left link "396: TNorte Entry/Exit" at position 164.855 m in the same time step.
                  Warning	Simulation second 3049.00: Vehicle 366 ignores the decision "16: Roundabout South - South Approach LDV" of type "Static Vehicle Routing Decision" because it has left link "70: External Road South" at position 113.974 m in the same time step.
                  Warning	Simulation second 3049.00: Vehicle 366 ignores the decision "17: Roundabout South - South Approach HDV and LDV Port" of type "Static Vehicle Routing Decision" because it has left link "70: External Road South" at position 113.974 m in the same time step.
                  Warning	Simulation second 3058.00: Vehicle 345 ignores the decision "297: TNorte 7" of type "Static Vehicle Routing Decision" because it has left link "342: TNorte 3" at position 71.688 m in the same time step.
                  Warning	Simulation second 3072.00: Vehicle 370 ignores the decision "16: Roundabout South - South Approach LDV" of type "Static Vehicle Routing Decision" because it has left link "70: External Road South" at position 113.974 m in the same time step.
                  Warning	Simulation second 3072.00: Vehicle 370 ignores the decision "17: Roundabout South - South Approach HDV and LDV Port" of type "Static Vehicle Routing Decision" because it has left link "70: External Road South" at position 113.974 m in the same time step.
                  Warning	Simulation second 3073.00: Vehicle 332 ignores the decision "19: Roundabout South - Nort Approach" of type "Static Vehicle Routing Decision" because it has left link "89: External Road South" at position 147.277 m in the same time step.
                  Warning	Simulation second 3073.00: Vehicle 332 ignores the decision "304: Roundabout South - Nort Approach HDV and LDV Port" of type "Static Vehicle Routing Decision" because it has left link "89: External Road South" at position 147.277 m in the same time step.
                  Warning	Simulation second 3073.00: Vehicle 371 ignores the decision "16: Roundabout South - South Approach LDV" of type "Static Vehicle Routing Decision" because it has left link "70: External Road South" at position 113.974 m in the same time step.
                  Warning	Simulation second 3073.00: Vehicle 371 ignores the decision "17: Roundabout South - South Approach HDV and LDV Port" of type "Static Vehicle Routing Decision" because it has left link "70: External Road South" at position 113.974 m in the same time step.
                  Warning	Simulation second 3077.00: Vehicle 372 ignores the decision "16: Roundabout South - South Approach LDV" of type "Static Vehicle Routing Decision" because it has left link "70: External Road South" at position 113.974 m in the same time step.
                  Warning	Simulation second 3077.00: Vehicle 372 ignores the decision "17: Roundabout South - South Approach HDV and LDV Port" of type "Static Vehicle Routing Decision" because it has left link "70: External Road South" at position 113.974 m in the same time step.
                  Warning	Simulation second 3077.00: Vehicle 373 ignores the decision "16: Roundabout South - South Approach LDV" of type "Static Vehicle Routing Decision" because it has left link "70: External Road South" at position 113.974 m in the same time step.
                  Warning	Simulation second 3077.00: Vehicle 373 ignores the decision "17: Roundabout South - South Approach HDV and LDV Port" of type "Static Vehicle Routing Decision" because it has left link "70: External Road South" at position 113.974 m in the same time step.
                  Warning	Simulation second 3082.00: Vehicle 375 ignores the decision "16: Roundabout South - South Approach LDV" of type "Static Vehicle Routing Decision" because it has left link "70: External Road South" at position 113.974 m in the same time step.
                  Warning	Simulation second 3082.00: Vehicle 375 ignores the decision "17: Roundabout South - South Approach HDV and LDV Port" of type "Static Vehicle Routing Decision" because it has left link "70: External Road South" at position 113.974 m in the same time step.
                  Warning	Simulation second 3082.00: Vehicle 376 ignores the decision "16: Roundabout South - South Approach LDV" of type "Static Vehicle Routing Decision" because it has left link "70: External Road South" at position 113.974 m in the same time step.
                  Warning	Simulation second 3082.00: Vehicle 376 ignores the decision "17: Roundabout South - South Approach HDV and LDV Port" of type "Static Vehicle Routing Decision" because it has left link "70: External Road South" at position 113.974 m in the same time step.
                  Warning	Simulation second 3086.00: Vehicle 353 ignores the decision "19: Roundabout South - Nort Approach" of type "Static Vehicle Routing Decision" because it has left link "89: External Road South" at position 147.277 m in the same time step.
                  Warning	Simulation second 3086.00: Vehicle 353 ignores the decision "304: Roundabout South - Nort Approach HDV and LDV Port" of type "Static Vehicle Routing Decision" because it has left link "89: External Road South" at position 147.277 m in the same time step.
                  Warning	Simulation second 3088.00: Vehicle 377 ignores the decision "16: Roundabout South - South Approach LDV" of type "Static Vehicle Routing Decision" because it has left link "70: External Road South" at position 113.974 m in the same time step.
                  Warning	Simulation second 3088.00: Vehicle 377 ignores the decision "17: Roundabout South - South Approach HDV and LDV Port" of type "Static Vehicle Routing Decision" because it has left link "70: External Road South" at position 113.974 m in the same time step.
                  Warning	Simulation second 3095.00: Vehicle 349 ignores the decision "1042" of type "Desired Speed Decision" because it has left link "11647: External Road Gafanha da Nazare" at position 5.279 m in the same time step.
                  Warning	Simulation second 3101.00: Vehicle 355 ignores the decision "19: Roundabout South - Nort Approach" of type "Static Vehicle Routing Decision" because it has left link "89: External Road South" at position 147.277 m in the same time step.
                  Warning	Simulation second 3101.00: Vehicle 355 ignores the decision "304: Roundabout South - Nort Approach HDV and LDV Port" of type "Static Vehicle Routing Decision" because it has left link "89: External Road South" at position 147.277 m in the same time step.
                  Warning	Simulation second 3103.00: Vehicle 345 ignores the decision "297: TNorte 7" of type "Static Vehicle Routing Decision" because it has left link "342: TNorte 3" at position 71.688 m in the same time step.
                  Warning	Simulation second 3108.00: Vehicle 359 ignores the decision "4: Roundabout Terminal Nort - South Approach LDV" of type "Static Vehicle Routing Decision" because it has left link "396: TNorte Entry/Exit" at position 164.855 m in the same time step.
                  Warning	Simulation second 3108.00: Vehicle 359 ignores the decision "5: Roundabout Terminal Nort - South Approach LDV Port" of type "Static Vehicle Routing Decision" because it has left link "396: TNorte Entry/Exit" at position 164.855 m in the same time step.
                  Warning	Simulation second 3108.00: Vehicle 359 ignores the decision "6: Roundabout Terminal Nort - South Approach HDV Port" of type "Static Vehicle Routing Decision" because it has left link "396: TNorte Entry/Exit" at position 164.855 m in the same time step.
                  Warning	Simulation second 3121.00: Vehicle 364 ignores the decision "4: Roundabout Terminal Nort - South Approach LDV" of type "Static Vehicle Routing Decision" because it has left link "396: TNorte Entry/Exit" at position 164.855 m in the same time step.
                  Warning	Simulation second 3121.00: Vehicle 364 ignores the decision "5: Roundabout Terminal Nort - South Approach LDV Port" of type "Static Vehicle Routing Decision" because it has left link "396: TNorte Entry/Exit" at position 164.855 m in the same time step.
                  Warning	Simulation second 3121.00: Vehicle 364 ignores the decision "6: Roundabout Terminal Nort - South Approach HDV Port" of type "Static Vehicle Routing Decision" because it has left link "396: TNorte Entry/Exit" at position 164.855 m in the same time step.
                  Warning	Simulation second 3132.00: Vehicle 243 ignores the decision "254: Roundabout MultiPurpose - Southeast Aproach" of type "Static Vehicle Routing Decision" because it has left link "32: TNorte 5" at position 848.237 m in the same time step.
                  Warning	Simulation second 3139.00: Vehicle 379 ignores the decision "22: Roundabout Centre - East Approach LDV" of type "Static Vehicle Routing Decision" because it has left link "372: External Road Centre" at position 61.876 m in the same time step.
                  Warning	Simulation second 3139.00: Vehicle 379 ignores the decision "23: Roundabout Centre - East Approach HDV and LDV Port" of type "Static Vehicle Routing Decision" because it has left link "372: External Road Centre" at position 61.876 m in the same time step.
                  Warning	Simulation second 3144.00: Vehicle 383 ignores the decision "16: Roundabout South - South Approach LDV" of type "Static Vehicle Routing Decision" because it has left link "70: External Road South" at position 113.974 m in the same time step.
                  Warning	Simulation second 3144.00: Vehicle 383 ignores the decision "17: Roundabout South - South Approach HDV and LDV Port" of type "Static Vehicle Routing Decision" because it has left link "70: External Road South" at position 113.974 m in the same time step.
                  Warning	Simulation second 3148.00: Vehicle 345 ignores the decision "297: TNorte 7" of type "Static Vehicle Routing Decision" because it has left link "342: TNorte 3" at position 71.688 m in the same time step.
                  Warning	Simulation second 3150.00: Vehicle 363 ignores the decision "1042" of type "Desired Speed Decision" because it has left link "11647: External Road Gafanha da Nazare" at position 5.279 m in the same time step.
                  Warning	Simulation second 3154.00: Vehicle 377 ignores the decision "1039" of type "Desired Speed Decision" because it has left link "11021: External Road Gafanha da Nazare" at position 1.001 m in the same time step.
                  Warning	Simulation second 3166.00: Vehicle 385 ignores the decision "16: Roundabout South - South Approach LDV" of type "Static Vehicle Routing Decision" because it has left link "70: External Road South" at position 113.974 m in the same time step.
                  Warning	Simulation second 3166.00: Vehicle 385 ignores the decision "17: Roundabout South - South Approach HDV and LDV Port" of type "Static Vehicle Routing Decision" because it has left link "70: External Road South" at position 113.974 m in the same time step.
                  Warning	Simulation second 3168.00: Vehicle 356 ignores the decision "19: Roundabout South - Nort Approach" of type "Static Vehicle Routing Decision" because it has left link "89: External Road South" at position 147.277 m in the same time step.
                  Warning	Simulation second 3168.00: Vehicle 356 ignores the decision "304: Roundabout South - Nort Approach HDV and LDV Port" of type "Static Vehicle Routing Decision" because it has left link "89: External Road South" at position 147.277 m in the same time step.
                  Warning	Simulation second 3170.00: Vehicle 346 ignores the decision "19: Roundabout South - Nort Approach" of type "Static Vehicle Routing Decision" because it has left link "89: External Road South" at position 147.277 m in the same time step.
                  Warning	Simulation second 3170.00: Vehicle 346 ignores the decision "304: Roundabout South - Nort Approach HDV and LDV Port" of type "Static Vehicle Routing Decision" because it has left link "89: External Road South" at position 147.277 m in the same time step.
                  Warning	Simulation second 3182.00: Vehicle 386 ignores the decision "16: Roundabout South - South Approach LDV" of type "Static Vehicle Routing Decision" because it has left link "70: External Road South" at position 113.974 m in the same time step.
                  Warning	Simulation second 3182.00: Vehicle 386 ignores the decision "17: Roundabout South - South Approach HDV and LDV Port" of type "Static Vehicle Routing Decision" because it has left link "70: External Road South" at position 113.974 m in the same time step.
                  Warning	Simulation second 3183.00: Vehicle 354 ignores the decision "1090" of type "Desired Speed Decision" because it has left link "10054: TNorte 3" at position 8.078 m in the same time step.
                  Warning	Simulation second 3183.00: Vehicle 375 ignores the decision "4: Roundabout Terminal Nort - South Approach LDV" of type "Static Vehicle Routing Decision" because it has left link "396: TNorte Entry/Exit" at position 164.855 m in the same time step.
                  Warning	Simulation second 3183.00: Vehicle 375 ignores the decision "5: Roundabout Terminal Nort - South Approach LDV Port" of type "Static Vehicle Routing Decision" because it has left link "396: TNorte Entry/Exit" at position 164.855 m in the same time step.
                  Warning	Simulation second 3183.00: Vehicle 375 ignores the decision "6: Roundabout Terminal Nort - South Approach HDV Port" of type "Static Vehicle Routing Decision" because it has left link "396: TNorte Entry/Exit" at position 164.855 m in the same time step.
                  Warning	Simulation second 3186.00: Vehicle 357 ignores the decision "19: Roundabout South - Nort Approach" of type "Static Vehicle Routing Decision" because it has left link "89: External Road South" at position 147.277 m in the same time step.
                  Warning	Simulation second 3186.00: Vehicle 357 ignores the decision "304: Roundabout South - Nort Approach HDV and LDV Port" of type "Static Vehicle Routing Decision" because it has left link "89: External Road South" at position 147.277 m in the same time step.
                  Warning	Simulation second 3193.00: Vehicle 345 ignores the decision "297: TNorte 7" of type "Static Vehicle Routing Decision" because it has left link "342: TNorte 3" at position 71.688 m in the same time step.
                  Warning	Simulation second 3203.00: Vehicle 352 ignores the decision "263: TNorte Multipurpose 7" of type "Static Vehicle Routing Decision" because it has left link "28: TNorte 7" at position 81.926 m in the same time step.
                  Warning	Simulation second 3208.00: Vehicle 361 ignores the decision "4: Roundabout Terminal Nort - South Approach LDV" of type "Static Vehicle Routing Decision" because it has left link "396: TNorte Entry/Exit" at position 164.855 m in the same time step.
                  Warning	Simulation second 3208.00: Vehicle 361 ignores the decision "5: Roundabout Terminal Nort - South Approach LDV Port" of type "Static Vehicle Routing Decision" because it has left link "396: TNorte Entry/Exit" at position 164.855 m in the same time step.
                  Warning	Simulation second 3208.00: Vehicle 361 ignores the decision "6: Roundabout Terminal Nort - South Approach HDV Port" of type "Static Vehicle Routing Decision" because it has left link "396: TNorte Entry/Exit" at position 164.855 m in the same time step.
                  Warning	Simulation second 3212.00: Vehicle 374 ignores the decision "1039" of type "Desired Speed Decision" because it has left link "11021: External Road Gafanha da Nazare" at position 1.001 m in the same time step.
                  Warning	Simulation second 3215.00: Vehicle 352 ignores the decision "1287" of type "Desired Speed Decision" because it has left link "10028: TNorte 8" at position 5.026 m in the same time step.
                  Warning	Simulation second 3229.00: Vehicle 243 ignores the decision "254: Roundabout MultiPurpose - Southeast Aproach" of type "Static Vehicle Routing Decision" because it has left link "32: TNorte 5" at position 848.237 m in the same time step.
                  Warning	Simulation second 3238.00: Vehicle 345 ignores the decision "297: TNorte 7" of type "Static Vehicle Routing Decision" because it has left link "342: TNorte 3" at position 71.688 m in the same time step.
                  Warning	Simulation second 3241.00: Vehicle 368 ignores the decision "1562" of type "Desired Speed Decision" because it has left link "10153: TGL 4" at position 9.295 m in the same time step.
                  Warning	Simulation second 3258.00: Vehicle 359 ignores the decision "1287" of type "Desired Speed Decision" because it has left link "10028: TNorte 8" at position 5.026 m in the same time step.
                  Warning	Simulation second 3259.00: Vehicle 385 ignores the decision "4: Roundabout Terminal Nort - South Approach LDV" of type "Static Vehicle Routing Decision" because it has left link "396: TNorte Entry/Exit" at position 164.855 m in the same time step.
                  Warning	Simulation second 3259.00: Vehicle 385 ignores the decision "5: Roundabout Terminal Nort - South Approach LDV Port" of type "Static Vehicle Routing Decision" because it has left link "396: TNorte Entry/Exit" at position 164.855 m in the same time step.
                  Warning	Simulation second 3259.00: Vehicle 385 ignores the decision "6: Roundabout Terminal Nort - South Approach HDV Port" of type "Static Vehicle Routing Decision" because it has left link "396: TNorte Entry/Exit" at position 164.855 m in the same time step.
                  Warning	Simulation second 3265.00: Vehicle 394 ignores the decision "16: Roundabout South - South Approach LDV" of type "Static Vehicle Routing Decision" because it has left link "70: External Road South" at position 113.974 m in the same time step.
                  Warning	Simulation second 3265.00: Vehicle 394 ignores the decision "17: Roundabout South - South Approach HDV and LDV Port" of type "Static Vehicle Routing Decision" because it has left link "70: External Road South" at position 113.974 m in the same time step.
                  Warning	Simulation second 3269.00: Vehicle 382 ignores the decision "1636" of type "Desired Speed Decision" because it has left link "77: TGS 13" at position 2.914 m in the same time step.
                  Warning	Simulation second 3273.00: Vehicle 396 ignores the decision "16: Roundabout South - South Approach LDV" of type "Static Vehicle Routing Decision" because it has left link "70: External Road South" at position 113.974 m in the same time step.
                  Warning	Simulation second 3273.00: Vehicle 396 ignores the decision "17: Roundabout South - South Approach HDV and LDV Port" of type "Static Vehicle Routing Decision" because it has left link "70: External Road South" at position 113.974 m in the same time step.
                  Warning	Simulation second 3283.00: Vehicle 345 ignores the decision "297: TNorte 7" of type "Static Vehicle Routing Decision" because it has left link "342: TNorte 3" at position 71.688 m in the same time step.
                  Warning	Simulation second 3285.00: Vehicle 327 ignores the decision "1666" of type "Desired Speed Decision" because it has left link "10100: TGS 11" at position 5.858 m in the same time step.
                  Warning	Simulation second 3298.00: Vehicle 354 ignores the decision "288: TRo-ro9" of type "Static Vehicle Routing Decision" because it has left link "32: TNorte 5" at position 157.535 m in the same time step.
                  Warning	Simulation second 3298.00: Vehicle 375 ignores the decision "1039" of type "Desired Speed Decision" because it has left link "11021: External Road Gafanha da Nazare" at position 1.001 m in the same time step.
                  Warning	Simulation second 3300.00: Vehicle 402 ignores the decision "16: Roundabout South - South Approach LDV" of type "Static Vehicle Routing Decision" because it has left link "70: External Road South" at position 113.974 m in the same time step.
                  Warning	Simulation second 3300.00: Vehicle 402 ignores the decision "17: Roundabout South - South Approach HDV and LDV Port" of type "Static Vehicle Routing Decision" because it has left link "70: External Road South" at position 113.974 m in the same time step.
                  Warning	Simulation second 3305.00: Vehicle 395 ignores the decision "22: Roundabout Centre - East Approach LDV" of type "Static Vehicle Routing Decision" because it has left link "372: External Road Centre" at position 61.876 m in the same time step.
                  Warning	Simulation second 3305.00: Vehicle 395 ignores the decision "23: Roundabout Centre - East Approach HDV and LDV Port" of type "Static Vehicle Routing Decision" because it has left link "372: External Road Centre" at position 61.876 m in the same time step.
                  Warning	Simulation second 3306.00: Vehicle 318 ignores the decision "254: Roundabout MultiPurpose - Southeast Aproach" of type "Static Vehicle Routing Decision" because it has left link "32: TNorte 5" at position 848.237 m in the same time step.
                  Warning	Simulation second 3318.00: Vehicle 388 ignores the decision "7: Roundabout Terminal Nort - East Approach" of type "Static Vehicle Routing Decision" because it has left link "844: TNorte Entry/Exit" at position 13.671 m in the same time step.
                  Warning	Simulation second 3320.00: Vehicle 384 ignores the decision "1042" of type "Desired Speed Decision" because it has left link "11647: External Road Gafanha da Nazare" at position 5.279 m in the same time step.
                  Warning	Simulation second 3326.00: Vehicle 243 ignores the decision "254: Roundabout MultiPurpose - Southeast Aproach" of type "Static Vehicle Routing Decision" because it has left link "32: TNorte 5" at position 848.237 m in the same time step.
                  Warning	Simulation second 3327.00: Vehicle 361 ignores the decision "263: TNorte Multipurpose 7" of type "Static Vehicle Routing Decision" because it has left link "28: TNorte 7" at position 81.926 m in the same time step.
                  Warning	Simulation second 3328.00: Vehicle 345 ignores the decision "297: TNorte 7" of type "Static Vehicle Routing Decision" because it has left link "342: TNorte 3" at position 71.688 m in the same time step.
                  Warning	Simulation second 3334.00: Vehicle 398 ignores the decision "22: Roundabout Centre - East Approach LDV" of type "Static Vehicle Routing Decision" because it has left link "372: External Road Centre" at position 61.876 m in the same time step.
                  Warning	Simulation second 3334.00: Vehicle 398 ignores the decision "23: Roundabout Centre - East Approach HDV and LDV Port" of type "Static Vehicle Routing Decision" because it has left link "372: External Road Centre" at position 61.876 m in the same time step.
                  Warning	Simulation second 3335.00: Vehicle 409 ignores the decision "16: Roundabout South - South Approach LDV" of type "Static Vehicle Routing Decision" because it has left link "70: External Road South" at position 113.974 m in the same time step.
                  Warning	Simulation second 3335.00: Vehicle 409 ignores the decision "17: Roundabout South - South Approach HDV and LDV Port" of type "Static Vehicle Routing Decision" because it has left link "70: External Road South" at position 113.974 m in the same time step.
                  Warning	Simulation second 3353.00: Vehicle 413 ignores the decision "16: Roundabout South - South Approach LDV" of type "Static Vehicle Routing Decision" because it has left link "70: External Road South" at position 113.974 m in the same time step.
                  Warning	Simulation second 3353.00: Vehicle 413 ignores the decision "17: Roundabout South - South Approach HDV and LDV Port" of type "Static Vehicle Routing Decision" because it has left link "70: External Road South" at position 113.974 m in the same time step.
                  Warning	Simulation second 3363.00: Vehicle 354 ignores the decision "255: Roundabout MultiPurpose - Northeast Aproach" of type "Static Vehicle Routing Decision" because it has left link "125: TNorte 1" at position 53.130 m in the same time step.
                  Warning	Simulation second 3373.00: Vehicle 345 ignores the decision "297: TNorte 7" of type "Static Vehicle Routing Decision" because it has left link "342: TNorte 3" at position 71.688 m in the same time step.
                  Warning	Simulation second 3374.00: Vehicle 394 ignores the decision "4: Roundabout Terminal Nort - South Approach LDV" of type "Static Vehicle Routing Decision" because it has left link "396: TNorte Entry/Exit" at position 164.855 m in the same time step.
                  Warning	Simulation second 3374.00: Vehicle 394 ignores the decision "5: Roundabout Terminal Nort - South Approach LDV Port" of type "Static Vehicle Routing Decision" because it has left link "396: TNorte Entry/Exit" at position 164.855 m in the same time step.
                  Warning	Simulation second 3374.00: Vehicle 394 ignores the decision "6: Roundabout Terminal Nort - South Approach HDV Port" of type "Static Vehicle Routing Decision" because it has left link "396: TNorte Entry/Exit" at position 164.855 m in the same time step.
                  Warning	Simulation second 3390.00: Vehicle 410 ignores the decision "22: Roundabout Centre - East Approach LDV" of type "Static Vehicle Routing Decision" because it has left link "372: External Road Centre" at position 61.876 m in the same time step.
                  Warning	Simulation second 3390.00: Vehicle 410 ignores the decision "23: Roundabout Centre - East Approach HDV and LDV Port" of type "Static Vehicle Routing Decision" because it has left link "372: External Road Centre" at position 61.876 m in the same time step.
                  Warning	Simulation second 3401.00: Vehicle 395 ignores the decision "19: Roundabout South - Nort Approach" of type "Static Vehicle Routing Decision" because it has left link "89: External Road South" at position 147.277 m in the same time step.
                  Warning	Simulation second 3401.00: Vehicle 395 ignores the decision "304: Roundabout South - Nort Approach HDV and LDV Port" of type "Static Vehicle Routing Decision" because it has left link "89: External Road South" at position 147.277 m in the same time step.
                  Warning	Simulation second 3401.00: Vehicle 412 ignores the decision "22: Roundabout Centre - East Approach LDV" of type "Static Vehicle Routing Decision" because it has left link "372: External Road Centre" at position 61.876 m in the same time step.
                  Warning	Simulation second 3401.00: Vehicle 412 ignores the decision "23: Roundabout Centre - East Approach HDV and LDV Port" of type "Static Vehicle Routing Decision" because it has left link "372: External Road Centre" at position 61.876 m in the same time step.
                  Warning	Simulation second 3404.00: Vehicle 416 ignores the decision "16: Roundabout South - South Approach LDV" of type "Static Vehicle Routing Decision" because it has left link "70: External Road South" at position 113.974 m in the same time step.
                  Warning	Simulation second 3404.00: Vehicle 416 ignores the decision "17: Roundabout South - South Approach HDV and LDV Port" of type "Static Vehicle Routing Decision" because it has left link "70: External Road South" at position 113.974 m in the same time step.
                  Warning	Simulation second 3404.00: Vehicle 417 ignores the decision "16: Roundabout South - South Approach LDV" of type "Static Vehicle Routing Decision" because it has left link "70: External Road South" at position 113.974 m in the same time step.
                  Warning	Simulation second 3404.00: Vehicle 417 ignores the decision "17: Roundabout South - South Approach HDV and LDV Port" of type "Static Vehicle Routing Decision" because it has left link "70: External Road South" at position 113.974 m in the same time step.
                  Warning	Simulation second 3405.00: Vehicle 384 ignores the decision "19: Roundabout South - Nort Approach" of type "Static Vehicle Routing Decision" because it has left link "89: External Road South" at position 147.277 m in the same time step.
                  Warning	Simulation second 3405.00: Vehicle 384 ignores the decision "304: Roundabout South - Nort Approach HDV and LDV Port" of type "Static Vehicle Routing Decision" because it has left link "89: External Road South" at position 147.277 m in the same time step.
                  Warning	Simulation second 3411.00: Vehicle 327 ignores the decision "193: Roundabout Prio - North Approach LDV" of type "Static Vehicle Routing Decision" because it has left link "633: TGS External Road" at position 777.531 m in the same time step.
                  Warning	Simulation second 3418.00: Vehicle 345 ignores the decision "297: TNorte 7" of type "Static Vehicle Routing Decision" because it has left link "342: TNorte 3" at position 71.688 m in the same time step.
                  Warning	Simulation second 3421.00: Vehicle 385 ignores the decision "287: TRo-ro8" of type "Static Vehicle Routing Decision" because it has left link "351: TNorte 8" at position 171.964 m in the same time step.
                  Warning	Simulation second 3423.00: Vehicle 243 ignores the decision "254: Roundabout MultiPurpose - Southeast Aproach" of type "Static Vehicle Routing Decision" because it has left link "32: TNorte 5" at position 848.237 m in the same time step.
                  Warning	Simulation second 3423.00: Vehicle 422 ignores the decision "16: Roundabout South - South Approach LDV" of type "Static Vehicle Routing Decision" because it has left link "70: External Road South" at position 113.974 m in the same time step.
                  Warning	Simulation second 3423.00: Vehicle 422 ignores the decision "17: Roundabout South - South Approach HDV and LDV Port" of type "Static Vehicle Routing Decision" because it has left link "70: External Road South" at position 113.974 m in the same time step.
                  Warning	Simulation second 3424.00: Vehicle 424 ignores the decision "16: Roundabout South - South Approach LDV" of type "Static Vehicle Routing Decision" because it has left link "70: External Road South" at position 113.974 m in the same time step.
                  Warning	Simulation second 3424.00: Vehicle 424 ignores the decision "17: Roundabout South - South Approach HDV and LDV Port" of type "Static Vehicle Routing Decision" because it has left link "70: External Road South" at position 113.974 m in the same time step.
                  Warning	Simulation second 3425.00: Vehicle 425 ignores the decision "16: Roundabout South - South Approach LDV" of type "Static Vehicle Routing Decision" because it has left link "70: External Road South" at position 113.974 m in the same time step.
                  Warning	Simulation second 3425.00: Vehicle 425 ignores the decision "17: Roundabout South - South Approach HDV and LDV Port" of type "Static Vehicle Routing Decision" because it has left link "70: External Road South" at position 113.974 m in the same time step.
                  Warning	Simulation second 3435.00: Vehicle 387 ignores the decision "1042" of type "Desired Speed Decision" because it has left link "11647: External Road Gafanha da Nazare" at position 5.279 m in the same time step.
                  Warning	Simulation second 3437.00: Vehicle 400 ignores the decision "1039" of type "Desired Speed Decision" because it has left link "11021: External Road Gafanha da Nazare" at position 1.001 m in the same time step.
                  Warning	Simulation second 3460.00: Vehicle 398 ignores the decision "19: Roundabout South - Nort Approach" of type "Static Vehicle Routing Decision" because it has left link "89: External Road South" at position 147.277 m in the same time step.
                  Warning	Simulation second 3460.00: Vehicle 398 ignores the decision "304: Roundabout South - Nort Approach HDV and LDV Port" of type "Static Vehicle Routing Decision" because it has left link "89: External Road South" at position 147.277 m in the same time step.
                  Warning	Simulation second 3463.00: Vehicle 345 ignores the decision "297: TNorte 7" of type "Static Vehicle Routing Decision" because it has left link "342: TNorte 3" at position 71.688 m in the same time step.
                  Warning	Simulation second 3467.00: Vehicle 426 ignores the decision "22: Roundabout Centre - East Approach LDV" of type "Static Vehicle Routing Decision" because it has left link "372: External Road Centre" at position 61.876 m in the same time step.
                  Warning	Simulation second 3467.00: Vehicle 426 ignores the decision "23: Roundabout Centre - East Approach HDV and LDV Port" of type "Static Vehicle Routing Decision" because it has left link "372: External Road Centre" at position 61.876 m in the same time step.
                  Warning	Simulation second 3470.00: Vehicle 417 ignores the decision "1039" of type "Desired Speed Decision" because it has left link "11021: External Road Gafanha da Nazare" at position 1.001 m in the same time step.
                  Warning	Simulation second 3473.00: Vehicle 388 ignores the decision "19: Roundabout South - Nort Approach" of type "Static Vehicle Routing Decision" because it has left link "89: External Road South" at position 147.277 m in the same time step.
                  Warning	Simulation second 3473.00: Vehicle 388 ignores the decision "304: Roundabout South - Nort Approach HDV and LDV Port" of type "Static Vehicle Routing Decision" because it has left link "89: External Road South" at position 147.277 m in the same time step.
                  Warning	Simulation second 3477.00: Vehicle 419 ignores the decision "305: TGL Rounabout Entrance" of type "Static Vehicle Routing Decision" because it has left link "90: TGL 1" at position 16.830 m in the same time step.
                  Warning	Simulation second 3477.00: Vehicle 430 ignores the decision "16: Roundabout South - South Approach LDV" of type "Static Vehicle Routing Decision" because it has left link "70: External Road South" at position 113.974 m in the same time step.
                  Warning	Simulation second 3477.00: Vehicle 430 ignores the decision "17: Roundabout South - South Approach HDV and LDV Port" of type "Static Vehicle Routing Decision" because it has left link "70: External Road South" at position 113.974 m in the same time step.
                  Warning	Simulation second 3484.00: Vehicle 427 ignores the decision "3: Roundabout Terminal Nort - North Approach" of type "Static Vehicle Routing Decision" because it has left link "400: External Road Ferry" at position 142.927 m in the same time step.
                  Warning	Simulation second 3488.00: Vehicle 391 ignores the decision "25: Roundabot TG - North Approach " of type "Static Vehicle Routing Decision" because it has left link "209: External Road East" at position 250.353 m in the same time step.
                  Warning	Simulation second 3489.00: Vehicle 431 ignores the decision "16: Roundabout South - South Approach LDV" of type "Static Vehicle Routing Decision" because it has left link "70: External Road South" at position 113.974 m in the same time step.
                  Warning	Simulation second 3489.00: Vehicle 431 ignores the decision "17: Roundabout South - South Approach HDV and LDV Port" of type "Static Vehicle Routing Decision" because it has left link "70: External Road South" at position 113.974 m in the same time step.
                  Warning	Simulation second 3500.00: Vehicle 435 ignores the decision "1042" of type "Desired Speed Decision" because it has left link "11647: External Road Gafanha da Nazare" at position 5.279 m in the same time step.
                  Warning	Simulation second 3508.00: Vehicle 345 ignores the decision "297: TNorte 7" of type "Static Vehicle Routing Decision" because it has left link "342: TNorte 3" at position 71.688 m in the same time step.
                  Warning	Simulation second 3511.00: Vehicle 382 ignores the decision "256: Solid Bulk South West - Aveiro Port" of type "Static Vehicle Routing Decision" because it has left link "63: TGS Entry/Exit" at position 42.721 m in the same time step.
                  Warning	Simulation second 3512.00: Vehicle 434 ignores the decision "16: Roundabout South - South Approach LDV" of type "Static Vehicle Routing Decision" because it has left link "70: External Road South" at position 113.974 m in the same time step.
                  Warning	Simulation second 3512.00: Vehicle 434 ignores the decision "17: Roundabout South - South Approach HDV and LDV Port" of type "Static Vehicle Routing Decision" because it has left link "70: External Road South" at position 113.974 m in the same time step.
                  Warning	Simulation second 3516.00: Vehicle 436 ignores the decision "16: Roundabout South - South Approach LDV" of type "Static Vehicle Routing Decision" because it has left link "70: External Road South" at position 113.974 m in the same time step.
                  Warning	Simulation second 3516.00: Vehicle 436 ignores the decision "17: Roundabout South - South Approach HDV and LDV Port" of type "Static Vehicle Routing Decision" because it has left link "70: External Road South" at position 113.974 m in the same time step.
                  Warning	Simulation second 3530.00: Vehicle 243 ignores the decision "254: Roundabout MultiPurpose - Southeast Aproach" of type "Static Vehicle Routing Decision" because it has left link "32: TNorte 5" at position 848.237 m in the same time step.
                  Warning	Simulation second 3530.00: Vehicle 425 ignores the decision "4: Roundabout Terminal Nort - South Approach LDV" of type "Static Vehicle Routing Decision" because it has left link "396: TNorte Entry/Exit" at position 164.855 m in the same time step.
                  Warning	Simulation second 3530.00: Vehicle 425 ignores the decision "5: Roundabout Terminal Nort - South Approach LDV Port" of type "Static Vehicle Routing Decision" because it has left link "396: TNorte Entry/Exit" at position 164.855 m in the same time step.
                  Warning	Simulation second 3530.00: Vehicle 425 ignores the decision "6: Roundabout Terminal Nort - South Approach HDV Port" of type "Static Vehicle Routing Decision" because it has left link "396: TNorte Entry/Exit" at position 164.855 m in the same time step.
                  Warning	Simulation second 3536.00: Vehicle 438 ignores the decision "16: Roundabout South - South Approach LDV" of type "Static Vehicle Routing Decision" because it has left link "70: External Road South" at position 113.974 m in the same time step.
                  Warning	Simulation second 3536.00: Vehicle 438 ignores the decision "17: Roundabout South - South Approach HDV and LDV Port" of type "Static Vehicle Routing Decision" because it has left link "70: External Road South" at position 113.974 m in the same time step.
                  Warning	Simulation second 3537.00: Vehicle 352 ignores the decision "1246" of type "Desired Speed Decision" because it has left link "10138: TNorte 7" at position 7.941 m in the same time step.
                  Warning	Simulation second 3540.00: Vehicle 401 ignores the decision "19: Roundabout South - Nort Approach" of type "Static Vehicle Routing Decision" because it has left link "89: External Road South" at position 147.277 m in the same time step.
                  Warning	Simulation second 3540.00: Vehicle 401 ignores the decision "304: Roundabout South - Nort Approach HDV and LDV Port" of type "Static Vehicle Routing Decision" because it has left link "89: External Road South" at position 147.277 m in the same time step.
                  Warning	Simulation second 3540.00: Vehicle 405 ignores the decision "19: Roundabout South - Nort Approach" of type "Static Vehicle Routing Decision" because it has left link "89: External Road South" at position 147.277 m in the same time step.
                  Warning	Simulation second 3540.00: Vehicle 405 ignores the decision "304: Roundabout South - Nort Approach HDV and LDV Port" of type "Static Vehicle Routing Decision" because it has left link "89: External Road South" at position 147.277 m in the same time step.
                  Warning	Simulation second 3542.00: Vehicle 404 ignores the decision "19: Roundabout South - Nort Approach" of type "Static Vehicle Routing Decision" because it has left link "89: External Road South" at position 147.277 m in the same time step.
                  Warning	Simulation second 3542.00: Vehicle 404 ignores the decision "304: Roundabout South - Nort Approach HDV and LDV Port" of type "Static Vehicle Routing Decision" because it has left link "89: External Road South" at position 147.277 m in the same time step.
                  Warning	Simulation second 3545.00: Vehicle 387 ignores the decision "19: Roundabout South - Nort Approach" of type "Static Vehicle Routing Decision" because it has left link "89: External Road South" at position 147.277 m in the same time step.
                  Warning	Simulation second 3545.00: Vehicle 387 ignores the decision "304: Roundabout South - Nort Approach HDV and LDV Port" of type "Static Vehicle Routing Decision" because it has left link "89: External Road South" at position 147.277 m in the same time step.
                  Warning	Simulation second 3547.00: Vehicle 412 ignores the decision "19: Roundabout South - Nort Approach" of type "Static Vehicle Routing Decision" because it has left link "89: External Road South" at position 147.277 m in the same time step.
                  Warning	Simulation second 3547.00: Vehicle 412 ignores the decision "304: Roundabout South - Nort Approach HDV and LDV Port" of type "Static Vehicle Routing Decision" because it has left link "89: External Road South" at position 147.277 m in the same time step.
                  Warning	Simulation second 3549.00: Vehicle 445 ignores the decision "1042" of type "Desired Speed Decision" because it has left link "11647: External Road Gafanha da Nazare" at position 5.279 m in the same time step.
                  Warning	Simulation second 3553.00: Vehicle 345 ignores the decision "297: TNorte 7" of type "Static Vehicle Routing Decision" because it has left link "342: TNorte 3" at position 71.688 m in the same time step.
                  Warning	Simulation second 3553.00: Vehicle 441 ignores the decision "16: Roundabout South - South Approach LDV" of type "Static Vehicle Routing Decision" because it has left link "70: External Road South" at position 113.974 m in the same time step.
                  Warning	Simulation second 3553.00: Vehicle 441 ignores the decision "17: Roundabout South - South Approach HDV and LDV Port" of type "Static Vehicle Routing Decision" because it has left link "70: External Road South" at position 113.974 m in the same time step.
                  Warning	Simulation second 3554.00: Vehicle 442 ignores the decision "16: Roundabout South - South Approach LDV" of type "Static Vehicle Routing Decision" because it has left link "70: External Road South" at position 113.974 m in the same time step.
                  Warning	Simulation second 3554.00: Vehicle 442 ignores the decision "17: Roundabout South - South Approach HDV and LDV Port" of type "Static Vehicle Routing Decision" because it has left link "70: External Road South" at position 113.974 m in the same time step.
                  Warning	Simulation second 3558.00: Vehicle 426 ignores the decision "19: Roundabout South - Nort Approach" of type "Static Vehicle Routing Decision" because it has left link "89: External Road South" at position 147.277 m in the same time step.
                  Warning	Simulation second 3558.00: Vehicle 426 ignores the decision "304: Roundabout South - Nort Approach HDV and LDV Port" of type "Static Vehicle Routing Decision" because it has left link "89: External Road South" at position 147.277 m in the same time step.
                  Warning	Simulation second 3569.00: Vehicle 432 (on Static Vehicle Route "267 - 1") reached the end of link "58: TGS Entry/Exit" without finding the subsequent link ("10081: TGS Entry/Exit").	Network object type: Vehicle	Network object keys: 432
                  Warning	Simulation second 3578.00: Vehicle 430 ignores the decision "4: Roundabout Terminal Nort - South Approach LDV" of type "Static Vehicle Routing Decision" because it has left link "396: TNorte Entry/Exit" at position 164.855 m in the same time step.
                  Warning	Simulation second 3578.00: Vehicle 430 ignores the decision "5: Roundabout Terminal Nort - South Approach LDV Port" of type "Static Vehicle Routing Decision" because it has left link "396: TNorte Entry/Exit" at position 164.855 m in the same time step.
                  Warning	Simulation second 3578.00: Vehicle 430 ignores the decision "6: Roundabout Terminal Nort - South Approach HDV Port" of type "Static Vehicle Routing Decision" because it has left link "396: TNorte Entry/Exit" at position 164.855 m in the same time step.
                  Warning	Simulation second 3583.00: Vehicle 433 ignores the decision "1461" of type "Desired Speed Decision" because it has left link "10250: TGL 1" at position 7.306 m in the same time step.
                  Warning	Simulation second 3586.00: Vehicle 449 ignores the decision "16: Roundabout South - South Approach LDV" of type "Static Vehicle Routing Decision" because it has left link "70: External Road South" at position 113.974 m in the same time step.
                  Warning	Simulation second 3586.00: Vehicle 449 ignores the decision "17: Roundabout South - South Approach HDV and LDV Port" of type "Static Vehicle Routing Decision" because it has left link "70: External Road South" at position 113.974 m in the same time step.
                  Warning	Simulation second 3587.00: Vehicle 354 ignores the decision "300: TNorte 10" of type "Static Vehicle Routing Decision" because it has left link "5: TNorte 4" at position 67.840 m in the same time step.
                  Warning	Simulation second 3592.00: Vehicle 450 ignores the decision "16: Roundabout South - South Approach LDV" of type "Static Vehicle Routing Decision" because it has left link "70: External Road South" at position 113.974 m in the same time step.
                  Warning	Simulation second 3592.00: Vehicle 450 ignores the decision "17: Roundabout South - South Approach HDV and LDV Port" of type "Static Vehicle Routing Decision" because it has left link "70: External Road South" at position 113.974 m in the same time step.
                  Warning	Simulation second 3592.00: Vehicle 451 ignores the decision "16: Roundabout South - South Approach LDV" of type "Static Vehicle Routing Decision" because it has left link "70: External Road South" at position 113.974 m in the same time step.
                  Warning	Simulation second 3592.00: Vehicle 451 ignores the decision "17: Roundabout South - South Approach HDV and LDV Port" of type "Static Vehicle Routing Decision" because it has left link "70: External Road South" at position 113.974 m in the same time step.
                  Warning	Simulation second 3595.00: Vehicle 393 ignores the decision "4: Roundabout Terminal Nort - South Approach LDV" of type "Static Vehicle Routing Decision" because it has left link "396: TNorte Entry/Exit" at position 164.855 m in the same time step.
                  Warning	Simulation second 3595.00: Vehicle 393 ignores the decision "5: Roundabout Terminal Nort - South Approach LDV Port" of type "Static Vehicle Routing Decision" because it has left link "396: TNorte Entry/Exit" at position 164.855 m in the same time step.
                  Warning	Simulation second 3595.00: Vehicle 393 ignores the decision "6: Roundabout Terminal Nort - South Approach HDV Port" of type "Static Vehicle Routing Decision" because it has left link "396: TNorte Entry/Exit" at position 164.855 m in the same time step.
                  Warning	Simulation second 3598.00: Vehicle 345 ignores the decision "297: TNorte 7" of type "Static Vehicle Routing Decision" because it has left link "342: TNorte 3" at position 71.688 m in the same time step.
                  Warning	Simulation second 3599.00: Vehicle 434 ignores the decision "20: Roudabout Centre - West Approach LDV" of type "Static Vehicle Routing Decision" because it has left link "367: External Road Centre" at position 210.272 m in the same time step.
                  Warning	Simulation second 3599.00: Vehicle 434 ignores the decision "21: Roudabout Centre - West Approach HDV and LDV Port" of type "Static Vehicle Routing Decision" because it has left link "367: External Road Centre" at position 210.272 m in the same time step.
                  Warning	Simulation second 3603.00: Vehicle 403 ignores the decision "4: Roundabout Terminal Nort - South Approach LDV" of type "Static Vehicle Routing Decision" because it has left link "396: TNorte Entry/Exit" at position 164.855 m in the same time step.
                  Warning	Simulation second 3603.00: Vehicle 403 ignores the decision "5: Roundabout Terminal Nort - South Approach LDV Port" of type "Static Vehicle Routing Decision" because it has left link "396: TNorte Entry/Exit" at position 164.855 m in the same time step.
                  Warning	Simulation second 3603.00: Vehicle 403 ignores the decision "6: Roundabout Terminal Nort - South Approach HDV Port" of type "Static Vehicle Routing Decision" because it has left link "396: TNorte Entry/Exit" at position 164.855 m in the same time step.
                  Warning	Simulation second 3604.00: Vehicle 415 ignores the decision "1042" of type "Desired Speed Decision" because it has left link "11647: External Road Gafanha da Nazare" at position 5.279 m in the same time step.
                  Warning	Simulation second 3605.00: Vehicle 452 ignores the decision "16: Roundabout South - South Approach LDV" of type "Static Vehicle Routing Decision" because it has left link "70: External Road South" at position 113.974 m in the same time step.
                  Warning	Simulation second 3605.00: Vehicle 452 ignores the decision "17: Roundabout South - South Approach HDV and LDV Port" of type "Static Vehicle Routing Decision" because it has left link "70: External Road South" at position 113.974 m in the same time step.
                  Warning	Simulation second 3607.00: Vehicle 453 ignores the decision "16: Roundabout South - South Approach LDV" of type "Static Vehicle Routing Decision" because it has left link "70: External Road South" at position 113.974 m in the same time step.
                  Warning	Simulation second 3607.00: Vehicle 453 ignores the decision "17: Roundabout South - South Approach HDV and LDV Port" of type "Static Vehicle Routing Decision" because it has left link "70: External Road South" at position 113.974 m in the same time step.
                  Warning	Simulation second 3614.00: Vehicle 392 ignores the decision "19: Roundabout South - Nort Approach" of type "Static Vehicle Routing Decision" because it has left link "89: External Road South" at position 147.277 m in the same time step.
                  Warning	Simulation second 3614.00: Vehicle 392 ignores the decision "304: Roundabout South - Nort Approach HDV and LDV Port" of type "Static Vehicle Routing Decision" because it has left link "89: External Road South" at position 147.277 m in the same time step.
                  Warning	Simulation second 3616.00: Vehicle 327 ignores the decision "25: Roundabot TG - North Approach " of type "Static Vehicle Routing Decision" because it has left link "209: External Road East" at position 250.353 m in the same time step.
                  Warning	Simulation second 3617.00: Vehicle 446 ignores the decision "22: Roundabout Centre - East Approach LDV" of type "Static Vehicle Routing Decision" because it has left link "372: External Road Centre" at position 61.876 m in the same time step.
                  Warning	Simulation second 3617.00: Vehicle 446 ignores the decision "23: Roundabout Centre - East Approach HDV and LDV Port" of type "Static Vehicle Routing Decision" because it has left link "372: External Road Centre" at position 61.876 m in the same time step.
                  Warning	Simulation second 3618.00: Vehicle 447 ignores the decision "22: Roundabout Centre - East Approach LDV" of type "Static Vehicle Routing Decision" because it has left link "372: External Road Centre" at position 61.876 m in the same time step.
                  Warning	Simulation second 3618.00: Vehicle 447 ignores the decision "23: Roundabout Centre - East Approach HDV and LDV Port" of type "Static Vehicle Routing Decision" because it has left link "372: External Road Centre" at position 61.876 m in the same time step.
                  Warning	Simulation second 3621.00: Vehicle 397 ignores the decision "19: Roundabout South - Nort Approach" of type "Static Vehicle Routing Decision" because it has left link "89: External Road South" at position 147.277 m in the same time step.
                  Warning	Simulation second 3621.00: Vehicle 397 ignores the decision "304: Roundabout South - Nort Approach HDV and LDV Port" of type "Static Vehicle Routing Decision" because it has left link "89: External Road South" at position 147.277 m in the same time step.
                  Warning	Simulation second 3623.00: Vehicle 411 ignores the decision "19: Roundabout South - Nort Approach" of type "Static Vehicle Routing Decision" because it has left link "89: External Road South" at position 147.277 m in the same time step.
                  Warning	Simulation second 3623.00: Vehicle 411 ignores the decision "304: Roundabout South - Nort Approach HDV and LDV Port" of type "Static Vehicle Routing Decision" because it has left link "89: External Road South" at position 147.277 m in the same time step.
                  Warning	Simulation second 3630.00: Vehicle 382 ignores the decision "25: Roundabot TG - North Approach " of type "Static Vehicle Routing Decision" because it has left link "209: External Road East" at position 250.353 m in the same time step.
                  Warning	Simulation second 3632.00: Vehicle 414 ignores the decision "19: Roundabout South - Nort Approach" of type "Static Vehicle Routing Decision" because it has left link "89: External Road South" at position 147.277 m in the same time step.
                  Warning	Simulation second 3632.00: Vehicle 414 ignores the decision "304: Roundabout South - Nort Approach HDV and LDV Port" of type "Static Vehicle Routing Decision" because it has left link "89: External Road South" at position 147.277 m in the same time step.
                  Warning	Simulation second 3634.00: Vehicle 243 ignores the decision "254: Roundabout MultiPurpose - Southeast Aproach" of type "Static Vehicle Routing Decision" because it has left link "32: TNorte 5" at position 848.237 m in the same time step.
                  Warning	Simulation second 3640.00: Vehicle 361 ignores the decision "1287" of type "Desired Speed Decision" because it has left link "10028: TNorte 8" at position 5.026 m in the same time step.
                  Warning	Simulation second 3643.00: Vehicle 345 ignores the decision "297: TNorte 7" of type "Static Vehicle Routing Decision" because it has left link "342: TNorte 3" at position 71.688 m in the same time step.
                  Warning	Simulation second 3650.00: Vehicle 425 ignores the decision "1039" of type "Desired Speed Decision" because it has left link "11021: External Road Gafanha da Nazare" at position 1.001 m in the same time step.
                  Warning	Simulation second 3652.00: Vehicle 441 ignores the decision "4: Roundabout Terminal Nort - South Approach LDV" of type "Static Vehicle Routing Decision" because it has left link "396: TNorte Entry/Exit" at position 164.855 m in the same time step.
                  Warning	Simulation second 3652.00: Vehicle 441 ignores the decision "5: Roundabout Terminal Nort - South Approach LDV Port" of type "Static Vehicle Routing Decision" because it has left link "396: TNorte Entry/Exit" at position 164.855 m in the same time step.
                  Warning	Simulation second 3652.00: Vehicle 441 ignores the decision "6: Roundabout Terminal Nort - South Approach HDV Port" of type "Static Vehicle Routing Decision" because it has left link "396: TNorte Entry/Exit" at position 164.855 m in the same time step.
                  Warning	Simulation second 3655.00: Vehicle 445 ignores the decision "19: Roundabout South - Nort Approach" of type "Static Vehicle Routing Decision" because it has left link "89: External Road South" at position 147.277 m in the same time step.
                  Warning	Simulation second 3655.00: Vehicle 445 ignores the decision "304: Roundabout South - Nort Approach HDV and LDV Port" of type "Static Vehicle Routing Decision" because it has left link "89: External Road South" at position 147.277 m in the same time step.
                  Warning	Simulation second 3665.00: Vehicle 461 ignores the decision "16: Roundabout South - South Approach LDV" of type "Static Vehicle Routing Decision" because it has left link "70: External Road South" at position 113.974 m in the same time step.
                  Warning	Simulation second 3665.00: Vehicle 461 ignores the decision "17: Roundabout South - South Approach HDV and LDV Port" of type "Static Vehicle Routing Decision" because it has left link "70: External Road South" at position 113.974 m in the same time step.
                  Warning	Simulation second 3678.00: Vehicle 460 ignores the decision "16: Roundabout South - South Approach LDV" of type "Static Vehicle Routing Decision" because it has left link "70: External Road South" at position 113.974 m in the same time step.
                  Warning	Simulation second 3678.00: Vehicle 460 ignores the decision "17: Roundabout South - South Approach HDV and LDV Port" of type "Static Vehicle Routing Decision" because it has left link "70: External Road South" at position 113.974 m in the same time step.
                  Warning	Simulation second 3679.00: Vehicle 449 ignores the decision "4: Roundabout Terminal Nort - South Approach LDV" of type "Static Vehicle Routing Decision" because it has left link "396: TNorte Entry/Exit" at position 164.855 m in the same time step.
                  Warning	Simulation second 3679.00: Vehicle 449 ignores the decision "5: Roundabout Terminal Nort - South Approach LDV Port" of type "Static Vehicle Routing Decision" because it has left link "396: TNorte Entry/Exit" at position 164.855 m in the same time step.
                  Warning	Simulation second 3679.00: Vehicle 449 ignores the decision "6: Roundabout Terminal Nort - South Approach HDV Port" of type "Static Vehicle Routing Decision" because it has left link "396: TNorte Entry/Exit" at position 164.855 m in the same time step.
                  Warning	Simulation second 3684.00: Vehicle 452 ignores the decision "20: Roudabout Centre - West Approach LDV" of type "Static Vehicle Routing Decision" because it has left link "367: External Road Centre" at position 210.272 m in the same time step.
                  Warning	Simulation second 3684.00: Vehicle 452 ignores the decision "21: Roudabout Centre - West Approach HDV and LDV Port" of type "Static Vehicle Routing Decision" because it has left link "367: External Road Centre" at position 210.272 m in the same time step.
                  Warning	Simulation second 3691.00: Vehicle 345 ignores the decision "297: TNorte 7" of type "Static Vehicle Routing Decision" because it has left link "342: TNorte 3" at position 71.688 m in the same time step.
                  Warning	Simulation second 3692.00: Vehicle 422 ignores the decision "7: Roundabout Terminal Nort - East Approach" of type "Static Vehicle Routing Decision" because it has left link "844: TNorte Entry/Exit" at position 13.671 m in the same time step.
                  Warning	Simulation second 3693.00: Vehicle 428 ignores the decision "19: Roundabout South - Nort Approach" of type "Static Vehicle Routing Decision" because it has left link "89: External Road South" at position 147.277 m in the same time step.
                  Warning	Simulation second 3693.00: Vehicle 428 ignores the decision "304: Roundabout South - Nort Approach HDV and LDV Port" of type "Static Vehicle Routing Decision" because it has left link "89: External Road South" at position 147.277 m in the same time step.
                  Warning	Simulation second 3693.00: Vehicle 464 ignores the decision "16: Roundabout South - South Approach LDV" of type "Static Vehicle Routing Decision" because it has left link "70: External Road South" at position 113.974 m in the same time step.
                  Warning	Simulation second 3693.00: Vehicle 464 ignores the decision "17: Roundabout South - South Approach HDV and LDV Port" of type "Static Vehicle Routing Decision" because it has left link "70: External Road South" at position 113.974 m in the same time step.
                  Warning	Simulation second 3705.00: Vehicle 467 ignores the decision "16: Roundabout South - South Approach LDV" of type "Static Vehicle Routing Decision" because it has left link "70: External Road South" at position 113.974 m in the same time step.
                  Warning	Simulation second 3705.00: Vehicle 467 ignores the decision "17: Roundabout South - South Approach HDV and LDV Port" of type "Static Vehicle Routing Decision" because it has left link "70: External Road South" at position 113.974 m in the same time step.
                  Warning	Simulation second 3708.00: Vehicle 470 ignores the decision "16: Roundabout South - South Approach LDV" of type "Static Vehicle Routing Decision" because it has left link "70: External Road South" at position 113.974 m in the same time step.
                  Warning	Simulation second 3708.00: Vehicle 470 ignores the decision "17: Roundabout South - South Approach HDV and LDV Port" of type "Static Vehicle Routing Decision" because it has left link "70: External Road South" at position 113.974 m in the same time step.
                  Warning	Simulation second 3715.00: Vehicle 415 ignores the decision "19: Roundabout South - Nort Approach" of type "Static Vehicle Routing Decision" because it has left link "89: External Road South" at position 147.277 m in the same time step.
                  Warning	Simulation second 3715.00: Vehicle 415 ignores the decision "304: Roundabout South - Nort Approach HDV and LDV Port" of type "Static Vehicle Routing Decision" because it has left link "89: External Road South" at position 147.277 m in the same time step.
                  Warning	Simulation second 3716.00: Vehicle 450 ignores the decision "4: Roundabout Terminal Nort - South Approach LDV" of type "Static Vehicle Routing Decision" because it has left link "396: TNorte Entry/Exit" at position 164.855 m in the same time step.
                  Warning	Simulation second 3716.00: Vehicle 450 ignores the decision "5: Roundabout Terminal Nort - South Approach LDV Port" of type "Static Vehicle Routing Decision" because it has left link "396: TNorte Entry/Exit" at position 164.855 m in the same time step.
                  Warning	Simulation second 3716.00: Vehicle 450 ignores the decision "6: Roundabout Terminal Nort - South Approach HDV Port" of type "Static Vehicle Routing Decision" because it has left link "396: TNorte Entry/Exit" at position 164.855 m in the same time step.
                  Warning	Simulation second 3731.00: Vehicle 243 ignores the decision "254: Roundabout MultiPurpose - Southeast Aproach" of type "Static Vehicle Routing Decision" because it has left link "32: TNorte 5" at position 848.237 m in the same time step.
                  Warning	Simulation second 3731.00: Vehicle 472 ignores the decision "16: Roundabout South - South Approach LDV" of type "Static Vehicle Routing Decision" because it has left link "70: External Road South" at position 113.974 m in the same time step.
                  Warning	Simulation second 3731.00: Vehicle 472 ignores the decision "17: Roundabout South - South Approach HDV and LDV Port" of type "Static Vehicle Routing Decision" because it has left link "70: External Road South" at position 113.974 m in the same time step.
                  Warning	Simulation second 3733.00: Vehicle 446 ignores the decision "19: Roundabout South - Nort Approach" of type "Static Vehicle Routing Decision" because it has left link "89: External Road South" at position 147.277 m in the same time step.
                  Warning	Simulation second 3733.00: Vehicle 446 ignores the decision "304: Roundabout South - Nort Approach HDV and LDV Port" of type "Static Vehicle Routing Decision" because it has left link "89: External Road South" at position 147.277 m in the same time step.
                  Warning	Simulation second 3736.00: Vehicle 345 ignores the decision "297: TNorte 7" of type "Static Vehicle Routing Decision" because it has left link "342: TNorte 3" at position 71.688 m in the same time step.
                  Warning	Simulation second 3738.00: Vehicle 448 ignores the decision "19: Roundabout South - Nort Approach" of type "Static Vehicle Routing Decision" because it has left link "89: External Road South" at position 147.277 m in the same time step.
                  Warning	Simulation second 3738.00: Vehicle 448 ignores the decision "304: Roundabout South - Nort Approach HDV and LDV Port" of type "Static Vehicle Routing Decision" because it has left link "89: External Road South" at position 147.277 m in the same time step.
                  Warning	Simulation second 3740.00: Vehicle 429 ignores the decision "1042" of type "Desired Speed Decision" because it has left link "11647: External Road Gafanha da Nazare" at position 5.279 m in the same time step.
                  Warning	Simulation second 3742.00: Vehicle 439 ignores the decision "1042" of type "Desired Speed Decision" because it has left link "11647: External Road Gafanha da Nazare" at position 5.279 m in the same time step.
                  Warning	Simulation second 3749.00: Vehicle 403 ignores the decision "1287" of type "Desired Speed Decision" because it has left link "10028: TNorte 8" at position 5.026 m in the same time step.
                  Warning	Simulation second 3749.00: Vehicle 454 ignores the decision "19: Roundabout South - Nort Approach" of type "Static Vehicle Routing Decision" because it has left link "89: External Road South" at position 147.277 m in the same time step.
                  Warning	Simulation second 3749.00: Vehicle 454 ignores the decision "304: Roundabout South - Nort Approach HDV and LDV Port" of type "Static Vehicle Routing Decision" because it has left link "89: External Road South" at position 147.277 m in the same time step.
                  Warning	Simulation second 3757.00: Vehicle 361 ignores the decision "4: TNorte" of type "Parking Routing Decision" because it has left link "7: TNorte 1" at position 16.018 m in the same time step.
                  Warning	Simulation second 3759.00: Vehicle 441 ignores the decision "1039" of type "Desired Speed Decision" because it has left link "11021: External Road Gafanha da Nazare" at position 1.001 m in the same time step.
                  Warning	Simulation second 3763.00: Vehicle 391 ignores the decision "19: Roundabout South - Nort Approach" of type "Static Vehicle Routing Decision" because it has left link "89: External Road South" at position 147.277 m in the same time step.
                  Warning	Simulation second 3763.00: Vehicle 391 ignores the decision "304: Roundabout South - Nort Approach HDV and LDV Port" of type "Static Vehicle Routing Decision" because it has left link "89: External Road South" at position 147.277 m in the same time step.
                  Warning	Simulation second 3778.00: Vehicle 393 ignores the decision "263: TNorte Multipurpose 7" of type "Static Vehicle Routing Decision" because it has left link "28: TNorte 7" at position 81.926 m in the same time step.
                  Warning	Simulation second 3781.00: Vehicle 345 ignores the decision "297: TNorte 7" of type "Static Vehicle Routing Decision" because it has left link "342: TNorte 3" at position 71.688 m in the same time step.
                  Warning	Simulation second 3787.00: Vehicle 478 ignores the decision "16: Roundabout South - South Approach LDV" of type "Static Vehicle Routing Decision" because it has left link "70: External Road South" at position 113.974 m in the same time step.
                  Warning	Simulation second 3787.00: Vehicle 478 ignores the decision "17: Roundabout South - South Approach HDV and LDV Port" of type "Static Vehicle Routing Decision" because it has left link "70: External Road South" at position 113.974 m in the same time step.
                  Warning	Simulation second 3789.00: Vehicle 482 ignores the decision "16: Roundabout South - South Approach LDV" of type "Static Vehicle Routing Decision" because it has left link "70: External Road South" at position 113.974 m in the same time step.
                  Warning	Simulation second 3789.00: Vehicle 482 ignores the decision "17: Roundabout South - South Approach HDV and LDV Port" of type "Static Vehicle Routing Decision" because it has left link "70: External Road South" at position 113.974 m in the same time step.
                  Warning	Simulation second 3791.00: Vehicle 393 ignores the decision "1287" of type "Desired Speed Decision" because it has left link "10028: TNorte 8" at position 5.026 m in the same time step.
                  Warning	Simulation second 3799.00: Vehicle 460 ignores the decision "4: Roundabout Terminal Nort - South Approach LDV" of type "Static Vehicle Routing Decision" because it has left link "396: TNorte Entry/Exit" at position 164.855 m in the same time step.
                  Warning	Simulation second 3799.00: Vehicle 460 ignores the decision "5: Roundabout Terminal Nort - South Approach LDV Port" of type "Static Vehicle Routing Decision" because it has left link "396: TNorte Entry/Exit" at position 164.855 m in the same time step.
                  Warning	Simulation second 3799.00: Vehicle 460 ignores the decision "6: Roundabout Terminal Nort - South Approach HDV Port" of type "Static Vehicle Routing Decision" because it has left link "396: TNorte Entry/Exit" at position 164.855 m in the same time step.
                  Warning	Simulation second 3799.00: Vehicle 485 ignores the decision "16: Roundabout South - South Approach LDV" of type "Static Vehicle Routing Decision" because it has left link "70: External Road South" at position 113.974 m in the same time step.
                  Warning	Simulation second 3799.00: Vehicle 485 ignores the decision "17: Roundabout South - South Approach HDV and LDV Port" of type "Static Vehicle Routing Decision" because it has left link "70: External Road South" at position 113.974 m in the same time step.
                  Warning	Simulation second 3799.00: Vehicle 486 ignores the decision "16: Roundabout South - South Approach LDV" of type "Static Vehicle Routing Decision" because it has left link "70: External Road South" at position 113.974 m in the same time step.
                  Warning	Simulation second 3799.00: Vehicle 486 ignores the decision "17: Roundabout South - South Approach HDV and LDV Port" of type "Static Vehicle Routing Decision" because it has left link "70: External Road South" at position 113.974 m in the same time step.
                  Warning	Simulation second 3805.00: Vehicle 430 ignores the decision "1246" of type "Desired Speed Decision" because it has left link "10138: TNorte 7" at position 7.941 m in the same time step.
                  Warning	Simulation second 3806.00: Vehicle 354 ignores the decision "300: TNorte 10" of type "Static Vehicle Routing Decision" because it has left link "5: TNorte 4" at position 67.840 m in the same time step.
                  Warning	Simulation second 3812.00: Vehicle 403 ignores the decision "1246" of type "Desired Speed Decision" because it has left link "10138: TNorte 7" at position 7.941 m in the same time step.
                  Warning	Simulation second 3819.00: Vehicle 487 ignores the decision "16: Roundabout South - South Approach LDV" of type "Static Vehicle Routing Decision" because it has left link "70: External Road South" at position 113.974 m in the same time step.
                  Warning	Simulation second 3819.00: Vehicle 487 ignores the decision "17: Roundabout South - South Approach HDV and LDV Port" of type "Static Vehicle Routing Decision" because it has left link "70: External Road South" at position 113.974 m in the same time step.
                  Warning	Simulation second 3821.00: Vehicle 467 ignores the decision "4: Roundabout Terminal Nort - South Approach LDV" of type "Static Vehicle Routing Decision" because it has left link "396: TNorte Entry/Exit" at position 164.855 m in the same time step.
                  Warning	Simulation second 3821.00: Vehicle 467 ignores the decision "5: Roundabout Terminal Nort - South Approach LDV Port" of type "Static Vehicle Routing Decision" because it has left link "396: TNorte Entry/Exit" at position 164.855 m in the same time step.
                  Warning	Simulation second 3821.00: Vehicle 467 ignores the decision "6: Roundabout Terminal Nort - South Approach HDV Port" of type "Static Vehicle Routing Decision" because it has left link "396: TNorte Entry/Exit" at position 164.855 m in the same time step.
                  Warning	Simulation second 3826.00: Vehicle 345 ignores the decision "297: TNorte 7" of type "Static Vehicle Routing Decision" because it has left link "342: TNorte 3" at position 71.688 m in the same time step.
                  Warning	Simulation second 3827.00: Vehicle 488 ignores the decision "16: Roundabout South - South Approach LDV" of type "Static Vehicle Routing Decision" because it has left link "70: External Road South" at position 113.974 m in the same time step.
                  Warning	Simulation second 3827.00: Vehicle 488 ignores the decision "17: Roundabout South - South Approach HDV and LDV Port" of type "Static Vehicle Routing Decision" because it has left link "70: External Road South" at position 113.974 m in the same time step.
                  Warning	Simulation second 3828.00: Vehicle 243 ignores the decision "254: Roundabout MultiPurpose - Southeast Aproach" of type "Static Vehicle Routing Decision" because it has left link "32: TNorte 5" at position 848.237 m in the same time step.
                  Warning	Simulation second 3831.00: Vehicle 472 ignores the decision "4: Roundabout Terminal Nort - South Approach LDV" of type "Static Vehicle Routing Decision" because it has left link "396: TNorte Entry/Exit" at position 164.855 m in the same time step.
                  Warning	Simulation second 3831.00: Vehicle 472 ignores the decision "5: Roundabout Terminal Nort - South Approach LDV Port" of type "Static Vehicle Routing Decision" because it has left link "396: TNorte Entry/Exit" at position 164.855 m in the same time step.
                  Warning	Simulation second 3831.00: Vehicle 472 ignores the decision "6: Roundabout Terminal Nort - South Approach HDV Port" of type "Static Vehicle Routing Decision" because it has left link "396: TNorte Entry/Exit" at position 164.855 m in the same time step.
                  Warning	Simulation second 3832.00: Vehicle 480 ignores the decision "22: Roundabout Centre - East Approach LDV" of type "Static Vehicle Routing Decision" because it has left link "372: External Road Centre" at position 61.876 m in the same time step.
                  Warning	Simulation second 3832.00: Vehicle 480 ignores the decision "23: Roundabout Centre - East Approach HDV and LDV Port" of type "Static Vehicle Routing Decision" because it has left link "372: External Road Centre" at position 61.876 m in the same time step.
                  Warning	Simulation second 3841.00: Vehicle 457 ignores the decision "1042" of type "Desired Speed Decision" because it has left link "11647: External Road Gafanha da Nazare" at position 5.279 m in the same time step.
                  Warning	Simulation second 3849.00: Vehicle 443 ignores the decision "19: Roundabout South - Nort Approach" of type "Static Vehicle Routing Decision" because it has left link "89: External Road South" at position 147.277 m in the same time step.
                  Warning	Simulation second 3849.00: Vehicle 443 ignores the decision "304: Roundabout South - Nort Approach HDV and LDV Port" of type "Static Vehicle Routing Decision" because it has left link "89: External Road South" at position 147.277 m in the same time step.
                  Warning	Simulation second 3860.00: Vehicle 449 ignores the decision "1246" of type "Desired Speed Decision" because it has left link "10138: TNorte 7" at position 7.941 m in the same time step.
                  Warning	Simulation second 3861.00: Vehicle 354 ignores the decision "300: TNorte 10" of type "Static Vehicle Routing Decision" because it has left link "5: TNorte 4" at position 67.840 m in the same time step.
                  Warning	Simulation second 3861.00: Vehicle 490 ignores the decision "16: Roundabout South - South Approach LDV" of type "Static Vehicle Routing Decision" because it has left link "70: External Road South" at position 113.974 m in the same time step.
                  Warning	Simulation second 3861.00: Vehicle 490 ignores the decision "17: Roundabout South - South Approach HDV and LDV Port" of type "Static Vehicle Routing Decision" because it has left link "70: External Road South" at position 113.974 m in the same time step.
                  Warning	Simulation second 3862.00: Vehicle 491 ignores the decision "16: Roundabout South - South Approach LDV" of type "Static Vehicle Routing Decision" because it has left link "70: External Road South" at position 113.974 m in the same time step.
                  Warning	Simulation second 3862.00: Vehicle 491 ignores the decision "17: Roundabout South - South Approach HDV and LDV Port" of type "Static Vehicle Routing Decision" because it has left link "70: External Road South" at position 113.974 m in the same time step.
                  Warning	Simulation second 3866.00: Vehicle 450 ignores the decision "1039" of type "Desired Speed Decision" because it has left link "11021: External Road Gafanha da Nazare" at position 1.001 m in the same time step.
                  Warning	Simulation second 3871.00: Vehicle 345 ignores the decision "297: TNorte 7" of type "Static Vehicle Routing Decision" because it has left link "342: TNorte 3" at position 71.688 m in the same time step.
                  Warning	Simulation second 3874.00: Vehicle 430 ignores the decision "255: Roundabout MultiPurpose - Northeast Aproach" of type "Static Vehicle Routing Decision" because it has left link "125: TNorte 1" at position 53.048 m in the same time step.
                  Warning	Simulation second 3875.00: Vehicle 429 ignores the decision "19: Roundabout South - Nort Approach" of type "Static Vehicle Routing Decision" because it has left link "89: External Road South" at position 147.277 m in the same time step.
                  Warning	Simulation second 3875.00: Vehicle 429 ignores the decision "304: Roundabout South - Nort Approach HDV and LDV Port" of type "Static Vehicle Routing Decision" because it has left link "89: External Road South" at position 147.277 m in the same time step.
                  Warning	Simulation second 3885.00: Vehicle 466 ignores the decision "1042" of type "Desired Speed Decision" because it has left link "11647: External Road Gafanha da Nazare" at position 5.279 m in the same time step.
                  Warning	Simulation second 3886.00: Vehicle 489 ignores the decision "22: Roundabout Centre - East Approach LDV" of type "Static Vehicle Routing Decision" because it has left link "372: External Road Centre" at position 61.876 m in the same time step.
                  Warning	Simulation second 3886.00: Vehicle 489 ignores the decision "23: Roundabout Centre - East Approach HDV and LDV Port" of type "Static Vehicle Routing Decision" because it has left link "372: External Road Centre" at position 61.876 m in the same time step.
                  Warning	Simulation second 3889.00: Vehicle 327 ignores the decision "4: Roundabout Terminal Nort - South Approach LDV" of type "Static Vehicle Routing Decision" because it has left link "396: TNorte Entry/Exit" at position 164.855 m in the same time step.
                  Warning	Simulation second 3889.00: Vehicle 327 ignores the decision "5: Roundabout Terminal Nort - South Approach LDV Port" of type "Static Vehicle Routing Decision" because it has left link "396: TNorte Entry/Exit" at position 164.855 m in the same time step.
                  Warning	Simulation second 3889.00: Vehicle 327 ignores the decision "6: Roundabout Terminal Nort - South Approach HDV Port" of type "Static Vehicle Routing Decision" because it has left link "396: TNorte Entry/Exit" at position 164.855 m in the same time step.
                  Warning	Simulation second 3890.00: Vehicle 444 ignores the decision "19: Roundabout South - Nort Approach" of type "Static Vehicle Routing Decision" because it has left link "89: External Road South" at position 147.277 m in the same time step.
                  Warning	Simulation second 3890.00: Vehicle 444 ignores the decision "304: Roundabout South - Nort Approach HDV and LDV Port" of type "Static Vehicle Routing Decision" because it has left link "89: External Road South" at position 147.277 m in the same time step.
                  Warning	Simulation second 3893.00: Vehicle 478 ignores the decision "4: Roundabout Terminal Nort - South Approach LDV" of type "Static Vehicle Routing Decision" because it has left link "396: TNorte Entry/Exit" at position 164.855 m in the same time step.
                  Warning	Simulation second 3893.00: Vehicle 478 ignores the decision "5: Roundabout Terminal Nort - South Approach LDV Port" of type "Static Vehicle Routing Decision" because it has left link "396: TNorte Entry/Exit" at position 164.855 m in the same time step.
                  Warning	Simulation second 3893.00: Vehicle 478 ignores the decision "6: Roundabout Terminal Nort - South Approach HDV Port" of type "Static Vehicle Routing Decision" because it has left link "396: TNorte Entry/Exit" at position 164.855 m in the same time step.
                  Warning	Simulation second 3896.00: Vehicle 465 ignores the decision "19: Roundabout South - Nort Approach" of type "Static Vehicle Routing Decision" because it has left link "89: External Road South" at position 147.277 m in the same time step.
                  Warning	Simulation second 3896.00: Vehicle 465 ignores the decision "304: Roundabout South - Nort Approach HDV and LDV Port" of type "Static Vehicle Routing Decision" because it has left link "89: External Road South" at position 147.277 m in the same time step.
                  Warning	Simulation second 3899.00: Vehicle 469 ignores the decision "4: Roundabout Terminal Nort - South Approach LDV" of type "Static Vehicle Routing Decision" because it has left link "396: TNorte Entry/Exit" at position 164.855 m in the same time step.
                  Warning	Simulation second 3899.00: Vehicle 469 ignores the decision "5: Roundabout Terminal Nort - South Approach LDV Port" of type "Static Vehicle Routing Decision" because it has left link "396: TNorte Entry/Exit" at position 164.855 m in the same time step.
                  Warning	Simulation second 3899.00: Vehicle 469 ignores the decision "6: Roundabout Terminal Nort - South Approach HDV Port" of type "Static Vehicle Routing Decision" because it has left link "396: TNorte Entry/Exit" at position 164.855 m in the same time step.
                  Warning	Simulation second 3902.00: Vehicle 462 ignores the decision "19: Roundabout South - Nort Approach" of type "Static Vehicle Routing Decision" because it has left link "89: External Road South" at position 147.277 m in the same time step.
                  Warning	Simulation second 3902.00: Vehicle 462 ignores the decision "304: Roundabout South - Nort Approach HDV and LDV Port" of type "Static Vehicle Routing Decision" because it has left link "89: External Road South" at position 147.277 m in the same time step.
                  Warning	Simulation second 3902.00: Vehicle 468 ignores the decision "1042" of type "Desired Speed Decision" because it has left link "11647: External Road Gafanha da Nazare" at position 5.279 m in the same time step.
                  Warning	Simulation second 3902.00: Vehicle 485 ignores the decision "4: Roundabout Terminal Nort - South Approach LDV" of type "Static Vehicle Routing Decision" because it has left link "396: TNorte Entry/Exit" at position 164.855 m in the same time step.
                  Warning	Simulation second 3902.00: Vehicle 485 ignores the decision "5: Roundabout Terminal Nort - South Approach LDV Port" of type "Static Vehicle Routing Decision" because it has left link "396: TNorte Entry/Exit" at position 164.855 m in the same time step.
                  Warning	Simulation second 3902.00: Vehicle 485 ignores the decision "6: Roundabout Terminal Nort - South Approach HDV Port" of type "Static Vehicle Routing Decision" because it has left link "396: TNorte Entry/Exit" at position 164.855 m in the same time step.
                  Warning	Simulation second 3904.00: Vehicle 497 ignores the decision "16: Roundabout South - South Approach LDV" of type "Static Vehicle Routing Decision" because it has left link "70: External Road South" at position 113.974 m in the same time step.
                  Warning	Simulation second 3904.00: Vehicle 497 ignores the decision "17: Roundabout South - South Approach HDV and LDV Port" of type "Static Vehicle Routing Decision" because it has left link "70: External Road South" at position 113.974 m in the same time step.
                  Warning	Simulation second 3915.00: Vehicle 449 ignores the decision "255: Roundabout MultiPurpose - Northeast Aproach" of type "Static Vehicle Routing Decision" because it has left link "125: TNorte 1" at position 53.048 m in the same time step.
                  Warning	Simulation second 3916.00: Vehicle 345 ignores the decision "297: TNorte 7" of type "Static Vehicle Routing Decision" because it has left link "342: TNorte 3" at position 71.688 m in the same time step.
                  Warning	Simulation second 3916.00: Vehicle 492 ignores the decision "22: Roundabout Centre - East Approach LDV" of type "Static Vehicle Routing Decision" because it has left link "372: External Road Centre" at position 61.876 m in the same time step.
                  Warning	Simulation second 3916.00: Vehicle 492 ignores the decision "23: Roundabout Centre - East Approach HDV and LDV Port" of type "Static Vehicle Routing Decision" because it has left link "372: External Road Centre" at position 61.876 m in the same time step.
                  Warning	Simulation second 3921.00: Vehicle 488 ignores the decision "4: Roundabout Terminal Nort - South Approach LDV" of type "Static Vehicle Routing Decision" because it has left link "396: TNorte Entry/Exit" at position 164.855 m in the same time step.
                  Warning	Simulation second 3921.00: Vehicle 488 ignores the decision "5: Roundabout Terminal Nort - South Approach LDV Port" of type "Static Vehicle Routing Decision" because it has left link "396: TNorte Entry/Exit" at position 164.855 m in the same time step.
                  Warning	Simulation second 3921.00: Vehicle 488 ignores the decision "6: Roundabout Terminal Nort - South Approach HDV Port" of type "Static Vehicle Routing Decision" because it has left link "396: TNorte Entry/Exit" at position 164.855 m in the same time step.
                  Warning	Simulation second 3925.00: Vehicle 243 ignores the decision "254: Roundabout MultiPurpose - Southeast Aproach" of type "Static Vehicle Routing Decision" because it has left link "32: TNorte 5" at position 848.237 m in the same time step.
                  Warning	Simulation second 3925.00: Vehicle 382 ignores the decision "19: Roundabout South - Nort Approach" of type "Static Vehicle Routing Decision" because it has left link "89: External Road South" at position 147.277 m in the same time step.
                  Warning	Simulation second 3925.00: Vehicle 382 ignores the decision "304: Roundabout South - Nort Approach HDV and LDV Port" of type "Static Vehicle Routing Decision" because it has left link "89: External Road South" at position 147.277 m in the same time step.
                  Warning	Simulation second 3926.00: Vehicle 475 ignores the decision "19: Roundabout South - Nort Approach" of type "Static Vehicle Routing Decision" because it has left link "89: External Road South" at position 147.277 m in the same time step.
                  Warning	Simulation second 3926.00: Vehicle 475 ignores the decision "304: Roundabout South - Nort Approach HDV and LDV Port" of type "Static Vehicle Routing Decision" because it has left link "89: External Road South" at position 147.277 m in the same time step.
                  Warning	Simulation second 3931.00: Vehicle 500 ignores the decision "16: Roundabout South - South Approach LDV" of type "Static Vehicle Routing Decision" because it has left link "70: External Road South" at position 113.974 m in the same time step.
                  Warning	Simulation second 3931.00: Vehicle 500 ignores the decision "17: Roundabout South - South Approach HDV and LDV Port" of type "Static Vehicle Routing Decision" because it has left link "70: External Road South" at position 113.974 m in the same time step.
                  Warning	Simulation second 3934.00: Vehicle 480 ignores the decision "4: Roundabout Terminal Nort - South Approach LDV" of type "Static Vehicle Routing Decision" because it has left link "396: TNorte Entry/Exit" at position 164.855 m in the same time step.
                  Warning	Simulation second 3934.00: Vehicle 480 ignores the decision "5: Roundabout Terminal Nort - South Approach LDV Port" of type "Static Vehicle Routing Decision" because it has left link "396: TNorte Entry/Exit" at position 164.855 m in the same time step.
                  Warning	Simulation second 3934.00: Vehicle 480 ignores the decision "6: Roundabout Terminal Nort - South Approach HDV Port" of type "Static Vehicle Routing Decision" because it has left link "396: TNorte Entry/Exit" at position 164.855 m in the same time step.
                  Warning	Simulation second 3944.00: Vehicle 458 ignores the decision "19: Roundabout South - Nort Approach" of type "Static Vehicle Routing Decision" because it has left link "89: External Road South" at position 147.277 m in the same time step.
                  Warning	Simulation second 3944.00: Vehicle 458 ignores the decision "304: Roundabout South - Nort Approach HDV and LDV Port" of type "Static Vehicle Routing Decision" because it has left link "89: External Road South" at position 147.277 m in the same time step.
                  Warning	Simulation second 3961.00: Vehicle 345 ignores the decision "297: TNorte 7" of type "Static Vehicle Routing Decision" because it has left link "342: TNorte 3" at position 71.688 m in the same time step.
                  Warning	Simulation second 3965.00: Vehicle 506 ignores the decision "16: Roundabout South - South Approach LDV" of type "Static Vehicle Routing Decision" because it has left link "70: External Road South" at position 113.974 m in the same time step.
                  Warning	Simulation second 3965.00: Vehicle 506 ignores the decision "17: Roundabout South - South Approach HDV and LDV Port" of type "Static Vehicle Routing Decision" because it has left link "70: External Road South" at position 113.974 m in the same time step.
                  Warning	Simulation second 3971.00: Vehicle 464 ignores the decision "1237" of type "Desired Speed Decision" because it has left link "10030: TNorte 4" at position 11.772 m in the same time step.
                  Warning	Simulation second 3973.00: Vehicle 490 ignores the decision "4: Roundabout Terminal Nort - South Approach LDV" of type "Static Vehicle Routing Decision" because it has left link "396: TNorte Entry/Exit" at position 164.855 m in the same time step.
                  Warning	Simulation second 3973.00: Vehicle 490 ignores the decision "5: Roundabout Terminal Nort - South Approach LDV Port" of type "Static Vehicle Routing Decision" because it has left link "396: TNorte Entry/Exit" at position 164.855 m in the same time step.
                  Warning	Simulation second 3973.00: Vehicle 490 ignores the decision "6: Roundabout Terminal Nort - South Approach HDV Port" of type "Static Vehicle Routing Decision" because it has left link "396: TNorte Entry/Exit" at position 164.855 m in the same time step.
                  Warning	Simulation second 3973.00: Vehicle 508 ignores the decision "16: Roundabout South - South Approach LDV" of type "Static Vehicle Routing Decision" because it has left link "70: External Road South" at position 113.974 m in the same time step.
                  Warning	Simulation second 3973.00: Vehicle 508 ignores the decision "17: Roundabout South - South Approach HDV and LDV Port" of type "Static Vehicle Routing Decision" because it has left link "70: External Road South" at position 113.974 m in the same time step.
                  Warning	Simulation second 3987.00: Vehicle 505 ignores the decision "22: Roundabout Centre - East Approach LDV" of type "Static Vehicle Routing Decision" because it has left link "372: External Road Centre" at position 61.876 m in the same time step.
                  Warning	Simulation second 3987.00: Vehicle 505 ignores the decision "23: Roundabout Centre - East Approach HDV and LDV Port" of type "Static Vehicle Routing Decision" because it has left link "372: External Road Centre" at position 61.876 m in the same time step.
                  Warning	Simulation second 3989.00: Vehicle 511 ignores the decision "16: Roundabout South - South Approach LDV" of type "Static Vehicle Routing Decision" because it has left link "70: External Road South" at position 113.974 m in the same time step.
                  Warning	Simulation second 3989.00: Vehicle 511 ignores the decision "17: Roundabout South - South Approach HDV and LDV Port" of type "Static Vehicle Routing Decision" because it has left link "70: External Road South" at position 113.974 m in the same time step.
                  Warning	Simulation second 3990.00: Vehicle 471 ignores the decision "19: Roundabout South - Nort Approach" of type "Static Vehicle Routing Decision" because it has left link "89: External Road South" at position 147.277 m in the same time step.
                  Warning	Simulation second 3990.00: Vehicle 471 ignores the decision "304: Roundabout South - Nort Approach HDV and LDV Port" of type "Static Vehicle Routing Decision" because it has left link "89: External Road South" at position 147.277 m in the same time step.
                  Warning	Simulation second 3994.00: Vehicle 474 ignores the decision "19: Roundabout South - Nort Approach" of type "Static Vehicle Routing Decision" because it has left link "89: External Road South" at position 147.277 m in the same time step.
                  Warning	Simulation second 3994.00: Vehicle 474 ignores the decision "304: Roundabout South - Nort Approach HDV and LDV Port" of type "Static Vehicle Routing Decision" because it has left link "89: External Road South" at position 147.277 m in the same time step.
                  Warning	Simulation second 3995.00: Vehicle 489 ignores the decision "19: Roundabout South - Nort Approach" of type "Static Vehicle Routing Decision" because it has left link "89: External Road South" at position 147.277 m in the same time step.
                  Warning	Simulation second 3995.00: Vehicle 489 ignores the decision "304: Roundabout South - Nort Approach HDV and LDV Port" of type "Static Vehicle Routing Decision" because it has left link "89: External Road South" at position 147.277 m in the same time step.
                  Warning	Simulation second 3998.00: Vehicle 468 ignores the decision "19: Roundabout South - Nort Approach" of type "Static Vehicle Routing Decision" because it has left link "89: External Road South" at position 147.277 m in the same time step.
                  Warning	Simulation second 3998.00: Vehicle 468 ignores the decision "304: Roundabout South - Nort Approach HDV and LDV Port" of type "Static Vehicle Routing Decision" because it has left link "89: External Road South" at position 147.277 m in the same time step.
                  Warning	Simulation second 4004.00: Vehicle 463 ignores the decision "241: Roundabout Prio Minor - North Approach" of type "Static Vehicle Routing Decision" because it has left link "151: TGL 1" at position 140.472 m in the same time step.
                  Warning	Simulation second 4006.00: Vehicle 345 ignores the decision "297: TNorte 7" of type "Static Vehicle Routing Decision" because it has left link "342: TNorte 3" at position 71.688 m in the same time step.
                  Warning	Simulation second 4009.00: Vehicle 464 ignores the decision "1241" of type "Desired Speed Decision" because it has left link "10033: TNorte 4" at position 7.691 m in the same time step.
                  Warning	Simulation second 4011.00: Vehicle 472 ignores the decision "254: Roundabout MultiPurpose - Southeast Aproach" of type "Static Vehicle Routing Decision" because it has left link "32: TNorte 5" at position 848.237 m in the same time step.
                  Warning	Simulation second 4014.00: Vehicle 516 ignores the decision "16: Roundabout South - South Approach LDV" of type "Static Vehicle Routing Decision" because it has left link "70: External Road South" at position 113.974 m in the same time step.
                  Warning	Simulation second 4014.00: Vehicle 516 ignores the decision "17: Roundabout South - South Approach HDV and LDV Port" of type "Static Vehicle Routing Decision" because it has left link "70: External Road South" at position 113.974 m in the same time step.
                  Warning	Simulation second 4017.00: Vehicle 517 ignores the decision "16: Roundabout South - South Approach LDV" of type "Static Vehicle Routing Decision" because it has left link "70: External Road South" at position 113.974 m in the same time step.
                  Warning	Simulation second 4017.00: Vehicle 517 ignores the decision "17: Roundabout South - South Approach HDV and LDV Port" of type "Static Vehicle Routing Decision" because it has left link "70: External Road South" at position 113.974 m in the same time step.
                  Warning	Simulation second 4021.00: Vehicle 327 (on Static Vehicle Route "265 - 1") reached the end of link "3: TNorte 5" without finding the subsequent link ("10950: TNorte 7").	Network object type: Vehicle	Network object keys: 327
                  Warning	Simulation second 4022.00: Vehicle 243 ignores the decision "254: Roundabout MultiPurpose - Southeast Aproach" of type "Static Vehicle Routing Decision" because it has left link "32: TNorte 5" at position 848.237 m in the same time step.
                  Warning	Simulation second 4022.00: Vehicle 492 ignores the decision "19: Roundabout South - Nort Approach" of type "Static Vehicle Routing Decision" because it has left link "89: External Road South" at position 147.277 m in the same time step.
                  Warning	Simulation second 4022.00: Vehicle 492 ignores the decision "304: Roundabout South - Nort Approach HDV and LDV Port" of type "Static Vehicle Routing Decision" because it has left link "89: External Road South" at position 147.277 m in the same time step.
                  Warning	Simulation second 4022.00: Vehicle 501 ignores the decision "4: Roundabout Terminal Nort - South Approach LDV" of type "Static Vehicle Routing Decision" because it has left link "396: TNorte Entry/Exit" at position 164.855 m in the same time step.
                  Warning	Simulation second 4022.00: Vehicle 501 ignores the decision "5: Roundabout Terminal Nort - South Approach LDV Port" of type "Static Vehicle Routing Decision" because it has left link "396: TNorte Entry/Exit" at position 164.855 m in the same time step.
                  Warning	Simulation second 4022.00: Vehicle 501 ignores the decision "6: Roundabout Terminal Nort - South Approach HDV Port" of type "Static Vehicle Routing Decision" because it has left link "396: TNorte Entry/Exit" at position 164.855 m in the same time step.
                  Warning	Simulation second 4025.00: Vehicle 483 ignores the decision "1042" of type "Desired Speed Decision" because it has left link "11647: External Road Gafanha da Nazare" at position 5.279 m in the same time step.
                  Warning	Simulation second 4030.00: Vehicle 515 ignores the decision "16: Roundabout South - South Approach LDV" of type "Static Vehicle Routing Decision" because it has left link "70: External Road South" at position 113.974 m in the same time step.
                  Warning	Simulation second 4030.00: Vehicle 515 ignores the decision "17: Roundabout South - South Approach HDV and LDV Port" of type "Static Vehicle Routing Decision" because it has left link "70: External Road South" at position 113.974 m in the same time step.
                  Warning	Simulation second 4045.00: Vehicle 520 ignores the decision "16: Roundabout South - South Approach LDV" of type "Static Vehicle Routing Decision" because it has left link "70: External Road South" at position 113.974 m in the same time step.
                  Warning	Simulation second 4045.00: Vehicle 520 ignores the decision "17: Roundabout South - South Approach HDV and LDV Port" of type "Static Vehicle Routing Decision" because it has left link "70: External Road South" at position 113.974 m in the same time step.
                  Warning	Simulation second 4046.00: Vehicle 485 ignores the decision "19: Roundabout South - Nort Approach" of type "Static Vehicle Routing Decision" because it has left link "89: External Road South" at position 147.277 m in the same time step.
                  Warning	Simulation second 4046.00: Vehicle 485 ignores the decision "304: Roundabout South - Nort Approach HDV and LDV Port" of type "Static Vehicle Routing Decision" because it has left link "89: External Road South" at position 147.277 m in the same time step.
                  Warning	Simulation second 4051.00: Vehicle 345 ignores the decision "297: TNorte 7" of type "Static Vehicle Routing Decision" because it has left link "342: TNorte 3" at position 71.688 m in the same time step.
                  Warning	Simulation second 4057.00: Vehicle 493 ignores the decision "1042" of type "Desired Speed Decision" because it has left link "11647: External Road Gafanha da Nazare" at position 5.279 m in the same time step.
                  Warning	Simulation second 4059.00: Vehicle 494 ignores the decision "1042" of type "Desired Speed Decision" because it has left link "11647: External Road Gafanha da Nazare" at position 5.279 m in the same time step.
                  Warning	Simulation second 4060.00: Vehicle 467 ignores the decision "1287" of type "Desired Speed Decision" because it has left link "10028: TNorte 8" at position 5.026 m in the same time step.
                  Warning	Simulation second 4071.00: Vehicle 508 ignores the decision "4: Roundabout Terminal Nort - South Approach LDV" of type "Static Vehicle Routing Decision" because it has left link "396: TNorte Entry/Exit" at position 164.855 m in the same time step.
                  Warning	Simulation second 4071.00: Vehicle 508 ignores the decision "5: Roundabout Terminal Nort - South Approach LDV Port" of type "Static Vehicle Routing Decision" because it has left link "396: TNorte Entry/Exit" at position 164.855 m in the same time step.
                  Warning	Simulation second 4071.00: Vehicle 508 ignores the decision "6: Roundabout Terminal Nort - South Approach HDV Port" of type "Static Vehicle Routing Decision" because it has left link "396: TNorte Entry/Exit" at position 164.855 m in the same time step.
                  Warning	Simulation second 4074.00: Vehicle 505 ignores the decision "4: Roundabout Terminal Nort - South Approach LDV" of type "Static Vehicle Routing Decision" because it has left link "396: TNorte Entry/Exit" at position 164.855 m in the same time step.
                  Warning	Simulation second 4074.00: Vehicle 505 ignores the decision "5: Roundabout Terminal Nort - South Approach LDV Port" of type "Static Vehicle Routing Decision" because it has left link "396: TNorte Entry/Exit" at position 164.855 m in the same time step.
                  Warning	Simulation second 4074.00: Vehicle 505 ignores the decision "6: Roundabout Terminal Nort - South Approach HDV Port" of type "Static Vehicle Routing Decision" because it has left link "396: TNorte Entry/Exit" at position 164.855 m in the same time step.
                  Warning	Simulation second 4076.00: Vehicle 524 ignores the decision "16: Roundabout South - South Approach LDV" of type "Static Vehicle Routing Decision" because it has left link "70: External Road South" at position 113.974 m in the same time step.
                  Warning	Simulation second 4076.00: Vehicle 524 ignores the decision "17: Roundabout South - South Approach HDV and LDV Port" of type "Static Vehicle Routing Decision" because it has left link "70: External Road South" at position 113.974 m in the same time step.
                  Warning	Simulation second 4080.00: Vehicle 354 ignores the decision "300: TNorte 10" of type "Static Vehicle Routing Decision" because it has left link "5: TNorte 4" at position 67.840 m in the same time step.
                  Warning	Simulation second 4088.00: Vehicle 490 ignores the decision "277: TNorte" of type "Static Vehicle Routing Decision" because it has left link "4: TNorte 2" at position 14.722 m in the same time step.
                  Warning	Simulation second 4088.00: Vehicle 526 ignores the decision "16: Roundabout South - South Approach LDV" of type "Static Vehicle Routing Decision" because it has left link "70: External Road South" at position 113.974 m in the same time step.
                  Warning	Simulation second 4088.00: Vehicle 526 ignores the decision "17: Roundabout South - South Approach HDV and LDV Port" of type "Static Vehicle Routing Decision" because it has left link "70: External Road South" at position 113.974 m in the same time step.
                  Warning	Simulation second 4091.00: Vehicle 502 ignores the decision "1039" of type "Desired Speed Decision" because it has left link "11021: External Road Gafanha da Nazare" at position 1.001 m in the same time step.
                  Warning	Simulation second 4094.00: Vehicle 527 ignores the decision "16: Roundabout South - South Approach LDV" of type "Static Vehicle Routing Decision" because it has left link "70: External Road South" at position 113.974 m in the same time step.
                  Warning	Simulation second 4094.00: Vehicle 527 ignores the decision "17: Roundabout South - South Approach HDV and LDV Port" of type "Static Vehicle Routing Decision" because it has left link "70: External Road South" at position 113.974 m in the same time step.
                  Warning	Simulation second 4096.00: Vehicle 345 ignores the decision "297: TNorte 7" of type "Static Vehicle Routing Decision" because it has left link "342: TNorte 3" at position 71.688 m in the same time step.
                  Warning	Simulation second 4104.00: Vehicle 530 ignores the decision "16: Roundabout South - South Approach LDV" of type "Static Vehicle Routing Decision" because it has left link "70: External Road South" at position 113.974 m in the same time step.
                  Warning	Simulation second 4104.00: Vehicle 530 ignores the decision "17: Roundabout South - South Approach HDV and LDV Port" of type "Static Vehicle Routing Decision" because it has left link "70: External Road South" at position 113.974 m in the same time step.
                  Warning	Simulation second 4105.00: Vehicle 522 ignores the decision "16: Roundabout South - South Approach LDV" of type "Static Vehicle Routing Decision" because it has left link "70: External Road South" at position 113.974 m in the same time step.
                  Warning	Simulation second 4105.00: Vehicle 522 ignores the decision "17: Roundabout South - South Approach HDV and LDV Port" of type "Static Vehicle Routing Decision" because it has left link "70: External Road South" at position 113.974 m in the same time step.
                  Warning	Simulation second 4107.00: Vehicle 479 ignores the decision "19: Roundabout South - Nort Approach" of type "Static Vehicle Routing Decision" because it has left link "89: External Road South" at position 147.277 m in the same time step.
                  Warning	Simulation second 4107.00: Vehicle 479 ignores the decision "304: Roundabout South - Nort Approach HDV and LDV Port" of type "Static Vehicle Routing Decision" because it has left link "89: External Road South" at position 147.277 m in the same time step.
                  Warning	Simulation second 4110.00: Vehicle 531 ignores the decision "16: Roundabout South - South Approach LDV" of type "Static Vehicle Routing Decision" because it has left link "70: External Road South" at position 113.974 m in the same time step.
                  Warning	Simulation second 4110.00: Vehicle 531 ignores the decision "17: Roundabout South - South Approach HDV and LDV Port" of type "Static Vehicle Routing Decision" because it has left link "70: External Road South" at position 113.974 m in the same time step.
                  Warning	Simulation second 4113.00: Vehicle 533 ignores the decision "16: Roundabout South - South Approach LDV" of type "Static Vehicle Routing Decision" because it has left link "70: External Road South" at position 113.974 m in the same time step.
                  Warning	Simulation second 4113.00: Vehicle 533 ignores the decision "17: Roundabout South - South Approach HDV and LDV Port" of type "Static Vehicle Routing Decision" because it has left link "70: External Road South" at position 113.974 m in the same time step.
                  Warning	Simulation second 4116.00: Vehicle 532 ignores the decision "16: Roundabout South - South Approach LDV" of type "Static Vehicle Routing Decision" because it has left link "70: External Road South" at position 113.974 m in the same time step.
                  Warning	Simulation second 4116.00: Vehicle 532 ignores the decision "17: Roundabout South - South Approach HDV and LDV Port" of type "Static Vehicle Routing Decision" because it has left link "70: External Road South" at position 113.974 m in the same time step.
                  Warning	Simulation second 4118.00: Vehicle 516 ignores the decision "4: Roundabout Terminal Nort - South Approach LDV" of type "Static Vehicle Routing Decision" because it has left link "396: TNorte Entry/Exit" at position 164.855 m in the same time step.
                  Warning	Simulation second 4118.00: Vehicle 516 ignores the decision "5: Roundabout Terminal Nort - South Approach LDV Port" of type "Static Vehicle Routing Decision" because it has left link "396: TNorte Entry/Exit" at position 164.855 m in the same time step.
                  Warning	Simulation second 4118.00: Vehicle 516 ignores the decision "6: Roundabout Terminal Nort - South Approach HDV Port" of type "Static Vehicle Routing Decision" because it has left link "396: TNorte Entry/Exit" at position 164.855 m in the same time step.
                  Warning	Simulation second 4119.00: Vehicle 488 ignores the decision "1287" of type "Desired Speed Decision" because it has left link "10028: TNorte 8" at position 5.026 m in the same time step.
                  Warning	Simulation second 4120.00: Vehicle 529 ignores the decision "16: Roundabout South - South Approach LDV" of type "Static Vehicle Routing Decision" because it has left link "70: External Road South" at position 113.974 m in the same time step.
                  Warning	Simulation second 4120.00: Vehicle 529 ignores the decision "17: Roundabout South - South Approach HDV and LDV Port" of type "Static Vehicle Routing Decision" because it has left link "70: External Road South" at position 113.974 m in the same time step.
                  Warning	Simulation second 4123.00: Vehicle 535 ignores the decision "16: Roundabout South - South Approach LDV" of type "Static Vehicle Routing Decision" because it has left link "70: External Road South" at position 113.974 m in the same time step.
                  Warning	Simulation second 4123.00: Vehicle 535 ignores the decision "17: Roundabout South - South Approach HDV and LDV Port" of type "Static Vehicle Routing Decision" because it has left link "70: External Road South" at position 113.974 m in the same time step.
                  Warning	Simulation second 4125.00: Vehicle 509 ignores the decision "5: Roundabout Terminal Nort - South Approach LDV Port" of type "Static Vehicle Routing Decision" because it has left link "396: TNorte Entry/Exit" at position 164.855 m in the same time step.
                  Warning	Simulation second 4125.00: Vehicle 509 ignores the decision "6: Roundabout Terminal Nort - South Approach HDV Port" of type "Static Vehicle Routing Decision" because it has left link "396: TNorte Entry/Exit" at position 164.855 m in the same time step.
                  Warning	Simulation second 4126.00: Vehicle 537 ignores the decision "16: Roundabout South - South Approach LDV" of type "Static Vehicle Routing Decision" because it has left link "70: External Road South" at position 113.974 m in the same time step.
                  Warning	Simulation second 4126.00: Vehicle 537 ignores the decision "17: Roundabout South - South Approach HDV and LDV Port" of type "Static Vehicle Routing Decision" because it has left link "70: External Road South" at position 113.974 m in the same time step.
                  Warning	Simulation second 4138.00: Vehicle 354 ignores the decision "1238" of type "Desired Speed Decision" because it has left link "10031: TNorte 4" at position 12.254 m in the same time step.
                  Warning	Simulation second 4140.00: Vehicle 483 ignores the decision "19: Roundabout South - Nort Approach" of type "Static Vehicle Routing Decision" because it has left link "89: External Road South" at position 147.277 m in the same time step.
                  Warning	Simulation second 4140.00: Vehicle 483 ignores the decision "304: Roundabout South - Nort Approach HDV and LDV Port" of type "Static Vehicle Routing Decision" because it has left link "89: External Road South" at position 147.277 m in the same time step.
                  Warning	Simulation second 4140.00: Vehicle 493 ignores the decision "19: Roundabout South - Nort Approach" of type "Static Vehicle Routing Decision" because it has left link "89: External Road South" at position 147.277 m in the same time step.
                  Warning	Simulation second 4140.00: Vehicle 493 ignores the decision "304: Roundabout South - Nort Approach HDV and LDV Port" of type "Static Vehicle Routing Decision" because it has left link "89: External Road South" at position 147.277 m in the same time step.
                  Warning	Simulation second 4141.00: Vehicle 345 ignores the decision "297: TNorte 7" of type "Static Vehicle Routing Decision" because it has left link "342: TNorte 3" at position 71.688 m in the same time step.
                  Warning	Simulation second 4142.00: Vehicle 354 ignores the decision "1244" of type "Desired Speed Decision" because it has left link "10032: TNorte 4" at position 8.141 m in the same time step.
                  Warning	Simulation second 4142.00: Vehicle 494 ignores the decision "19: Roundabout South - Nort Approach" of type "Static Vehicle Routing Decision" because it has left link "89: External Road South" at position 147.277 m in the same time step.
                  Warning	Simulation second 4142.00: Vehicle 494 ignores the decision "304: Roundabout South - Nort Approach HDV and LDV Port" of type "Static Vehicle Routing Decision" because it has left link "89: External Road South" at position 147.277 m in the same time step.
                  Warning	Simulation second 4146.00: Vehicle 501 ignores the decision "254: Roundabout MultiPurpose - Southeast Aproach" of type "Static Vehicle Routing Decision" because it has left link "32: TNorte 5" at position 848.237 m in the same time step.
                  Warning	Simulation second 4146.00: Vehicle 543 ignores the decision "1042" of type "Desired Speed Decision" because it has left link "11647: External Road Gafanha da Nazare" at position 5.279 m in the same time step.
                  Warning	Simulation second 4150.00: Vehicle 514 ignores the decision "4: Roundabout Terminal Nort - South Approach LDV" of type "Static Vehicle Routing Decision" because it has left link "396: TNorte Entry/Exit" at position 164.855 m in the same time step.
                  Warning	Simulation second 4150.00: Vehicle 514 ignores the decision "5: Roundabout Terminal Nort - South Approach LDV Port" of type "Static Vehicle Routing Decision" because it has left link "396: TNorte Entry/Exit" at position 164.855 m in the same time step.
                  Warning	Simulation second 4150.00: Vehicle 514 ignores the decision "6: Roundabout Terminal Nort - South Approach HDV Port" of type "Static Vehicle Routing Decision" because it has left link "396: TNorte Entry/Exit" at position 164.855 m in the same time step.
                  Warning	Simulation second 4152.00: Vehicle 469 ignores the decision "1246" of type "Desired Speed Decision" because it has left link "10138: TNorte 7" at position 7.941 m in the same time step.
                  Warning	Simulation second 4154.00: Vehicle 504 ignores the decision "1042" of type "Desired Speed Decision" because it has left link "11647: External Road Gafanha da Nazare" at position 5.279 m in the same time step.
                  Warning	Simulation second 4156.00: Vehicle 503 ignores the decision "19: Roundabout South - Nort Approach" of type "Static Vehicle Routing Decision" because it has left link "89: External Road South" at position 147.277 m in the same time step.
                  Warning	Simulation second 4156.00: Vehicle 503 ignores the decision "304: Roundabout South - Nort Approach HDV and LDV Port" of type "Static Vehicle Routing Decision" because it has left link "89: External Road South" at position 147.277 m in the same time step.
                  Warning	Simulation second 4156.00: Vehicle 515 ignores the decision "4: Roundabout Terminal Nort - South Approach LDV" of type "Static Vehicle Routing Decision" because it has left link "396: TNorte Entry/Exit" at position 164.855 m in the same time step.
                  Warning	Simulation second 4156.00: Vehicle 515 ignores the decision "5: Roundabout Terminal Nort - South Approach LDV Port" of type "Static Vehicle Routing Decision" because it has left link "396: TNorte Entry/Exit" at position 164.855 m in the same time step.
                  Warning	Simulation second 4156.00: Vehicle 515 ignores the decision "6: Roundabout Terminal Nort - South Approach HDV Port" of type "Static Vehicle Routing Decision" because it has left link "396: TNorte Entry/Exit" at position 164.855 m in the same time step.
                  Warning	Simulation second 4158.00: Vehicle 505 ignores the decision "1090" of type "Desired Speed Decision" because it has left link "10054: TNorte 3" at position 8.078 m in the same time step.
                  Warning	Simulation second 4164.00: Vehicle 538 ignores the decision "22: Roundabout Centre - East Approach LDV" of type "Static Vehicle Routing Decision" because it has left link "372: External Road Centre" at position 61.876 m in the same time step.
                  Warning	Simulation second 4164.00: Vehicle 538 ignores the decision "23: Roundabout Centre - East Approach HDV and LDV Port" of type "Static Vehicle Routing Decision" because it has left link "372: External Road Centre" at position 61.876 m in the same time step.
                  Warning	Simulation second 4168.00: Vehicle 354 ignores the decision "1241" of type "Desired Speed Decision" because it has left link "10033: TNorte 4" at position 7.691 m in the same time step.
                  Warning	Simulation second 4172.00: Vehicle 480 ignores the decision "254: Roundabout MultiPurpose - Southeast Aproach" of type "Static Vehicle Routing Decision" because it has left link "32: TNorte 5" at position 848.237 m in the same time step.
                  Warning	Simulation second 4180.00: Vehicle 536 ignores the decision "22: Roundabout Centre - East Approach LDV" of type "Static Vehicle Routing Decision" because it has left link "372: External Road Centre" at position 61.876 m in the same time step.
                  Warning	Simulation second 4180.00: Vehicle 536 ignores the decision "23: Roundabout Centre - East Approach HDV and LDV Port" of type "Static Vehicle Routing Decision" because it has left link "372: External Road Centre" at position 61.876 m in the same time step.
                  Warning	Simulation second 4180.00: Vehicle 547 ignores the decision "16: Roundabout South - South Approach LDV" of type "Static Vehicle Routing Decision" because it has left link "70: External Road South" at position 113.974 m in the same time step.
                  Warning	Simulation second 4180.00: Vehicle 547 ignores the decision "17: Roundabout South - South Approach HDV and LDV Port" of type "Static Vehicle Routing Decision" because it has left link "70: External Road South" at position 113.974 m in the same time step.
                  Warning	Simulation second 4180.00: Vehicle 548 ignores the decision "16: Roundabout South - South Approach LDV" of type "Static Vehicle Routing Decision" because it has left link "70: External Road South" at position 113.974 m in the same time step.
                  Warning	Simulation second 4180.00: Vehicle 548 ignores the decision "17: Roundabout South - South Approach HDV and LDV Port" of type "Static Vehicle Routing Decision" because it has left link "70: External Road South" at position 113.974 m in the same time step.
                  Warning	Simulation second 4183.00: Vehicle 354 ignores the decision "1236" of type "Desired Speed Decision" because it has left link "10036: TNorte 4" at position 12.478 m in the same time step.
                  Warning	Simulation second 4186.00: Vehicle 345 ignores the decision "297: TNorte 7" of type "Static Vehicle Routing Decision" because it has left link "342: TNorte 3" at position 71.688 m in the same time step.
                  Warning	Simulation second 4188.00: Vehicle 550 ignores the decision "16: Roundabout South - South Approach LDV" of type "Static Vehicle Routing Decision" because it has left link "70: External Road South" at position 113.974 m in the same time step.
                  Warning	Simulation second 4188.00: Vehicle 550 ignores the decision "17: Roundabout South - South Approach HDV and LDV Port" of type "Static Vehicle Routing Decision" because it has left link "70: External Road South" at position 113.974 m in the same time step.
                  Warning	Simulation second 4190.00: Vehicle 354 ignores the decision "299: TNorte 9" of type "Static Vehicle Routing Decision" because it has left link "26: TNorte 4" at position 77.914 m in the same time step.
                  Warning	Simulation second 4190.00: Vehicle 530 ignores the decision "4: Roundabout Terminal Nort - South Approach LDV" of type "Static Vehicle Routing Decision" because it has left link "396: TNorte Entry/Exit" at position 164.855 m in the same time step.
                  Warning	Simulation second 4190.00: Vehicle 530 ignores the decision "5: Roundabout Terminal Nort - South Approach LDV Port" of type "Static Vehicle Routing Decision" because it has left link "396: TNorte Entry/Exit" at position 164.855 m in the same time step.
                  Warning	Simulation second 4190.00: Vehicle 530 ignores the decision "6: Roundabout Terminal Nort - South Approach HDV Port" of type "Static Vehicle Routing Decision" because it has left link "396: TNorte Entry/Exit" at position 164.855 m in the same time step.
                  Warning	Simulation second 4196.00: Vehicle 478 ignores the decision "287: TRo-ro8" of type "Static Vehicle Routing Decision" because it has left link "351: TNorte 8" at position 171.964 m in the same time step.
                  Warning	Simulation second 4198.00: Vehicle 512 ignores the decision "1042" of type "Desired Speed Decision" because it has left link "11647: External Road Gafanha da Nazare" at position 5.279 m in the same time step.
                  Warning	Simulation second 4198.00: Vehicle 552 ignores the decision "16: Roundabout South - South Approach LDV" of type "Static Vehicle Routing Decision" because it has left link "70: External Road South" at position 113.974 m in the same time step.
                  Warning	Simulation second 4198.00: Vehicle 552 ignores the decision "17: Roundabout South - South Approach HDV and LDV Port" of type "Static Vehicle Routing Decision" because it has left link "70: External Road South" at position 113.974 m in the same time step.
                  Warning	Simulation second 4200.00: Vehicle 495 ignores the decision "19: Roundabout South - Nort Approach" of type "Static Vehicle Routing Decision" because it has left link "89: External Road South" at position 147.277 m in the same time step.
                  Warning	Simulation second 4200.00: Vehicle 495 ignores the decision "304: Roundabout South - Nort Approach HDV and LDV Port" of type "Static Vehicle Routing Decision" because it has left link "89: External Road South" at position 147.277 m in the same time step.
                  Warning	Simulation second 4200.00: Vehicle 513 ignores the decision "1042" of type "Desired Speed Decision" because it has left link "11647: External Road Gafanha da Nazare" at position 5.279 m in the same time step.
                  Warning	Simulation second 4206.00: Vehicle 540 ignores the decision "1039" of type "Desired Speed Decision" because it has left link "11021: External Road Gafanha da Nazare" at position 1.001 m in the same time step.
                  Warning	Simulation second 4207.00: Vehicle 545 ignores the decision "22: Roundabout Centre - East Approach LDV" of type "Static Vehicle Routing Decision" because it has left link "372: External Road Centre" at position 61.876 m in the same time step.
                  Warning	Simulation second 4207.00: Vehicle 545 ignores the decision "23: Roundabout Centre - East Approach HDV and LDV Port" of type "Static Vehicle Routing Decision" because it has left link "372: External Road Centre" at position 61.876 m in the same time step.
                  Warning	Simulation second 4211.00: Vehicle 532 ignores the decision "4: Roundabout Terminal Nort - South Approach LDV" of type "Static Vehicle Routing Decision" because it has left link "396: TNorte Entry/Exit" at position 164.855 m in the same time step.
                  Warning	Simulation second 4211.00: Vehicle 532 ignores the decision "5: Roundabout Terminal Nort - South Approach LDV Port" of type "Static Vehicle Routing Decision" because it has left link "396: TNorte Entry/Exit" at position 164.855 m in the same time step.
                  Warning	Simulation second 4211.00: Vehicle 532 ignores the decision "6: Roundabout Terminal Nort - South Approach HDV Port" of type "Static Vehicle Routing Decision" because it has left link "396: TNorte Entry/Exit" at position 164.855 m in the same time step.
                  Warning	Simulation second 4213.00: Vehicle 508 ignores the decision "19: Roundabout South - Nort Approach" of type "Static Vehicle Routing Decision" because it has left link "89: External Road South" at position 147.277 m in the same time step.
                  Warning	Simulation second 4213.00: Vehicle 508 ignores the decision "304: Roundabout South - Nort Approach HDV and LDV Port" of type "Static Vehicle Routing Decision" because it has left link "89: External Road South" at position 147.277 m in the same time step.
                  Warning	Simulation second 4222.00: Vehicle 467 ignores the decision "255: Roundabout MultiPurpose - Northeast Aproach" of type "Static Vehicle Routing Decision" because it has left link "125: TNorte 1" at position 53.048 m in the same time step.
                  Warning	Simulation second 4222.00: Vehicle 555 ignores the decision "16: Roundabout South - South Approach LDV" of type "Static Vehicle Routing Decision" because it has left link "70: External Road South" at position 113.974 m in the same time step.
                  Warning	Simulation second 4222.00: Vehicle 555 ignores the decision "17: Roundabout South - South Approach HDV and LDV Port" of type "Static Vehicle Routing Decision" because it has left link "70: External Road South" at position 113.974 m in the same time step.
                  Warning	Simulation second 4224.00: Vehicle 556 ignores the decision "16: Roundabout South - South Approach LDV" of type "Static Vehicle Routing Decision" because it has left link "70: External Road South" at position 113.974 m in the same time step.
                  Warning	Simulation second 4224.00: Vehicle 556 ignores the decision "17: Roundabout South - South Approach HDV and LDV Port" of type "Static Vehicle Routing Decision" because it has left link "70: External Road South" at position 113.974 m in the same time step.
                  Warning	Simulation second 4225.00: Vehicle 557 ignores the decision "16: Roundabout South - South Approach LDV" of type "Static Vehicle Routing Decision" because it has left link "70: External Road South" at position 113.974 m in the same time step.
                  Warning	Simulation second 4225.00: Vehicle 557 ignores the decision "17: Roundabout South - South Approach HDV and LDV Port" of type "Static Vehicle Routing Decision" because it has left link "70: External Road South" at position 113.974 m in the same time step.
                  Warning	Simulation second 4229.00: Vehicle 537 ignores the decision "4: Roundabout Terminal Nort - South Approach LDV" of type "Static Vehicle Routing Decision" because it has left link "396: TNorte Entry/Exit" at position 164.855 m in the same time step.
                  Warning	Simulation second 4229.00: Vehicle 537 ignores the decision "5: Roundabout Terminal Nort - South Approach LDV Port" of type "Static Vehicle Routing Decision" because it has left link "396: TNorte Entry/Exit" at position 164.855 m in the same time step.
                  Warning	Simulation second 4229.00: Vehicle 537 ignores the decision "6: Roundabout Terminal Nort - South Approach HDV Port" of type "Static Vehicle Routing Decision" because it has left link "396: TNorte Entry/Exit" at position 164.855 m in the same time step.
                  Warning	Simulation second 4231.00: Vehicle 345 ignores the decision "297: TNorte 7" of type "Static Vehicle Routing Decision" because it has left link "342: TNorte 3" at position 71.688 m in the same time step.
                  Warning	Simulation second 4234.00: Vehicle 558 ignores the decision "16: Roundabout South - South Approach LDV" of type "Static Vehicle Routing Decision" because it has left link "70: External Road South" at position 113.974 m in the same time step.
                  Warning	Simulation second 4234.00: Vehicle 558 ignores the decision "17: Roundabout South - South Approach HDV and LDV Port" of type "Static Vehicle Routing Decision" because it has left link "70: External Road South" at position 113.974 m in the same time step.
                  Warning	Simulation second 4241.00: Vehicle 516 ignores the decision "1039" of type "Desired Speed Decision" because it has left link "11021: External Road Gafanha da Nazare" at position 1.001 m in the same time step.
                  Warning	Simulation second 4242.00: Vehicle 501 ignores the decision "263: TNorte Multipurpose 7" of type "Static Vehicle Routing Decision" because it has left link "28: TNorte 7" at position 81.926 m in the same time step.
                  Warning	Simulation second 4242.00: Vehicle 534 ignores the decision "1039" of type "Desired Speed Decision" because it has left link "11021: External Road Gafanha da Nazare" at position 1.001 m in the same time step.
                  Warning	Simulation second 4247.00: Vehicle 505 ignores the decision "263: TNorte Multipurpose 7" of type "Static Vehicle Routing Decision" because it has left link "28: TNorte 7" at position 81.926 m in the same time step.
                  Warning	Simulation second 4249.00: Vehicle 561 ignores the decision "16: Roundabout South - South Approach LDV" of type "Static Vehicle Routing Decision" because it has left link "70: External Road South" at position 113.974 m in the same time step.
                  Warning	Simulation second 4249.00: Vehicle 561 ignores the decision "17: Roundabout South - South Approach HDV and LDV Port" of type "Static Vehicle Routing Decision" because it has left link "70: External Road South" at position 113.974 m in the same time step.
                  Warning	Simulation second 4251.00: Vehicle 563 ignores the decision "16: Roundabout South - South Approach LDV" of type "Static Vehicle Routing Decision" because it has left link "70: External Road South" at position 113.974 m in the same time step.
                  Warning	Simulation second 4251.00: Vehicle 563 ignores the decision "17: Roundabout South - South Approach HDV and LDV Port" of type "Static Vehicle Routing Decision" because it has left link "70: External Road South" at position 113.974 m in the same time step.
                  Warning	Simulation second 4253.00: Vehicle 564 ignores the decision "16: Roundabout South - South Approach LDV" of type "Static Vehicle Routing Decision" because it has left link "70: External Road South" at position 113.974 m in the same time step.
                  Warning	Simulation second 4253.00: Vehicle 564 ignores the decision "17: Roundabout South - South Approach HDV and LDV Port" of type "Static Vehicle Routing Decision" because it has left link "70: External Road South" at position 113.974 m in the same time step.
                  Warning	Simulation second 4259.00: Vehicle 505 ignores the decision "1287" of type "Desired Speed Decision" because it has left link "10028: TNorte 8" at position 5.026 m in the same time step.
                  Warning	Simulation second 4260.00: Vehicle 562 ignores the decision "16: Roundabout South - South Approach LDV" of type "Static Vehicle Routing Decision" because it has left link "70: External Road South" at position 113.974 m in the same time step.
                  Warning	Simulation second 4260.00: Vehicle 562 ignores the decision "17: Roundabout South - South Approach HDV and LDV Port" of type "Static Vehicle Routing Decision" because it has left link "70: External Road South" at position 113.974 m in the same time step.
                  Warning	Simulation second 4261.00: Vehicle 543 ignores the decision "19: Roundabout South - Nort Approach" of type "Static Vehicle Routing Decision" because it has left link "89: External Road South" at position 147.277 m in the same time step.
                  Warning	Simulation second 4261.00: Vehicle 543 ignores the decision "304: Roundabout South - Nort Approach HDV and LDV Port" of type "Static Vehicle Routing Decision" because it has left link "89: External Road South" at position 147.277 m in the same time step.
                  Warning	Simulation second 4263.00: Vehicle 507 ignores the decision "19: Roundabout South - Nort Approach" of type "Static Vehicle Routing Decision" because it has left link "89: External Road South" at position 147.277 m in the same time step.
                  Warning	Simulation second 4263.00: Vehicle 507 ignores the decision "304: Roundabout South - Nort Approach HDV and LDV Port" of type "Static Vehicle Routing Decision" because it has left link "89: External Road South" at position 147.277 m in the same time step.
                  Warning	Simulation second 4264.00: Vehicle 504 ignores the decision "19: Roundabout South - Nort Approach" of type "Static Vehicle Routing Decision" because it has left link "89: External Road South" at position 147.277 m in the same time step.
                  Warning	Simulation second 4264.00: Vehicle 504 ignores the decision "304: Roundabout South - Nort Approach HDV and LDV Port" of type "Static Vehicle Routing Decision" because it has left link "89: External Road South" at position 147.277 m in the same time step.
                  Warning	Simulation second 4265.00: Vehicle 546 ignores the decision "4: Roundabout Terminal Nort - South Approach LDV" of type "Static Vehicle Routing Decision" because it has left link "396: TNorte Entry/Exit" at position 164.855 m in the same time step.
                  Warning	Simulation second 4265.00: Vehicle 546 ignores the decision "5: Roundabout Terminal Nort - South Approach LDV Port" of type "Static Vehicle Routing Decision" because it has left link "396: TNorte Entry/Exit" at position 164.855 m in the same time step.
                  Warning	Simulation second 4265.00: Vehicle 546 ignores the decision "6: Roundabout Terminal Nort - South Approach HDV Port" of type "Static Vehicle Routing Decision" because it has left link "396: TNorte Entry/Exit" at position 164.855 m in the same time step.
                  Warning	Simulation second 4267.00: Vehicle 548 ignores the decision "5: Roundabout Terminal Nort - South Approach LDV Port" of type "Static Vehicle Routing Decision" because it has left link "396: TNorte Entry/Exit" at position 164.855 m in the same time step.
                  Warning	Simulation second 4267.00: Vehicle 548 ignores the decision "6: Roundabout Terminal Nort - South Approach HDV Port" of type "Static Vehicle Routing Decision" because it has left link "396: TNorte Entry/Exit" at position 164.855 m in the same time step.
                  Warning	Simulation second 4271.00: Vehicle 554 ignores the decision "3: Roundabout Terminal Nort - North Approach" of type "Static Vehicle Routing Decision" because it has left link "400: External Road Ferry" at position 142.927 m in the same time step.
                  Warning	Simulation second 4275.00: Vehicle 480 ignores the decision "254: Roundabout MultiPurpose - Southeast Aproach" of type "Static Vehicle Routing Decision" because it has left link "32: TNorte 5" at position 848.237 m in the same time step.
                  Warning	Simulation second 4276.00: Vehicle 345 ignores the decision "297: TNorte 7" of type "Static Vehicle Routing Decision" because it has left link "342: TNorte 3" at position 71.688 m in the same time step.
                  Warning	Simulation second 4278.00: Vehicle 567 ignores the decision "16: Roundabout South - South Approach LDV" of type "Static Vehicle Routing Decision" because it has left link "70: External Road South" at position 113.974 m in the same time step.
                  Warning	Simulation second 4278.00: Vehicle 567 ignores the decision "17: Roundabout South - South Approach HDV and LDV Port" of type "Static Vehicle Routing Decision" because it has left link "70: External Road South" at position 113.974 m in the same time step.
                  Warning	Simulation second 4279.00: Vehicle 513 ignores the decision "4: Roundabout Terminal Nort - South Approach LDV" of type "Static Vehicle Routing Decision" because it has left link "396: TNorte Entry/Exit" at position 164.855 m in the same time step.
                  Warning	Simulation second 4279.00: Vehicle 513 ignores the decision "5: Roundabout Terminal Nort - South Approach LDV Port" of type "Static Vehicle Routing Decision" because it has left link "396: TNorte Entry/Exit" at position 164.855 m in the same time step.
                  Warning	Simulation second 4279.00: Vehicle 513 ignores the decision "6: Roundabout Terminal Nort - South Approach HDV Port" of type "Static Vehicle Routing Decision" because it has left link "396: TNorte Entry/Exit" at position 164.855 m in the same time step.
                  Warning	Simulation second 4280.00: Vehicle 550 ignores the decision "4: Roundabout Terminal Nort - South Approach LDV" of type "Static Vehicle Routing Decision" because it has left link "396: TNorte Entry/Exit" at position 164.855 m in the same time step.
                  Warning	Simulation second 4280.00: Vehicle 550 ignores the decision "5: Roundabout Terminal Nort - South Approach LDV Port" of type "Static Vehicle Routing Decision" because it has left link "396: TNorte Entry/Exit" at position 164.855 m in the same time step.
                  Warning	Simulation second 4280.00: Vehicle 550 ignores the decision "6: Roundabout Terminal Nort - South Approach HDV Port" of type "Static Vehicle Routing Decision" because it has left link "396: TNorte Entry/Exit" at position 164.855 m in the same time step.
                  Warning	Simulation second 4286.00: Vehicle 478 ignores the decision "254: Roundabout MultiPurpose - Southeast Aproach" of type "Static Vehicle Routing Decision" because it has left link "32: TNorte 5" at position 848.237 m in the same time step.
                  Warning	Simulation second 4293.00: Vehicle 556 ignores the decision "1039" of type "Desired Speed Decision" because it has left link "11021: External Road Gafanha da Nazare" at position 1.001 m in the same time step.
                  Warning	Simulation second 4294.00: Vehicle 528 ignores the decision "1042" of type "Desired Speed Decision" because it has left link "11647: External Road Gafanha da Nazare" at position 5.279 m in the same time step.
                  Warning	Simulation second 4295.00: Vehicle 539 ignores the decision "1042" of type "Desired Speed Decision" because it has left link "11647: External Road Gafanha da Nazare" at position 5.279 m in the same time step.
                  Warning	Simulation second 4297.00: Vehicle 541 ignores the decision "1042" of type "Desired Speed Decision" because it has left link "11647: External Road Gafanha da Nazare" at position 5.279 m in the same time step.
                  Warning	Simulation second 4298.00: Vehicle 515 ignores the decision "19: Roundabout South - Nort Approach" of type "Static Vehicle Routing Decision" because it has left link "89: External Road South" at position 147.277 m in the same time step.
                  Warning	Simulation second 4298.00: Vehicle 515 ignores the decision "304: Roundabout South - Nort Approach HDV and LDV Port" of type "Static Vehicle Routing Decision" because it has left link "89: External Road South" at position 147.277 m in the same time step.
                  Warning	Simulation second 4299.00: Vehicle 510 ignores the decision "19: Roundabout South - Nort Approach" of type "Static Vehicle Routing Decision" because it has left link "89: External Road South" at position 147.277 m in the same time step.
                  Warning	Simulation second 4299.00: Vehicle 510 ignores the decision "304: Roundabout South - Nort Approach HDV and LDV Port" of type "Static Vehicle Routing Decision" because it has left link "89: External Road South" at position 147.277 m in the same time step.
                  Warning	Simulation second 4300.00: Vehicle 536 ignores the decision "19: Roundabout South - Nort Approach" of type "Static Vehicle Routing Decision" because it has left link "89: External Road South" at position 147.277 m in the same time step.
                  Warning	Simulation second 4300.00: Vehicle 536 ignores the decision "304: Roundabout South - Nort Approach HDV and LDV Port" of type "Static Vehicle Routing Decision" because it has left link "89: External Road South" at position 147.277 m in the same time step.
                  Warning	Simulation second 4306.00: Vehicle 553 ignores the decision "5: Roundabout Terminal Nort - South Approach LDV Port" of type "Static Vehicle Routing Decision" because it has left link "396: TNorte Entry/Exit" at position 164.855 m in the same time step.
                  Warning	Simulation second 4306.00: Vehicle 553 ignores the decision "6: Roundabout Terminal Nort - South Approach HDV Port" of type "Static Vehicle Routing Decision" because it has left link "396: TNorte Entry/Exit" at position 164.855 m in the same time step.
                  Warning	Simulation second 4310.00: Vehicle 545 ignores the decision "4: Roundabout Terminal Nort - South Approach LDV" of type "Static Vehicle Routing Decision" because it has left link "396: TNorte Entry/Exit" at position 164.855 m in the same time step.
                  Warning	Simulation second 4310.00: Vehicle 545 ignores the decision "5: Roundabout Terminal Nort - South Approach LDV Port" of type "Static Vehicle Routing Decision" because it has left link "396: TNorte Entry/Exit" at position 164.855 m in the same time step.
                  Warning	Simulation second 4310.00: Vehicle 545 ignores the decision "6: Roundabout Terminal Nort - South Approach HDV Port" of type "Static Vehicle Routing Decision" because it has left link "396: TNorte Entry/Exit" at position 164.855 m in the same time step.
                  Warning	Simulation second 4310.00: Vehicle 555 ignores the decision "4: Roundabout Terminal Nort - South Approach LDV" of type "Static Vehicle Routing Decision" because it has left link "396: TNorte Entry/Exit" at position 164.855 m in the same time step.
                  Warning	Simulation second 4310.00: Vehicle 555 ignores the decision "5: Roundabout Terminal Nort - South Approach LDV Port" of type "Static Vehicle Routing Decision" because it has left link "396: TNorte Entry/Exit" at position 164.855 m in the same time step.
                  Warning	Simulation second 4310.00: Vehicle 555 ignores the decision "6: Roundabout Terminal Nort - South Approach HDV Port" of type "Static Vehicle Routing Decision" because it has left link "396: TNorte Entry/Exit" at position 164.855 m in the same time step.
                  Warning	Simulation second 4316.00: Vehicle 512 ignores the decision "19: Roundabout South - Nort Approach" of type "Static Vehicle Routing Decision" because it has left link "89: External Road South" at position 147.277 m in the same time step.
                  Warning	Simulation second 4316.00: Vehicle 512 ignores the decision "304: Roundabout South - Nort Approach HDV and LDV Port" of type "Static Vehicle Routing Decision" because it has left link "89: External Road South" at position 147.277 m in the same time step.
                  Warning	Simulation second 4321.00: Vehicle 345 ignores the decision "297: TNorte 7" of type "Static Vehicle Routing Decision" because it has left link "342: TNorte 3" at position 71.688 m in the same time step.
                  Warning	Simulation second 4322.00: Vehicle 564 ignores the decision "1039" of type "Desired Speed Decision" because it has left link "11021: External Road Gafanha da Nazare" at position 1.001 m in the same time step.
                  Warning	Simulation second 4335.00: Vehicle 527 ignores the decision "7: Roundabout Terminal Nort - East Approach" of type "Static Vehicle Routing Decision" because it has left link "844: TNorte Entry/Exit" at position 13.671 m in the same time step.
                  Warning	Simulation second 4338.00: Vehicle 542 ignores the decision "1039" of type "Desired Speed Decision" because it has left link "11021: External Road Gafanha da Nazare" at position 1.001 m in the same time step.
                  Warning	Simulation second 4340.00: Vehicle 558 ignores the decision "4: Roundabout Terminal Nort - South Approach LDV" of type "Static Vehicle Routing Decision" because it has left link "396: TNorte Entry/Exit" at position 164.855 m in the same time step.
                  Warning	Simulation second 4340.00: Vehicle 558 ignores the decision "5: Roundabout Terminal Nort - South Approach LDV Port" of type "Static Vehicle Routing Decision" because it has left link "396: TNorte Entry/Exit" at position 164.855 m in the same time step.
                  Warning	Simulation second 4340.00: Vehicle 558 ignores the decision "6: Roundabout Terminal Nort - South Approach HDV Port" of type "Static Vehicle Routing Decision" because it has left link "396: TNorte Entry/Exit" at position 164.855 m in the same time step.
                  Warning	Simulation second 4348.00: Vehicle 565 ignores the decision "267: TGS 10,11,12,13" of type "Static Vehicle Routing Decision" because it has left link "58: TGS Entry/Exit" at position 41.299 m in the same time step.
                  Warning	Simulation second 4366.00: Vehicle 345 ignores the decision "297: TNorte 7" of type "Static Vehicle Routing Decision" because it has left link "342: TNorte 3" at position 71.688 m in the same time step.
                  Warning	Simulation second 4369.00: Vehicle 560 ignores the decision "4: Roundabout Terminal Nort - South Approach LDV" of type "Static Vehicle Routing Decision" because it has left link "396: TNorte Entry/Exit" at position 164.855 m in the same time step.
                  Warning	Simulation second 4369.00: Vehicle 560 ignores the decision "5: Roundabout Terminal Nort - South Approach LDV Port" of type "Static Vehicle Routing Decision" because it has left link "396: TNorte Entry/Exit" at position 164.855 m in the same time step.
                  Warning	Simulation second 4369.00: Vehicle 560 ignores the decision "6: Roundabout Terminal Nort - South Approach HDV Port" of type "Static Vehicle Routing Decision" because it has left link "396: TNorte Entry/Exit" at position 164.855 m in the same time step.
                  Warning	Simulation second 4369.00: Vehicle 570 ignores the decision "16: Roundabout South - South Approach LDV" of type "Static Vehicle Routing Decision" because it has left link "70: External Road South" at position 113.974 m in the same time step.
                  Warning	Simulation second 4369.00: Vehicle 570 ignores the decision "17: Roundabout South - South Approach HDV and LDV Port" of type "Static Vehicle Routing Decision" because it has left link "70: External Road South" at position 113.974 m in the same time step.
                  Warning	Simulation second 4371.00: Vehicle 505 ignores the decision "255: Roundabout MultiPurpose - Northeast Aproach" of type "Static Vehicle Routing Decision" because it has left link "125: TNorte 1" at position 53.130 m in the same time step.
                  Warning	Simulation second 4377.00: Vehicle 562 ignores the decision "4: Roundabout Terminal Nort - South Approach LDV" of type "Static Vehicle Routing Decision" because it has left link "396: TNorte Entry/Exit" at position 164.855 m in the same time step.
                  Warning	Simulation second 4377.00: Vehicle 562 ignores the decision "5: Roundabout Terminal Nort - South Approach LDV Port" of type "Static Vehicle Routing Decision" because it has left link "396: TNorte Entry/Exit" at position 164.855 m in the same time step.
                  Warning	Simulation second 4377.00: Vehicle 562 ignores the decision "6: Roundabout Terminal Nort - South Approach HDV Port" of type "Static Vehicle Routing Decision" because it has left link "396: TNorte Entry/Exit" at position 164.855 m in the same time step.
                  Warning	Simulation second 4382.00: Vehicle 537 ignores the decision "19: Roundabout South - Nort Approach" of type "Static Vehicle Routing Decision" because it has left link "89: External Road South" at position 147.277 m in the same time step.
                  Warning	Simulation second 4382.00: Vehicle 537 ignores the decision "304: Roundabout South - Nort Approach HDV and LDV Port" of type "Static Vehicle Routing Decision" because it has left link "89: External Road South" at position 147.277 m in the same time step.
                  Warning	Simulation second 4382.00: Vehicle 550 ignores the decision "1039" of type "Desired Speed Decision" because it has left link "11021: External Road Gafanha da Nazare" at position 1.001 m in the same time step.
                  Warning	Simulation second 4383.00: Vehicle 571 ignores the decision "16: Roundabout South - South Approach LDV" of type "Static Vehicle Routing Decision" because it has left link "70: External Road South" at position 113.974 m in the same time step.
                  Warning	Simulation second 4383.00: Vehicle 571 ignores the decision "17: Roundabout South - South Approach HDV and LDV Port" of type "Static Vehicle Routing Decision" because it has left link "70: External Road South" at position 113.974 m in the same time step.
                  Warning	Simulation second 4386.00: Vehicle 573 ignores the decision "16: Roundabout South - South Approach LDV" of type "Static Vehicle Routing Decision" because it has left link "70: External Road South" at position 113.974 m in the same time step.
                  Warning	Simulation second 4386.00: Vehicle 573 ignores the decision "17: Roundabout South - South Approach HDV and LDV Port" of type "Static Vehicle Routing Decision" because it has left link "70: External Road South" at position 113.974 m in the same time step.
                  Warning	Simulation second 4388.00: Vehicle 521 ignores the decision "19: Roundabout South - Nort Approach" of type "Static Vehicle Routing Decision" because it has left link "89: External Road South" at position 147.277 m in the same time step.
                  Warning	Simulation second 4388.00: Vehicle 521 ignores the decision "304: Roundabout South - Nort Approach HDV and LDV Port" of type "Static Vehicle Routing Decision" because it has left link "89: External Road South" at position 147.277 m in the same time step.
                  Warning	Simulation second 4390.00: Vehicle 539 ignores the decision "19: Roundabout South - Nort Approach" of type "Static Vehicle Routing Decision" because it has left link "89: External Road South" at position 147.277 m in the same time step.
                  Warning	Simulation second 4390.00: Vehicle 539 ignores the decision "304: Roundabout South - Nort Approach HDV and LDV Port" of type "Static Vehicle Routing Decision" because it has left link "89: External Road South" at position 147.277 m in the same time step.
                  Warning	Simulation second 4390.00: Vehicle 575 ignores the decision "16: Roundabout South - South Approach LDV" of type "Static Vehicle Routing Decision" because it has left link "70: External Road South" at position 113.974 m in the same time step.
                  Warning	Simulation second 4390.00: Vehicle 575 ignores the decision "17: Roundabout South - South Approach HDV and LDV Port" of type "Static Vehicle Routing Decision" because it has left link "70: External Road South" at position 113.974 m in the same time step.
                  Warning	Simulation second 4396.00: Vehicle 541 ignores the decision "19: Roundabout South - Nort Approach" of type "Static Vehicle Routing Decision" because it has left link "89: External Road South" at position 147.277 m in the same time step.
                  Warning	Simulation second 4396.00: Vehicle 541 ignores the decision "304: Roundabout South - Nort Approach HDV and LDV Port" of type "Static Vehicle Routing Decision" because it has left link "89: External Road South" at position 147.277 m in the same time step.
                  Warning	Simulation second 4408.00: Vehicle 569 ignores the decision "22: Roundabout Centre - East Approach LDV" of type "Static Vehicle Routing Decision" because it has left link "372: External Road Centre" at position 61.876 m in the same time step.
                  Warning	Simulation second 4408.00: Vehicle 569 ignores the decision "23: Roundabout Centre - East Approach HDV and LDV Port" of type "Static Vehicle Routing Decision" because it has left link "372: External Road Centre" at position 61.876 m in the same time step.
                  Warning	Simulation second 4411.00: Vehicle 345 ignores the decision "297: TNorte 7" of type "Static Vehicle Routing Decision" because it has left link "342: TNorte 3" at position 71.688 m in the same time step.
                  Warning	Simulation second 4414.00: Vehicle 577 ignores the decision "16: Roundabout South - South Approach LDV" of type "Static Vehicle Routing Decision" because it has left link "70: External Road South" at position 113.974 m in the same time step.
                  Warning	Simulation second 4414.00: Vehicle 577 ignores the decision "17: Roundabout South - South Approach HDV and LDV Port" of type "Static Vehicle Routing Decision" because it has left link "70: External Road South" at position 113.974 m in the same time step.
                  Warning	Simulation second 4416.00: Vehicle 513 ignores the decision "19: Roundabout South - Nort Approach" of type "Static Vehicle Routing Decision" because it has left link "89: External Road South" at position 147.277 m in the same time step.
                  Warning	Simulation second 4416.00: Vehicle 513 ignores the decision "304: Roundabout South - Nort Approach HDV and LDV Port" of type "Static Vehicle Routing Decision" because it has left link "89: External Road South" at position 147.277 m in the same time step.
                  Warning	Simulation second 4418.00: Vehicle 578 ignores the decision "16: Roundabout South - South Approach LDV" of type "Static Vehicle Routing Decision" because it has left link "70: External Road South" at position 113.974 m in the same time step.
                  Warning	Simulation second 4418.00: Vehicle 578 ignores the decision "17: Roundabout South - South Approach HDV and LDV Port" of type "Static Vehicle Routing Decision" because it has left link "70: External Road South" at position 113.974 m in the same time step.
                  Warning	Simulation second 4431.00: Vehicle 583 ignores the decision "16: Roundabout South - South Approach LDV" of type "Static Vehicle Routing Decision" because it has left link "70: External Road South" at position 113.974 m in the same time step.
                  Warning	Simulation second 4431.00: Vehicle 583 ignores the decision "17: Roundabout South - South Approach HDV and LDV Port" of type "Static Vehicle Routing Decision" because it has left link "70: External Road South" at position 113.974 m in the same time step.
                  Warning	Simulation second 4433.00: Vehicle 530 ignores the decision "300: TNorte 10" of type "Static Vehicle Routing Decision" because it has left link "5: TNorte 4" at position 67.840 m in the same time step.
                  Warning	Simulation second 4434.00: Vehicle 545 ignores the decision "263: TNorte Multipurpose 7" of type "Static Vehicle Routing Decision" because it has left link "28: TNorte 7" at position 81.926 m in the same time step.
                  Warning	Simulation second 4435.00: Vehicle 555 ignores the decision "19: Roundabout South - Nort Approach" of type "Static Vehicle Routing Decision" because it has left link "89: External Road South" at position 147.277 m in the same time step.
                  Warning	Simulation second 4435.00: Vehicle 555 ignores the decision "304: Roundabout South - Nort Approach HDV and LDV Port" of type "Static Vehicle Routing Decision" because it has left link "89: External Road South" at position 147.277 m in the same time step.
                  Warning	Simulation second 4448.00: Vehicle 545 ignores the decision "1287" of type "Desired Speed Decision" because it has left link "10028: TNorte 8" at position 5.026 m in the same time step.
                  Warning	Simulation second 4453.00: Vehicle 469 ignores the decision "300: TNorte 10" of type "Static Vehicle Routing Decision" because it has left link "5: TNorte 4" at position 67.840 m in the same time step.
                  Warning	Simulation second 4456.00: Vehicle 345 ignores the decision "297: TNorte 7" of type "Static Vehicle Routing Decision" because it has left link "342: TNorte 3" at position 71.688 m in the same time step.
                  Warning	Simulation second 4464.00: Vehicle 558 ignores the decision "1039" of type "Desired Speed Decision" because it has left link "11021: External Road Gafanha da Nazare" at position 1.001 m in the same time step.
                  Warning	Simulation second 4468.00: Vehicle 566 ignores the decision "1042" of type "Desired Speed Decision" because it has left link "11647: External Road Gafanha da Nazare" at position 5.279 m in the same time step.
                  Warning	Simulation second 4475.00: Vehicle 584 ignores the decision "22: Roundabout Centre - East Approach LDV" of type "Static Vehicle Routing Decision" because it has left link "372: External Road Centre" at position 61.876 m in the same time step.
                  Warning	Simulation second 4475.00: Vehicle 584 ignores the decision "23: Roundabout Centre - East Approach HDV and LDV Port" of type "Static Vehicle Routing Decision" because it has left link "372: External Road Centre" at position 61.876 m in the same time step.
                  Warning	Simulation second 4488.00: Vehicle 530 ignores the decision "300: TNorte 10" of type "Static Vehicle Routing Decision" because it has left link "5: TNorte 4" at position 67.840 m in the same time step.
                  Warning	Simulation second 4500.00: Vehicle 589 ignores the decision "16: Roundabout South - South Approach LDV" of type "Static Vehicle Routing Decision" because it has left link "70: External Road South" at position 113.974 m in the same time step.
                  Warning	Simulation second 4500.00: Vehicle 589 ignores the decision "17: Roundabout South - South Approach HDV and LDV Port" of type "Static Vehicle Routing Decision" because it has left link "70: External Road South" at position 113.974 m in the same time step.
                  Warning	Simulation second 4501.00: Vehicle 345 ignores the decision "297: TNorte 7" of type "Static Vehicle Routing Decision" because it has left link "342: TNorte 3" at position 71.688 m in the same time step.
                  Warning	Simulation second 4504.00: Vehicle 591 ignores the decision "16: Roundabout South - South Approach LDV" of type "Static Vehicle Routing Decision" because it has left link "70: External Road South" at position 113.974 m in the same time step.
                  Warning	Simulation second 4504.00: Vehicle 591 ignores the decision "17: Roundabout South - South Approach HDV and LDV Port" of type "Static Vehicle Routing Decision" because it has left link "70: External Road South" at position 113.974 m in the same time step.
                  Warning	Simulation second 4507.00: Vehicle 569 ignores the decision "19: Roundabout South - Nort Approach" of type "Static Vehicle Routing Decision" because it has left link "89: External Road South" at position 147.277 m in the same time step.
                  Warning	Simulation second 4507.00: Vehicle 569 ignores the decision "304: Roundabout South - Nort Approach HDV and LDV Port" of type "Static Vehicle Routing Decision" because it has left link "89: External Road South" at position 147.277 m in the same time step.
                  Warning	Simulation second 4511.00: Vehicle 562 ignores the decision "19: Roundabout South - Nort Approach" of type "Static Vehicle Routing Decision" because it has left link "89: External Road South" at position 147.277 m in the same time step.
                  Warning	Simulation second 4511.00: Vehicle 562 ignores the decision "304: Roundabout South - Nort Approach HDV and LDV Port" of type "Static Vehicle Routing Decision" because it has left link "89: External Road South" at position 147.277 m in the same time step.
                  Warning	Simulation second 4512.00: Vehicle 578 ignores the decision "4: Roundabout Terminal Nort - South Approach LDV" of type "Static Vehicle Routing Decision" because it has left link "396: TNorte Entry/Exit" at position 164.855 m in the same time step.
                  Warning	Simulation second 4512.00: Vehicle 578 ignores the decision "5: Roundabout Terminal Nort - South Approach LDV Port" of type "Static Vehicle Routing Decision" because it has left link "396: TNorte Entry/Exit" at position 164.855 m in the same time step.
                  Warning	Simulation second 4512.00: Vehicle 578 ignores the decision "6: Roundabout Terminal Nort - South Approach HDV Port" of type "Static Vehicle Routing Decision" because it has left link "396: TNorte Entry/Exit" at position 164.855 m in the same time step.
                  Warning	Simulation second 4518.00: Vehicle 545 ignores the decision "1676" of type "Desired Speed Decision" because it has left link "343: TNorte 7" at position 85.200 m in the same time step.
                  Warning	Simulation second 4518.00: Vehicle 579 ignores the decision "4: Roundabout Terminal Nort - South Approach LDV" of type "Static Vehicle Routing Decision" because it has left link "396: TNorte Entry/Exit" at position 164.855 m in the same time step.
                  Warning	Simulation second 4518.00: Vehicle 579 ignores the decision "5: Roundabout Terminal Nort - South Approach LDV Port" of type "Static Vehicle Routing Decision" because it has left link "396: TNorte Entry/Exit" at position 164.855 m in the same time step.
                  Warning	Simulation second 4518.00: Vehicle 579 ignores the decision "6: Roundabout Terminal Nort - South Approach HDV Port" of type "Static Vehicle Routing Decision" because it has left link "396: TNorte Entry/Exit" at position 164.855 m in the same time step.
                  Warning	Simulation second 4519.00: Vehicle 571 ignores the decision "4: Roundabout Terminal Nort - South Approach LDV" of type "Static Vehicle Routing Decision" because it has left link "396: TNorte Entry/Exit" at position 164.855 m in the same time step.
                  Warning	Simulation second 4519.00: Vehicle 571 ignores the decision "5: Roundabout Terminal Nort - South Approach LDV Port" of type "Static Vehicle Routing Decision" because it has left link "396: TNorte Entry/Exit" at position 164.855 m in the same time step.
                  Warning	Simulation second 4519.00: Vehicle 571 ignores the decision "6: Roundabout Terminal Nort - South Approach HDV Port" of type "Static Vehicle Routing Decision" because it has left link "396: TNorte Entry/Exit" at position 164.855 m in the same time step.
                  Warning	Simulation second 4525.00: Vehicle 582 ignores the decision "267: TGS 10,11,12,13" of type "Static Vehicle Routing Decision" because it has left link "58: TGS Entry/Exit" at position 41.299 m in the same time step.
                  Warning	Simulation second 4526.00: Vehicle 592 ignores the decision "16: Roundabout South - South Approach LDV" of type "Static Vehicle Routing Decision" because it has left link "70: External Road South" at position 113.974 m in the same time step.
                  Warning	Simulation second 4526.00: Vehicle 592 ignores the decision "17: Roundabout South - South Approach HDV and LDV Port" of type "Static Vehicle Routing Decision" because it has left link "70: External Road South" at position 113.974 m in the same time step.
                  Warning	Simulation second 4528.00: Vehicle 593 ignores the decision "16: Roundabout South - South Approach LDV" of type "Static Vehicle Routing Decision" because it has left link "70: External Road South" at position 113.974 m in the same time step.
                  Warning	Simulation second 4528.00: Vehicle 593 ignores the decision "17: Roundabout South - South Approach HDV and LDV Port" of type "Static Vehicle Routing Decision" because it has left link "70: External Road South" at position 113.974 m in the same time step.
                  Warning	Simulation second 4530.00: Vehicle 590 ignores the decision "22: Roundabout Centre - East Approach LDV" of type "Static Vehicle Routing Decision" because it has left link "372: External Road Centre" at position 61.876 m in the same time step.
                  Warning	Simulation second 4530.00: Vehicle 590 ignores the decision "23: Roundabout Centre - East Approach HDV and LDV Port" of type "Static Vehicle Routing Decision" because it has left link "372: External Road Centre" at position 61.876 m in the same time step.
                  Warning	Simulation second 4538.00: Vehicle 595 ignores the decision "16: Roundabout South - South Approach LDV" of type "Static Vehicle Routing Decision" because it has left link "70: External Road South" at position 113.974 m in the same time step.
                  Warning	Simulation second 4538.00: Vehicle 595 ignores the decision "17: Roundabout South - South Approach HDV and LDV Port" of type "Static Vehicle Routing Decision" because it has left link "70: External Road South" at position 113.974 m in the same time step.
                  Warning	Simulation second 4542.00: Vehicle 596 ignores the decision "16: Roundabout South - South Approach LDV" of type "Static Vehicle Routing Decision" because it has left link "70: External Road South" at position 113.974 m in the same time step.
                  Warning	Simulation second 4542.00: Vehicle 596 ignores the decision "17: Roundabout South - South Approach HDV and LDV Port" of type "Static Vehicle Routing Decision" because it has left link "70: External Road South" at position 113.974 m in the same time step.
                  Warning	Simulation second 4543.00: Vehicle 530 ignores the decision "300: TNorte 10" of type "Static Vehicle Routing Decision" because it has left link "5: TNorte 4" at position 67.840 m in the same time step.
                  Warning	Simulation second 4543.00: Vehicle 572 ignores the decision "1042" of type "Desired Speed Decision" because it has left link "11647: External Road Gafanha da Nazare" at position 5.279 m in the same time step.
                  Warning	Simulation second 4546.00: Vehicle 345 ignores the decision "297: TNorte 7" of type "Static Vehicle Routing Decision" because it has left link "342: TNorte 3" at position 71.688 m in the same time step.
                  Warning	Simulation second 4551.00: Vehicle 587 ignores the decision "4: Roundabout Terminal Nort - South Approach LDV" of type "Static Vehicle Routing Decision" because it has left link "396: TNorte Entry/Exit" at position 164.855 m in the same time step.
                  Warning	Simulation second 4551.00: Vehicle 587 ignores the decision "5: Roundabout Terminal Nort - South Approach LDV Port" of type "Static Vehicle Routing Decision" because it has left link "396: TNorte Entry/Exit" at position 164.855 m in the same time step.
                  Warning	Simulation second 4551.00: Vehicle 587 ignores the decision "6: Roundabout Terminal Nort - South Approach HDV Port" of type "Static Vehicle Routing Decision" because it has left link "396: TNorte Entry/Exit" at position 164.855 m in the same time step.
                  Warning	Simulation second 4559.00: Vehicle 597 ignores the decision "16: Roundabout South - South Approach LDV" of type "Static Vehicle Routing Decision" because it has left link "70: External Road South" at position 113.974 m in the same time step.
                  Warning	Simulation second 4559.00: Vehicle 597 ignores the decision "17: Roundabout South - South Approach HDV and LDV Port" of type "Static Vehicle Routing Decision" because it has left link "70: External Road South" at position 113.974 m in the same time step.
                  Warning	Simulation second 4562.00: Vehicle 566 ignores the decision "19: Roundabout South - Nort Approach" of type "Static Vehicle Routing Decision" because it has left link "89: External Road South" at position 147.277 m in the same time step.
                  Warning	Simulation second 4562.00: Vehicle 566 ignores the decision "304: Roundabout South - Nort Approach HDV and LDV Port" of type "Static Vehicle Routing Decision" because it has left link "89: External Road South" at position 147.277 m in the same time step.
                  Warning	Simulation second 4572.00: Vehicle 469 ignores the decision "300: TNorte 10" of type "Static Vehicle Routing Decision" because it has left link "5: TNorte 4" at position 67.840 m in the same time step.
                  Warning	Simulation second 4573.00: Vehicle 584 ignores the decision "19: Roundabout South - Nort Approach" of type "Static Vehicle Routing Decision" because it has left link "89: External Road South" at position 147.277 m in the same time step.
                  Warning	Simulation second 4573.00: Vehicle 584 ignores the decision "304: Roundabout South - Nort Approach HDV and LDV Port" of type "Static Vehicle Routing Decision" because it has left link "89: External Road South" at position 147.277 m in the same time step.
                  Warning	Simulation second 4575.00: Vehicle 601 ignores the decision "16: Roundabout South - South Approach LDV" of type "Static Vehicle Routing Decision" because it has left link "70: External Road South" at position 113.974 m in the same time step.
                  Warning	Simulation second 4575.00: Vehicle 601 ignores the decision "17: Roundabout South - South Approach HDV and LDV Port" of type "Static Vehicle Routing Decision" because it has left link "70: External Road South" at position 113.974 m in the same time step.
                  Warning	Simulation second 4578.00: Vehicle 585 ignores the decision "19: Roundabout South - Nort Approach" of type "Static Vehicle Routing Decision" because it has left link "89: External Road South" at position 147.277 m in the same time step.
                  Warning	Simulation second 4578.00: Vehicle 585 ignores the decision "304: Roundabout South - Nort Approach HDV and LDV Port" of type "Static Vehicle Routing Decision" because it has left link "89: External Road South" at position 147.277 m in the same time step.
                  Warning	Simulation second 4581.00: Vehicle 532 ignores the decision "254: Roundabout MultiPurpose - Southeast Aproach" of type "Static Vehicle Routing Decision" because it has left link "32: TNorte 5" at position 848.237 m in the same time step.
                  Warning	Simulation second 4584.00: Vehicle 496 ignores the decision "254: Roundabout MultiPurpose - Southeast Aproach" of type "Static Vehicle Routing Decision" because it has left link "32: TNorte 5" at position 848.237 m in the same time step.
                  Warning	Simulation second 4587.00: Vehicle 464 ignores the decision "254: Roundabout MultiPurpose - Southeast Aproach" of type "Static Vehicle Routing Decision" because it has left link "32: TNorte 5" at position 848.237 m in the same time step.
                  Warning	Simulation second 4591.00: Vehicle 345 ignores the decision "297: TNorte 7" of type "Static Vehicle Routing Decision" because it has left link "342: TNorte 3" at position 71.688 m in the same time step.
                  Warning	Simulation second 4592.00: Vehicle 480 ignores the decision "254: Roundabout MultiPurpose - Southeast Aproach" of type "Static Vehicle Routing Decision" because it has left link "32: TNorte 5" at position 848.237 m in the same time step.
                  Warning	Simulation second 4592.00: Vehicle 497 ignores the decision "254: Roundabout MultiPurpose - Southeast Aproach" of type "Static Vehicle Routing Decision" because it has left link "32: TNorte 5" at position 848.237 m in the same time step.
                  Warning	Simulation second 4595.00: Vehicle 600 ignores the decision "16: Roundabout South - South Approach LDV" of type "Static Vehicle Routing Decision" because it has left link "70: External Road South" at position 113.974 m in the same time step.
                  Warning	Simulation second 4595.00: Vehicle 600 ignores the decision "17: Roundabout South - South Approach HDV and LDV Port" of type "Static Vehicle Routing Decision" because it has left link "70: External Road South" at position 113.974 m in the same time step.
                  Warning	Simulation second 4598.00: Vehicle 530 ignores the decision "300: TNorte 10" of type "Static Vehicle Routing Decision" because it has left link "5: TNorte 4" at position 67.840 m in the same time step.
                  Warning	Simulation second 4607.00: Vehicle 607 ignores the decision "16: Roundabout South - South Approach LDV" of type "Static Vehicle Routing Decision" because it has left link "70: External Road South" at position 113.974 m in the same time step.
                  Warning	Simulation second 4607.00: Vehicle 607 ignores the decision "17: Roundabout South - South Approach HDV and LDV Port" of type "Static Vehicle Routing Decision" because it has left link "70: External Road South" at position 113.974 m in the same time step.
                  Warning	Simulation second 4614.00: Vehicle 593 ignores the decision "4: Roundabout Terminal Nort - South Approach LDV" of type "Static Vehicle Routing Decision" because it has left link "396: TNorte Entry/Exit" at position 164.855 m in the same time step.
                  Warning	Simulation second 4614.00: Vehicle 593 ignores the decision "5: Roundabout Terminal Nort - South Approach LDV Port" of type "Static Vehicle Routing Decision" because it has left link "396: TNorte Entry/Exit" at position 164.855 m in the same time step.
                  Warning	Simulation second 4614.00: Vehicle 593 ignores the decision "6: Roundabout Terminal Nort - South Approach HDV Port" of type "Static Vehicle Routing Decision" because it has left link "396: TNorte Entry/Exit" at position 164.855 m in the same time step.
                  Warning	Simulation second 4616.00: Vehicle 578 ignores the decision "1039" of type "Desired Speed Decision" because it has left link "11021: External Road Gafanha da Nazare" at position 1.001 m in the same time step.
                  Warning	Simulation second 4621.00: Vehicle 580 ignores the decision "1042" of type "Desired Speed Decision" because it has left link "11647: External Road Gafanha da Nazare" at position 5.279 m in the same time step.
                  Warning	Simulation second 4625.00: Vehicle 572 ignores the decision "19: Roundabout South - Nort Approach" of type "Static Vehicle Routing Decision" because it has left link "89: External Road South" at position 147.277 m in the same time step.
                  Warning	Simulation second 4625.00: Vehicle 572 ignores the decision "304: Roundabout South - Nort Approach HDV and LDV Port" of type "Static Vehicle Routing Decision" because it has left link "89: External Road South" at position 147.277 m in the same time step.
                  Warning	Simulation second 4627.00: Vehicle 609 ignores the decision "16: Roundabout South - South Approach LDV" of type "Static Vehicle Routing Decision" because it has left link "70: External Road South" at position 113.974 m in the same time step.
                  Warning	Simulation second 4627.00: Vehicle 609 ignores the decision "17: Roundabout South - South Approach HDV and LDV Port" of type "Static Vehicle Routing Decision" because it has left link "70: External Road South" at position 113.974 m in the same time step.
                  Warning	Simulation second 4629.00: Vehicle 596 ignores the decision "4: Roundabout Terminal Nort - South Approach LDV" of type "Static Vehicle Routing Decision" because it has left link "396: TNorte Entry/Exit" at position 164.855 m in the same time step.
                  Warning	Simulation second 4629.00: Vehicle 596 ignores the decision "5: Roundabout Terminal Nort - South Approach LDV Port" of type "Static Vehicle Routing Decision" because it has left link "396: TNorte Entry/Exit" at position 164.855 m in the same time step.
                  Warning	Simulation second 4629.00: Vehicle 596 ignores the decision "6: Roundabout Terminal Nort - South Approach HDV Port" of type "Static Vehicle Routing Decision" because it has left link "396: TNorte Entry/Exit" at position 164.855 m in the same time step.
                  Warning	Simulation second 4633.00: Vehicle 546 ignores the decision "254: Roundabout MultiPurpose - Southeast Aproach" of type "Static Vehicle Routing Decision" because it has left link "32: TNorte 5" at position 848.237 m in the same time step.
                  Warning	Simulation second 4636.00: Vehicle 345 ignores the decision "297: TNorte 7" of type "Static Vehicle Routing Decision" because it has left link "342: TNorte 3" at position 71.688 m in the same time step.
                  Warning	Simulation second 4638.00: Vehicle 611 ignores the decision "16: Roundabout South - South Approach LDV" of type "Static Vehicle Routing Decision" because it has left link "70: External Road South" at position 113.974 m in the same time step.
                  Warning	Simulation second 4638.00: Vehicle 611 ignores the decision "17: Roundabout South - South Approach HDV and LDV Port" of type "Static Vehicle Routing Decision" because it has left link "70: External Road South" at position 113.974 m in the same time step.
                  Warning	Simulation second 4653.00: Vehicle 530 ignores the decision "300: TNorte 10" of type "Static Vehicle Routing Decision" because it has left link "5: TNorte 4" at position 67.840 m in the same time step.
                  Warning	Simulation second 4654.00: Vehicle 579 ignores the decision "1228" of type "Desired Speed Decision" because it has left link "10029: TNorte 4" at position 15.884 m in the same time step.
                  Warning	Simulation second 4664.00: Vehicle 597 ignores the decision "4: Roundabout Terminal Nort - South Approach LDV" of type "Static Vehicle Routing Decision" because it has left link "396: TNorte Entry/Exit" at position 164.855 m in the same time step.
                  Warning	Simulation second 4664.00: Vehicle 597 ignores the decision "5: Roundabout Terminal Nort - South Approach LDV Port" of type "Static Vehicle Routing Decision" because it has left link "396: TNorte Entry/Exit" at position 164.855 m in the same time step.
                  Warning	Simulation second 4664.00: Vehicle 597 ignores the decision "6: Roundabout Terminal Nort - South Approach HDV Port" of type "Static Vehicle Routing Decision" because it has left link "396: TNorte Entry/Exit" at position 164.855 m in the same time step.
                  Warning	Simulation second 4666.00: Vehicle 505 ignores the decision "1676" of type "Desired Speed Decision" because it has left link "343: TNorte 7" at position 85.200 m in the same time step.
                  Warning	Simulation second 4666.00: Vehicle 565 ignores the decision "193: Roundabout Prio - North Approach LDV" of type "Static Vehicle Routing Decision" because it has left link "633: TGS External Road" at position 777.531 m in the same time step.
                  Warning	Simulation second 4667.00: Vehicle 579 ignores the decision "1244" of type "Desired Speed Decision" because it has left link "10032: TNorte 4" at position 8.141 m in the same time step.
                  Warning	Simulation second 4672.00: Vehicle 473 ignores the decision "19: Roundabout South - Nort Approach" of type "Static Vehicle Routing Decision" because it has left link "89: External Road South" at position 147.277 m in the same time step.
                  Warning	Simulation second 4672.00: Vehicle 473 ignores the decision "304: Roundabout South - Nort Approach HDV and LDV Port" of type "Static Vehicle Routing Decision" because it has left link "89: External Road South" at position 147.277 m in the same time step.
                  Warning	Simulation second 4680.00: Vehicle 577 (on Parking Route "9 - 1") reached the end of link "174: TGL 1" without finding the subsequent link ("10746: TGL 1").	Network object type: Vehicle	Network object keys: 577
                  Warning	Simulation second 4681.00: Vehicle 345 ignores the decision "297: TNorte 7" of type "Static Vehicle Routing Decision" because it has left link "342: TNorte 3" at position 71.688 m in the same time step.
                  Warning	Simulation second 4687.00: Vehicle 505 ignores the decision "1246" of type "Desired Speed Decision" because it has left link "10138: TNorte 7" at position 7.941 m in the same time step.
                  Warning	Simulation second 4687.00: Vehicle 594 ignores the decision "1042" of type "Desired Speed Decision" because it has left link "11647: External Road Gafanha da Nazare" at position 5.279 m in the same time step.
                  Warning	Simulation second 4691.00: Vehicle 469 ignores the decision "300: TNorte 10" of type "Static Vehicle Routing Decision" because it has left link "5: TNorte 4" at position 67.840 m in the same time step.
                  Warning	Simulation second 4695.00: Vehicle 579 ignores the decision "1241" of type "Desired Speed Decision" because it has left link "10033: TNorte 4" at position 7.691 m in the same time step.
                  Warning	Simulation second 4703.00: Vehicle 613 ignores the decision "16: Roundabout South - South Approach LDV" of type "Static Vehicle Routing Decision" because it has left link "70: External Road South" at position 113.974 m in the same time step.
                  Warning	Simulation second 4703.00: Vehicle 613 ignores the decision "17: Roundabout South - South Approach HDV and LDV Port" of type "Static Vehicle Routing Decision" because it has left link "70: External Road South" at position 113.974 m in the same time step.
                  Warning	Simulation second 4708.00: Vehicle 530 ignores the decision "300: TNorte 10" of type "Static Vehicle Routing Decision" because it has left link "5: TNorte 4" at position 67.840 m in the same time step.
                  Warning	Simulation second 4712.00: Vehicle 579 ignores the decision "1236" of type "Desired Speed Decision" because it has left link "10036: TNorte 4" at position 12.478 m in the same time step.
                  Warning	Simulation second 4719.00: Vehicle 580 ignores the decision "19: Roundabout South - Nort Approach" of type "Static Vehicle Routing Decision" because it has left link "89: External Road South" at position 147.277 m in the same time step.
                  Warning	Simulation second 4719.00: Vehicle 580 ignores the decision "304: Roundabout South - Nort Approach HDV and LDV Port" of type "Static Vehicle Routing Decision" because it has left link "89: External Road South" at position 147.277 m in the same time step.
                  Warning	Simulation second 4721.00: Vehicle 579 (on Static Vehicle Route "299 - 1") reached the end of link "26: TNorte 4" without finding the subsequent link ("10046: TNorte 4").	Network object type: Vehicle	Network object keys: 579
                  Warning	Simulation second 4725.00: Vehicle 496 (on Static Vehicle Route "263 - 3") reached the end of link "28: TNorte 7" without finding the subsequent link ("10961: TNorte 7").	Network object type: Vehicle	Network object keys: 496
                  Warning	Simulation second 4726.00: Vehicle 345 ignores the decision "297: TNorte 7" of type "Static Vehicle Routing Decision" because it has left link "342: TNorte 3" at position 71.688 m in the same time step.
                  Warning	Simulation second 4731.00: Vehicle 546 (on Static Vehicle Route "265 - 1") reached the end of link "3: TNorte 5" without finding the subsequent link ("10950: TNorte 7").	Network object type: Vehicle	Network object keys: 546
                  Warning	Simulation second 4734.00: Vehicle 593 ignores the decision "19: Roundabout South - Nort Approach" of type "Static Vehicle Routing Decision" because it has left link "89: External Road South" at position 147.277 m in the same time step.
                  Warning	Simulation second 4734.00: Vehicle 593 ignores the decision "304: Roundabout South - Nort Approach HDV and LDV Port" of type "Static Vehicle Routing Decision" because it has left link "89: External Road South" at position 147.277 m in the same time step.
                  Warning	Simulation second 4737.00: Vehicle 609 ignores the decision "4: Roundabout Terminal Nort - South Approach LDV" of type "Static Vehicle Routing Decision" because it has left link "396: TNorte Entry/Exit" at position 164.855 m in the same time step.
                  Warning	Simulation second 4737.00: Vehicle 609 ignores the decision "5: Roundabout Terminal Nort - South Approach LDV Port" of type "Static Vehicle Routing Decision" because it has left link "396: TNorte Entry/Exit" at position 164.855 m in the same time step.
                  Warning	Simulation second 4737.00: Vehicle 609 ignores the decision "6: Roundabout Terminal Nort - South Approach HDV Port" of type "Static Vehicle Routing Decision" because it has left link "396: TNorte Entry/Exit" at position 164.855 m in the same time step.
                  Warning	Simulation second 4741.00: Vehicle 505 ignores the decision "4: TNorte" of type "Parking Routing Decision" because it has left link "7: TNorte 1" at position 16.018 m in the same time step.
                  Warning	Simulation second 4747.00: Vehicle 619 ignores the decision "16: Roundabout South - South Approach LDV" of type "Static Vehicle Routing Decision" because it has left link "70: External Road South" at position 113.974 m in the same time step.
                  Warning	Simulation second 4747.00: Vehicle 619 ignores the decision "17: Roundabout South - South Approach HDV and LDV Port" of type "Static Vehicle Routing Decision" because it has left link "70: External Road South" at position 113.974 m in the same time step.
                  Warning	Simulation second 4747.00: Vehicle 620 ignores the decision "16: Roundabout South - South Approach LDV" of type "Static Vehicle Routing Decision" because it has left link "70: External Road South" at position 113.974 m in the same time step.
                  Warning	Simulation second 4747.00: Vehicle 620 ignores the decision "17: Roundabout South - South Approach HDV and LDV Port" of type "Static Vehicle Routing Decision" because it has left link "70: External Road South" at position 113.974 m in the same time step.
                  Warning	Simulation second 4754.00: Vehicle 469 ignores the decision "1238" of type "Desired Speed Decision" because it has left link "10031: TNorte 4" at position 12.254 m in the same time step.
                  Warning	Simulation second 4758.00: Vehicle 469 ignores the decision "1244" of type "Desired Speed Decision" because it has left link "10032: TNorte 4" at position 8.141 m in the same time step.
                  Warning	Simulation second 4759.00: Vehicle 615 ignores the decision "22: Roundabout Centre - East Approach LDV" of type "Static Vehicle Routing Decision" because it has left link "372: External Road Centre" at position 61.876 m in the same time step.
                  Warning	Simulation second 4759.00: Vehicle 615 ignores the decision "23: Roundabout Centre - East Approach HDV and LDV Port" of type "Static Vehicle Routing Decision" because it has left link "372: External Road Centre" at position 61.876 m in the same time step.
                  Warning	Simulation second 4762.00: Vehicle 622 ignores the decision "16: Roundabout South - South Approach LDV" of type "Static Vehicle Routing Decision" because it has left link "70: External Road South" at position 113.974 m in the same time step.
                  Warning	Simulation second 4762.00: Vehicle 622 ignores the decision "17: Roundabout South - South Approach HDV and LDV Port" of type "Static Vehicle Routing Decision" because it has left link "70: External Road South" at position 113.974 m in the same time step.
                  Warning	Simulation second 4763.00: Vehicle 530 ignores the decision "300: TNorte 10" of type "Static Vehicle Routing Decision" because it has left link "5: TNorte 4" at position 67.840 m in the same time step.
                  Warning	Simulation second 4767.00: Vehicle 624 ignores the decision "16: Roundabout South - South Approach LDV" of type "Static Vehicle Routing Decision" because it has left link "70: External Road South" at position 113.974 m in the same time step.
                  Warning	Simulation second 4767.00: Vehicle 624 ignores the decision "17: Roundabout South - South Approach HDV and LDV Port" of type "Static Vehicle Routing Decision" because it has left link "70: External Road South" at position 113.974 m in the same time step.
                  Warning	Simulation second 4771.00: Vehicle 345 ignores the decision "297: TNorte 7" of type "Static Vehicle Routing Decision" because it has left link "342: TNorte 3" at position 71.688 m in the same time step.
                  Warning	Simulation second 4772.00: Vehicle 469 ignores the decision "1235" of type "Desired Speed Decision" because it has left link "10034: TNorte 4" at position 10.746 m in the same time step.
                  Warning	Simulation second 4780.00: Vehicle 594 ignores the decision "19: Roundabout South - Nort Approach" of type "Static Vehicle Routing Decision" because it has left link "89: External Road South" at position 147.277 m in the same time step.
                  Warning	Simulation second 4780.00: Vehicle 594 ignores the decision "304: Roundabout South - Nort Approach HDV and LDV Port" of type "Static Vehicle Routing Decision" because it has left link "89: External Road South" at position 147.277 m in the same time step.
                  Warning	Simulation second 4780.00: Vehicle 623 ignores the decision "16: Roundabout South - South Approach LDV" of type "Static Vehicle Routing Decision" because it has left link "70: External Road South" at position 113.974 m in the same time step.
                  Warning	Simulation second 4780.00: Vehicle 623 ignores the decision "17: Roundabout South - South Approach HDV and LDV Port" of type "Static Vehicle Routing Decision" because it has left link "70: External Road South" at position 113.974 m in the same time step.
                  Warning	Simulation second 4781.00: Vehicle 592 left link "300: TGL 1" without stopping at parking lot "112".	Network object type: Vehicle	Network object keys: 592
                  Warning	Simulation second 4781.00: Vehicle 598 ignores the decision "19: Roundabout South - Nort Approach" of type "Static Vehicle Routing Decision" because it has left link "89: External Road South" at position 147.277 m in the same time step.
                  Warning	Simulation second 4781.00: Vehicle 598 ignores the decision "304: Roundabout South - Nort Approach HDV and LDV Port" of type "Static Vehicle Routing Decision" because it has left link "89: External Road South" at position 147.277 m in the same time step.
                  Warning	Simulation second 4785.00: Vehicle 469 ignores the decision "1241" of type "Desired Speed Decision" because it has left link "10033: TNorte 4" at position 7.691 m in the same time step.
                  Warning	Simulation second 4786.00: Vehicle 586 ignores the decision "19: Roundabout South - Nort Approach" of type "Static Vehicle Routing Decision" because it has left link "89: External Road South" at position 147.277 m in the same time step.
                  Warning	Simulation second 4786.00: Vehicle 586 ignores the decision "304: Roundabout South - Nort Approach HDV and LDV Port" of type "Static Vehicle Routing Decision" because it has left link "89: External Road South" at position 147.277 m in the same time step.
                  Warning	Simulation second 4788.00: Vehicle 587 ignores the decision "263: TNorte Multipurpose 7" of type "Static Vehicle Routing Decision" because it has left link "28: TNorte 7" at position 81.926 m in the same time step.
                  Warning	Simulation second 4788.00: Vehicle 614 ignores the decision "19: Roundabout South - Nort Approach" of type "Static Vehicle Routing Decision" because it has left link "89: External Road South" at position 147.277 m in the same time step.
                  Warning	Simulation second 4788.00: Vehicle 614 ignores the decision "304: Roundabout South - Nort Approach HDV and LDV Port" of type "Static Vehicle Routing Decision" because it has left link "89: External Road South" at position 147.277 m in the same time step.
                  Warning	Simulation second 4793.00: Vehicle 532 ignores the decision "4: TNorte" of type "Parking Routing Decision" because it has left link "7: TNorte 1" at position 16.018 m in the same time step.
                  Warning	Simulation second 4794.00: Vehicle 464 ignores the decision "254: Roundabout MultiPurpose - Southeast Aproach" of type "Static Vehicle Routing Decision" because it has left link "32: TNorte 5" at position 848.237 m in the same time step.
                  Warning	Simulation second 4801.00: Vehicle 469 ignores the decision "1236" of type "Desired Speed Decision" because it has left link "10036: TNorte 4" at position 12.478 m in the same time step.
                  Warning	Simulation second 4801.00: Vehicle 625 ignores the decision "16: Roundabout South - South Approach LDV" of type "Static Vehicle Routing Decision" because it has left link "70: External Road South" at position 113.974 m in the same time step.
                  Warning	Simulation second 4801.00: Vehicle 625 ignores the decision "17: Roundabout South - South Approach HDV and LDV Port" of type "Static Vehicle Routing Decision" because it has left link "70: External Road South" at position 113.974 m in the same time step.
                  Warning	Simulation second 4804.00: Vehicle 497 ignores the decision "254: Roundabout MultiPurpose - Southeast Aproach" of type "Static Vehicle Routing Decision" because it has left link "32: TNorte 5" at position 848.237 m in the same time step.
                  Warning	Simulation second 4804.00: Vehicle 613 ignores the decision "4: Roundabout Terminal Nort - South Approach LDV" of type "Static Vehicle Routing Decision" because it has left link "396: TNorte Entry/Exit" at position 164.855 m in the same time step.
                  Warning	Simulation second 4804.00: Vehicle 613 ignores the decision "5: Roundabout Terminal Nort - South Approach LDV Port" of type "Static Vehicle Routing Decision" because it has left link "396: TNorte Entry/Exit" at position 164.855 m in the same time step.
                  Warning	Simulation second 4804.00: Vehicle 613 ignores the decision "6: Roundabout Terminal Nort - South Approach HDV Port" of type "Static Vehicle Routing Decision" because it has left link "396: TNorte Entry/Exit" at position 164.855 m in the same time step.
                  Warning	Simulation second 4805.00: Vehicle 626 ignores the decision "16: Roundabout South - South Approach LDV" of type "Static Vehicle Routing Decision" because it has left link "70: External Road South" at position 113.974 m in the same time step.
                  Warning	Simulation second 4805.00: Vehicle 626 ignores the decision "17: Roundabout South - South Approach HDV and LDV Port" of type "Static Vehicle Routing Decision" because it has left link "70: External Road South" at position 113.974 m in the same time step.
                  Warning	Simulation second 4811.00: Vehicle 581 ignores the decision "19: Roundabout South - Nort Approach" of type "Static Vehicle Routing Decision" because it has left link "89: External Road South" at position 147.277 m in the same time step.
                  Warning	Simulation second 4811.00: Vehicle 581 ignores the decision "304: Roundabout South - Nort Approach HDV and LDV Port" of type "Static Vehicle Routing Decision" because it has left link "89: External Road South" at position 147.277 m in the same time step.
                  Warning	Simulation second 4815.00: Vehicle 620 ignores the decision "1039" of type "Desired Speed Decision" because it has left link "11021: External Road Gafanha da Nazare" at position 1.001 m in the same time step.
                  Warning	Simulation second 4816.00: Vehicle 345 ignores the decision "297: TNorte 7" of type "Static Vehicle Routing Decision" because it has left link "342: TNorte 3" at position 71.688 m in the same time step.
                  Warning	Simulation second 4839.00: Vehicle 617 ignores the decision "25: Roundabot TG - North Approach " of type "Static Vehicle Routing Decision" because it has left link "209: External Road East" at position 250.353 m in the same time step.
                  Warning	Simulation second 4840.00: Vehicle 629 ignores the decision "16: Roundabout South - South Approach LDV" of type "Static Vehicle Routing Decision" because it has left link "70: External Road South" at position 113.974 m in the same time step.
                  Warning	Simulation second 4840.00: Vehicle 629 ignores the decision "17: Roundabout South - South Approach HDV and LDV Port" of type "Static Vehicle Routing Decision" because it has left link "70: External Road South" at position 113.974 m in the same time step.
                  Warning	Simulation second 4842.00: Vehicle 565 ignores the decision "25: Roundabot TG - North Approach " of type "Static Vehicle Routing Decision" because it has left link "209: External Road East" at position 250.353 m in the same time step.
                  Warning	Simulation second 4844.00: Vehicle 622 ignores the decision "20: Roudabout Centre - West Approach LDV" of type "Static Vehicle Routing Decision" because it has left link "367: External Road Centre" at position 210.272 m in the same time step.
                  Warning	Simulation second 4844.00: Vehicle 622 ignores the decision "21: Roudabout Centre - West Approach HDV and LDV Port" of type "Static Vehicle Routing Decision" because it has left link "367: External Road Centre" at position 210.272 m in the same time step.
                  Warning	Simulation second 4844.00: Vehicle 630 ignores the decision "16: Roundabout South - South Approach LDV" of type "Static Vehicle Routing Decision" because it has left link "70: External Road South" at position 113.974 m in the same time step.
                  Warning	Simulation second 4844.00: Vehicle 630 ignores the decision "17: Roundabout South - South Approach HDV and LDV Port" of type "Static Vehicle Routing Decision" because it has left link "70: External Road South" at position 113.974 m in the same time step.
                  Warning	Simulation second 4848.00: Vehicle 632 ignores the decision "16: Roundabout South - South Approach LDV" of type "Static Vehicle Routing Decision" because it has left link "70: External Road South" at position 113.974 m in the same time step.
                  Warning	Simulation second 4848.00: Vehicle 632 ignores the decision "17: Roundabout South - South Approach HDV and LDV Port" of type "Static Vehicle Routing Decision" because it has left link "70: External Road South" at position 113.974 m in the same time step.
                  Warning	Simulation second 4852.00: Vehicle 599 ignores the decision "19: Roundabout South - Nort Approach" of type "Static Vehicle Routing Decision" because it has left link "89: External Road South" at position 147.277 m in the same time step.
                  Warning	Simulation second 4852.00: Vehicle 599 ignores the decision "304: Roundabout South - Nort Approach HDV and LDV Port" of type "Static Vehicle Routing Decision" because it has left link "89: External Road South" at position 147.277 m in the same time step.
                  Warning	Simulation second 4853.00: Vehicle 597 (on Static Vehicle Route "265 - 1") reached the end of link "3: TNorte 5" without finding the subsequent link ("10950: TNorte 7").	Network object type: Vehicle	Network object keys: 597
                  Warning	Simulation second 4855.00: Vehicle 633 ignores the decision "16: Roundabout South - South Approach LDV" of type "Static Vehicle Routing Decision" because it has left link "70: External Road South" at position 113.974 m in the same time step.
                  Warning	Simulation second 4855.00: Vehicle 633 ignores the decision "17: Roundabout South - South Approach HDV and LDV Port" of type "Static Vehicle Routing Decision" because it has left link "70: External Road South" at position 113.974 m in the same time step.
                  Warning	Simulation second 4861.00: Vehicle 345 ignores the decision "297: TNorte 7" of type "Static Vehicle Routing Decision" because it has left link "342: TNorte 3" at position 71.688 m in the same time step.
                  Warning	Simulation second 4862.00: Vehicle 611 (on Static Vehicle Route "263 - 3") reached the end of link "28: TNorte 7" without finding the subsequent link ("10961: TNorte 7").	Network object type: Vehicle	Network object keys: 611
                  Warning	Simulation second 4862.00: Vehicle 631 ignores the decision "16: Roundabout South - South Approach LDV" of type "Static Vehicle Routing Decision" because it has left link "70: External Road South" at position 113.974 m in the same time step.
                  Warning	Simulation second 4862.00: Vehicle 631 ignores the decision "17: Roundabout South - South Approach HDV and LDV Port" of type "Static Vehicle Routing Decision" because it has left link "70: External Road South" at position 113.974 m in the same time step.
                  Warning	Simulation second 4873.00: Vehicle 615 ignores the decision "4: Roundabout Terminal Nort - South Approach LDV" of type "Static Vehicle Routing Decision" because it has left link "396: TNorte Entry/Exit" at position 164.855 m in the same time step.
                  Warning	Simulation second 4873.00: Vehicle 615 ignores the decision "5: Roundabout Terminal Nort - South Approach LDV Port" of type "Static Vehicle Routing Decision" because it has left link "396: TNorte Entry/Exit" at position 164.855 m in the same time step.
                  Warning	Simulation second 4873.00: Vehicle 615 ignores the decision "6: Roundabout Terminal Nort - South Approach HDV Port" of type "Static Vehicle Routing Decision" because it has left link "396: TNorte Entry/Exit" at position 164.855 m in the same time step.
                  Warning	Simulation second 4889.00: Vehicle 637 ignores the decision "16: Roundabout South - South Approach LDV" of type "Static Vehicle Routing Decision" because it has left link "70: External Road South" at position 113.974 m in the same time step.
                  Warning	Simulation second 4889.00: Vehicle 637 ignores the decision "17: Roundabout South - South Approach HDV and LDV Port" of type "Static Vehicle Routing Decision" because it has left link "70: External Road South" at position 113.974 m in the same time step.
                  Warning	Simulation second 4906.00: Vehicle 345 ignores the decision "297: TNorte 7" of type "Static Vehicle Routing Decision" because it has left link "342: TNorte 3" at position 71.688 m in the same time step.
                  Warning	Simulation second 4908.00: Vehicle 609 ignores the decision "19: Roundabout South - Nort Approach" of type "Static Vehicle Routing Decision" because it has left link "89: External Road South" at position 147.277 m in the same time step.
                  Warning	Simulation second 4908.00: Vehicle 609 ignores the decision "304: Roundabout South - Nort Approach HDV and LDV Port" of type "Static Vehicle Routing Decision" because it has left link "89: External Road South" at position 147.277 m in the same time step.
                  Warning	Simulation second 4909.00: Vehicle 640 ignores the decision "16: Roundabout South - South Approach LDV" of type "Static Vehicle Routing Decision" because it has left link "70: External Road South" at position 113.974 m in the same time step.
                  Warning	Simulation second 4909.00: Vehicle 640 ignores the decision "17: Roundabout South - South Approach HDV and LDV Port" of type "Static Vehicle Routing Decision" because it has left link "70: External Road South" at position 113.974 m in the same time step.
                  Warning	Simulation second 4917.00: Vehicle 643 ignores the decision "16: Roundabout South - South Approach LDV" of type "Static Vehicle Routing Decision" because it has left link "70: External Road South" at position 113.974 m in the same time step.
                  Warning	Simulation second 4917.00: Vehicle 643 ignores the decision "17: Roundabout South - South Approach HDV and LDV Port" of type "Static Vehicle Routing Decision" because it has left link "70: External Road South" at position 113.974 m in the same time step.
                  Warning	Simulation second 4929.00: Vehicle 632 ignores the decision "1039" of type "Desired Speed Decision" because it has left link "11021: External Road Gafanha da Nazare" at position 1.001 m in the same time step.
                  Warning	Simulation second 4931.00: Vehicle 629 ignores the decision "4: Roundabout Terminal Nort - South Approach LDV" of type "Static Vehicle Routing Decision" because it has left link "396: TNorte Entry/Exit" at position 164.855 m in the same time step.
                  Warning	Simulation second 4931.00: Vehicle 629 ignores the decision "5: Roundabout Terminal Nort - South Approach LDV Port" of type "Static Vehicle Routing Decision" because it has left link "396: TNorte Entry/Exit" at position 164.855 m in the same time step.
                  Warning	Simulation second 4931.00: Vehicle 629 ignores the decision "6: Roundabout Terminal Nort - South Approach HDV Port" of type "Static Vehicle Routing Decision" because it has left link "396: TNorte Entry/Exit" at position 164.855 m in the same time step.
                  Warning	Simulation second 4931.00: Vehicle 633 ignores the decision "1039" of type "Desired Speed Decision" because it has left link "11021: External Road Gafanha da Nazare" at position 1.001 m in the same time step.
                  Warning	Simulation second 4936.00: Vehicle 630 ignores the decision "4: Roundabout Terminal Nort - South Approach LDV" of type "Static Vehicle Routing Decision" because it has left link "396: TNorte Entry/Exit" at position 164.855 m in the same time step.
                  Warning	Simulation second 4936.00: Vehicle 630 ignores the decision "5: Roundabout Terminal Nort - South Approach LDV Port" of type "Static Vehicle Routing Decision" because it has left link "396: TNorte Entry/Exit" at position 164.855 m in the same time step.
                  Warning	Simulation second 4936.00: Vehicle 630 ignores the decision "6: Roundabout Terminal Nort - South Approach HDV Port" of type "Static Vehicle Routing Decision" because it has left link "396: TNorte Entry/Exit" at position 164.855 m in the same time step.
                  Warning	Simulation second 4940.00: Vehicle 636 ignores the decision "22: Roundabout Centre - East Approach LDV" of type "Static Vehicle Routing Decision" because it has left link "372: External Road Centre" at position 61.876 m in the same time step.
                  Warning	Simulation second 4945.00: Vehicle 627 ignores the decision "1039" of type "Desired Speed Decision" because it has left link "11021: External Road Gafanha da Nazare" at position 1.001 m in the same time step.
                  Warning	Simulation second 4947.00: Vehicle 639 ignores the decision "22: Roundabout Centre - East Approach LDV" of type "Static Vehicle Routing Decision" because it has left link "372: External Road Centre" at position 61.876 m in the same time step.
                  Warning	Simulation second 4947.00: Vehicle 639 ignores the decision "23: Roundabout Centre - East Approach HDV and LDV Port" of type "Static Vehicle Routing Decision" because it has left link "372: External Road Centre" at position 61.876 m in the same time step.
                  Warning	Simulation second 4951.00: Vehicle 345 ignores the decision "297: TNorte 7" of type "Static Vehicle Routing Decision" because it has left link "342: TNorte 3" at position 71.688 m in the same time step.
                  Warning	Simulation second 4951.00: Vehicle 642 ignores the decision "16: Roundabout South - South Approach LDV" of type "Static Vehicle Routing Decision" because it has left link "70: External Road South" at position 113.974 m in the same time step.
                  Warning	Simulation second 4951.00: Vehicle 642 ignores the decision "17: Roundabout South - South Approach HDV and LDV Port" of type "Static Vehicle Routing Decision" because it has left link "70: External Road South" at position 113.974 m in the same time step.
                  Warning	Simulation second 4957.00: Vehicle 582 ignores the decision "193: Roundabout Prio - North Approach LDV" of type "Static Vehicle Routing Decision" because it has left link "633: TGS External Road" at position 777.531 m in the same time step.
                  Warning	Simulation second 4960.00: Vehicle 649 ignores the decision "16: Roundabout South - South Approach LDV" of type "Static Vehicle Routing Decision" because it has left link "70: External Road South" at position 113.974 m in the same time step.
                  Warning	Simulation second 4960.00: Vehicle 649 ignores the decision "17: Roundabout South - South Approach HDV and LDV Port" of type "Static Vehicle Routing Decision" because it has left link "70: External Road South" at position 113.974 m in the same time step.
                  Warning	Simulation second 4965.00: Vehicle 651 ignores the decision "16: Roundabout South - South Approach LDV" of type "Static Vehicle Routing Decision" because it has left link "70: External Road South" at position 113.974 m in the same time step.
                  Warning	Simulation second 4965.00: Vehicle 651 ignores the decision "17: Roundabout South - South Approach HDV and LDV Port" of type "Static Vehicle Routing Decision" because it has left link "70: External Road South" at position 113.974 m in the same time step.
                  Warning	Simulation second 4968.00: Vehicle 613 ignores the decision "1287" of type "Desired Speed Decision" because it has left link "10028: TNorte 8" at position 5.026 m in the same time step.
                  Warning	Simulation second 4972.00: Vehicle 631 ignores the decision "4: Roundabout Terminal Nort - South Approach LDV" of type "Static Vehicle Routing Decision" because it has left link "396: TNorte Entry/Exit" at position 164.855 m in the same time step.
                  Warning	Simulation second 4972.00: Vehicle 631 ignores the decision "5: Roundabout Terminal Nort - South Approach LDV Port" of type "Static Vehicle Routing Decision" because it has left link "396: TNorte Entry/Exit" at position 164.855 m in the same time step.
                  Warning	Simulation second 4972.00: Vehicle 631 ignores the decision "6: Roundabout Terminal Nort - South Approach HDV Port" of type "Static Vehicle Routing Decision" because it has left link "396: TNorte Entry/Exit" at position 164.855 m in the same time step.
                  Warning	Simulation second 4977.00: Vehicle 654 ignores the decision "16: Roundabout South - South Approach LDV" of type "Static Vehicle Routing Decision" because it has left link "70: External Road South" at position 113.974 m in the same time step.
                  Warning	Simulation second 4977.00: Vehicle 654 ignores the decision "17: Roundabout South - South Approach HDV and LDV Port" of type "Static Vehicle Routing Decision" because it has left link "70: External Road South" at position 113.974 m in the same time step.
                  Warning	Simulation second 4996.00: Vehicle 345 ignores the decision "297: TNorte 7" of type "Static Vehicle Routing Decision" because it has left link "342: TNorte 3" at position 71.688 m in the same time step.
                  Warning	Simulation second 5002.00: Vehicle 641 ignores the decision "4: Roundabout Terminal Nort - South Approach LDV" of type "Static Vehicle Routing Decision" because it has left link "396: TNorte Entry/Exit" at position 164.855 m in the same time step.
                  Warning	Simulation second 5002.00: Vehicle 641 ignores the decision "5: Roundabout Terminal Nort - South Approach LDV Port" of type "Static Vehicle Routing Decision" because it has left link "396: TNorte Entry/Exit" at position 164.855 m in the same time step.
                  Warning	Simulation second 5002.00: Vehicle 641 ignores the decision "6: Roundabout Terminal Nort - South Approach HDV Port" of type "Static Vehicle Routing Decision" because it has left link "396: TNorte Entry/Exit" at position 164.855 m in the same time step.
                  Warning	Simulation second 5006.00: Vehicle 658 ignores the decision "16: Roundabout South - South Approach LDV" of type "Static Vehicle Routing Decision" because it has left link "70: External Road South" at position 113.974 m in the same time step.
                  Warning	Simulation second 5006.00: Vehicle 658 ignores the decision "17: Roundabout South - South Approach HDV and LDV Port" of type "Static Vehicle Routing Decision" because it has left link "70: External Road South" at position 113.974 m in the same time step.
                  Warning	Simulation second 5009.00: Vehicle 523 ignores the decision "193: Roundabout Prio - North Approach LDV" of type "Static Vehicle Routing Decision" because it has left link "633: TGS External Road" at position 777.531 m in the same time step.
                  Warning	Simulation second 5026.00: Vehicle 659 ignores the decision "22: Roundabout Centre - East Approach LDV" of type "Static Vehicle Routing Decision" because it has left link "372: External Road Centre" at position 61.876 m in the same time step.
                  Warning	Simulation second 5026.00: Vehicle 659 ignores the decision "23: Roundabout Centre - East Approach HDV and LDV Port" of type "Static Vehicle Routing Decision" because it has left link "372: External Road Centre" at position 61.876 m in the same time step.
                  Warning	Simulation second 5039.00: Vehicle 665 ignores the decision "16: Roundabout South - South Approach LDV" of type "Static Vehicle Routing Decision" because it has left link "70: External Road South" at position 113.974 m in the same time step.
                  Warning	Simulation second 5039.00: Vehicle 665 ignores the decision "17: Roundabout South - South Approach HDV and LDV Port" of type "Static Vehicle Routing Decision" because it has left link "70: External Road South" at position 113.974 m in the same time step.
                  Warning	Simulation second 5041.00: Vehicle 345 ignores the decision "297: TNorte 7" of type "Static Vehicle Routing Decision" because it has left link "342: TNorte 3" at position 71.688 m in the same time step.
                  Warning	Simulation second 5049.00: Vehicle 667 ignores the decision "16: Roundabout South - South Approach LDV" of type "Static Vehicle Routing Decision" because it has left link "70: External Road South" at position 113.974 m in the same time step.
                  Warning	Simulation second 5049.00: Vehicle 667 ignores the decision "17: Roundabout South - South Approach HDV and LDV Port" of type "Static Vehicle Routing Decision" because it has left link "70: External Road South" at position 113.974 m in the same time step.
                  Warning	Simulation second 5056.00: Vehicle 638 ignores the decision "1042" of type "Desired Speed Decision" because it has left link "11647: External Road Gafanha da Nazare" at position 5.279 m in the same time step.
                  Warning	Simulation second 5059.00: Vehicle 668 ignores the decision "16: Roundabout South - South Approach LDV" of type "Static Vehicle Routing Decision" because it has left link "70: External Road South" at position 113.974 m in the same time step.
                  Warning	Simulation second 5059.00: Vehicle 668 ignores the decision "17: Roundabout South - South Approach HDV and LDV Port" of type "Static Vehicle Routing Decision" because it has left link "70: External Road South" at position 113.974 m in the same time step.
                  Warning	Simulation second 5064.00: Vehicle 670 ignores the decision "16: Roundabout South - South Approach LDV" of type "Static Vehicle Routing Decision" because it has left link "70: External Road South" at position 113.974 m in the same time step.
                  Warning	Simulation second 5064.00: Vehicle 670 ignores the decision "17: Roundabout South - South Approach HDV and LDV Port" of type "Static Vehicle Routing Decision" because it has left link "70: External Road South" at position 113.974 m in the same time step.
                  Warning	Simulation second 5069.00: Vehicle 497 ignores the decision "254: Roundabout MultiPurpose - Southeast Aproach" of type "Static Vehicle Routing Decision" because it has left link "32: TNorte 5" at position 848.237 m in the same time step.
                  Warning	Simulation second 5071.00: Vehicle 630 ignores the decision "19: Roundabout South - Nort Approach" of type "Static Vehicle Routing Decision" because it has left link "89: External Road South" at position 147.277 m in the same time step.
                  Warning	Simulation second 5071.00: Vehicle 630 ignores the decision "304: Roundabout South - Nort Approach HDV and LDV Port" of type "Static Vehicle Routing Decision" because it has left link "89: External Road South" at position 147.277 m in the same time step.
                  Warning	Simulation second 5073.00: Vehicle 671 ignores the decision "16: Roundabout South - South Approach LDV" of type "Static Vehicle Routing Decision" because it has left link "70: External Road South" at position 113.974 m in the same time step.
                  Warning	Simulation second 5073.00: Vehicle 671 ignores the decision "17: Roundabout South - South Approach HDV and LDV Port" of type "Static Vehicle Routing Decision" because it has left link "70: External Road South" at position 113.974 m in the same time step.
                  Warning	Simulation second 5077.00: Vehicle 612 ignores the decision "19: Roundabout South - Nort Approach" of type "Static Vehicle Routing Decision" because it has left link "89: External Road South" at position 147.277 m in the same time step.
                  Warning	Simulation second 5077.00: Vehicle 612 ignores the decision "304: Roundabout South - Nort Approach HDV and LDV Port" of type "Static Vehicle Routing Decision" because it has left link "89: External Road South" at position 147.277 m in the same time step.
                  Warning	Simulation second 5078.00: Vehicle 645 ignores the decision "1042" of type "Desired Speed Decision" because it has left link "11647: External Road Gafanha da Nazare" at position 5.279 m in the same time step.
                  Warning	Simulation second 5081.00: Vehicle 653 ignores the decision "1039" of type "Desired Speed Decision" because it has left link "11021: External Road Gafanha da Nazare" at position 1.001 m in the same time step.
                  Warning	Simulation second 5082.00: Vehicle 672 ignores the decision "16: Roundabout South - South Approach LDV" of type "Static Vehicle Routing Decision" because it has left link "70: External Road South" at position 113.974 m in the same time step.
                  Warning	Simulation second 5082.00: Vehicle 672 ignores the decision "17: Roundabout South - South Approach HDV and LDV Port" of type "Static Vehicle Routing Decision" because it has left link "70: External Road South" at position 113.974 m in the same time step.
                  Warning	Simulation second 5086.00: Vehicle 345 ignores the decision "297: TNorte 7" of type "Static Vehicle Routing Decision" because it has left link "342: TNorte 3" at position 71.688 m in the same time step.
                  Warning	Simulation second 5091.00: Vehicle 639 ignores the decision "19: Roundabout South - Nort Approach" of type "Static Vehicle Routing Decision" because it has left link "89: External Road South" at position 147.277 m in the same time step.
                  Warning	Simulation second 5091.00: Vehicle 639 ignores the decision "304: Roundabout South - Nort Approach HDV and LDV Port" of type "Static Vehicle Routing Decision" because it has left link "89: External Road South" at position 147.277 m in the same time step.
                  Warning	Simulation second 5093.00: Vehicle 650 ignores the decision "1039" of type "Desired Speed Decision" because it has left link "11021: External Road Gafanha da Nazare" at position 1.001 m in the same time step.
                  Warning	Simulation second 5097.00: Vehicle 464 ignores the decision "1305" of type "Desired Speed Decision" because it has left link "10240: TNorte 8" at position 14.464 m in the same time step.
                  Warning	Simulation second 5097.00: Vehicle 625 ignores the decision "1599" of type "Desired Speed Decision" because it has left link "10193: TGS Entry/Exit" at position 25.221 m in the same time step.
                  Warning	Simulation second 5099.00: Vehicle 625 ignores the decision "267: TGS 10,11,12,13" of type "Static Vehicle Routing Decision" because it has left link "58: TGS Entry/Exit" at position 41.299 m in the same time step.
                  Warning	Simulation second 5101.00: Vehicle 625 ignores the decision "1637" of type "Desired Speed Decision" because it has left link "10111: TGS 13" at position 16.150 m in the same time step.
                  Warning	Simulation second 5106.00: Vehicle 652 ignores the decision "4: Roundabout Terminal Nort - South Approach LDV" of type "Static Vehicle Routing Decision" because it has left link "396: TNorte Entry/Exit" at position 164.855 m in the same time step.
                  Warning	Simulation second 5106.00: Vehicle 652 ignores the decision "5: Roundabout Terminal Nort - South Approach LDV Port" of type "Static Vehicle Routing Decision" because it has left link "396: TNorte Entry/Exit" at position 164.855 m in the same time step.
                  Warning	Simulation second 5106.00: Vehicle 652 ignores the decision "6: Roundabout Terminal Nort - South Approach HDV Port" of type "Static Vehicle Routing Decision" because it has left link "396: TNorte Entry/Exit" at position 164.855 m in the same time step.
                  Warning	Simulation second 5111.00: Vehicle 629 ignores the decision "254: Roundabout MultiPurpose - Southeast Aproach" of type "Static Vehicle Routing Decision" because it has left link "32: TNorte 5" at position 848.237 m in the same time step.
                  Warning	Simulation second 5112.00: Vehicle 648 ignores the decision "4: Roundabout Terminal Nort - South Approach LDV" of type "Static Vehicle Routing Decision" because it has left link "396: TNorte Entry/Exit" at position 164.855 m in the same time step.
                  Warning	Simulation second 5112.00: Vehicle 648 ignores the decision "5: Roundabout Terminal Nort - South Approach LDV Port" of type "Static Vehicle Routing Decision" because it has left link "396: TNorte Entry/Exit" at position 164.855 m in the same time step.
                  Warning	Simulation second 5112.00: Vehicle 648 ignores the decision "6: Roundabout Terminal Nort - South Approach HDV Port" of type "Static Vehicle Routing Decision" because it has left link "396: TNorte Entry/Exit" at position 164.855 m in the same time step.
                  Warning	Simulation second 5114.00: Vehicle 649 ignores the decision "4: Roundabout Terminal Nort - South Approach LDV" of type "Static Vehicle Routing Decision" because it has left link "396: TNorte Entry/Exit" at position 164.855 m in the same time step.
                  Warning	Simulation second 5114.00: Vehicle 649 ignores the decision "5: Roundabout Terminal Nort - South Approach LDV Port" of type "Static Vehicle Routing Decision" because it has left link "396: TNorte Entry/Exit" at position 164.855 m in the same time step.
                  Warning	Simulation second 5114.00: Vehicle 649 ignores the decision "6: Roundabout Terminal Nort - South Approach HDV Port" of type "Static Vehicle Routing Decision" because it has left link "396: TNorte Entry/Exit" at position 164.855 m in the same time step.
                  Warning	Simulation second 5116.00: Vehicle 587 ignores the decision "255: Roundabout MultiPurpose - Northeast Aproach" of type "Static Vehicle Routing Decision" because it has left link "125: TNorte 1" at position 53.048 m in the same time step.
                  Warning	Simulation second 5116.00: Vehicle 631 ignores the decision "19: Roundabout South - Nort Approach" of type "Static Vehicle Routing Decision" because it has left link "89: External Road South" at position 147.277 m in the same time step.
                  Warning	Simulation second 5116.00: Vehicle 631 ignores the decision "304: Roundabout South - Nort Approach HDV and LDV Port" of type "Static Vehicle Routing Decision" because it has left link "89: External Road South" at position 147.277 m in the same time step.
                  Warning	Simulation second 5116.00: Vehicle 663 ignores the decision "4: Roundabout Terminal Nort - South Approach LDV" of type "Static Vehicle Routing Decision" because it has left link "396: TNorte Entry/Exit" at position 164.855 m in the same time step.
                  Warning	Simulation second 5116.00: Vehicle 663 ignores the decision "5: Roundabout Terminal Nort - South Approach LDV Port" of type "Static Vehicle Routing Decision" because it has left link "396: TNorte Entry/Exit" at position 164.855 m in the same time step.
                  Warning	Simulation second 5116.00: Vehicle 663 ignores the decision "6: Roundabout Terminal Nort - South Approach HDV Port" of type "Static Vehicle Routing Decision" because it has left link "396: TNorte Entry/Exit" at position 164.855 m in the same time step.
                  Warning	Simulation second 5120.00: Vehicle 644 ignores the decision "4: Roundabout Terminal Nort - South Approach LDV" of type "Static Vehicle Routing Decision" because it has left link "396: TNorte Entry/Exit" at position 164.855 m in the same time step.
                  Warning	Simulation second 5120.00: Vehicle 644 ignores the decision "5: Roundabout Terminal Nort - South Approach LDV Port" of type "Static Vehicle Routing Decision" because it has left link "396: TNorte Entry/Exit" at position 164.855 m in the same time step.
                  Warning	Simulation second 5120.00: Vehicle 644 ignores the decision "6: Roundabout Terminal Nort - South Approach HDV Port" of type "Static Vehicle Routing Decision" because it has left link "396: TNorte Entry/Exit" at position 164.855 m in the same time step.
                  Warning	Simulation second 5123.00: Vehicle 659 ignores the decision "19: Roundabout South - Nort Approach" of type "Static Vehicle Routing Decision" because it has left link "89: External Road South" at position 147.277 m in the same time step.
                  Warning	Simulation second 5123.00: Vehicle 659 ignores the decision "304: Roundabout South - Nort Approach HDV and LDV Port" of type "Static Vehicle Routing Decision" because it has left link "89: External Road South" at position 147.277 m in the same time step.
                  Warning	Simulation second 5124.00: Vehicle 658 ignores the decision "4: Roundabout Terminal Nort - South Approach LDV" of type "Static Vehicle Routing Decision" because it has left link "396: TNorte Entry/Exit" at position 164.855 m in the same time step.
                  Warning	Simulation second 5124.00: Vehicle 658 ignores the decision "5: Roundabout Terminal Nort - South Approach LDV Port" of type "Static Vehicle Routing Decision" because it has left link "396: TNorte Entry/Exit" at position 164.855 m in the same time step.
                  Warning	Simulation second 5124.00: Vehicle 658 ignores the decision "6: Roundabout Terminal Nort - South Approach HDV Port" of type "Static Vehicle Routing Decision" because it has left link "396: TNorte Entry/Exit" at position 164.855 m in the same time step.
                  Warning	Simulation second 5128.00: Vehicle 589 ignores the decision "1237" of type "Desired Speed Decision" because it has left link "10030: TNorte 4" at position 11.772 m in the same time step.
                  Warning	Simulation second 5128.00: Vehicle 641 ignores the decision "19: Roundabout South - Nort Approach" of type "Static Vehicle Routing Decision" because it has left link "89: External Road South" at position 147.277 m in the same time step.
                  Warning	Simulation second 5128.00: Vehicle 641 ignores the decision "304: Roundabout South - Nort Approach HDV and LDV Port" of type "Static Vehicle Routing Decision" because it has left link "89: External Road South" at position 147.277 m in the same time step.
                  Warning	Simulation second 5131.00: Vehicle 345 ignores the decision "297: TNorte 7" of type "Static Vehicle Routing Decision" because it has left link "342: TNorte 3" at position 71.688 m in the same time step.
                  Warning	Simulation second 5131.00: Vehicle 582 ignores the decision "25: Roundabot TG - North Approach " of type "Static Vehicle Routing Decision" because it has left link "209: External Road East" at position 250.353 m in the same time step.
                  Warning	Simulation second 5136.00: Vehicle 667 ignores the decision "5: Roundabout Terminal Nort - South Approach LDV Port" of type "Static Vehicle Routing Decision" because it has left link "396: TNorte Entry/Exit" at position 164.855 m in the same time step.
                  Warning	Simulation second 5136.00: Vehicle 667 ignores the decision "6: Roundabout Terminal Nort - South Approach HDV Port" of type "Static Vehicle Routing Decision" because it has left link "396: TNorte Entry/Exit" at position 164.855 m in the same time step.
                  Warning	Simulation second 5139.00: Vehicle 638 ignores the decision "19: Roundabout South - Nort Approach" of type "Static Vehicle Routing Decision" because it has left link "89: External Road South" at position 147.277 m in the same time step.
                  Warning	Simulation second 5139.00: Vehicle 638 ignores the decision "304: Roundabout South - Nort Approach HDV and LDV Port" of type "Static Vehicle Routing Decision" because it has left link "89: External Road South" at position 147.277 m in the same time step.
                  Warning	Simulation second 5139.00: Vehicle 683 ignores the decision "16: Roundabout South - South Approach LDV" of type "Static Vehicle Routing Decision" because it has left link "70: External Road South" at position 113.974 m in the same time step.
                  Warning	Simulation second 5139.00: Vehicle 683 ignores the decision "17: Roundabout South - South Approach HDV and LDV Port" of type "Static Vehicle Routing Decision" because it has left link "70: External Road South" at position 113.974 m in the same time step.
                  Warning	Simulation second 5153.00: Vehicle 645 ignores the decision "19: Roundabout South - Nort Approach" of type "Static Vehicle Routing Decision" because it has left link "89: External Road South" at position 147.277 m in the same time step.
                  Warning	Simulation second 5153.00: Vehicle 645 ignores the decision "304: Roundabout South - Nort Approach HDV and LDV Port" of type "Static Vehicle Routing Decision" because it has left link "89: External Road South" at position 147.277 m in the same time step.
                  Warning	Simulation second 5154.00: Vehicle 688 ignores the decision "16: Roundabout South - South Approach LDV" of type "Static Vehicle Routing Decision" because it has left link "70: External Road South" at position 113.974 m in the same time step.
                  Warning	Simulation second 5154.00: Vehicle 688 ignores the decision "17: Roundabout South - South Approach HDV and LDV Port" of type "Static Vehicle Routing Decision" because it has left link "70: External Road South" at position 113.974 m in the same time step.
                  Warning	Simulation second 5155.00: Vehicle 668 ignores the decision "4: Roundabout Terminal Nort - South Approach LDV" of type "Static Vehicle Routing Decision" because it has left link "396: TNorte Entry/Exit" at position 164.855 m in the same time step.
                  Warning	Simulation second 5155.00: Vehicle 668 ignores the decision "5: Roundabout Terminal Nort - South Approach LDV Port" of type "Static Vehicle Routing Decision" because it has left link "396: TNorte Entry/Exit" at position 164.855 m in the same time step.
                  Warning	Simulation second 5155.00: Vehicle 668 ignores the decision "6: Roundabout Terminal Nort - South Approach HDV Port" of type "Static Vehicle Routing Decision" because it has left link "396: TNorte Entry/Exit" at position 164.855 m in the same time step.
                  Warning	Simulation second 5158.00: Vehicle 662 ignores the decision "19: Roundabout South - Nort Approach" of type "Static Vehicle Routing Decision" because it has left link "89: External Road South" at position 147.277 m in the same time step.
                  Warning	Simulation second 5158.00: Vehicle 662 ignores the decision "304: Roundabout South - Nort Approach HDV and LDV Port" of type "Static Vehicle Routing Decision" because it has left link "89: External Road South" at position 147.277 m in the same time step.
                  Warning	Simulation second 5165.00: Vehicle 589 ignores the decision "1241" of type "Desired Speed Decision" because it has left link "10033: TNorte 4" at position 7.691 m in the same time step.
                  Warning	Simulation second 5166.00: Vehicle 670 ignores the decision "4: Roundabout Terminal Nort - South Approach LDV" of type "Static Vehicle Routing Decision" because it has left link "396: TNorte Entry/Exit" at position 164.855 m in the same time step.
                  Warning	Simulation second 5166.00: Vehicle 670 ignores the decision "5: Roundabout Terminal Nort - South Approach LDV Port" of type "Static Vehicle Routing Decision" because it has left link "396: TNorte Entry/Exit" at position 164.855 m in the same time step.
                  Warning	Simulation second 5166.00: Vehicle 670 ignores the decision "6: Roundabout Terminal Nort - South Approach HDV Port" of type "Static Vehicle Routing Decision" because it has left link "396: TNorte Entry/Exit" at position 164.855 m in the same time step.
                  Warning	Simulation second 5170.00: Vehicle 687 ignores the decision "16: Roundabout South - South Approach LDV" of type "Static Vehicle Routing Decision" because it has left link "70: External Road South" at position 113.974 m in the same time step.
                  Warning	Simulation second 5170.00: Vehicle 687 ignores the decision "17: Roundabout South - South Approach HDV and LDV Port" of type "Static Vehicle Routing Decision" because it has left link "70: External Road South" at position 113.974 m in the same time step.
                  Warning	Simulation second 5176.00: Vehicle 345 ignores the decision "297: TNorte 7" of type "Static Vehicle Routing Decision" because it has left link "342: TNorte 3" at position 71.688 m in the same time step.
                  Warning	Simulation second 5176.00: Vehicle 672 ignores the decision "4: Roundabout Terminal Nort - South Approach LDV" of type "Static Vehicle Routing Decision" because it has left link "396: TNorte Entry/Exit" at position 164.855 m in the same time step.
                  Warning	Simulation second 5176.00: Vehicle 672 ignores the decision "5: Roundabout Terminal Nort - South Approach LDV Port" of type "Static Vehicle Routing Decision" because it has left link "396: TNorte Entry/Exit" at position 164.855 m in the same time step.
                  Warning	Simulation second 5176.00: Vehicle 672 ignores the decision "6: Roundabout Terminal Nort - South Approach HDV Port" of type "Static Vehicle Routing Decision" because it has left link "396: TNorte Entry/Exit" at position 164.855 m in the same time step.
                  Warning	Simulation second 5177.00: Vehicle 693 ignores the decision "16: Roundabout South - South Approach LDV" of type "Static Vehicle Routing Decision" because it has left link "70: External Road South" at position 113.974 m in the same time step.
                  Warning	Simulation second 5177.00: Vehicle 693 ignores the decision "17: Roundabout South - South Approach HDV and LDV Port" of type "Static Vehicle Routing Decision" because it has left link "70: External Road South" at position 113.974 m in the same time step.
                  Warning	Simulation second 5179.00: Vehicle 696 ignores the decision "16: Roundabout South - South Approach LDV" of type "Static Vehicle Routing Decision" because it has left link "70: External Road South" at position 113.974 m in the same time step.
                  Warning	Simulation second 5179.00: Vehicle 696 ignores the decision "17: Roundabout South - South Approach HDV and LDV Port" of type "Static Vehicle Routing Decision" because it has left link "70: External Road South" at position 113.974 m in the same time step.
                  Warning	Simulation second 5182.00: Vehicle 697 ignores the decision "16: Roundabout South - South Approach LDV" of type "Static Vehicle Routing Decision" because it has left link "70: External Road South" at position 113.974 m in the same time step.
                  Warning	Simulation second 5182.00: Vehicle 697 ignores the decision "17: Roundabout South - South Approach HDV and LDV Port" of type "Static Vehicle Routing Decision" because it has left link "70: External Road South" at position 113.974 m in the same time step.
                  Warning	Simulation second 5184.00: Vehicle 589 ignores the decision "1236" of type "Desired Speed Decision" because it has left link "10036: TNorte 4" at position 12.478 m in the same time step.
                  Warning	Simulation second 5185.00: Vehicle 637 ignores the decision "25: Roundabot TG - North Approach " of type "Static Vehicle Routing Decision" because it has left link "209: External Road East" at position 250.353 m in the same time step.
                  Warning	Simulation second 5192.00: Vehicle 589 ignores the decision "299: TNorte 9" of type "Static Vehicle Routing Decision" because it has left link "26: TNorte 4" at position 77.914 m in the same time step.
                  Warning	Simulation second 5194.00: Vehicle 665 ignores the decision "1126" of type "Desired Speed Decision" because it has left link "10061: TNorte 2" at position 4.140 m in the same time step.
                  Warning	Simulation second 5198.00: Vehicle 283 left link "330: Port Water Channel" without stopping at parking lot "178: Decks TGS 2".	Network object type: Vehicle	Network object keys: 283
                  Warning	Simulation second 5198.00: Vehicle 629 ignores the decision "254: Roundabout MultiPurpose - Southeast Aproach" of type "Static Vehicle Routing Decision" because it has left link "32: TNorte 5" at position 848.237 m in the same time step.
                  Warning	Simulation second 5199.00: Vehicle 615 ignores the decision "255: Roundabout MultiPurpose - Northeast Aproach" of type "Static Vehicle Routing Decision" because it has left link "125: TNorte 1" at position 53.048 m in the same time step.
                  Warning	Simulation second 5199.00: Vehicle 665 ignores the decision "1122" of type "Desired Speed Decision" because it has left link "10071: TNorte 2" at position 7.125 m in the same time step.
                  Warning	Simulation second 5200.00: Vehicle 530 ignores the decision "283: TRo-ro4" of type "Static Vehicle Routing Decision" because it has left link "350: TNorte 8" at position 66.230 m in the same time step.
                  Warning	Simulation second 5200.00: Vehicle 625 ignores the decision "256: Solid Bulk South West - Aveiro Port" of type "Static Vehicle Routing Decision" because it has left link "63: TGS Entry/Exit" at position 42.721 m in the same time step.
                  Warning	Simulation second 5202.00: Vehicle 665 ignores the decision "1132" of type "Desired Speed Decision" because it has left link "10073: TNorte 2" at position 5.764 m in the same time step.
                  Warning	Simulation second 5203.00: Vehicle 665 ignores the decision "1133" of type "Desired Speed Decision" because it has left link "10074: TNorte 2" at position 4.814 m in the same time step.
                  Warning	Simulation second 5203.00: Vehicle 676 ignores the decision "4: Roundabout Terminal Nort - South Approach LDV" of type "Static Vehicle Routing Decision" because it has left link "396: TNorte Entry/Exit" at position 164.855 m in the same time step.
                  Warning	Simulation second 5203.00: Vehicle 676 ignores the decision "5: Roundabout Terminal Nort - South Approach LDV Port" of type "Static Vehicle Routing Decision" because it has left link "396: TNorte Entry/Exit" at position 164.855 m in the same time step.
                  Warning	Simulation second 5203.00: Vehicle 676 ignores the decision "6: Roundabout Terminal Nort - South Approach HDV Port" of type "Static Vehicle Routing Decision" because it has left link "396: TNorte Entry/Exit" at position 164.855 m in the same time step.
                  Warning	Simulation second 5203.00: Vehicle 701 ignores the decision "16: Roundabout South - South Approach LDV" of type "Static Vehicle Routing Decision" because it has left link "70: External Road South" at position 113.974 m in the same time step.
                  Warning	Simulation second 5203.00: Vehicle 701 ignores the decision "17: Roundabout South - South Approach HDV and LDV Port" of type "Static Vehicle Routing Decision" because it has left link "70: External Road South" at position 113.974 m in the same time step.
                  Warning	Simulation second 5204.00: Vehicle 623 ignores the decision "25: Roundabot TG - North Approach " of type "Static Vehicle Routing Decision" because it has left link "209: External Road East" at position 250.353 m in the same time step.
                  Warning	Simulation second 5206.00: Vehicle 665 ignores the decision "1137" of type "Desired Speed Decision" because it has left link "10070: TNorte 2" at position 6.954 m in the same time step.
                  Warning	Simulation second 5207.00: Vehicle 690 ignores the decision "22: Roundabout Centre - East Approach LDV" of type "Static Vehicle Routing Decision" because it has left link "372: External Road Centre" at position 61.876 m in the same time step.
                  Warning	Simulation second 5207.00: Vehicle 690 ignores the decision "23: Roundabout Centre - East Approach HDV and LDV Port" of type "Static Vehicle Routing Decision" because it has left link "372: External Road Centre" at position 61.876 m in the same time step.
                  Warning	Simulation second 5213.00: Vehicle 702 ignores the decision "16: Roundabout South - South Approach LDV" of type "Static Vehicle Routing Decision" because it has left link "70: External Road South" at position 113.974 m in the same time step.
                  Warning	Simulation second 5213.00: Vehicle 702 ignores the decision "17: Roundabout South - South Approach HDV and LDV Port" of type "Static Vehicle Routing Decision" because it has left link "70: External Road South" at position 113.974 m in the same time step.
                  Warning	Simulation second 5218.00: Vehicle 704 ignores the decision "16: Roundabout South - South Approach LDV" of type "Static Vehicle Routing Decision" because it has left link "70: External Road South" at position 113.974 m in the same time step.
                  Warning	Simulation second 5218.00: Vehicle 704 ignores the decision "17: Roundabout South - South Approach HDV and LDV Port" of type "Static Vehicle Routing Decision" because it has left link "70: External Road South" at position 113.974 m in the same time step.
                  Warning	Simulation second 5219.00: Vehicle 657 ignores the decision "1042" of type "Desired Speed Decision" because it has left link "11647: External Road Gafanha da Nazare" at position 5.279 m in the same time step.
                  Warning	Simulation second 5221.00: Vehicle 345 ignores the decision "297: TNorte 7" of type "Static Vehicle Routing Decision" because it has left link "342: TNorte 3" at position 71.688 m in the same time step.
                  Warning	Simulation second 5221.00: Vehicle 660 ignores the decision "1042" of type "Desired Speed Decision" because it has left link "11647: External Road Gafanha da Nazare" at position 5.279 m in the same time step.
                  Warning	Simulation second 5224.00: Vehicle 663 ignores the decision "254: Roundabout MultiPurpose - Southeast Aproach" of type "Static Vehicle Routing Decision" because it has left link "32: TNorte 5" at position 848.237 m in the same time step.
                  Warning	Simulation second 5229.00: Vehicle 637 ignores the decision "22: Roundabout Centre - East Approach LDV" of type "Static Vehicle Routing Decision" because it has left link "372: External Road Centre" at position 61.876 m in the same time step.
                  Warning	Simulation second 5238.00: Vehicle 497 ignores the decision "18: TRo-ro1" of type "Parking Routing Decision" because it has left link "165: TNorte 8" at position 20.695 m in the same time step.
                  Warning	Simulation second 5240.00: Vehicle 675 ignores the decision "4: Roundabout Terminal Nort - South Approach LDV" of type "Static Vehicle Routing Decision" because it has left link "396: TNorte Entry/Exit" at position 164.855 m in the same time step.
                  Warning	Simulation second 5240.00: Vehicle 675 ignores the decision "5: Roundabout Terminal Nort - South Approach LDV Port" of type "Static Vehicle Routing Decision" because it has left link "396: TNorte Entry/Exit" at position 164.855 m in the same time step.
                  Warning	Simulation second 5240.00: Vehicle 675 ignores the decision "6: Roundabout Terminal Nort - South Approach HDV Port" of type "Static Vehicle Routing Decision" because it has left link "396: TNorte Entry/Exit" at position 164.855 m in the same time step.
                  Warning	Simulation second 5241.00: Vehicle 707 ignores the decision "16: Roundabout South - South Approach LDV" of type "Static Vehicle Routing Decision" because it has left link "70: External Road South" at position 113.974 m in the same time step.
                  Warning	Simulation second 5241.00: Vehicle 707 ignores the decision "17: Roundabout South - South Approach HDV and LDV Port" of type "Static Vehicle Routing Decision" because it has left link "70: External Road South" at position 113.974 m in the same time step.
                  Warning	Simulation second 5242.00: Vehicle 667 (on Static Vehicle Route "279 - 2") reached the end of link "13: TNorte 2" without finding the subsequent link ("10984: TNorte 2").	Network object type: Vehicle	Network object keys: 667
                  Warning	Simulation second 5243.00: Vehicle 696 ignores the decision "1039" of type "Desired Speed Decision" because it has left link "11021: External Road Gafanha da Nazare" at position 1.001 m in the same time step.
                  Warning	Simulation second 5245.00: Vehicle 464 ignores the decision "254: Roundabout MultiPurpose - Southeast Aproach" of type "Static Vehicle Routing Decision" because it has left link "32: TNorte 5" at position 848.237 m in the same time step.
                  Warning	Simulation second 5248.00: Vehicle 649 ignores the decision "19: Roundabout South - Nort Approach" of type "Static Vehicle Routing Decision" because it has left link "89: External Road South" at position 147.277 m in the same time step.
                  Warning	Simulation second 5248.00: Vehicle 649 ignores the decision "304: Roundabout South - Nort Approach HDV and LDV Port" of type "Static Vehicle Routing Decision" because it has left link "89: External Road South" at position 147.277 m in the same time step.
                  Warning	Simulation second 5248.00: Vehicle 679 ignores the decision "4: Roundabout Terminal Nort - South Approach LDV" of type "Static Vehicle Routing Decision" because it has left link "396: TNorte Entry/Exit" at position 164.855 m in the same time step.
                  Warning	Simulation second 5248.00: Vehicle 679 ignores the decision "5: Roundabout Terminal Nort - South Approach LDV Port" of type "Static Vehicle Routing Decision" because it has left link "396: TNorte Entry/Exit" at position 164.855 m in the same time step.
                  Warning	Simulation second 5248.00: Vehicle 679 ignores the decision "6: Roundabout Terminal Nort - South Approach HDV Port" of type "Static Vehicle Routing Decision" because it has left link "396: TNorte Entry/Exit" at position 164.855 m in the same time step.
                  Warning	Simulation second 5259.00: Vehicle 711 ignores the decision "16: Roundabout South - South Approach LDV" of type "Static Vehicle Routing Decision" because it has left link "70: External Road South" at position 113.974 m in the same time step.
                  Warning	Simulation second 5259.00: Vehicle 711 ignores the decision "17: Roundabout South - South Approach HDV and LDV Port" of type "Static Vehicle Routing Decision" because it has left link "70: External Road South" at position 113.974 m in the same time step.
                  Warning	Simulation second 5262.00: Vehicle 713 ignores the decision "16: Roundabout South - South Approach LDV" of type "Static Vehicle Routing Decision" because it has left link "70: External Road South" at position 113.974 m in the same time step.
                  Warning	Simulation second 5262.00: Vehicle 713 ignores the decision "17: Roundabout South - South Approach HDV and LDV Port" of type "Static Vehicle Routing Decision" because it has left link "70: External Road South" at position 113.974 m in the same time step.
                  Warning	Simulation second 5266.00: Vehicle 345 ignores the decision "297: TNorte 7" of type "Static Vehicle Routing Decision" because it has left link "342: TNorte 3" at position 71.688 m in the same time step.
                  Warning	Simulation second 5268.00: Vehicle 497 ignores the decision "1305" of type "Desired Speed Decision" because it has left link "10240: TNorte 8" at position 14.464 m in the same time step.
                  Warning	Simulation second 5275.00: Vehicle 716 ignores the decision "16: Roundabout South - South Approach LDV" of type "Static Vehicle Routing Decision" because it has left link "70: External Road South" at position 113.974 m in the same time step.
                  Warning	Simulation second 5275.00: Vehicle 716 ignores the decision "17: Roundabout South - South Approach HDV and LDV Port" of type "Static Vehicle Routing Decision" because it has left link "70: External Road South" at position 113.974 m in the same time step.
                  Warning	Simulation second 5281.00: Vehicle 687 ignores the decision "4: Roundabout Terminal Nort - South Approach LDV" of type "Static Vehicle Routing Decision" because it has left link "396: TNorte Entry/Exit" at position 164.855 m in the same time step.
                  Warning	Simulation second 5281.00: Vehicle 687 ignores the decision "5: Roundabout Terminal Nort - South Approach LDV Port" of type "Static Vehicle Routing Decision" because it has left link "396: TNorte Entry/Exit" at position 164.855 m in the same time step.
                  Warning	Simulation second 5281.00: Vehicle 687 ignores the decision "6: Roundabout Terminal Nort - South Approach HDV Port" of type "Static Vehicle Routing Decision" because it has left link "396: TNorte Entry/Exit" at position 164.855 m in the same time step.
                  Warning	Simulation second 5281.00: Vehicle 697 ignores the decision "4: Roundabout Terminal Nort - South Approach LDV" of type "Static Vehicle Routing Decision" because it has left link "396: TNorte Entry/Exit" at position 164.855 m in the same time step.
                  Warning	Simulation second 5281.00: Vehicle 697 ignores the decision "5: Roundabout Terminal Nort - South Approach LDV Port" of type "Static Vehicle Routing Decision" because it has left link "396: TNorte Entry/Exit" at position 164.855 m in the same time step.
                  Warning	Simulation second 5281.00: Vehicle 697 ignores the decision "6: Roundabout Terminal Nort - South Approach HDV Port" of type "Static Vehicle Routing Decision" because it has left link "396: TNorte Entry/Exit" at position 164.855 m in the same time step.
                  Warning	Simulation second 5290.00: Vehicle 712 ignores the decision "16: Roundabout South - South Approach LDV" of type "Static Vehicle Routing Decision" because it has left link "70: External Road South" at position 113.974 m in the same time step.
                  Warning	Simulation second 5290.00: Vehicle 712 ignores the decision "17: Roundabout South - South Approach HDV and LDV Port" of type "Static Vehicle Routing Decision" because it has left link "70: External Road South" at position 113.974 m in the same time step.
                  Warning	Simulation second 5291.00: Vehicle 672 ignores the decision "254: Roundabout MultiPurpose - Southeast Aproach" of type "Static Vehicle Routing Decision" because it has left link "32: TNorte 5" at position 848.237 m in the same time step.
                  Warning	Simulation second 5294.00: Vehicle 689 ignores the decision "19: Roundabout South - Nort Approach" of type "Static Vehicle Routing Decision" because it has left link "89: External Road South" at position 147.277 m in the same time step.
                  Warning	Simulation second 5294.00: Vehicle 689 ignores the decision "304: Roundabout South - Nort Approach HDV and LDV Port" of type "Static Vehicle Routing Decision" because it has left link "89: External Road South" at position 147.277 m in the same time step.
                  Warning	Simulation second 5297.00: Vehicle 668 ignores the decision "19: Roundabout South - Nort Approach" of type "Static Vehicle Routing Decision" because it has left link "89: External Road South" at position 147.277 m in the same time step.
                  Warning	Simulation second 5297.00: Vehicle 668 ignores the decision "304: Roundabout South - Nort Approach HDV and LDV Port" of type "Static Vehicle Routing Decision" because it has left link "89: External Road South" at position 147.277 m in the same time step.
                  Warning	Simulation second 5300.00: Vehicle 720 ignores the decision "16: Roundabout South - South Approach LDV" of type "Static Vehicle Routing Decision" because it has left link "70: External Road South" at position 113.974 m in the same time step.
                  Warning	Simulation second 5300.00: Vehicle 720 ignores the decision "17: Roundabout South - South Approach HDV and LDV Port" of type "Static Vehicle Routing Decision" because it has left link "70: External Road South" at position 113.974 m in the same time step.
                  Warning	Simulation second 5303.00: Vehicle 625 ignores the decision "193: Roundabout Prio - North Approach LDV" of type "Static Vehicle Routing Decision" because it has left link "633: TGS External Road" at position 777.531 m in the same time step.
                  Warning	Simulation second 5303.00: Vehicle 721 ignores the decision "16: Roundabout South - South Approach LDV" of type "Static Vehicle Routing Decision" because it has left link "70: External Road South" at position 113.974 m in the same time step.
                  Warning	Simulation second 5303.00: Vehicle 721 ignores the decision "17: Roundabout South - South Approach HDV and LDV Port" of type "Static Vehicle Routing Decision" because it has left link "70: External Road South" at position 113.974 m in the same time step.
                  Warning	Simulation second 5306.00: Vehicle 722 ignores the decision "16: Roundabout South - South Approach LDV" of type "Static Vehicle Routing Decision" because it has left link "70: External Road South" at position 113.974 m in the same time step.
                  Warning	Simulation second 5306.00: Vehicle 722 ignores the decision "17: Roundabout South - South Approach HDV and LDV Port" of type "Static Vehicle Routing Decision" because it has left link "70: External Road South" at position 113.974 m in the same time step.
                  Warning	Simulation second 5308.00: Vehicle 657 ignores the decision "4: Roundabout Terminal Nort - South Approach LDV" of type "Static Vehicle Routing Decision" because it has left link "396: TNorte Entry/Exit" at position 164.855 m in the same time step.
                  Warning	Simulation second 5308.00: Vehicle 657 ignores the decision "5: Roundabout Terminal Nort - South Approach LDV Port" of type "Static Vehicle Routing Decision" because it has left link "396: TNorte Entry/Exit" at position 164.855 m in the same time step.
                  Warning	Simulation second 5308.00: Vehicle 657 ignores the decision "6: Roundabout Terminal Nort - South Approach HDV Port" of type "Static Vehicle Routing Decision" because it has left link "396: TNorte Entry/Exit" at position 164.855 m in the same time step.
                  Warning	Simulation second 5311.00: Vehicle 345 ignores the decision "297: TNorte 7" of type "Static Vehicle Routing Decision" because it has left link "342: TNorte 3" at position 71.688 m in the same time step.
                  Warning	Simulation second 5312.00: Vehicle 652 ignores the decision "255: Roundabout MultiPurpose - Northeast Aproach" of type "Static Vehicle Routing Decision" because it has left link "125: TNorte 1" at position 53.048 m in the same time step.
                  Warning	Simulation second 5312.00: Vehicle 677 ignores the decision "1042" of type "Desired Speed Decision" because it has left link "11647: External Road Gafanha da Nazare" at position 5.279 m in the same time step.
                  Warning	Simulation second 5312.00: Vehicle 718 ignores the decision "16: Roundabout South - South Approach LDV" of type "Static Vehicle Routing Decision" because it has left link "70: External Road South" at position 113.974 m in the same time step.
                  Warning	Simulation second 5312.00: Vehicle 718 ignores the decision "17: Roundabout South - South Approach HDV and LDV Port" of type "Static Vehicle Routing Decision" because it has left link "70: External Road South" at position 113.974 m in the same time step.
                  Warning	Simulation second 5314.00: Vehicle 530 ignores the decision "255: Roundabout MultiPurpose - Northeast Aproach" of type "Static Vehicle Routing Decision" because it has left link "125: TNorte 1" at position 53.048 m in the same time step.
                  Warning	Simulation second 5315.00: Vehicle 682 ignores the decision "1042" of type "Desired Speed Decision" because it has left link "11647: External Road Gafanha da Nazare" at position 5.279 m in the same time step.
                  Warning	Simulation second 5317.00: Vehicle 725 ignores the decision "16: Roundabout South - South Approach LDV" of type "Static Vehicle Routing Decision" because it has left link "70: External Road South" at position 113.974 m in the same time step.
                  Warning	Simulation second 5317.00: Vehicle 725 ignores the decision "17: Roundabout South - South Approach HDV and LDV Port" of type "Static Vehicle Routing Decision" because it has left link "70: External Road South" at position 113.974 m in the same time step.
                  Warning	Simulation second 5325.00: Vehicle 648 ignores the decision "1246" of type "Desired Speed Decision" because it has left link "10138: TNorte 7" at position 7.941 m in the same time step.
                  Warning	Simulation second 5326.00: Vehicle 723 ignores the decision "16: Roundabout South - South Approach LDV" of type "Static Vehicle Routing Decision" because it has left link "70: External Road South" at position 113.974 m in the same time step.
                  Warning	Simulation second 5326.00: Vehicle 723 ignores the decision "17: Roundabout South - South Approach HDV and LDV Port" of type "Static Vehicle Routing Decision" because it has left link "70: External Road South" at position 113.974 m in the same time step.
                  Warning	Simulation second 5328.00: Vehicle 637 ignores the decision "4: Roundabout Terminal Nort - South Approach LDV" of type "Static Vehicle Routing Decision" because it has left link "396: TNorte Entry/Exit" at position 164.855 m in the same time step.
                  Warning	Simulation second 5328.00: Vehicle 637 ignores the decision "5: Roundabout Terminal Nort - South Approach LDV Port" of type "Static Vehicle Routing Decision" because it has left link "396: TNorte Entry/Exit" at position 164.855 m in the same time step.
                  Warning	Simulation second 5328.00: Vehicle 637 ignores the decision "6: Roundabout Terminal Nort - South Approach HDV Port" of type "Static Vehicle Routing Decision" because it has left link "396: TNorte Entry/Exit" at position 164.855 m in the same time step.
                  Warning	Simulation second 5329.00: Vehicle 669 ignores the decision "19: Roundabout South - Nort Approach" of type "Static Vehicle Routing Decision" because it has left link "89: External Road South" at position 147.277 m in the same time step.
                  Warning	Simulation second 5329.00: Vehicle 669 ignores the decision "304: Roundabout South - Nort Approach HDV and LDV Port" of type "Static Vehicle Routing Decision" because it has left link "89: External Road South" at position 147.277 m in the same time step.
                  Warning	Simulation second 5330.00: Vehicle 665 (on Static Vehicle Route "265 - 1") reached the end of link "3: TNorte 5" without finding the subsequent link ("10950: TNorte 7").	Network object type: Vehicle	Network object keys: 665
                  Warning	Simulation second 5330.00: Vehicle 690 ignores the decision "19: Roundabout South - Nort Approach" of type "Static Vehicle Routing Decision" because it has left link "89: External Road South" at position 147.277 m in the same time step.
                  Warning	Simulation second 5330.00: Vehicle 690 ignores the decision "304: Roundabout South - Nort Approach HDV and LDV Port" of type "Static Vehicle Routing Decision" because it has left link "89: External Road South" at position 147.277 m in the same time step.
                  Warning	Simulation second 5334.00: Vehicle 658 ignores the decision "18: TRo-ro1" of type "Parking Routing Decision" because it has left link "165: TNorte 8" at position 20.695 m in the same time step.
                  Warning	Simulation second 5335.00: Vehicle 670 ignores the decision "1287" of type "Desired Speed Decision" because it has left link "10028: TNorte 8" at position 5.026 m in the same time step.
                  Warning	Simulation second 5339.00: Vehicle 663 ignores the decision "1287" of type "Desired Speed Decision" because it has left link "10028: TNorte 8" at position 5.026 m in the same time step.
                  Warning	Simulation second 5340.00: Vehicle 728 ignores the decision "16: Roundabout South - South Approach LDV" of type "Static Vehicle Routing Decision" because it has left link "70: External Road South" at position 113.974 m in the same time step.
                  Warning	Simulation second 5340.00: Vehicle 728 ignores the decision "17: Roundabout South - South Approach HDV and LDV Port" of type "Static Vehicle Routing Decision" because it has left link "70: External Road South" at position 113.974 m in the same time step.
                  Warning	Simulation second 5346.00: Vehicle 676 ignores the decision "19: Roundabout South - Nort Approach" of type "Static Vehicle Routing Decision" because it has left link "89: External Road South" at position 147.277 m in the same time step.
                  Warning	Simulation second 5346.00: Vehicle 676 ignores the decision "304: Roundabout South - Nort Approach HDV and LDV Port" of type "Static Vehicle Routing Decision" because it has left link "89: External Road South" at position 147.277 m in the same time step.
                  Warning	Simulation second 5347.00: Vehicle 700 ignores the decision "19: Roundabout South - Nort Approach" of type "Static Vehicle Routing Decision" because it has left link "89: External Road South" at position 147.277 m in the same time step.
                  Warning	Simulation second 5347.00: Vehicle 700 ignores the decision "304: Roundabout South - Nort Approach HDV and LDV Port" of type "Static Vehicle Routing Decision" because it has left link "89: External Road South" at position 147.277 m in the same time step.
                  Warning	Simulation second 5350.00: Vehicle 675 ignores the decision "263: TNorte Multipurpose 7" of type "Static Vehicle Routing Decision" because it has left link "28: TNorte 7" at position 81.926 m in the same time step.
                  Warning	Simulation second 5350.00: Vehicle 732 ignores the decision "16: Roundabout South - South Approach LDV" of type "Static Vehicle Routing Decision" because it has left link "70: External Road South" at position 113.974 m in the same time step.
                  Warning	Simulation second 5350.00: Vehicle 732 ignores the decision "17: Roundabout South - South Approach HDV and LDV Port" of type "Static Vehicle Routing Decision" because it has left link "70: External Road South" at position 113.974 m in the same time step.
                  Warning	Simulation second 5351.00: Vehicle 699 ignores the decision "19: Roundabout South - Nort Approach" of type "Static Vehicle Routing Decision" because it has left link "89: External Road South" at position 147.277 m in the same time step.
                  Warning	Simulation second 5351.00: Vehicle 699 ignores the decision "304: Roundabout South - Nort Approach HDV and LDV Port" of type "Static Vehicle Routing Decision" because it has left link "89: External Road South" at position 147.277 m in the same time step.
                  Warning	Simulation second 5352.00: Vehicle 733 ignores the decision "16: Roundabout South - South Approach LDV" of type "Static Vehicle Routing Decision" because it has left link "70: External Road South" at position 113.974 m in the same time step.
                  Warning	Simulation second 5352.00: Vehicle 733 ignores the decision "17: Roundabout South - South Approach HDV and LDV Port" of type "Static Vehicle Routing Decision" because it has left link "70: External Road South" at position 113.974 m in the same time step.
                  Warning	Simulation second 5353.00: Vehicle 734 ignores the decision "16: Roundabout South - South Approach LDV" of type "Static Vehicle Routing Decision" because it has left link "70: External Road South" at position 113.974 m in the same time step.
                  Warning	Simulation second 5353.00: Vehicle 734 ignores the decision "17: Roundabout South - South Approach HDV and LDV Port" of type "Static Vehicle Routing Decision" because it has left link "70: External Road South" at position 113.974 m in the same time step.
                  Warning	Simulation second 5355.00: Vehicle 658 ignores the decision "1305" of type "Desired Speed Decision" because it has left link "10240: TNorte 8" at position 14.464 m in the same time step.
                  Warning	Simulation second 5356.00: Vehicle 345 ignores the decision "297: TNorte 7" of type "Static Vehicle Routing Decision" because it has left link "342: TNorte 3" at position 71.688 m in the same time step.
                  Warning	Simulation second 5357.00: Vehicle 703 ignores the decision "19: Roundabout South - Nort Approach" of type "Static Vehicle Routing Decision" because it has left link "89: External Road South" at position 147.277 m in the same time step.
                  Warning	Simulation second 5357.00: Vehicle 703 ignores the decision "304: Roundabout South - Nort Approach HDV and LDV Port" of type "Static Vehicle Routing Decision" because it has left link "89: External Road South" at position 147.277 m in the same time step.
                  Warning	Simulation second 5359.00: Vehicle 715 ignores the decision "4: Roundabout Terminal Nort - South Approach LDV" of type "Static Vehicle Routing Decision" because it has left link "396: TNorte Entry/Exit" at position 164.855 m in the same time step.
                  Warning	Simulation second 5359.00: Vehicle 715 ignores the decision "5: Roundabout Terminal Nort - South Approach LDV Port" of type "Static Vehicle Routing Decision" because it has left link "396: TNorte Entry/Exit" at position 164.855 m in the same time step.
                  Warning	Simulation second 5359.00: Vehicle 715 ignores the decision "6: Roundabout Terminal Nort - South Approach HDV Port" of type "Static Vehicle Routing Decision" because it has left link "396: TNorte Entry/Exit" at position 164.855 m in the same time step.
                  Warning	Simulation second 5365.00: Vehicle 727 ignores the decision "16: Roundabout South - South Approach LDV" of type "Static Vehicle Routing Decision" because it has left link "70: External Road South" at position 113.974 m in the same time step.
                  Warning	Simulation second 5365.00: Vehicle 727 ignores the decision "17: Roundabout South - South Approach HDV and LDV Port" of type "Static Vehicle Routing Decision" because it has left link "70: External Road South" at position 113.974 m in the same time step.
                  Warning	Simulation second 5373.00: Vehicle 722 ignores the decision "1039" of type "Desired Speed Decision" because it has left link "11021: External Road Gafanha da Nazare" at position 1.001 m in the same time step.
                  Warning	Simulation second 5377.00: Vehicle 663 ignores the decision "1676" of type "Desired Speed Decision" because it has left link "343: TNorte 7" at position 85.200 m in the same time step.
                  Warning	Simulation second 5388.00: Vehicle 679 ignores the decision "19: Roundabout South - Nort Approach" of type "Static Vehicle Routing Decision" because it has left link "89: External Road South" at position 147.277 m in the same time step.
                  Warning	Simulation second 5388.00: Vehicle 679 ignores the decision "304: Roundabout South - Nort Approach HDV and LDV Port" of type "Static Vehicle Routing Decision" because it has left link "89: External Road South" at position 147.277 m in the same time step.
                  Warning	Simulation second 5392.00: Vehicle 629 ignores the decision "254: Roundabout MultiPurpose - Southeast Aproach" of type "Static Vehicle Routing Decision" because it has left link "32: TNorte 5" at position 848.237 m in the same time step.
                  Warning	Simulation second 5401.00: Vehicle 345 ignores the decision "297: TNorte 7" of type "Static Vehicle Routing Decision" because it has left link "342: TNorte 3" at position 71.688 m in the same time step.
                  Warning	Simulation second 5402.00: Vehicle 744 ignores the decision "16: Roundabout South - South Approach LDV" of type "Static Vehicle Routing Decision" because it has left link "70: External Road South" at position 113.974 m in the same time step.
                  Warning	Simulation second 5402.00: Vehicle 744 ignores the decision "17: Roundabout South - South Approach HDV and LDV Port" of type "Static Vehicle Routing Decision" because it has left link "70: External Road South" at position 113.974 m in the same time step.
                  Warning	Simulation second 5404.00: Vehicle 674 (on Static Vehicle Route "267 - 1") reached the end of link "58: TGS Entry/Exit" without finding the subsequent link ("10081: TGS Entry/Exit").	Network object type: Vehicle	Network object keys: 674
                  Warning	Simulation second 5407.00: Vehicle 686 ignores the decision "19: Roundabout South - Nort Approach" of type "Static Vehicle Routing Decision" because it has left link "89: External Road South" at position 147.277 m in the same time step.
                  Warning	Simulation second 5407.00: Vehicle 686 ignores the decision "304: Roundabout South - Nort Approach HDV and LDV Port" of type "Static Vehicle Routing Decision" because it has left link "89: External Road South" at position 147.277 m in the same time step.
                  Warning	Simulation second 5410.00: Vehicle 687 ignores the decision "19: Roundabout South - Nort Approach" of type "Static Vehicle Routing Decision" because it has left link "89: External Road South" at position 147.277 m in the same time step.
                  Warning	Simulation second 5410.00: Vehicle 687 ignores the decision "304: Roundabout South - Nort Approach HDV and LDV Port" of type "Static Vehicle Routing Decision" because it has left link "89: External Road South" at position 147.277 m in the same time step.
                  Warning	Simulation second 5411.00: Vehicle 725 ignores the decision "5: Roundabout Terminal Nort - South Approach LDV Port" of type "Static Vehicle Routing Decision" because it has left link "396: TNorte Entry/Exit" at position 164.855 m in the same time step.
                  Warning	Simulation second 5411.00: Vehicle 725 ignores the decision "6: Roundabout Terminal Nort - South Approach HDV Port" of type "Static Vehicle Routing Decision" because it has left link "396: TNorte Entry/Exit" at position 164.855 m in the same time step.
                  Warning	Simulation second 5413.00: Vehicle 743 ignores the decision "16: Roundabout South - South Approach LDV" of type "Static Vehicle Routing Decision" because it has left link "70: External Road South" at position 113.974 m in the same time step.
                  Warning	Simulation second 5413.00: Vehicle 743 ignores the decision "17: Roundabout South - South Approach HDV and LDV Port" of type "Static Vehicle Routing Decision" because it has left link "70: External Road South" at position 113.974 m in the same time step.
                  Warning	Simulation second 5414.00: Vehicle 746 ignores the decision "16: Roundabout South - South Approach LDV" of type "Static Vehicle Routing Decision" because it has left link "70: External Road South" at position 113.974 m in the same time step.
                  Warning	Simulation second 5414.00: Vehicle 746 ignores the decision "17: Roundabout South - South Approach HDV and LDV Port" of type "Static Vehicle Routing Decision" because it has left link "70: External Road South" at position 113.974 m in the same time step.
                  Warning	Simulation second 5418.00: Vehicle 523 ignores the decision "25: Roundabot TG - North Approach " of type "Static Vehicle Routing Decision" because it has left link "209: External Road East" at position 250.353 m in the same time step.
                  Warning	Simulation second 5419.00: Vehicle 720 ignores the decision "1091" of type "Desired Speed Decision" because it has left link "10054: TNorte 3" at position 8.078 m in the same time step.
                  Warning	Simulation second 5420.00: Vehicle 698 ignores the decision "1042" of type "Desired Speed Decision" because it has left link "11647: External Road Gafanha da Nazare" at position 5.279 m in the same time step.
                  Warning	Simulation second 5420.00: Vehicle 747 ignores the decision "16: Roundabout South - South Approach LDV" of type "Static Vehicle Routing Decision" because it has left link "70: External Road South" at position 113.974 m in the same time step.
                  Warning	Simulation second 5420.00: Vehicle 747 ignores the decision "17: Roundabout South - South Approach HDV and LDV Port" of type "Static Vehicle Routing Decision" because it has left link "70: External Road South" at position 113.974 m in the same time step.
                  Warning	Simulation second 5426.00: Vehicle 677 ignores the decision "19: Roundabout South - Nort Approach" of type "Static Vehicle Routing Decision" because it has left link "89: External Road South" at position 147.277 m in the same time step.
                  Warning	Simulation second 5426.00: Vehicle 677 ignores the decision "304: Roundabout South - Nort Approach HDV and LDV Port" of type "Static Vehicle Routing Decision" because it has left link "89: External Road South" at position 147.277 m in the same time step.
                  Warning	Simulation second 5427.00: Vehicle 748 ignores the decision "16: Roundabout South - South Approach LDV" of type "Static Vehicle Routing Decision" because it has left link "70: External Road South" at position 113.974 m in the same time step.
                  Warning	Simulation second 5427.00: Vehicle 748 ignores the decision "17: Roundabout South - South Approach HDV and LDV Port" of type "Static Vehicle Routing Decision" because it has left link "70: External Road South" at position 113.974 m in the same time step.
                  Warning	Simulation second 5430.00: Vehicle 749 ignores the decision "16: Roundabout South - South Approach LDV" of type "Static Vehicle Routing Decision" because it has left link "70: External Road South" at position 113.974 m in the same time step.
                  Warning	Simulation second 5430.00: Vehicle 749 ignores the decision "17: Roundabout South - South Approach HDV and LDV Port" of type "Static Vehicle Routing Decision" because it has left link "70: External Road South" at position 113.974 m in the same time step.
                  Warning	Simulation second 5432.00: Vehicle 718 ignores the decision "4: Roundabout Terminal Nort - South Approach LDV" of type "Static Vehicle Routing Decision" because it has left link "396: TNorte Entry/Exit" at position 164.855 m in the same time step.
                  Warning	Simulation second 5432.00: Vehicle 718 ignores the decision "5: Roundabout Terminal Nort - South Approach LDV Port" of type "Static Vehicle Routing Decision" because it has left link "396: TNorte Entry/Exit" at position 164.855 m in the same time step.
                  Warning	Simulation second 5432.00: Vehicle 718 ignores the decision "6: Roundabout Terminal Nort - South Approach HDV Port" of type "Static Vehicle Routing Decision" because it has left link "396: TNorte Entry/Exit" at position 164.855 m in the same time step.
                  Warning	Simulation second 5434.00: Vehicle 745 ignores the decision "16: Roundabout South - South Approach LDV" of type "Static Vehicle Routing Decision" because it has left link "70: External Road South" at position 113.974 m in the same time step.
                  Warning	Simulation second 5434.00: Vehicle 745 ignores the decision "17: Roundabout South - South Approach HDV and LDV Port" of type "Static Vehicle Routing Decision" because it has left link "70: External Road South" at position 113.974 m in the same time step.
                  Warning	Simulation second 5436.00: Vehicle 720 ignores the decision "1179" of type "Desired Speed Decision" because it has left link "4: TNorte 2" at position 14.722 m in the same time step.
                  Warning	Simulation second 5436.00: Vehicle 720 ignores the decision "277: TNorte" of type "Static Vehicle Routing Decision" because it has left link "4: TNorte 2" at position 14.722 m in the same time step.
                  Warning	Simulation second 5437.00: Vehicle 712 ignores the decision "4: Roundabout Terminal Nort - South Approach LDV" of type "Static Vehicle Routing Decision" because it has left link "396: TNorte Entry/Exit" at position 164.855 m in the same time step.
                  Warning	Simulation second 5437.00: Vehicle 712 ignores the decision "5: Roundabout Terminal Nort - South Approach LDV Port" of type "Static Vehicle Routing Decision" because it has left link "396: TNorte Entry/Exit" at position 164.855 m in the same time step.
                  Warning	Simulation second 5437.00: Vehicle 712 ignores the decision "6: Roundabout Terminal Nort - South Approach HDV Port" of type "Static Vehicle Routing Decision" because it has left link "396: TNorte Entry/Exit" at position 164.855 m in the same time step.
                  Warning	Simulation second 5446.00: Vehicle 345 ignores the decision "297: TNorte 7" of type "Static Vehicle Routing Decision" because it has left link "342: TNorte 3" at position 71.688 m in the same time step.
                  Warning	Simulation second 5446.00: Vehicle 692 ignores the decision "19: Roundabout South - Nort Approach" of type "Static Vehicle Routing Decision" because it has left link "89: External Road South" at position 147.277 m in the same time step.
                  Warning	Simulation second 5446.00: Vehicle 692 ignores the decision "304: Roundabout South - Nort Approach HDV and LDV Port" of type "Static Vehicle Routing Decision" because it has left link "89: External Road South" at position 147.277 m in the same time step.
                  Warning	Simulation second 5447.00: Vehicle 753 ignores the decision "16: Roundabout South - South Approach LDV" of type "Static Vehicle Routing Decision" because it has left link "70: External Road South" at position 113.974 m in the same time step.
                  Warning	Simulation second 5447.00: Vehicle 753 ignores the decision "17: Roundabout South - South Approach HDV and LDV Port" of type "Static Vehicle Routing Decision" because it has left link "70: External Road South" at position 113.974 m in the same time step.
                  Warning	Simulation second 5451.00: Vehicle 702 ignores the decision "1237" of type "Desired Speed Decision" because it has left link "10030: TNorte 4" at position 11.772 m in the same time step.
                  Warning	Simulation second 5452.00: Vehicle 723 ignores the decision "4: Roundabout Terminal Nort - South Approach LDV" of type "Static Vehicle Routing Decision" because it has left link "396: TNorte Entry/Exit" at position 164.855 m in the same time step.
                  Warning	Simulation second 5452.00: Vehicle 723 ignores the decision "5: Roundabout Terminal Nort - South Approach LDV Port" of type "Static Vehicle Routing Decision" because it has left link "396: TNorte Entry/Exit" at position 164.855 m in the same time step.
                  Warning	Simulation second 5452.00: Vehicle 723 ignores the decision "6: Roundabout Terminal Nort - South Approach HDV Port" of type "Static Vehicle Routing Decision" because it has left link "396: TNorte Entry/Exit" at position 164.855 m in the same time step.
                  Warning	Simulation second 5454.00: Vehicle 715 ignores the decision "1039" of type "Desired Speed Decision" because it has left link "11021: External Road Gafanha da Nazare" at position 1.001 m in the same time step.
                  Warning	Simulation second 5456.00: Vehicle 656 ignores the decision "25: Roundabot TG - North Approach " of type "Static Vehicle Routing Decision" because it has left link "209: External Road East" at position 250.353 m in the same time step.
                  Warning	Simulation second 5457.00: Vehicle 730 ignores the decision "1039" of type "Desired Speed Decision" because it has left link "11021: External Road Gafanha da Nazare" at position 1.001 m in the same time step.
                  Warning	Simulation second 5460.00: Vehicle 663 ignores the decision "255: Roundabout MultiPurpose - Northeast Aproach" of type "Static Vehicle Routing Decision" because it has left link "125: TNorte 1" at position 53.048 m in the same time step.
                  Warning	Simulation second 5463.00: Vehicle 464 ignores the decision "7: Roundabout Terminal Nort - East Approach" of type "Static Vehicle Routing Decision" because it has left link "844: TNorte Entry/Exit" at position 13.671 m in the same time step.
                  Warning	Simulation second 5464.00: Vehicle 694 ignores the decision "19: Roundabout South - Nort Approach" of type "Static Vehicle Routing Decision" because it has left link "89: External Road South" at position 147.277 m in the same time step.
                  Warning	Simulation second 5464.00: Vehicle 694 ignores the decision "304: Roundabout South - Nort Approach HDV and LDV Port" of type "Static Vehicle Routing Decision" because it has left link "89: External Road South" at position 147.277 m in the same time step.
                  Warning	Simulation second 5465.00: Vehicle 658 ignores the decision "254: Roundabout MultiPurpose - Southeast Aproach" of type "Static Vehicle Routing Decision" because it has left link "32: TNorte 5" at position 848.237 m in the same time step.
                  Warning	Simulation second 5469.00: Vehicle 688 ignores the decision "241: Roundabout Prio Minor - North Approach" of type "Static Vehicle Routing Decision" because it has left link "151: TGL 1" at position 140.472 m in the same time step.
                  Warning	Simulation second 5469.00: Vehicle 714 ignores the decision "305: TGL Rounabout Entrance" of type "Static Vehicle Routing Decision" because it has left link "90: TGL 1" at position 16.830 m in the same time step.
                  Warning	Simulation second 5472.00: Vehicle 637 ignores the decision "19: Roundabout South - Nort Approach" of type "Static Vehicle Routing Decision" because it has left link "89: External Road South" at position 147.277 m in the same time step.
                  Warning	Simulation second 5472.00: Vehicle 637 ignores the decision "304: Roundabout South - Nort Approach HDV and LDV Port" of type "Static Vehicle Routing Decision" because it has left link "89: External Road South" at position 147.277 m in the same time step.
                  Warning	Simulation second 5477.00: Vehicle 757 ignores the decision "16: Roundabout South - South Approach LDV" of type "Static Vehicle Routing Decision" because it has left link "70: External Road South" at position 113.974 m in the same time step.
                  Warning	Simulation second 5477.00: Vehicle 757 ignores the decision "17: Roundabout South - South Approach HDV and LDV Port" of type "Static Vehicle Routing Decision" because it has left link "70: External Road South" at position 113.974 m in the same time step.
                  Warning	Simulation second 5481.00: Vehicle 755 ignores the decision "16: Roundabout South - South Approach LDV" of type "Static Vehicle Routing Decision" because it has left link "70: External Road South" at position 113.974 m in the same time step.
                  Warning	Simulation second 5481.00: Vehicle 755 ignores the decision "17: Roundabout South - South Approach HDV and LDV Port" of type "Static Vehicle Routing Decision" because it has left link "70: External Road South" at position 113.974 m in the same time step.
                  Warning	Simulation second 5482.00: Vehicle 629 (on Static Vehicle Route "279 - 2") reached the end of link "13: TNorte 2" without finding the subsequent link ("10984: TNorte 2").	Network object type: Vehicle	Network object keys: 629
                  Warning	Simulation second 5483.00: Vehicle 761 ignores the decision "16: Roundabout South - South Approach LDV" of type "Static Vehicle Routing Decision" because it has left link "70: External Road South" at position 113.974 m in the same time step.
                  Warning	Simulation second 5483.00: Vehicle 761 ignores the decision "17: Roundabout South - South Approach HDV and LDV Port" of type "Static Vehicle Routing Decision" because it has left link "70: External Road South" at position 113.974 m in the same time step.
                  Warning	Simulation second 5485.00: Vehicle 736 ignores the decision "5: Roundabout Terminal Nort - South Approach LDV Port" of type "Static Vehicle Routing Decision" because it has left link "396: TNorte Entry/Exit" at position 164.855 m in the same time step.
                  Warning	Simulation second 5485.00: Vehicle 736 ignores the decision "6: Roundabout Terminal Nort - South Approach HDV Port" of type "Static Vehicle Routing Decision" because it has left link "396: TNorte Entry/Exit" at position 164.855 m in the same time step.
                  Warning	Simulation second 5487.00: Vehicle 763 ignores the decision "16: Roundabout South - South Approach LDV" of type "Static Vehicle Routing Decision" because it has left link "70: External Road South" at position 113.974 m in the same time step.
                  Warning	Simulation second 5487.00: Vehicle 763 ignores the decision "17: Roundabout South - South Approach HDV and LDV Port" of type "Static Vehicle Routing Decision" because it has left link "70: External Road South" at position 113.974 m in the same time step.
                  Warning	Simulation second 5489.00: Vehicle 702 ignores the decision "1241" of type "Desired Speed Decision" because it has left link "10033: TNorte 4" at position 7.691 m in the same time step.
                  Warning	Simulation second 5490.00: Vehicle 708 ignores the decision "1042" of type "Desired Speed Decision" because it has left link "11647: External Road Gafanha da Nazare" at position 5.279 m in the same time step.
                  Warning	Simulation second 5491.00: Vehicle 345 ignores the decision "297: TNorte 7" of type "Static Vehicle Routing Decision" because it has left link "342: TNorte 3" at position 71.688 m in the same time step.
                  Warning	Simulation second 5492.00: Vehicle 709 ignores the decision "1042" of type "Desired Speed Decision" because it has left link "11647: External Road Gafanha da Nazare" at position 5.279 m in the same time step.
                  Warning	Simulation second 5494.00: Vehicle 747 ignores the decision "1039" of type "Desired Speed Decision" because it has left link "11021: External Road Gafanha da Nazare" at position 1.001 m in the same time step.
                  Warning	Simulation second 5496.00: Vehicle 675 ignores the decision "1676" of type "Desired Speed Decision" because it has left link "343: TNorte 7" at position 85.200 m in the same time step.
                  Warning	Simulation second 5496.00: Vehicle 717 ignores the decision "1042" of type "Desired Speed Decision" because it has left link "11647: External Road Gafanha da Nazare" at position 5.279 m in the same time step.
                  Warning	Simulation second 5497.00: Vehicle 741 ignores the decision "4: Roundabout Terminal Nort - South Approach LDV" of type "Static Vehicle Routing Decision" because it has left link "396: TNorte Entry/Exit" at position 164.855 m in the same time step.
                  Warning	Simulation second 5497.00: Vehicle 741 ignores the decision "5: Roundabout Terminal Nort - South Approach LDV Port" of type "Static Vehicle Routing Decision" because it has left link "396: TNorte Entry/Exit" at position 164.855 m in the same time step.
                  Warning	Simulation second 5497.00: Vehicle 741 ignores the decision "6: Roundabout Terminal Nort - South Approach HDV Port" of type "Static Vehicle Routing Decision" because it has left link "396: TNorte Entry/Exit" at position 164.855 m in the same time step.
                  Warning	Simulation second 5498.00: Vehicle 760 ignores the decision "16: Roundabout South - South Approach LDV" of type "Static Vehicle Routing Decision" because it has left link "70: External Road South" at position 113.974 m in the same time step.
                  Warning	Simulation second 5498.00: Vehicle 760 ignores the decision "17: Roundabout South - South Approach HDV and LDV Port" of type "Static Vehicle Routing Decision" because it has left link "70: External Road South" at position 113.974 m in the same time step.
                  Warning	Simulation second 5503.00: Vehicle 762 ignores the decision "16: Roundabout South - South Approach LDV" of type "Static Vehicle Routing Decision" because it has left link "70: External Road South" at position 113.974 m in the same time step.
                  Warning	Simulation second 5503.00: Vehicle 762 ignores the decision "17: Roundabout South - South Approach HDV and LDV Port" of type "Static Vehicle Routing Decision" because it has left link "70: External Road South" at position 113.974 m in the same time step.
                  Warning	Simulation second 5504.00: Vehicle 740 ignores the decision "19: Roundabout South - Nort Approach" of type "Static Vehicle Routing Decision" because it has left link "89: External Road South" at position 147.277 m in the same time step.
                  Warning	Simulation second 5504.00: Vehicle 740 ignores the decision "304: Roundabout South - Nort Approach HDV and LDV Port" of type "Static Vehicle Routing Decision" because it has left link "89: External Road South" at position 147.277 m in the same time step.
                  Warning	Simulation second 5504.00: Vehicle 765 ignores the decision "16: Roundabout South - South Approach LDV" of type "Static Vehicle Routing Decision" because it has left link "70: External Road South" at position 113.974 m in the same time step.
                  Warning	Simulation second 5504.00: Vehicle 765 ignores the decision "17: Roundabout South - South Approach HDV and LDV Port" of type "Static Vehicle Routing Decision" because it has left link "70: External Road South" at position 113.974 m in the same time step.
                  Warning	Simulation second 5510.00: Vehicle 766 ignores the decision "16: Roundabout South - South Approach LDV" of type "Static Vehicle Routing Decision" because it has left link "70: External Road South" at position 113.974 m in the same time step.
                  Warning	Simulation second 5510.00: Vehicle 766 ignores the decision "17: Roundabout South - South Approach HDV and LDV Port" of type "Static Vehicle Routing Decision" because it has left link "70: External Road South" at position 113.974 m in the same time step.
                  Warning	Simulation second 5511.00: Vehicle 702 ignores the decision "1236" of type "Desired Speed Decision" because it has left link "10036: TNorte 4" at position 12.478 m in the same time step.
                  Warning	Simulation second 5512.00: Vehicle 705 ignores the decision "19: Roundabout South - Nort Approach" of type "Static Vehicle Routing Decision" because it has left link "89: External Road South" at position 147.277 m in the same time step.
                  Warning	Simulation second 5512.00: Vehicle 705 ignores the decision "304: Roundabout South - Nort Approach HDV and LDV Port" of type "Static Vehicle Routing Decision" because it has left link "89: External Road South" at position 147.277 m in the same time step.
                  Warning	Simulation second 5512.00: Vehicle 716 ignores the decision "1599" of type "Desired Speed Decision" because it has left link "10193: TGS Entry/Exit" at position 25.221 m in the same time step.
                  Warning	Simulation second 5514.00: Vehicle 716 ignores the decision "267: TGS 10,11,12,13" of type "Static Vehicle Routing Decision" because it has left link "58: TGS Entry/Exit" at position 41.299 m in the same time step.
                  Warning	Simulation second 5515.00: Vehicle 716 ignores the decision "1636" of type "Desired Speed Decision" because it has left link "77: TGS 13" at position 2.914 m in the same time step.
                  Warning	Simulation second 5517.00: Vehicle 675 ignores the decision "1246" of type "Desired Speed Decision" because it has left link "10138: TNorte 7" at position 7.941 m in the same time step.
                  Warning	Simulation second 5522.00: Vehicle 702 (on Static Vehicle Route "299 - 1") reached the end of link "26: TNorte 4" without finding the subsequent link ("10046: TNorte 4").	Network object type: Vehicle	Network object keys: 702
                  Warning	Simulation second 5522.00: Vehicle 753 ignores the decision "1039" of type "Desired Speed Decision" because it has left link "11021: External Road Gafanha da Nazare" at position 1.001 m in the same time step.
                  Warning	Simulation second 5524.00: Vehicle 768 ignores the decision "16: Roundabout South - South Approach LDV" of type "Static Vehicle Routing Decision" because it has left link "70: External Road South" at position 113.974 m in the same time step.
                  Warning	Simulation second 5524.00: Vehicle 768 ignores the decision "17: Roundabout South - South Approach HDV and LDV Port" of type "Static Vehicle Routing Decision" because it has left link "70: External Road South" at position 113.974 m in the same time step.
                  Warning	Simulation second 5534.00: Vehicle 734 (on Static Vehicle Route "253 - 1") reached the end of link "2: TNorte 3" without finding the subsequent link ("10002: TNorte 2").	Network object type: Vehicle	Network object keys: 734
                  Warning	Simulation second 5535.00: Vehicle 770 ignores the decision "16: Roundabout South - South Approach LDV" of type "Static Vehicle Routing Decision" because it has left link "70: External Road South" at position 113.974 m in the same time step.
                  Warning	Simulation second 5535.00: Vehicle 770 ignores the decision "17: Roundabout South - South Approach HDV and LDV Port" of type "Static Vehicle Routing Decision" because it has left link "70: External Road South" at position 113.974 m in the same time step.
                  Warning	Simulation second 5536.00: Vehicle 345 ignores the decision "297: TNorte 7" of type "Static Vehicle Routing Decision" because it has left link "342: TNorte 3" at position 71.688 m in the same time step.
                  Warning	Simulation second 5540.00: Vehicle 754 ignores the decision "4: Roundabout Terminal Nort - South Approach LDV" of type "Static Vehicle Routing Decision" because it has left link "396: TNorte Entry/Exit" at position 164.855 m in the same time step.
                  Warning	Simulation second 5540.00: Vehicle 754 ignores the decision "5: Roundabout Terminal Nort - South Approach LDV Port" of type "Static Vehicle Routing Decision" because it has left link "396: TNorte Entry/Exit" at position 164.855 m in the same time step.
                  Warning	Simulation second 5540.00: Vehicle 754 ignores the decision "6: Roundabout Terminal Nort - South Approach HDV Port" of type "Static Vehicle Routing Decision" because it has left link "396: TNorte Entry/Exit" at position 164.855 m in the same time step.
                  Warning	Simulation second 5541.00: Vehicle 625 ignores the decision "25: Roundabot TG - North Approach " of type "Static Vehicle Routing Decision" because it has left link "209: External Road East" at position 250.353 m in the same time step.
                  Warning	Simulation second 5547.00: Vehicle 719 ignores the decision "1042" of type "Desired Speed Decision" because it has left link "11647: External Road Gafanha da Nazare" at position 5.279 m in the same time step.
                  Warning	Simulation second 5548.00: Vehicle 720 ignores the decision "7: Roundabout Terminal Nort - East Approach" of type "Static Vehicle Routing Decision" because it has left link "844: TNorte Entry/Exit" at position 13.671 m in the same time step.
                  Warning	Simulation second 5549.00: Vehicle 724 ignores the decision "1042" of type "Desired Speed Decision" because it has left link "11647: External Road Gafanha da Nazare" at position 5.279 m in the same time step.
                  Warning	Simulation second 5549.00: Vehicle 748 ignores the decision "4: Roundabout Terminal Nort - South Approach LDV" of type "Static Vehicle Routing Decision" because it has left link "396: TNorte Entry/Exit" at position 164.855 m in the same time step.
                  Warning	Simulation second 5549.00: Vehicle 748 ignores the decision "5: Roundabout Terminal Nort - South Approach LDV Port" of type "Static Vehicle Routing Decision" because it has left link "396: TNorte Entry/Exit" at position 164.855 m in the same time step.
                  Warning	Simulation second 5549.00: Vehicle 748 ignores the decision "6: Roundabout Terminal Nort - South Approach HDV Port" of type "Static Vehicle Routing Decision" because it has left link "396: TNorte Entry/Exit" at position 164.855 m in the same time step.
                  Warning	Simulation second 5549.00: Vehicle 751 ignores the decision "1091" of type "Desired Speed Decision" because it has left link "10054: TNorte 3" at position 8.078 m in the same time step.
                  Warning	Simulation second 5551.00: Vehicle 726 ignores the decision "1042" of type "Desired Speed Decision" because it has left link "11647: External Road Gafanha da Nazare" at position 5.279 m in the same time step.
                  Warning	Simulation second 5553.00: Vehicle 735 ignores the decision "1042" of type "Desired Speed Decision" because it has left link "11647: External Road Gafanha da Nazare" at position 5.279 m in the same time step.
                  Warning	Simulation second 5553.00: Vehicle 772 ignores the decision "16: Roundabout South - South Approach LDV" of type "Static Vehicle Routing Decision" because it has left link "70: External Road South" at position 113.974 m in the same time step.
                  Warning	Simulation second 5553.00: Vehicle 772 ignores the decision "17: Roundabout South - South Approach HDV and LDV Port" of type "Static Vehicle Routing Decision" because it has left link "70: External Road South" at position 113.974 m in the same time step.
                  Warning	Simulation second 5556.00: Vehicle 658 (on Static Vehicle Route "295 - 3") reached the end of link "13: TNorte 2" without finding the subsequent link ("10019: TNorte 2").	Network object type: Vehicle	Network object keys: 658
                  Warning	Simulation second 5561.00: Vehicle 745 ignores the decision "4: Roundabout Terminal Nort - South Approach LDV" of type "Static Vehicle Routing Decision" because it has left link "396: TNorte Entry/Exit" at position 164.855 m in the same time step.
                  Warning	Simulation second 5561.00: Vehicle 745 ignores the decision "5: Roundabout Terminal Nort - South Approach LDV Port" of type "Static Vehicle Routing Decision" because it has left link "396: TNorte Entry/Exit" at position 164.855 m in the same time step.
                  Warning	Simulation second 5561.00: Vehicle 745 ignores the decision "6: Roundabout Terminal Nort - South Approach HDV Port" of type "Static Vehicle Routing Decision" because it has left link "396: TNorte Entry/Exit" at position 164.855 m in the same time step.
                  Warning	Simulation second 5570.00: Vehicle 675 ignores the decision "255: Roundabout MultiPurpose - Northeast Aproach" of type "Static Vehicle Routing Decision" because it has left link "125: TNorte 1" at position 53.048 m in the same time step.
                  Warning	Simulation second 5571.00: Vehicle 778 ignores the decision "16: Roundabout South - South Approach LDV" of type "Static Vehicle Routing Decision" because it has left link "70: External Road South" at position 113.974 m in the same time step.
                  Warning	Simulation second 5571.00: Vehicle 778 ignores the decision "17: Roundabout South - South Approach HDV and LDV Port" of type "Static Vehicle Routing Decision" because it has left link "70: External Road South" at position 113.974 m in the same time step.
                  Warning	Simulation second 5572.00: Vehicle 742 ignores the decision "1042" of type "Desired Speed Decision" because it has left link "11647: External Road Gafanha da Nazare" at position 5.279 m in the same time step.
                  Warning	Simulation second 5572.00: Vehicle 779 ignores the decision "16: Roundabout South - South Approach LDV" of type "Static Vehicle Routing Decision" because it has left link "70: External Road South" at position 113.974 m in the same time step.
                  Warning	Simulation second 5572.00: Vehicle 779 ignores the decision "17: Roundabout South - South Approach HDV and LDV Port" of type "Static Vehicle Routing Decision" because it has left link "70: External Road South" at position 113.974 m in the same time step.
                  Warning	Simulation second 5578.00: Vehicle 714 ignores the decision "241: Roundabout Prio Minor - North Approach" of type "Static Vehicle Routing Decision" because it has left link "151: TGL 1" at position 140.472 m in the same time step.
                  Warning	Simulation second 5581.00: Vehicle 345 ignores the decision "297: TNorte 7" of type "Static Vehicle Routing Decision" because it has left link "342: TNorte 3" at position 71.688 m in the same time step.
                  Warning	Simulation second 5581.00: Vehicle 756 ignores the decision "4: Roundabout Terminal Nort - South Approach LDV" of type "Static Vehicle Routing Decision" because it has left link "396: TNorte Entry/Exit" at position 164.855 m in the same time step.
                  Warning	Simulation second 5581.00: Vehicle 756 ignores the decision "5: Roundabout Terminal Nort - South Approach LDV Port" of type "Static Vehicle Routing Decision" because it has left link "396: TNorte Entry/Exit" at position 164.855 m in the same time step.
                  Warning	Simulation second 5581.00: Vehicle 756 ignores the decision "6: Roundabout Terminal Nort - South Approach HDV Port" of type "Static Vehicle Routing Decision" because it has left link "396: TNorte Entry/Exit" at position 164.855 m in the same time step.
                  Warning	Simulation second 5592.00: Vehicle 710 ignores the decision "19: Roundabout South - Nort Approach" of type "Static Vehicle Routing Decision" because it has left link "89: External Road South" at position 147.277 m in the same time step.
                  Warning	Simulation second 5592.00: Vehicle 710 ignores the decision "304: Roundabout South - Nort Approach HDV and LDV Port" of type "Static Vehicle Routing Decision" because it has left link "89: External Road South" at position 147.277 m in the same time step.
                  Warning	Simulation second 5592.00: Vehicle 736 ignores the decision "1179" of type "Desired Speed Decision" because it has left link "4: TNorte 2" at position 14.722 m in the same time step.
                  Warning	Simulation second 5592.00: Vehicle 736 ignores the decision "277: TNorte" of type "Static Vehicle Routing Decision" because it has left link "4: TNorte 2" at position 14.722 m in the same time step.
                  Warning	Simulation second 5601.00: Vehicle 782 ignores the decision "16: Roundabout South - South Approach LDV" of type "Static Vehicle Routing Decision" because it has left link "70: External Road South" at position 113.974 m in the same time step.
                  Warning	Simulation second 5601.00: Vehicle 782 ignores the decision "17: Roundabout South - South Approach HDV and LDV Port" of type "Static Vehicle Routing Decision" because it has left link "70: External Road South" at position 113.974 m in the same time step.
                  Warning	Simulation second 5603.00: Vehicle 709 ignores the decision "19: Roundabout South - Nort Approach" of type "Static Vehicle Routing Decision" because it has left link "89: External Road South" at position 147.277 m in the same time step.
                  Warning	Simulation second 5603.00: Vehicle 709 ignores the decision "304: Roundabout South - Nort Approach HDV and LDV Port" of type "Static Vehicle Routing Decision" because it has left link "89: External Road South" at position 147.277 m in the same time step.
                  Warning	Simulation second 5609.00: Vehicle 771 ignores the decision "1599" of type "Desired Speed Decision" because it has left link "10193: TGS Entry/Exit" at position 25.221 m in the same time step.
                  Warning	Simulation second 5611.00: Vehicle 766 ignores the decision "4: Roundabout Terminal Nort - South Approach LDV" of type "Static Vehicle Routing Decision" because it has left link "396: TNorte Entry/Exit" at position 164.855 m in the same time step.
                  Warning	Simulation second 5611.00: Vehicle 766 ignores the decision "5: Roundabout Terminal Nort - South Approach LDV Port" of type "Static Vehicle Routing Decision" because it has left link "396: TNorte Entry/Exit" at position 164.855 m in the same time step.
                  Warning	Simulation second 5611.00: Vehicle 766 ignores the decision "6: Roundabout Terminal Nort - South Approach HDV Port" of type "Static Vehicle Routing Decision" because it has left link "396: TNorte Entry/Exit" at position 164.855 m in the same time step.
                  Warning	Simulation second 5611.00: Vehicle 771 ignores the decision "267: TGS 10,11,12,13" of type "Static Vehicle Routing Decision" because it has left link "58: TGS Entry/Exit" at position 41.299 m in the same time step.
                  Warning	Simulation second 5612.00: Vehicle 771 ignores the decision "1636" of type "Desired Speed Decision" because it has left link "77: TGS 13" at position 2.914 m in the same time step.
                  Warning	Simulation second 5615.00: Vehicle 712 ignores the decision "19: Roundabout South - Nort Approach" of type "Static Vehicle Routing Decision" because it has left link "89: External Road South" at position 147.277 m in the same time step.
                  Warning	Simulation second 5615.00: Vehicle 712 ignores the decision "304: Roundabout South - Nort Approach HDV and LDV Port" of type "Static Vehicle Routing Decision" because it has left link "89: External Road South" at position 147.277 m in the same time step.
                  Warning	Simulation second 5616.00: Vehicle 783 ignores the decision "16: Roundabout South - South Approach LDV" of type "Static Vehicle Routing Decision" because it has left link "70: External Road South" at position 113.974 m in the same time step.
                  Warning	Simulation second 5616.00: Vehicle 783 ignores the decision "17: Roundabout South - South Approach HDV and LDV Port" of type "Static Vehicle Routing Decision" because it has left link "70: External Road South" at position 113.974 m in the same time step.
                  Warning	Simulation second 5617.00: Vehicle 723 ignores the decision "19: Roundabout South - Nort Approach" of type "Static Vehicle Routing Decision" because it has left link "89: External Road South" at position 147.277 m in the same time step.
                  Warning	Simulation second 5617.00: Vehicle 723 ignores the decision "304: Roundabout South - Nort Approach HDV and LDV Port" of type "Static Vehicle Routing Decision" because it has left link "89: External Road South" at position 147.277 m in the same time step.
                  Warning	Simulation second 5618.00: Vehicle 760 ignores the decision "4: Roundabout Terminal Nort - South Approach LDV" of type "Static Vehicle Routing Decision" because it has left link "396: TNorte Entry/Exit" at position 164.855 m in the same time step.
                  Warning	Simulation second 5618.00: Vehicle 760 ignores the decision "5: Roundabout Terminal Nort - South Approach LDV Port" of type "Static Vehicle Routing Decision" because it has left link "396: TNorte Entry/Exit" at position 164.855 m in the same time step.
                  Warning	Simulation second 5618.00: Vehicle 760 ignores the decision "6: Roundabout Terminal Nort - South Approach HDV Port" of type "Static Vehicle Routing Decision" because it has left link "396: TNorte Entry/Exit" at position 164.855 m in the same time step.
                  Warning	Simulation second 5619.00: Vehicle 497 ignores the decision "19: Roundabout South - Nort Approach" of type "Static Vehicle Routing Decision" because it has left link "89: External Road South" at position 147.277 m in the same time step.
                  Warning	Simulation second 5619.00: Vehicle 497 ignores the decision "304: Roundabout South - Nort Approach HDV and LDV Port" of type "Static Vehicle Routing Decision" because it has left link "89: External Road South" at position 147.277 m in the same time step.
                  Warning	Simulation second 5621.00: Vehicle 693 ignores the decision "19: Roundabout South - Nort Approach" of type "Static Vehicle Routing Decision" because it has left link "89: External Road South" at position 147.277 m in the same time step.
                  Warning	Simulation second 5621.00: Vehicle 693 ignores the decision "304: Roundabout South - Nort Approach HDV and LDV Port" of type "Static Vehicle Routing Decision" because it has left link "89: External Road South" at position 147.277 m in the same time step.
                  Warning	Simulation second 5621.00: Vehicle 759 ignores the decision "1042" of type "Desired Speed Decision" because it has left link "11647: External Road Gafanha da Nazare" at position 5.279 m in the same time step.
                  Warning	Simulation second 5625.00: Vehicle 764 ignores the decision "4: Roundabout Terminal Nort - South Approach LDV" of type "Static Vehicle Routing Decision" because it has left link "396: TNorte Entry/Exit" at position 164.855 m in the same time step.
                  Warning	Simulation second 5625.00: Vehicle 764 ignores the decision "5: Roundabout Terminal Nort - South Approach LDV Port" of type "Static Vehicle Routing Decision" because it has left link "396: TNorte Entry/Exit" at position 164.855 m in the same time step.
                  Warning	Simulation second 5625.00: Vehicle 764 ignores the decision "6: Roundabout Terminal Nort - South Approach HDV Port" of type "Static Vehicle Routing Decision" because it has left link "396: TNorte Entry/Exit" at position 164.855 m in the same time step.
                  Warning	Simulation second 5626.00: Vehicle 345 ignores the decision "297: TNorte 7" of type "Static Vehicle Routing Decision" because it has left link "342: TNorte 3" at position 71.688 m in the same time step.
                  Warning	Simulation second 5627.00: Vehicle 768 ignores the decision "4: Roundabout Terminal Nort - South Approach LDV" of type "Static Vehicle Routing Decision" because it has left link "396: TNorte Entry/Exit" at position 164.855 m in the same time step.
                  Warning	Simulation second 5627.00: Vehicle 768 ignores the decision "5: Roundabout Terminal Nort - South Approach LDV Port" of type "Static Vehicle Routing Decision" because it has left link "396: TNorte Entry/Exit" at position 164.855 m in the same time step.
                  Warning	Simulation second 5627.00: Vehicle 768 ignores the decision "6: Roundabout Terminal Nort - South Approach HDV Port" of type "Static Vehicle Routing Decision" because it has left link "396: TNorte Entry/Exit" at position 164.855 m in the same time step.
                  Warning	Simulation second 5630.00: Vehicle 785 ignores the decision "16: Roundabout South - South Approach LDV" of type "Static Vehicle Routing Decision" because it has left link "70: External Road South" at position 113.974 m in the same time step.
                  Warning	Simulation second 5630.00: Vehicle 785 ignores the decision "17: Roundabout South - South Approach HDV and LDV Port" of type "Static Vehicle Routing Decision" because it has left link "70: External Road South" at position 113.974 m in the same time step.
                  Warning	Simulation second 5635.00: Vehicle 754 ignores the decision "1039" of type "Desired Speed Decision" because it has left link "11021: External Road Gafanha da Nazare" at position 1.001 m in the same time step.
                  Warning	Simulation second 5636.00: Vehicle 771 ignores the decision "1612" of type "Desired Speed Decision" because it has left link "10115: TGS 13" at position 8.092 m in the same time step.
                  Warning	Simulation second 5641.00: Vehicle 751 (on Static Vehicle Route "265 - 1") reached the end of link "3: TNorte 5" without finding the subsequent link ("10950: TNorte 7").	Network object type: Vehicle	Network object keys: 751
                  Warning	Simulation second 5644.00: Vehicle 769 ignores the decision "4: Roundabout Terminal Nort - South Approach LDV" of type "Static Vehicle Routing Decision" because it has left link "396: TNorte Entry/Exit" at position 164.855 m in the same time step.
                  Warning	Simulation second 5644.00: Vehicle 769 ignores the decision "5: Roundabout Terminal Nort - South Approach LDV Port" of type "Static Vehicle Routing Decision" because it has left link "396: TNorte Entry/Exit" at position 164.855 m in the same time step.
                  Warning	Simulation second 5644.00: Vehicle 769 ignores the decision "6: Roundabout Terminal Nort - South Approach HDV Port" of type "Static Vehicle Routing Decision" because it has left link "396: TNorte Entry/Exit" at position 164.855 m in the same time step.
                  Warning	Simulation second 5649.00: Vehicle 741 ignores the decision "19: Roundabout South - Nort Approach" of type "Static Vehicle Routing Decision" because it has left link "89: External Road South" at position 147.277 m in the same time step.
                  Warning	Simulation second 5649.00: Vehicle 741 ignores the decision "304: Roundabout South - Nort Approach HDV and LDV Port" of type "Static Vehicle Routing Decision" because it has left link "89: External Road South" at position 147.277 m in the same time step.
                  Warning	Simulation second 5655.00: Vehicle 789 ignores the decision "16: Roundabout South - South Approach LDV" of type "Static Vehicle Routing Decision" because it has left link "70: External Road South" at position 113.974 m in the same time step.
                  Warning	Simulation second 5655.00: Vehicle 789 ignores the decision "17: Roundabout South - South Approach HDV and LDV Port" of type "Static Vehicle Routing Decision" because it has left link "70: External Road South" at position 113.974 m in the same time step.
                  Warning	Simulation second 5658.00: Vehicle 726 ignores the decision "19: Roundabout South - Nort Approach" of type "Static Vehicle Routing Decision" because it has left link "89: External Road South" at position 147.277 m in the same time step.
                  Warning	Simulation second 5658.00: Vehicle 726 ignores the decision "304: Roundabout South - Nort Approach HDV and LDV Port" of type "Static Vehicle Routing Decision" because it has left link "89: External Road South" at position 147.277 m in the same time step.
                  Warning	Simulation second 5658.00: Vehicle 792 ignores the decision "16: Roundabout South - South Approach LDV" of type "Static Vehicle Routing Decision" because it has left link "70: External Road South" at position 113.974 m in the same time step.
                  Warning	Simulation second 5658.00: Vehicle 792 ignores the decision "17: Roundabout South - South Approach HDV and LDV Port" of type "Static Vehicle Routing Decision" because it has left link "70: External Road South" at position 113.974 m in the same time step.
                  Warning	Simulation second 5659.00: Vehicle 787 ignores the decision "16: Roundabout South - South Approach LDV" of type "Static Vehicle Routing Decision" because it has left link "70: External Road South" at position 113.974 m in the same time step.
                  Warning	Simulation second 5659.00: Vehicle 787 ignores the decision "17: Roundabout South - South Approach HDV and LDV Port" of type "Static Vehicle Routing Decision" because it has left link "70: External Road South" at position 113.974 m in the same time step.
                  Warning	Simulation second 5660.00: Vehicle 772 ignores the decision "4: Roundabout Terminal Nort - South Approach LDV" of type "Static Vehicle Routing Decision" because it has left link "396: TNorte Entry/Exit" at position 164.855 m in the same time step.
                  Warning	Simulation second 5660.00: Vehicle 772 ignores the decision "5: Roundabout Terminal Nort - South Approach LDV Port" of type "Static Vehicle Routing Decision" because it has left link "396: TNorte Entry/Exit" at position 164.855 m in the same time step.
                  Warning	Simulation second 5660.00: Vehicle 772 ignores the decision "6: Roundabout Terminal Nort - South Approach HDV Port" of type "Static Vehicle Routing Decision" because it has left link "396: TNorte Entry/Exit" at position 164.855 m in the same time step.
                  Warning	Simulation second 5664.00: Vehicle 735 ignores the decision "19: Roundabout South - Nort Approach" of type "Static Vehicle Routing Decision" because it has left link "89: External Road South" at position 147.277 m in the same time step.
                  Warning	Simulation second 5664.00: Vehicle 735 ignores the decision "304: Roundabout South - Nort Approach HDV and LDV Port" of type "Static Vehicle Routing Decision" because it has left link "89: External Road South" at position 147.277 m in the same time step.
                  Warning	Simulation second 5665.00: Vehicle 796 ignores the decision "16: Roundabout South - South Approach LDV" of type "Static Vehicle Routing Decision" because it has left link "70: External Road South" at position 113.974 m in the same time step.
                  Warning	Simulation second 5665.00: Vehicle 796 ignores the decision "17: Roundabout South - South Approach HDV and LDV Port" of type "Static Vehicle Routing Decision" because it has left link "70: External Road South" at position 113.974 m in the same time step.
                  Warning	Simulation second 5670.00: Vehicle 737 ignores the decision "19: Roundabout South - Nort Approach" of type "Static Vehicle Routing Decision" because it has left link "89: External Road South" at position 147.277 m in the same time step.
                  Warning	Simulation second 5670.00: Vehicle 737 ignores the decision "304: Roundabout South - Nort Approach HDV and LDV Port" of type "Static Vehicle Routing Decision" because it has left link "89: External Road South" at position 147.277 m in the same time step.
                  Warning	Simulation second 5671.00: Vehicle 345 ignores the decision "297: TNorte 7" of type "Static Vehicle Routing Decision" because it has left link "342: TNorte 3" at position 71.688 m in the same time step.
                  Warning	Simulation second 5671.00: Vehicle 729 ignores the decision "25: Roundabot TG - North Approach " of type "Static Vehicle Routing Decision" because it has left link "209: External Road East" at position 250.353 m in the same time step.
                  Warning	Simulation second 5675.00: Vehicle 719 ignores the decision "19: Roundabout South - Nort Approach" of type "Static Vehicle Routing Decision" because it has left link "89: External Road South" at position 147.277 m in the same time step.
                  Warning	Simulation second 5675.00: Vehicle 719 ignores the decision "304: Roundabout South - Nort Approach HDV and LDV Port" of type "Static Vehicle Routing Decision" because it has left link "89: External Road South" at position 147.277 m in the same time step.
                  Warning	Simulation second 5679.00: Vehicle 724 ignores the decision "19: Roundabout South - Nort Approach" of type "Static Vehicle Routing Decision" because it has left link "89: External Road South" at position 147.277 m in the same time step.
                  Warning	Simulation second 5679.00: Vehicle 724 ignores the decision "304: Roundabout South - Nort Approach HDV and LDV Port" of type "Static Vehicle Routing Decision" because it has left link "89: External Road South" at position 147.277 m in the same time step.
                  Warning	Simulation second 5683.00: Vehicle 771 ignores the decision "256: Solid Bulk South West - Aveiro Port" of type "Static Vehicle Routing Decision" because it has left link "63: TGS Entry/Exit" at position 42.721 m in the same time step.
                  Warning	Simulation second 5691.00: Vehicle 774 ignores the decision "5: Roundabout Terminal Nort - South Approach LDV Port" of type "Static Vehicle Routing Decision" because it has left link "396: TNorte Entry/Exit" at position 164.855 m in the same time step.
                  Warning	Simulation second 5691.00: Vehicle 774 ignores the decision "6: Roundabout Terminal Nort - South Approach HDV Port" of type "Static Vehicle Routing Decision" because it has left link "396: TNorte Entry/Exit" at position 164.855 m in the same time step.
                  Warning	Simulation second 5697.00: Vehicle 799 ignores the decision "16: Roundabout South - South Approach LDV" of type "Static Vehicle Routing Decision" because it has left link "70: External Road South" at position 113.974 m in the same time step.
                  Warning	Simulation second 5697.00: Vehicle 799 ignores the decision "17: Roundabout South - South Approach HDV and LDV Port" of type "Static Vehicle Routing Decision" because it has left link "70: External Road South" at position 113.974 m in the same time step.
                  Warning	Simulation second 5700.00: Vehicle 794 ignores the decision "22: Roundabout Centre - East Approach LDV" of type "Static Vehicle Routing Decision" because it has left link "372: External Road Centre" at position 61.876 m in the same time step.
                  Warning	Simulation second 5700.00: Vehicle 794 ignores the decision "23: Roundabout Centre - East Approach HDV and LDV Port" of type "Static Vehicle Routing Decision" because it has left link "372: External Road Centre" at position 61.876 m in the same time step.
                  Warning	Simulation second 5705.00: Vehicle 800 ignores the decision "16: Roundabout South - South Approach LDV" of type "Static Vehicle Routing Decision" because it has left link "70: External Road South" at position 113.974 m in the same time step.
                  Warning	Simulation second 5705.00: Vehicle 800 ignores the decision "17: Roundabout South - South Approach HDV and LDV Port" of type "Static Vehicle Routing Decision" because it has left link "70: External Road South" at position 113.974 m in the same time step.
                  Warning	Simulation second 5707.00: Vehicle 801 ignores the decision "16: Roundabout South - South Approach LDV" of type "Static Vehicle Routing Decision" because it has left link "70: External Road South" at position 113.974 m in the same time step.
                  Warning	Simulation second 5707.00: Vehicle 801 ignores the decision "17: Roundabout South - South Approach HDV and LDV Port" of type "Static Vehicle Routing Decision" because it has left link "70: External Road South" at position 113.974 m in the same time step.
                  Warning	Simulation second 5709.00: Vehicle 756 ignores the decision "19: Roundabout South - Nort Approach" of type "Static Vehicle Routing Decision" because it has left link "89: External Road South" at position 147.277 m in the same time step.
                  Warning	Simulation second 5709.00: Vehicle 756 ignores the decision "304: Roundabout South - Nort Approach HDV and LDV Port" of type "Static Vehicle Routing Decision" because it has left link "89: External Road South" at position 147.277 m in the same time step.
                  Warning	Simulation second 5712.00: Vehicle 745 ignores the decision "19: Roundabout South - Nort Approach" of type "Static Vehicle Routing Decision" because it has left link "89: External Road South" at position 147.277 m in the same time step.
                  Warning	Simulation second 5712.00: Vehicle 745 ignores the decision "304: Roundabout South - Nort Approach HDV and LDV Port" of type "Static Vehicle Routing Decision" because it has left link "89: External Road South" at position 147.277 m in the same time step.
                  Warning	Simulation second 5713.00: Vehicle 782 ignores the decision "4: Roundabout Terminal Nort - South Approach LDV" of type "Static Vehicle Routing Decision" because it has left link "396: TNorte Entry/Exit" at position 164.855 m in the same time step.
                  Warning	Simulation second 5713.00: Vehicle 782 ignores the decision "5: Roundabout Terminal Nort - South Approach LDV Port" of type "Static Vehicle Routing Decision" because it has left link "396: TNorte Entry/Exit" at position 164.855 m in the same time step.
                  Warning	Simulation second 5713.00: Vehicle 782 ignores the decision "6: Roundabout Terminal Nort - South Approach HDV Port" of type "Static Vehicle Routing Decision" because it has left link "396: TNorte Entry/Exit" at position 164.855 m in the same time step.
                  Warning	Simulation second 5713.00: Vehicle 786 ignores the decision "4: Roundabout Terminal Nort - South Approach LDV" of type "Static Vehicle Routing Decision" because it has left link "396: TNorte Entry/Exit" at position 164.855 m in the same time step.
                  Warning	Simulation second 5713.00: Vehicle 786 ignores the decision "5: Roundabout Terminal Nort - South Approach LDV Port" of type "Static Vehicle Routing Decision" because it has left link "396: TNorte Entry/Exit" at position 164.855 m in the same time step.
                  Warning	Simulation second 5713.00: Vehicle 786 ignores the decision "6: Roundabout Terminal Nort - South Approach HDV Port" of type "Static Vehicle Routing Decision" because it has left link "396: TNorte Entry/Exit" at position 164.855 m in the same time step.
                  Warning	Simulation second 5715.00: Vehicle 783 ignores the decision "4: Roundabout Terminal Nort - South Approach LDV" of type "Static Vehicle Routing Decision" because it has left link "396: TNorte Entry/Exit" at position 164.855 m in the same time step.
                  Warning	Simulation second 5715.00: Vehicle 783 ignores the decision "5: Roundabout Terminal Nort - South Approach LDV Port" of type "Static Vehicle Routing Decision" because it has left link "396: TNorte Entry/Exit" at position 164.855 m in the same time step.
                  Warning	Simulation second 5715.00: Vehicle 783 ignores the decision "6: Roundabout Terminal Nort - South Approach HDV Port" of type "Static Vehicle Routing Decision" because it has left link "396: TNorte Entry/Exit" at position 164.855 m in the same time step.
                  Warning	Simulation second 5716.00: Vehicle 345 ignores the decision "297: TNorte 7" of type "Static Vehicle Routing Decision" because it has left link "342: TNorte 3" at position 71.688 m in the same time step.
                  Warning	Simulation second 5722.00: Vehicle 788 ignores the decision "4: Roundabout Terminal Nort - South Approach LDV" of type "Static Vehicle Routing Decision" because it has left link "396: TNorte Entry/Exit" at position 164.855 m in the same time step.
                  Warning	Simulation second 5722.00: Vehicle 788 ignores the decision "5: Roundabout Terminal Nort - South Approach LDV Port" of type "Static Vehicle Routing Decision" because it has left link "396: TNorte Entry/Exit" at position 164.855 m in the same time step.
                  Warning	Simulation second 5722.00: Vehicle 788 ignores the decision "6: Roundabout Terminal Nort - South Approach HDV Port" of type "Static Vehicle Routing Decision" because it has left link "396: TNorte Entry/Exit" at position 164.855 m in the same time step.
                  Warning	Simulation second 5724.00: Vehicle 733 ignores the decision "241: Roundabout Prio Minor - North Approach" of type "Static Vehicle Routing Decision" because it has left link "151: TGL 1" at position 140.472 m in the same time step.
                  Warning	Simulation second 5725.00: Vehicle 804 ignores the decision "16: Roundabout South - South Approach LDV" of type "Static Vehicle Routing Decision" because it has left link "70: External Road South" at position 113.974 m in the same time step.
                  Warning	Simulation second 5725.00: Vehicle 804 ignores the decision "17: Roundabout South - South Approach HDV and LDV Port" of type "Static Vehicle Routing Decision" because it has left link "70: External Road South" at position 113.974 m in the same time step.
                  Warning	Simulation second 5742.00: Vehicle 767 ignores the decision "19: Roundabout South - Nort Approach" of type "Static Vehicle Routing Decision" because it has left link "89: External Road South" at position 147.277 m in the same time step.
                  Warning	Simulation second 5742.00: Vehicle 767 ignores the decision "304: Roundabout South - Nort Approach HDV and LDV Port" of type "Static Vehicle Routing Decision" because it has left link "89: External Road South" at position 147.277 m in the same time step.
                  Warning	Simulation second 5743.00: Vehicle 736 ignores the decision "254: Roundabout MultiPurpose - Southeast Aproach" of type "Static Vehicle Routing Decision" because it has left link "32: TNorte 5" at position 848.237 m in the same time step.
                  Warning	Simulation second 5746.00: Vehicle 716 ignores the decision "25: Roundabot TG - North Approach " of type "Static Vehicle Routing Decision" because it has left link "209: External Road East" at position 250.353 m in the same time step.
                  Warning	Simulation second 5756.00: Vehicle 792 ignores the decision "20: Roudabout Centre - West Approach LDV" of type "Static Vehicle Routing Decision" because it has left link "367: External Road Centre" at position 210.272 m in the same time step.
                  Warning	Simulation second 5756.00: Vehicle 792 ignores the decision "21: Roudabout Centre - West Approach HDV and LDV Port" of type "Static Vehicle Routing Decision" because it has left link "367: External Road Centre" at position 210.272 m in the same time step.
                  Warning	Simulation second 5757.00: Vehicle 771 ignores the decision "193: Roundabout Prio - North Approach LDV" of type "Static Vehicle Routing Decision" because it has left link "633: TGS External Road" at position 777.531 m in the same time step.
                  Warning	Simulation second 5761.00: Vehicle 345 ignores the decision "297: TNorte 7" of type "Static Vehicle Routing Decision" because it has left link "342: TNorte 3" at position 71.688 m in the same time step.
                  Warning	Simulation second 5768.00: Vehicle 807 ignores the decision "16: Roundabout South - South Approach LDV" of type "Static Vehicle Routing Decision" because it has left link "70: External Road South" at position 113.974 m in the same time step.
                  Warning	Simulation second 5768.00: Vehicle 807 ignores the decision "17: Roundabout South - South Approach HDV and LDV Port" of type "Static Vehicle Routing Decision" because it has left link "70: External Road South" at position 113.974 m in the same time step.
                  Warning	Simulation second 5772.00: Vehicle 746 ignores the decision "1605" of type "Desired Speed Decision" because it has left link "10081: TGS Entry/Exit" at position 15.750 m in the same time step.
                  Warning	Simulation second 5775.00: Vehicle 772 ignores the decision "1039" of type "Desired Speed Decision" because it has left link "11021: External Road Gafanha da Nazare" at position 1.001 m in the same time step.
                  Warning	Simulation second 5777.00: Vehicle 810 ignores the decision "16: Roundabout South - South Approach LDV" of type "Static Vehicle Routing Decision" because it has left link "70: External Road South" at position 113.974 m in the same time step.
                  Warning	Simulation second 5777.00: Vehicle 810 ignores the decision "17: Roundabout South - South Approach HDV and LDV Port" of type "Static Vehicle Routing Decision" because it has left link "70: External Road South" at position 113.974 m in the same time step.
                  Warning	Simulation second 5787.00: Vehicle 797 ignores the decision "4: Roundabout Terminal Nort - South Approach LDV" of type "Static Vehicle Routing Decision" because it has left link "396: TNorte Entry/Exit" at position 164.855 m in the same time step.
                  Warning	Simulation second 5787.00: Vehicle 797 ignores the decision "5: Roundabout Terminal Nort - South Approach LDV Port" of type "Static Vehicle Routing Decision" because it has left link "396: TNorte Entry/Exit" at position 164.855 m in the same time step.
                  Warning	Simulation second 5787.00: Vehicle 797 ignores the decision "6: Roundabout Terminal Nort - South Approach HDV Port" of type "Static Vehicle Routing Decision" because it has left link "396: TNorte Entry/Exit" at position 164.855 m in the same time step.
                  Warning	Simulation second 5790.00: Vehicle 789 ignores the decision "5: Roundabout Terminal Nort - South Approach LDV Port" of type "Static Vehicle Routing Decision" because it has left link "396: TNorte Entry/Exit" at position 164.855 m in the same time step.
                  Warning	Simulation second 5790.00: Vehicle 789 ignores the decision "6: Roundabout Terminal Nort - South Approach HDV Port" of type "Static Vehicle Routing Decision" because it has left link "396: TNorte Entry/Exit" at position 164.855 m in the same time step.
                  Warning	Simulation second 5795.00: Vehicle 814 ignores the decision "16: Roundabout South - South Approach LDV" of type "Static Vehicle Routing Decision" because it has left link "70: External Road South" at position 113.974 m in the same time step.
                  Warning	Simulation second 5795.00: Vehicle 814 ignores the decision "17: Roundabout South - South Approach HDV and LDV Port" of type "Static Vehicle Routing Decision" because it has left link "70: External Road South" at position 113.974 m in the same time step.
                  Warning	Simulation second 5796.00: Vehicle 775 ignores the decision "1042" of type "Desired Speed Decision" because it has left link "11647: External Road Gafanha da Nazare" at position 5.279 m in the same time step.
                  Warning	Simulation second 5797.00: Vehicle 770 (on Static Vehicle Route "262 - 2") reached the end of link "34: TNorte 6" without finding the subsequent link ("10049: TNorte 7").	Network object type: Vehicle	Network object keys: 770
                  Warning	Simulation second 5802.00: Vehicle 812 ignores the decision "16: Roundabout South - South Approach LDV" of type "Static Vehicle Routing Decision" because it has left link "70: External Road South" at position 113.974 m in the same time step.
                  Warning	Simulation second 5802.00: Vehicle 812 ignores the decision "17: Roundabout South - South Approach HDV and LDV Port" of type "Static Vehicle Routing Decision" because it has left link "70: External Road South" at position 113.974 m in the same time step.
                  Warning	Simulation second 5803.00: Vehicle 805 ignores the decision "305: TGL Rounabout Entrance" of type "Static Vehicle Routing Decision" because it has left link "90: TGL 1" at position 16.830 m in the same time step.
                  Warning	Simulation second 5806.00: Vehicle 345 ignores the decision "297: TNorte 7" of type "Static Vehicle Routing Decision" because it has left link "342: TNorte 3" at position 71.688 m in the same time step.
                  Warning	Simulation second 5823.00: Vehicle 746 ignores the decision "1673" of type "Desired Speed Decision" because it has left link "68: TGS 10" at position 6.151 m in the same time step.
                  Warning	Simulation second 5824.00: Vehicle 798 ignores the decision "5: Roundabout Terminal Nort - South Approach LDV Port" of type "Static Vehicle Routing Decision" because it has left link "396: TNorte Entry/Exit" at position 164.855 m in the same time step.
                  Warning	Simulation second 5824.00: Vehicle 798 ignores the decision "6: Roundabout Terminal Nort - South Approach HDV Port" of type "Static Vehicle Routing Decision" because it has left link "396: TNorte Entry/Exit" at position 164.855 m in the same time step.
                  Warning	Simulation second 5827.00: Vehicle 795 ignores the decision "1126" of type "Desired Speed Decision" because it has left link "10061: TNorte 2" at position 4.140 m in the same time step.
                  Warning	Simulation second 5830.00: Vehicle 795 ignores the decision "1124" of type "Desired Speed Decision" because it has left link "10062: TNorte 2" at position 5.775 m in the same time step.
                  Warning	Simulation second 5832.00: Vehicle 779 ignores the decision "305: TGL Rounabout Entrance" of type "Static Vehicle Routing Decision" because it has left link "90: TGL 1" at position 16.830 m in the same time step.
                  Warning	Simulation second 5835.00: Vehicle 783 ignores the decision "19: Roundabout South - Nort Approach" of type "Static Vehicle Routing Decision" because it has left link "89: External Road South" at position 147.277 m in the same time step.
                  Warning	Simulation second 5835.00: Vehicle 783 ignores the decision "304: Roundabout South - Nort Approach HDV and LDV Port" of type "Static Vehicle Routing Decision" because it has left link "89: External Road South" at position 147.277 m in the same time step.
                  Warning	Simulation second 5838.00: Vehicle 795 ignores the decision "1127" of type "Desired Speed Decision" because it has left link "10072: TNorte 2" at position 7.078 m in the same time step.
                  Warning	Simulation second 5841.00: Vehicle 739 (on Static Vehicle Route "263 - 3") reached the end of link "28: TNorte 7" without finding the subsequent link ("10961: TNorte 7").	Network object type: Vehicle	Network object keys: 739
                  Warning	Simulation second 5845.00: Vehicle 807 ignores the decision "1039" of type "Desired Speed Decision" because it has left link "11021: External Road Gafanha da Nazare" at position 1.001 m in the same time step.
                  Warning	Simulation second 5849.00: Vehicle 768 ignores the decision "300: TNorte 10" of type "Static Vehicle Routing Decision" because it has left link "5: TNorte 4" at position 67.840 m in the same time step.
                  Warning	Simulation second 5850.00: Vehicle 822 ignores the decision "16: Roundabout South - South Approach LDV" of type "Static Vehicle Routing Decision" because it has left link "70: External Road South" at position 113.974 m in the same time step.
                  Warning	Simulation second 5850.00: Vehicle 822 ignores the decision "17: Roundabout South - South Approach HDV and LDV Port" of type "Static Vehicle Routing Decision" because it has left link "70: External Road South" at position 113.974 m in the same time step.
                  Warning	Simulation second 5852.00: Vehicle 763 ignores the decision "7: Roundabout Terminal Nort - East Approach" of type "Static Vehicle Routing Decision" because it has left link "844: TNorte Entry/Exit" at position 13.671 m in the same time step.
                  Warning	Simulation second 5854.00: Vehicle 823 ignores the decision "16: Roundabout South - South Approach LDV" of type "Static Vehicle Routing Decision" because it has left link "70: External Road South" at position 113.974 m in the same time step.
                  Warning	Simulation second 5854.00: Vehicle 823 ignores the decision "17: Roundabout South - South Approach HDV and LDV Port" of type "Static Vehicle Routing Decision" because it has left link "70: External Road South" at position 113.974 m in the same time step.
                  Warning	Simulation second 5856.00: Vehicle 819 ignores the decision "16: Roundabout South - South Approach LDV" of type "Static Vehicle Routing Decision" because it has left link "70: External Road South" at position 113.974 m in the same time step.
                  Warning	Simulation second 5856.00: Vehicle 819 ignores the decision "17: Roundabout South - South Approach HDV and LDV Port" of type "Static Vehicle Routing Decision" because it has left link "70: External Road South" at position 113.974 m in the same time step.
                  Warning	Simulation second 5859.00: Vehicle 824 ignores the decision "16: Roundabout South - South Approach LDV" of type "Static Vehicle Routing Decision" because it has left link "70: External Road South" at position 113.974 m in the same time step.
                  Warning	Simulation second 5859.00: Vehicle 824 ignores the decision "17: Roundabout South - South Approach HDV and LDV Port" of type "Static Vehicle Routing Decision" because it has left link "70: External Road South" at position 113.974 m in the same time step.
                  Warning	Simulation second 5863.00: Vehicle 821 ignores the decision "16: Roundabout South - South Approach LDV" of type "Static Vehicle Routing Decision" because it has left link "70: External Road South" at position 113.974 m in the same time step.
                  Warning	Simulation second 5863.00: Vehicle 821 ignores the decision "17: Roundabout South - South Approach HDV and LDV Port" of type "Static Vehicle Routing Decision" because it has left link "70: External Road South" at position 113.974 m in the same time step.
                  Warning	Simulation second 5865.00: Vehicle 825 ignores the decision "16: Roundabout South - South Approach LDV" of type "Static Vehicle Routing Decision" because it has left link "70: External Road South" at position 113.974 m in the same time step.
                  Warning	Simulation second 5865.00: Vehicle 825 ignores the decision "17: Roundabout South - South Approach HDV and LDV Port" of type "Static Vehicle Routing Decision" because it has left link "70: External Road South" at position 113.974 m in the same time step.
                  Warning	Simulation second 5868.00: Vehicle 826 ignores the decision "16: Roundabout South - South Approach LDV" of type "Static Vehicle Routing Decision" because it has left link "70: External Road South" at position 113.974 m in the same time step.
                  Warning	Simulation second 5868.00: Vehicle 826 ignores the decision "17: Roundabout South - South Approach HDV and LDV Port" of type "Static Vehicle Routing Decision" because it has left link "70: External Road South" at position 113.974 m in the same time step.
                  Warning	Simulation second 5883.00: Vehicle 797 ignores the decision "1039" of type "Desired Speed Decision" because it has left link "11021: External Road Gafanha da Nazare" at position 1.001 m in the same time step.
                  Warning	Simulation second 5892.00: Vehicle 788 ignores the decision "7: Roundabout Terminal Nort - East Approach" of type "Static Vehicle Routing Decision" because it has left link "844: TNorte Entry/Exit" at position 13.671 m in the same time step.
                  Warning	Simulation second 5897.00: Vehicle 829 ignores the decision "16: Roundabout South - South Approach LDV" of type "Static Vehicle Routing Decision" because it has left link "70: External Road South" at position 113.974 m in the same time step.
                  Warning	Simulation second 5897.00: Vehicle 829 ignores the decision "17: Roundabout South - South Approach HDV and LDV Port" of type "Static Vehicle Routing Decision" because it has left link "70: External Road South" at position 113.974 m in the same time step.
                  Warning	Simulation second 5900.00: Vehicle 775 ignores the decision "19: Roundabout South - Nort Approach" of type "Static Vehicle Routing Decision" because it has left link "89: External Road South" at position 147.277 m in the same time step.
                  Warning	Simulation second 5900.00: Vehicle 775 ignores the decision "304: Roundabout South - Nort Approach HDV and LDV Port" of type "Static Vehicle Routing Decision" because it has left link "89: External Road South" at position 147.277 m in the same time step.
                  Warning	Simulation second 5900.00: Vehicle 803 ignores the decision "1042" of type "Desired Speed Decision" because it has left link "11647: External Road Gafanha da Nazare" at position 5.279 m in the same time step.
                  Warning	Simulation second 5901.00: Vehicle 795 ignores the decision "7: Roundabout Terminal Nort - East Approach" of type "Static Vehicle Routing Decision" because it has left link "844: TNorte Entry/Exit" at position 13.671 m in the same time step.
                  Warning	Simulation second 5902.00: Vehicle 791 ignores the decision "19: Roundabout South - Nort Approach" of type "Static Vehicle Routing Decision" because it has left link "89: External Road South" at position 147.277 m in the same time step.
                  Warning	Simulation second 5902.00: Vehicle 791 ignores the decision "304: Roundabout South - Nort Approach HDV and LDV Port" of type "Static Vehicle Routing Decision" because it has left link "89: External Road South" at position 147.277 m in the same time step.
                  Warning	Simulation second 5910.00: Vehicle 773 ignores the decision "19: Roundabout South - Nort Approach" of type "Static Vehicle Routing Decision" because it has left link "89: External Road South" at position 147.277 m in the same time step.
                  Warning	Simulation second 5910.00: Vehicle 773 ignores the decision "304: Roundabout South - Nort Approach HDV and LDV Port" of type "Static Vehicle Routing Decision" because it has left link "89: External Road South" at position 147.277 m in the same time step.
                  Warning	Simulation second 5912.00: Vehicle 743 ignores the decision "254: Roundabout MultiPurpose - Southeast Aproach" of type "Static Vehicle Routing Decision" because it has left link "32: TNorte 5" at position 848.237 m in the same time step.
                  Warning	Simulation second 5912.00: Vehicle 780 ignores the decision "19: Roundabout South - Nort Approach" of type "Static Vehicle Routing Decision" because it has left link "89: External Road South" at position 147.277 m in the same time step.
                  Warning	Simulation second 5912.00: Vehicle 780 ignores the decision "304: Roundabout South - Nort Approach HDV and LDV Port" of type "Static Vehicle Routing Decision" because it has left link "89: External Road South" at position 147.277 m in the same time step.
                  Warning	Simulation second 5915.00: Vehicle 822 ignores the decision "1039" of type "Desired Speed Decision" because it has left link "11021: External Road Gafanha da Nazare" at position 1.001 m in the same time step.
                  Warning	Simulation second 5917.00: Vehicle 823 ignores the decision "1039" of type "Desired Speed Decision" because it has left link "11021: External Road Gafanha da Nazare" at position 1.001 m in the same time step.
                  Warning	Simulation second 5918.00: Vehicle 827 ignores the decision "3: Roundabout Terminal Nort - North Approach" of type "Static Vehicle Routing Decision" because it has left link "400: External Road Ferry" at position 142.927 m in the same time step.
                  Warning	Simulation second 5921.00: Vehicle 835 ignores the decision "16: Roundabout South - South Approach LDV" of type "Static Vehicle Routing Decision" because it has left link "70: External Road South" at position 113.974 m in the same time step.
                  Warning	Simulation second 5921.00: Vehicle 835 ignores the decision "17: Roundabout South - South Approach HDV and LDV Port" of type "Static Vehicle Routing Decision" because it has left link "70: External Road South" at position 113.974 m in the same time step.
                  Warning	Simulation second 5924.00: Vehicle 837 ignores the decision "16: Roundabout South - South Approach LDV" of type "Static Vehicle Routing Decision" because it has left link "70: External Road South" at position 113.974 m in the same time step.
                  Warning	Simulation second 5924.00: Vehicle 837 ignores the decision "17: Roundabout South - South Approach HDV and LDV Port" of type "Static Vehicle Routing Decision" because it has left link "70: External Road South" at position 113.974 m in the same time step.
                  Warning	Simulation second 5928.00: Vehicle 834 ignores the decision "16: Roundabout South - South Approach LDV" of type "Static Vehicle Routing Decision" because it has left link "70: External Road South" at position 113.974 m in the same time step.
                  Warning	Simulation second 5928.00: Vehicle 834 ignores the decision "17: Roundabout South - South Approach HDV and LDV Port" of type "Static Vehicle Routing Decision" because it has left link "70: External Road South" at position 113.974 m in the same time step.
                  Warning	Simulation second 5929.00: Vehicle 771 ignores the decision "25: Roundabot TG - North Approach " of type "Static Vehicle Routing Decision" because it has left link "209: External Road East" at position 250.353 m in the same time step.
                  Warning	Simulation second 5931.00: Vehicle 752 ignores the decision "19: Roundabout South - Nort Approach" of type "Static Vehicle Routing Decision" because it has left link "89: External Road South" at position 147.277 m in the same time step.
                  Warning	Simulation second 5931.00: Vehicle 752 ignores the decision "304: Roundabout South - Nort Approach HDV and LDV Port" of type "Static Vehicle Routing Decision" because it has left link "89: External Road South" at position 147.277 m in the same time step.
                  Warning	Simulation second 5943.00: Vehicle 345 ignores the decision "297: TNorte 7" of type "Static Vehicle Routing Decision" because it has left link "342: TNorte 3" at position 71.688 m in the same time step.
                  Warning	Simulation second 5945.00: Vehicle 831 ignores the decision "22: Roundabout Centre - East Approach LDV" of type "Static Vehicle Routing Decision" because it has left link "372: External Road Centre" at position 61.876 m in the same time step.
                  Warning	Simulation second 5945.00: Vehicle 831 ignores the decision "23: Roundabout Centre - East Approach HDV and LDV Port" of type "Static Vehicle Routing Decision" because it has left link "372: External Road Centre" at position 61.876 m in the same time step.
                  Warning	Simulation second 5946.00: Vehicle 776 ignores the decision "19: Roundabout South - Nort Approach" of type "Static Vehicle Routing Decision" because it has left link "89: External Road South" at position 147.277 m in the same time step.
                  Warning	Simulation second 5946.00: Vehicle 776 ignores the decision "304: Roundabout South - Nort Approach HDV and LDV Port" of type "Static Vehicle Routing Decision" because it has left link "89: External Road South" at position 147.277 m in the same time step.
                  Warning	Simulation second 5946.00: Vehicle 838 ignores the decision "16: Roundabout South - South Approach LDV" of type "Static Vehicle Routing Decision" because it has left link "70: External Road South" at position 113.974 m in the same time step.
                  Warning	Simulation second 5946.00: Vehicle 838 ignores the decision "17: Roundabout South - South Approach HDV and LDV Port" of type "Static Vehicle Routing Decision" because it has left link "70: External Road South" at position 113.974 m in the same time step.
                  Warning	Simulation second 5954.00: Vehicle 811 ignores the decision "1042" of type "Desired Speed Decision" because it has left link "11647: External Road Gafanha da Nazare" at position 5.279 m in the same time step.
                  Warning	Simulation second 5968.00: Vehicle 736 ignores the decision "254: Roundabout MultiPurpose - Southeast Aproach" of type "Static Vehicle Routing Decision" because it has left link "32: TNorte 5" at position 848.237 m in the same time step.
                  Warning	Simulation second 5974.00: Vehicle 846 ignores the decision "16: Roundabout South - South Approach LDV" of type "Static Vehicle Routing Decision" because it has left link "70: External Road South" at position 113.974 m in the same time step.
                  Warning	Simulation second 5974.00: Vehicle 846 ignores the decision "17: Roundabout South - South Approach HDV and LDV Port" of type "Static Vehicle Routing Decision" because it has left link "70: External Road South" at position 113.974 m in the same time step.
                  Warning	Simulation second 5985.00: Vehicle 746 ignores the decision "193: Roundabout Prio - North Approach LDV" of type "Static Vehicle Routing Decision" because it has left link "633: TGS External Road" at position 777.531 m in the same time step.
                  Warning	Simulation second 5985.00: Vehicle 821 ignores the decision "4: Roundabout Terminal Nort - South Approach LDV" of type "Static Vehicle Routing Decision" because it has left link "396: TNorte Entry/Exit" at position 164.855 m in the same time step.
                  Warning	Simulation second 5985.00: Vehicle 821 ignores the decision "5: Roundabout Terminal Nort - South Approach LDV Port" of type "Static Vehicle Routing Decision" because it has left link "396: TNorte Entry/Exit" at position 164.855 m in the same time step.
                  Warning	Simulation second 5985.00: Vehicle 821 ignores the decision "6: Roundabout Terminal Nort - South Approach HDV Port" of type "Static Vehicle Routing Decision" because it has left link "396: TNorte Entry/Exit" at position 164.855 m in the same time step.
                  Warning	Simulation second 5986.00: Vehicle 819 ignores the decision "4: Roundabout Terminal Nort - South Approach LDV" of type "Static Vehicle Routing Decision" because it has left link "396: TNorte Entry/Exit" at position 164.855 m in the same time step.
                  Warning	Simulation second 5986.00: Vehicle 819 ignores the decision "5: Roundabout Terminal Nort - South Approach LDV Port" of type "Static Vehicle Routing Decision" because it has left link "396: TNorte Entry/Exit" at position 164.855 m in the same time step.
                  Warning	Simulation second 5986.00: Vehicle 819 ignores the decision "6: Roundabout Terminal Nort - South Approach HDV Port" of type "Static Vehicle Routing Decision" because it has left link "396: TNorte Entry/Exit" at position 164.855 m in the same time step.
                  Warning	Simulation second 5988.00: Vehicle 345 ignores the decision "297: TNorte 7" of type "Static Vehicle Routing Decision" because it has left link "342: TNorte 3" at position 71.688 m in the same time step.
                  Warning	Simulation second 5993.00: Vehicle 803 ignores the decision "19: Roundabout South - Nort Approach" of type "Static Vehicle Routing Decision" because it has left link "89: External Road South" at position 147.277 m in the same time step.
                  Warning	Simulation second 5993.00: Vehicle 803 ignores the decision "304: Roundabout South - Nort Approach HDV and LDV Port" of type "Static Vehicle Routing Decision" because it has left link "89: External Road South" at position 147.277 m in the same time step.
                  Warning	Simulation second 5993.00: Vehicle 849 ignores the decision "16: Roundabout South - South Approach LDV" of type "Static Vehicle Routing Decision" because it has left link "70: External Road South" at position 113.974 m in the same time step.
                  Warning	Simulation second 5993.00: Vehicle 849 ignores the decision "17: Roundabout South - South Approach HDV and LDV Port" of type "Static Vehicle Routing Decision" because it has left link "70: External Road South" at position 113.974 m in the same time step.
                  Warning	Simulation second 5994.00: Vehicle 625 ignores the decision "19: Roundabout South - Nort Approach" of type "Static Vehicle Routing Decision" because it has left link "89: External Road South" at position 147.277 m in the same time step.
                  Warning	Simulation second 5994.00: Vehicle 625 ignores the decision "304: Roundabout South - Nort Approach HDV and LDV Port" of type "Static Vehicle Routing Decision" because it has left link "89: External Road South" at position 147.277 m in the same time step.
                  Warning	Simulation second 5994.00: Vehicle 851 ignores the decision "16: Roundabout South - South Approach LDV" of type "Static Vehicle Routing Decision" because it has left link "70: External Road South" at position 113.974 m in the same time step.
                  Warning	Simulation second 5994.00: Vehicle 851 ignores the decision "17: Roundabout South - South Approach HDV and LDV Port" of type "Static Vehicle Routing Decision" because it has left link "70: External Road South" at position 113.974 m in the same time step.
                  Warning	Simulation second 5995.00: Vehicle 802 ignores the decision "4: Roundabout Terminal Nort - South Approach LDV" of type "Static Vehicle Routing Decision" because it has left link "396: TNorte Entry/Exit" at position 164.855 m in the same time step.
                  Warning	Simulation second 5995.00: Vehicle 802 ignores the decision "5: Roundabout Terminal Nort - South Approach LDV Port" of type "Static Vehicle Routing Decision" because it has left link "396: TNorte Entry/Exit" at position 164.855 m in the same time step.
                  Warning	Simulation second 5995.00: Vehicle 802 ignores the decision "6: Roundabout Terminal Nort - South Approach HDV Port" of type "Static Vehicle Routing Decision" because it has left link "396: TNorte Entry/Exit" at position 164.855 m in the same time step.
                  Warning	Simulation second 5996.00: Vehicle 856 ignores the decision "28: Roundabout TG - South Approach Minor" of type "Static Vehicle Routing Decision" because it has left link "907: External Road East" at position 152.286 m in the same time step.
                  Warning	Simulation second 5997.00: Vehicle 853 ignores the decision "16: Roundabout South - South Approach LDV" of type "Static Vehicle Routing Decision" because it has left link "70: External Road South" at position 113.974 m in the same time step.
                  Warning	Simulation second 5997.00: Vehicle 853 ignores the decision "17: Roundabout South - South Approach HDV and LDV Port" of type "Static Vehicle Routing Decision" because it has left link "70: External Road South" at position 113.974 m in the same time step.
                  Warning	Simulation second 6001.00: Vehicle 855 ignores the decision "16: Roundabout South - South Approach LDV" of type "Static Vehicle Routing Decision" because it has left link "70: External Road South" at position 113.974 m in the same time step.
                  Warning	Simulation second 6001.00: Vehicle 855 ignores the decision "17: Roundabout South - South Approach HDV and LDV Port" of type "Static Vehicle Routing Decision" because it has left link "70: External Road South" at position 113.974 m in the same time step.
                  Warning	Simulation second 6002.00: Vehicle 743 (on Static Vehicle Route "295 - 1") reached the end of link "13: TNorte 2" without finding the subsequent link ("10019: TNorte 2").	Network object type: Vehicle	Network object keys: 743
                  Warning	Simulation second 6004.00: Vehicle 845 ignores the decision "16: Roundabout South - South Approach LDV" of type "Static Vehicle Routing Decision" because it has left link "70: External Road South" at position 113.974 m in the same time step.
                  Warning	Simulation second 6004.00: Vehicle 845 ignores the decision "17: Roundabout South - South Approach HDV and LDV Port" of type "Static Vehicle Routing Decision" because it has left link "70: External Road South" at position 113.974 m in the same time step.
                  Warning	Simulation second 6005.00: Vehicle 841 ignores the decision "3: Roundabout Terminal Nort - North Approach" of type "Static Vehicle Routing Decision" because it has left link "400: External Road Ferry" at position 142.927 m in the same time step.
                  Warning	Simulation second 6011.00: Vehicle 835 ignores the decision "4: Roundabout Terminal Nort - South Approach LDV" of type "Static Vehicle Routing Decision" because it has left link "396: TNorte Entry/Exit" at position 164.855 m in the same time step.
                  Warning	Simulation second 6011.00: Vehicle 835 ignores the decision "5: Roundabout Terminal Nort - South Approach LDV Port" of type "Static Vehicle Routing Decision" because it has left link "396: TNorte Entry/Exit" at position 164.855 m in the same time step.
                  Warning	Simulation second 6011.00: Vehicle 835 ignores the decision "6: Roundabout Terminal Nort - South Approach HDV Port" of type "Static Vehicle Routing Decision" because it has left link "396: TNorte Entry/Exit" at position 164.855 m in the same time step.
                  Warning	Simulation second 6016.00: Vehicle 827 ignores the decision "1039" of type "Desired Speed Decision" because it has left link "11021: External Road Gafanha da Nazare" at position 1.001 m in the same time step.
                  Warning	Simulation second 6017.00: Vehicle 829 ignores the decision "4: Roundabout Terminal Nort - South Approach LDV" of type "Static Vehicle Routing Decision" because it has left link "396: TNorte Entry/Exit" at position 164.855 m in the same time step.
                  Warning	Simulation second 6017.00: Vehicle 829 ignores the decision "5: Roundabout Terminal Nort - South Approach LDV Port" of type "Static Vehicle Routing Decision" because it has left link "396: TNorte Entry/Exit" at position 164.855 m in the same time step.
                  Warning	Simulation second 6017.00: Vehicle 829 ignores the decision "6: Roundabout Terminal Nort - South Approach HDV Port" of type "Static Vehicle Routing Decision" because it has left link "396: TNorte Entry/Exit" at position 164.855 m in the same time step.
                  Warning	Simulation second 6018.00: Vehicle 848 ignores the decision "3: Roundabout Terminal Nort - North Approach" of type "Static Vehicle Routing Decision" because it has left link "400: External Road Ferry" at position 142.927 m in the same time step.
                  Warning	Simulation second 6028.00: Vehicle 815 ignores the decision "267: TGS 10,11,12,13" of type "Static Vehicle Routing Decision" because it has left link "58: TGS Entry/Exit" at position 41.299 m in the same time step.
                  Warning	Simulation second 6030.00: Vehicle 815 ignores the decision "1637" of type "Desired Speed Decision" because it has left link "10111: TGS 13" at position 16.150 m in the same time step.
                  Warning	Simulation second 6033.00: Vehicle 345 ignores the decision "297: TNorte 7" of type "Static Vehicle Routing Decision" because it has left link "342: TNorte 3" at position 71.688 m in the same time step.
                  Warning	Simulation second 6036.00: Vehicle 814 (on Static Vehicle Route "267 - 1") reached the end of link "58: TGS Entry/Exit" without finding the subsequent link ("10081: TGS Entry/Exit").	Network object type: Vehicle	Network object keys: 814
                  Warning	Simulation second 6036.00: Vehicle 860 ignores the decision "16: Roundabout South - South Approach LDV" of type "Static Vehicle Routing Decision" because it has left link "70: External Road South" at position 113.974 m in the same time step.
                  Warning	Simulation second 6036.00: Vehicle 860 ignores the decision "17: Roundabout South - South Approach HDV and LDV Port" of type "Static Vehicle Routing Decision" because it has left link "70: External Road South" at position 113.974 m in the same time step.
                  Warning	Simulation second 6037.00: Vehicle 854 ignores the decision "22: Roundabout Centre - East Approach LDV" of type "Static Vehicle Routing Decision" because it has left link "372: External Road Centre" at position 61.876 m in the same time step.
                  Warning	Simulation second 6037.00: Vehicle 854 ignores the decision "23: Roundabout Centre - East Approach HDV and LDV Port" of type "Static Vehicle Routing Decision" because it has left link "372: External Road Centre" at position 61.876 m in the same time step.
                  Warning	Simulation second 6041.00: Vehicle 811 ignores the decision "19: Roundabout South - Nort Approach" of type "Static Vehicle Routing Decision" because it has left link "89: External Road South" at position 147.277 m in the same time step.
                  Warning	Simulation second 6041.00: Vehicle 811 ignores the decision "304: Roundabout South - Nort Approach HDV and LDV Port" of type "Static Vehicle Routing Decision" because it has left link "89: External Road South" at position 147.277 m in the same time step.
                  Warning	Simulation second 6041.00: Vehicle 861 ignores the decision "16: Roundabout South - South Approach LDV" of type "Static Vehicle Routing Decision" because it has left link "70: External Road South" at position 113.974 m in the same time step.
                  Warning	Simulation second 6041.00: Vehicle 861 ignores the decision "17: Roundabout South - South Approach HDV and LDV Port" of type "Static Vehicle Routing Decision" because it has left link "70: External Road South" at position 113.974 m in the same time step.
                  Warning	Simulation second 6049.00: Vehicle 863 ignores the decision "16: Roundabout South - South Approach LDV" of type "Static Vehicle Routing Decision" because it has left link "70: External Road South" at position 113.974 m in the same time step.
                  Warning	Simulation second 6049.00: Vehicle 863 ignores the decision "17: Roundabout South - South Approach HDV and LDV Port" of type "Static Vehicle Routing Decision" because it has left link "70: External Road South" at position 113.974 m in the same time step.
                  Warning	Simulation second 6058.00: Vehicle 729 ignores the decision "19: Roundabout South - Nort Approach" of type "Static Vehicle Routing Decision" because it has left link "89: External Road South" at position 147.277 m in the same time step.
                  Warning	Simulation second 6058.00: Vehicle 729 ignores the decision "304: Roundabout South - Nort Approach HDV and LDV Port" of type "Static Vehicle Routing Decision" because it has left link "89: External Road South" at position 147.277 m in the same time step.
                  Warning	Simulation second 6059.00: Vehicle 865 ignores the decision "16: Roundabout South - South Approach LDV" of type "Static Vehicle Routing Decision" because it has left link "70: External Road South" at position 113.974 m in the same time step.
                  Warning	Simulation second 6059.00: Vehicle 865 ignores the decision "17: Roundabout South - South Approach HDV and LDV Port" of type "Static Vehicle Routing Decision" because it has left link "70: External Road South" at position 113.974 m in the same time step.
                  Warning	Simulation second 6061.00: Vehicle 831 ignores the decision "19: Roundabout South - Nort Approach" of type "Static Vehicle Routing Decision" because it has left link "89: External Road South" at position 147.277 m in the same time step.
                  Warning	Simulation second 6061.00: Vehicle 831 ignores the decision "304: Roundabout South - Nort Approach HDV and LDV Port" of type "Static Vehicle Routing Decision" because it has left link "89: External Road South" at position 147.277 m in the same time step.
                  Warning	Simulation second 6071.00: Vehicle 716 ignores the decision "19: Roundabout South - Nort Approach" of type "Static Vehicle Routing Decision" because it has left link "89: External Road South" at position 147.277 m in the same time step.
                  Warning	Simulation second 6071.00: Vehicle 716 ignores the decision "304: Roundabout South - Nort Approach HDV and LDV Port" of type "Static Vehicle Routing Decision" because it has left link "89: External Road South" at position 147.277 m in the same time step.
                  Warning	Simulation second 6078.00: Vehicle 345 ignores the decision "297: TNorte 7" of type "Static Vehicle Routing Decision" because it has left link "342: TNorte 3" at position 71.688 m in the same time step.
                  Warning	Simulation second 6093.00: Vehicle 841 ignores the decision "1039" of type "Desired Speed Decision" because it has left link "11021: External Road Gafanha da Nazare" at position 1.001 m in the same time step.
                  Warning	Simulation second 6096.00: Vehicle 681 ignores the decision "25: Roundabot TG - North Approach " of type "Static Vehicle Routing Decision" because it has left link "209: External Road East" at position 250.353 m in the same time step.
                  Warning	Simulation second 6098.00: Vehicle 866 ignores the decision "22: Roundabout Centre - East Approach LDV" of type "Static Vehicle Routing Decision" because it has left link "372: External Road Centre" at position 61.876 m in the same time step.
                  Warning	Simulation second 6098.00: Vehicle 866 ignores the decision "23: Roundabout Centre - East Approach HDV and LDV Port" of type "Static Vehicle Routing Decision" because it has left link "372: External Road Centre" at position 61.876 m in the same time step.
                  Warning	Simulation second 6102.00: Vehicle 830 ignores the decision "1042" of type "Desired Speed Decision" because it has left link "11647: External Road Gafanha da Nazare" at position 5.279 m in the same time step.
                  Warning	Simulation second 6102.00: Vehicle 868 ignores the decision "16: Roundabout South - South Approach LDV" of type "Static Vehicle Routing Decision" because it has left link "70: External Road South" at position 113.974 m in the same time step.
                  Warning	Simulation second 6102.00: Vehicle 868 ignores the decision "17: Roundabout South - South Approach HDV and LDV Port" of type "Static Vehicle Routing Decision" because it has left link "70: External Road South" at position 113.974 m in the same time step.
                  Warning	Simulation second 6104.00: Vehicle 832 ignores the decision "1042" of type "Desired Speed Decision" because it has left link "11647: External Road Gafanha da Nazare" at position 5.279 m in the same time step.
                  Warning	Simulation second 6104.00: Vehicle 870 ignores the decision "16: Roundabout South - South Approach LDV" of type "Static Vehicle Routing Decision" because it has left link "70: External Road South" at position 113.974 m in the same time step.
                  Warning	Simulation second 6104.00: Vehicle 870 ignores the decision "17: Roundabout South - South Approach HDV and LDV Port" of type "Static Vehicle Routing Decision" because it has left link "70: External Road South" at position 113.974 m in the same time step.
                  Warning	Simulation second 6111.00: Vehicle 871 ignores the decision "16: Roundabout South - South Approach LDV" of type "Static Vehicle Routing Decision" because it has left link "70: External Road South" at position 113.974 m in the same time step.
                  Warning	Simulation second 6111.00: Vehicle 871 ignores the decision "17: Roundabout South - South Approach HDV and LDV Port" of type "Static Vehicle Routing Decision" because it has left link "70: External Road South" at position 113.974 m in the same time step.
                  Warning	Simulation second 6113.00: Vehicle 736 ignores the decision "254: Roundabout MultiPurpose - Southeast Aproach" of type "Static Vehicle Routing Decision" because it has left link "32: TNorte 5" at position 848.237 m in the same time step.
                  Warning	Simulation second 6118.00: Vehicle 828 ignores the decision "19: Roundabout South - Nort Approach" of type "Static Vehicle Routing Decision" because it has left link "89: External Road South" at position 147.277 m in the same time step.
                  Warning	Simulation second 6118.00: Vehicle 828 ignores the decision "304: Roundabout South - Nort Approach HDV and LDV Port" of type "Static Vehicle Routing Decision" because it has left link "89: External Road South" at position 147.277 m in the same time step.
                  Warning	Simulation second 6123.00: Vehicle 345 ignores the decision "297: TNorte 7" of type "Static Vehicle Routing Decision" because it has left link "342: TNorte 3" at position 71.688 m in the same time step.
                  Warning	Simulation second 6124.00: Vehicle 802 ignores the decision "19: Roundabout South - Nort Approach" of type "Static Vehicle Routing Decision" because it has left link "89: External Road South" at position 147.277 m in the same time step.
                  Warning	Simulation second 6124.00: Vehicle 802 ignores the decision "304: Roundabout South - Nort Approach HDV and LDV Port" of type "Static Vehicle Routing Decision" because it has left link "89: External Road South" at position 147.277 m in the same time step.
                  Warning	Simulation second 6124.00: Vehicle 874 ignores the decision "16: Roundabout South - South Approach LDV" of type "Static Vehicle Routing Decision" because it has left link "70: External Road South" at position 113.974 m in the same time step.
                  Warning	Simulation second 6124.00: Vehicle 874 ignores the decision "17: Roundabout South - South Approach HDV and LDV Port" of type "Static Vehicle Routing Decision" because it has left link "70: External Road South" at position 113.974 m in the same time step.
                  Warning	Simulation second 6127.00: Vehicle 875 ignores the decision "16: Roundabout South - South Approach LDV" of type "Static Vehicle Routing Decision" because it has left link "70: External Road South" at position 113.974 m in the same time step.
                  Warning	Simulation second 6127.00: Vehicle 875 ignores the decision "17: Roundabout South - South Approach HDV and LDV Port" of type "Static Vehicle Routing Decision" because it has left link "70: External Road South" at position 113.974 m in the same time step.
                  Warning	Simulation second 6132.00: Vehicle 873 ignores the decision "16: Roundabout South - South Approach LDV" of type "Static Vehicle Routing Decision" because it has left link "70: External Road South" at position 113.974 m in the same time step.
                  Warning	Simulation second 6132.00: Vehicle 873 ignores the decision "17: Roundabout South - South Approach HDV and LDV Port" of type "Static Vehicle Routing Decision" because it has left link "70: External Road South" at position 113.974 m in the same time step.
                  Warning	Simulation second 6136.00: Vehicle 835 ignores the decision "19: Roundabout South - Nort Approach" of type "Static Vehicle Routing Decision" because it has left link "89: External Road South" at position 147.277 m in the same time step.
                  Warning	Simulation second 6136.00: Vehicle 835 ignores the decision "304: Roundabout South - Nort Approach HDV and LDV Port" of type "Static Vehicle Routing Decision" because it has left link "89: External Road South" at position 147.277 m in the same time step.
                  Warning	Simulation second 6136.00: Vehicle 861 ignores the decision "4: Roundabout Terminal Nort - South Approach LDV" of type "Static Vehicle Routing Decision" because it has left link "396: TNorte Entry/Exit" at position 164.855 m in the same time step.
                  Warning	Simulation second 6136.00: Vehicle 861 ignores the decision "5: Roundabout Terminal Nort - South Approach LDV Port" of type "Static Vehicle Routing Decision" because it has left link "396: TNorte Entry/Exit" at position 164.855 m in the same time step.
                  Warning	Simulation second 6136.00: Vehicle 861 ignores the decision "6: Roundabout Terminal Nort - South Approach HDV Port" of type "Static Vehicle Routing Decision" because it has left link "396: TNorte Entry/Exit" at position 164.855 m in the same time step.
                  Warning	Simulation second 6137.00: Vehicle 815 ignores the decision "1612" of type "Desired Speed Decision" because it has left link "10115: TGS 13" at position 8.092 m in the same time step.
                  Warning	Simulation second 6137.00: Vehicle 860 ignores the decision "4: Roundabout Terminal Nort - South Approach LDV" of type "Static Vehicle Routing Decision" because it has left link "396: TNorte Entry/Exit" at position 164.855 m in the same time step.
                  Warning	Simulation second 6137.00: Vehicle 860 ignores the decision "5: Roundabout Terminal Nort - South Approach LDV Port" of type "Static Vehicle Routing Decision" because it has left link "396: TNorte Entry/Exit" at position 164.855 m in the same time step.
                  Warning	Simulation second 6137.00: Vehicle 860 ignores the decision "6: Roundabout Terminal Nort - South Approach HDV Port" of type "Static Vehicle Routing Decision" because it has left link "396: TNorte Entry/Exit" at position 164.855 m in the same time step.
                  Warning	Simulation second 6142.00: Vehicle 877 ignores the decision "16: Roundabout South - South Approach LDV" of type "Static Vehicle Routing Decision" because it has left link "70: External Road South" at position 113.974 m in the same time step.
                  Warning	Simulation second 6142.00: Vehicle 877 ignores the decision "17: Roundabout South - South Approach HDV and LDV Port" of type "Static Vehicle Routing Decision" because it has left link "70: External Road South" at position 113.974 m in the same time step.
                  Warning	Simulation second 6143.00: Vehicle 876 ignores the decision "16: Roundabout South - South Approach LDV" of type "Static Vehicle Routing Decision" because it has left link "70: External Road South" at position 113.974 m in the same time step.
                  Warning	Simulation second 6143.00: Vehicle 876 ignores the decision "17: Roundabout South - South Approach HDV and LDV Port" of type "Static Vehicle Routing Decision" because it has left link "70: External Road South" at position 113.974 m in the same time step.
                  Warning	Simulation second 6148.00: Vehicle 878 ignores the decision "16: Roundabout South - South Approach LDV" of type "Static Vehicle Routing Decision" because it has left link "70: External Road South" at position 113.974 m in the same time step.
                  Warning	Simulation second 6148.00: Vehicle 878 ignores the decision "17: Roundabout South - South Approach HDV and LDV Port" of type "Static Vehicle Routing Decision" because it has left link "70: External Road South" at position 113.974 m in the same time step.
                  Warning	Simulation second 6150.00: Vehicle 880 ignores the decision "16: Roundabout South - South Approach LDV" of type "Static Vehicle Routing Decision" because it has left link "70: External Road South" at position 113.974 m in the same time step.
                  Warning	Simulation second 6150.00: Vehicle 880 ignores the decision "17: Roundabout South - South Approach HDV and LDV Port" of type "Static Vehicle Routing Decision" because it has left link "70: External Road South" at position 113.974 m in the same time step.
                  Warning	Simulation second 6153.00: Vehicle 865 ignores the decision "4: Roundabout Terminal Nort - South Approach LDV" of type "Static Vehicle Routing Decision" because it has left link "396: TNorte Entry/Exit" at position 164.855 m in the same time step.
                  Warning	Simulation second 6153.00: Vehicle 865 ignores the decision "5: Roundabout Terminal Nort - South Approach LDV Port" of type "Static Vehicle Routing Decision" because it has left link "396: TNorte Entry/Exit" at position 164.855 m in the same time step.
                  Warning	Simulation second 6153.00: Vehicle 865 ignores the decision "6: Roundabout Terminal Nort - South Approach HDV Port" of type "Static Vehicle Routing Decision" because it has left link "396: TNorte Entry/Exit" at position 164.855 m in the same time step.
                  Warning	Simulation second 6153.00: Vehicle 879 ignores the decision "16: Roundabout South - South Approach LDV" of type "Static Vehicle Routing Decision" because it has left link "70: External Road South" at position 113.974 m in the same time step.
                  Warning	Simulation second 6153.00: Vehicle 879 ignores the decision "17: Roundabout South - South Approach HDV and LDV Port" of type "Static Vehicle Routing Decision" because it has left link "70: External Road South" at position 113.974 m in the same time step.
                  Warning	Simulation second 6157.00: Vehicle 762 ignores the decision "25: Roundabot TG - North Approach " of type "Static Vehicle Routing Decision" because it has left link "209: External Road East" at position 250.353 m in the same time step.
                  Warning	Simulation second 6158.00: Vehicle 771 ignores the decision "4: Roundabout Terminal Nort - South Approach LDV" of type "Static Vehicle Routing Decision" because it has left link "396: TNorte Entry/Exit" at position 164.855 m in the same time step.
                  Warning	Simulation second 6158.00: Vehicle 771 ignores the decision "5: Roundabout Terminal Nort - South Approach LDV Port" of type "Static Vehicle Routing Decision" because it has left link "396: TNorte Entry/Exit" at position 164.855 m in the same time step.
                  Warning	Simulation second 6158.00: Vehicle 771 ignores the decision "6: Roundabout Terminal Nort - South Approach HDV Port" of type "Static Vehicle Routing Decision" because it has left link "396: TNorte Entry/Exit" at position 164.855 m in the same time step.
                  Warning	Simulation second 6173.00: Vehicle 844 ignores the decision "19: Roundabout South - Nort Approach" of type "Static Vehicle Routing Decision" because it has left link "89: External Road South" at position 147.277 m in the same time step.
                  Warning	Simulation second 6173.00: Vehicle 844 ignores the decision "304: Roundabout South - Nort Approach HDV and LDV Port" of type "Static Vehicle Routing Decision" because it has left link "89: External Road South" at position 147.277 m in the same time step.
                  Warning	Simulation second 6174.00: Vehicle 854 ignores the decision "19: Roundabout South - Nort Approach" of type "Static Vehicle Routing Decision" because it has left link "89: External Road South" at position 147.277 m in the same time step.
                  Warning	Simulation second 6174.00: Vehicle 854 ignores the decision "304: Roundabout South - Nort Approach HDV and LDV Port" of type "Static Vehicle Routing Decision" because it has left link "89: External Road South" at position 147.277 m in the same time step.
                  Warning	Simulation second 6177.00: Vehicle 886 ignores the decision "16: Roundabout South - South Approach LDV" of type "Static Vehicle Routing Decision" because it has left link "70: External Road South" at position 113.974 m in the same time step.
                  Warning	Simulation second 6177.00: Vehicle 886 ignores the decision "17: Roundabout South - South Approach HDV and LDV Port" of type "Static Vehicle Routing Decision" because it has left link "70: External Road South" at position 113.974 m in the same time step.
                  Warning	Simulation second 6188.00: Vehicle 787 ignores the decision "7: Roundabout Terminal Nort - East Approach" of type "Static Vehicle Routing Decision" because it has left link "844: TNorte Entry/Exit" at position 13.671 m in the same time step.
                  Warning	Simulation second 6189.00: Vehicle 866 ignores the decision "4: Roundabout Terminal Nort - South Approach LDV" of type "Static Vehicle Routing Decision" because it has left link "396: TNorte Entry/Exit" at position 164.855 m in the same time step.
                  Warning	Simulation second 6189.00: Vehicle 866 ignores the decision "5: Roundabout Terminal Nort - South Approach LDV Port" of type "Static Vehicle Routing Decision" because it has left link "396: TNorte Entry/Exit" at position 164.855 m in the same time step.
                  Warning	Simulation second 6189.00: Vehicle 866 ignores the decision "6: Roundabout Terminal Nort - South Approach HDV Port" of type "Static Vehicle Routing Decision" because it has left link "396: TNorte Entry/Exit" at position 164.855 m in the same time step.
                  Warning	Simulation second 6191.00: Vehicle 672 ignores the decision "254: Roundabout MultiPurpose - Southeast Aproach" of type "Static Vehicle Routing Decision" because it has left link "32: TNorte 5" at position 848.237 m in the same time step.
                  Warning	Simulation second 6191.00: Vehicle 832 ignores the decision "19: Roundabout South - Nort Approach" of type "Static Vehicle Routing Decision" because it has left link "89: External Road South" at position 147.277 m in the same time step.
                  Warning	Simulation second 6191.00: Vehicle 832 ignores the decision "304: Roundabout South - Nort Approach HDV and LDV Port" of type "Static Vehicle Routing Decision" because it has left link "89: External Road South" at position 147.277 m in the same time step.
                  Warning	Simulation second 6192.00: Vehicle 836 ignores the decision "1042" of type "Desired Speed Decision" because it has left link "11647: External Road Gafanha da Nazare" at position 5.279 m in the same time step.
                  Warning	Simulation second 6193.00: Vehicle 888 ignores the decision "16: Roundabout South - South Approach LDV" of type "Static Vehicle Routing Decision" because it has left link "70: External Road South" at position 113.974 m in the same time step.
                  Warning	Simulation second 6193.00: Vehicle 888 ignores the decision "17: Roundabout South - South Approach HDV and LDV Port" of type "Static Vehicle Routing Decision" because it has left link "70: External Road South" at position 113.974 m in the same time step.
                  Warning	Simulation second 6194.00: Vehicle 839 ignores the decision "1042" of type "Desired Speed Decision" because it has left link "11647: External Road Gafanha da Nazare" at position 5.279 m in the same time step.
                  Warning	Simulation second 6195.00: Vehicle 812 ignores the decision "1124" of type "Desired Speed Decision" because it has left link "10062: TNorte 2" at position 5.775 m in the same time step.
                  Warning	Simulation second 6195.00: Vehicle 870 ignores the decision "4: Roundabout Terminal Nort - South Approach LDV" of type "Static Vehicle Routing Decision" because it has left link "396: TNorte Entry/Exit" at position 164.855 m in the same time step.
                  Warning	Simulation second 6195.00: Vehicle 870 ignores the decision "5: Roundabout Terminal Nort - South Approach LDV Port" of type "Static Vehicle Routing Decision" because it has left link "396: TNorte Entry/Exit" at position 164.855 m in the same time step.
                  Warning	Simulation second 6195.00: Vehicle 870 ignores the decision "6: Roundabout Terminal Nort - South Approach HDV Port" of type "Static Vehicle Routing Decision" because it has left link "396: TNorte Entry/Exit" at position 164.855 m in the same time step.
                  Warning	Simulation second 6196.00: Vehicle 842 ignores the decision "1042" of type "Desired Speed Decision" because it has left link "11647: External Road Gafanha da Nazare" at position 5.279 m in the same time step.
                  Warning	Simulation second 6198.00: Vehicle 847 ignores the decision "1042" of type "Desired Speed Decision" because it has left link "11647: External Road Gafanha da Nazare" at position 5.279 m in the same time step.
                  Warning	Simulation second 6199.00: Vehicle 864 ignores the decision "1039" of type "Desired Speed Decision" because it has left link "11021: External Road Gafanha da Nazare" at position 1.001 m in the same time step.
                  Warning	Simulation second 6214.00: Vehicle 868 ignores the decision "4: Roundabout Terminal Nort - South Approach LDV" of type "Static Vehicle Routing Decision" because it has left link "396: TNorte Entry/Exit" at position 164.855 m in the same time step.
                  Warning	Simulation second 6214.00: Vehicle 868 ignores the decision "5: Roundabout Terminal Nort - South Approach LDV Port" of type "Static Vehicle Routing Decision" because it has left link "396: TNorte Entry/Exit" at position 164.855 m in the same time step.
                  Warning	Simulation second 6214.00: Vehicle 868 ignores the decision "6: Roundabout Terminal Nort - South Approach HDV Port" of type "Static Vehicle Routing Decision" because it has left link "396: TNorte Entry/Exit" at position 164.855 m in the same time step.
                  Warning	Simulation second 6217.00: Vehicle 345 ignores the decision "297: TNorte 7" of type "Static Vehicle Routing Decision" because it has left link "342: TNorte 3" at position 71.688 m in the same time step.
                  Warning	Simulation second 6217.00: Vehicle 853 ignores the decision "1126" of type "Desired Speed Decision" because it has left link "10061: TNorte 2" at position 4.140 m in the same time step.
                  Warning	Simulation second 6220.00: Vehicle 853 ignores the decision "1124" of type "Desired Speed Decision" because it has left link "10062: TNorte 2" at position 5.775 m in the same time step.
                  Warning	Simulation second 6227.00: Vehicle 893 ignores the decision "16: Roundabout South - South Approach LDV" of type "Static Vehicle Routing Decision" because it has left link "70: External Road South" at position 113.974 m in the same time step.
                  Warning	Simulation second 6227.00: Vehicle 893 ignores the decision "17: Roundabout South - South Approach HDV and LDV Port" of type "Static Vehicle Routing Decision" because it has left link "70: External Road South" at position 113.974 m in the same time step.
                  Warning	Simulation second 6230.00: Vehicle 829 ignores the decision "254: Roundabout MultiPurpose - Southeast Aproach" of type "Static Vehicle Routing Decision" because it has left link "32: TNorte 5" at position 848.237 m in the same time step.
                  Warning	Simulation second 6232.00: Vehicle 860 ignores the decision "1237" of type "Desired Speed Decision" because it has left link "10030: TNorte 4" at position 11.772 m in the same time step.
                  Warning	Simulation second 6237.00: Vehicle 860 ignores the decision "1244" of type "Desired Speed Decision" because it has left link "10032: TNorte 4" at position 8.141 m in the same time step.
                  Warning	Simulation second 6239.00: Vehicle 880 ignores the decision "4: Roundabout Terminal Nort - South Approach LDV" of type "Static Vehicle Routing Decision" because it has left link "396: TNorte Entry/Exit" at position 164.855 m in the same time step.
                  Warning	Simulation second 6239.00: Vehicle 880 ignores the decision "5: Roundabout Terminal Nort - South Approach LDV Port" of type "Static Vehicle Routing Decision" because it has left link "396: TNorte Entry/Exit" at position 164.855 m in the same time step.
                  Warning	Simulation second 6239.00: Vehicle 880 ignores the decision "6: Roundabout Terminal Nort - South Approach HDV Port" of type "Static Vehicle Routing Decision" because it has left link "396: TNorte Entry/Exit" at position 164.855 m in the same time step.
                  Warning	Simulation second 6239.00: Vehicle 895 ignores the decision "16: Roundabout South - South Approach LDV" of type "Static Vehicle Routing Decision" because it has left link "70: External Road South" at position 113.974 m in the same time step.
                  Warning	Simulation second 6239.00: Vehicle 895 ignores the decision "17: Roundabout South - South Approach HDV and LDV Port" of type "Static Vehicle Routing Decision" because it has left link "70: External Road South" at position 113.974 m in the same time step.
                  Warning	Simulation second 6242.00: Vehicle 896 ignores the decision "16: Roundabout South - South Approach LDV" of type "Static Vehicle Routing Decision" because it has left link "70: External Road South" at position 113.974 m in the same time step.
                  Warning	Simulation second 6242.00: Vehicle 896 ignores the decision "17: Roundabout South - South Approach HDV and LDV Port" of type "Static Vehicle Routing Decision" because it has left link "70: External Road South" at position 113.974 m in the same time step.
                  Warning	Simulation second 6256.00: Vehicle 899 ignores the decision "16: Roundabout South - South Approach LDV" of type "Static Vehicle Routing Decision" because it has left link "70: External Road South" at position 113.974 m in the same time step.
                  Warning	Simulation second 6256.00: Vehicle 899 ignores the decision "17: Roundabout South - South Approach HDV and LDV Port" of type "Static Vehicle Routing Decision" because it has left link "70: External Road South" at position 113.974 m in the same time step.
                  Warning	Simulation second 6259.00: Vehicle 789 ignores the decision "254: Roundabout MultiPurpose - Southeast Aproach" of type "Static Vehicle Routing Decision" because it has left link "32: TNorte 5" at position 848.237 m in the same time step.
                  Warning	Simulation second 6259.00: Vehicle 861 ignores the decision "19: Roundabout South - Nort Approach" of type "Static Vehicle Routing Decision" because it has left link "89: External Road South" at position 147.277 m in the same time step.
                  Warning	Simulation second 6259.00: Vehicle 861 ignores the decision "304: Roundabout South - Nort Approach HDV and LDV Port" of type "Static Vehicle Routing Decision" because it has left link "89: External Road South" at position 147.277 m in the same time step.
                  Warning	Simulation second 6260.00: Vehicle 815 ignores the decision "193: Roundabout Prio - North Approach LDV" of type "Static Vehicle Routing Decision" because it has left link "633: TGS External Road" at position 777.531 m in the same time step.
                  Warning	Simulation second 6262.00: Vehicle 345 ignores the decision "297: TNorte 7" of type "Static Vehicle Routing Decision" because it has left link "342: TNorte 3" at position 71.688 m in the same time step.
                  Warning	Simulation second 6263.00: Vehicle 799 ignores the decision "254: Roundabout MultiPurpose - Southeast Aproach" of type "Static Vehicle Routing Decision" because it has left link "32: TNorte 5" at position 848.237 m in the same time step.
                  Warning	Simulation second 6266.00: Vehicle 860 ignores the decision "1241" of type "Desired Speed Decision" because it has left link "10033: TNorte 4" at position 7.691 m in the same time step.
                  Warning	Simulation second 6267.00: Vehicle 771 (on Static Vehicle Route "295 - 1") reached the end of link "13: TNorte 2" without finding the subsequent link ("10019: TNorte 2").	Network object type: Vehicle	Network object keys: 771
                  Warning	Simulation second 6270.00: Vehicle 853 ignores the decision "1133" of type "Desired Speed Decision" because it has left link "10074: TNorte 2" at position 4.814 m in the same time step.
                  Warning	Simulation second 6274.00: Vehicle 865 ignores the decision "263: TNorte Multipurpose 7" of type "Static Vehicle Routing Decision" because it has left link "28: TNorte 7" at position 81.926 m in the same time step.
                  Warning	Simulation second 6286.00: Vehicle 860 ignores the decision "1236" of type "Desired Speed Decision" because it has left link "10036: TNorte 4" at position 12.478 m in the same time step.
                  Warning	Simulation second 6287.00: Vehicle 839 ignores the decision "19: Roundabout South - Nort Approach" of type "Static Vehicle Routing Decision" because it has left link "89: External Road South" at position 147.277 m in the same time step.
                  Warning	Simulation second 6287.00: Vehicle 839 ignores the decision "304: Roundabout South - Nort Approach HDV and LDV Port" of type "Static Vehicle Routing Decision" because it has left link "89: External Road South" at position 147.277 m in the same time step.
                  Warning	Simulation second 6296.00: Vehicle 860 (on Static Vehicle Route "299 - 1") reached the end of link "26: TNorte 4" without finding the subsequent link ("10046: TNorte 4").	Network object type: Vehicle	Network object keys: 860
                  Warning	Simulation second 6297.00: Vehicle 906 ignores the decision "16: Roundabout South - South Approach LDV" of type "Static Vehicle Routing Decision" because it has left link "70: External Road South" at position 113.974 m in the same time step.
                  Warning	Simulation second 6297.00: Vehicle 906 ignores the decision "17: Roundabout South - South Approach HDV and LDV Port" of type "Static Vehicle Routing Decision" because it has left link "70: External Road South" at position 113.974 m in the same time step.
                  Warning	Simulation second 6298.00: Vehicle 908 ignores the decision "16: Roundabout South - South Approach LDV" of type "Static Vehicle Routing Decision" because it has left link "70: External Road South" at position 113.974 m in the same time step.
                  Warning	Simulation second 6298.00: Vehicle 908 ignores the decision "17: Roundabout South - South Approach HDV and LDV Port" of type "Static Vehicle Routing Decision" because it has left link "70: External Road South" at position 113.974 m in the same time step.
                  Warning	Simulation second 6303.00: Vehicle 849 ignores the decision "1636" of type "Desired Speed Decision" because it has left link "77: TGS 13" at position 2.914 m in the same time step.
                  Warning	Simulation second 6305.00: Vehicle 867 ignores the decision "1042" of type "Desired Speed Decision" because it has left link "11647: External Road Gafanha da Nazare" at position 5.279 m in the same time step.
                  Warning	Simulation second 6307.00: Vehicle 345 ignores the decision "297: TNorte 7" of type "Static Vehicle Routing Decision" because it has left link "342: TNorte 3" at position 71.688 m in the same time step.
                  Warning	Simulation second 6308.00: Vehicle 911 ignores the decision "16: Roundabout South - South Approach LDV" of type "Static Vehicle Routing Decision" because it has left link "70: External Road South" at position 113.974 m in the same time step.
                  Warning	Simulation second 6308.00: Vehicle 911 ignores the decision "17: Roundabout South - South Approach HDV and LDV Port" of type "Static Vehicle Routing Decision" because it has left link "70: External Road South" at position 113.974 m in the same time step.
                  Warning	Simulation second 6309.00: Vehicle 874 (on Static Vehicle Route "253 - 1") reached the end of link "2: TNorte 3" without finding the subsequent link ("10002: TNorte 2").	Network object type: Vehicle	Network object keys: 874
                  Warning	Simulation second 6313.00: Vehicle 904 ignores the decision "16: Roundabout South - South Approach LDV" of type "Static Vehicle Routing Decision" because it has left link "70: External Road South" at position 113.974 m in the same time step.
                  Warning	Simulation second 6313.00: Vehicle 904 ignores the decision "17: Roundabout South - South Approach HDV and LDV Port" of type "Static Vehicle Routing Decision" because it has left link "70: External Road South" at position 113.974 m in the same time step.
                  Warning	Simulation second 6316.00: Vehicle 893 ignores the decision "4: Roundabout Terminal Nort - South Approach LDV" of type "Static Vehicle Routing Decision" because it has left link "396: TNorte Entry/Exit" at position 164.855 m in the same time step.
                  Warning	Simulation second 6316.00: Vehicle 893 ignores the decision "5: Roundabout Terminal Nort - South Approach LDV Port" of type "Static Vehicle Routing Decision" because it has left link "396: TNorte Entry/Exit" at position 164.855 m in the same time step.
                  Warning	Simulation second 6316.00: Vehicle 893 ignores the decision "6: Roundabout Terminal Nort - South Approach HDV Port" of type "Static Vehicle Routing Decision" because it has left link "396: TNorte Entry/Exit" at position 164.855 m in the same time step.
                  Warning	Simulation second 6326.00: Vehicle 895 ignores the decision "4: Roundabout Terminal Nort - South Approach LDV" of type "Static Vehicle Routing Decision" because it has left link "396: TNorte Entry/Exit" at position 164.855 m in the same time step.
                  Warning	Simulation second 6326.00: Vehicle 895 ignores the decision "5: Roundabout Terminal Nort - South Approach LDV Port" of type "Static Vehicle Routing Decision" because it has left link "396: TNorte Entry/Exit" at position 164.855 m in the same time step.
                  Warning	Simulation second 6326.00: Vehicle 895 ignores the decision "6: Roundabout Terminal Nort - South Approach HDV Port" of type "Static Vehicle Routing Decision" because it has left link "396: TNorte Entry/Exit" at position 164.855 m in the same time step.
                  Warning	Simulation second 6329.00: Vehicle 912 ignores the decision "16: Roundabout South - South Approach LDV" of type "Static Vehicle Routing Decision" because it has left link "70: External Road South" at position 113.974 m in the same time step.
                  Warning	Simulation second 6329.00: Vehicle 912 ignores the decision "17: Roundabout South - South Approach HDV and LDV Port" of type "Static Vehicle Routing Decision" because it has left link "70: External Road South" at position 113.974 m in the same time step.
                  Warning	Simulation second 6329.00: Vehicle 914 ignores the decision "16: Roundabout South - South Approach LDV" of type "Static Vehicle Routing Decision" because it has left link "70: External Road South" at position 113.974 m in the same time step.
                  Warning	Simulation second 6329.00: Vehicle 914 ignores the decision "17: Roundabout South - South Approach HDV and LDV Port" of type "Static Vehicle Routing Decision" because it has left link "70: External Road South" at position 113.974 m in the same time step.
                  Warning	Simulation second 6335.00: Vehicle 909 ignores the decision "3: Roundabout Terminal Nort - North Approach" of type "Static Vehicle Routing Decision" because it has left link "400: External Road Ferry" at position 142.927 m in the same time step.
                  Warning	Simulation second 6335.00: Vehicle 915 ignores the decision "16: Roundabout South - South Approach LDV" of type "Static Vehicle Routing Decision" because it has left link "70: External Road South" at position 113.974 m in the same time step.
                  Warning	Simulation second 6335.00: Vehicle 915 ignores the decision "17: Roundabout South - South Approach HDV and LDV Port" of type "Static Vehicle Routing Decision" because it has left link "70: External Road South" at position 113.974 m in the same time step.
                  Warning	Simulation second 6339.00: Vehicle 836 ignores the decision "19: Roundabout South - Nort Approach" of type "Static Vehicle Routing Decision" because it has left link "89: External Road South" at position 147.277 m in the same time step.
                  Warning	Simulation second 6339.00: Vehicle 836 ignores the decision "304: Roundabout South - Nort Approach HDV and LDV Port" of type "Static Vehicle Routing Decision" because it has left link "89: External Road South" at position 147.277 m in the same time step.
                  Warning	Simulation second 6339.00: Vehicle 913 ignores the decision "16: Roundabout South - South Approach LDV" of type "Static Vehicle Routing Decision" because it has left link "70: External Road South" at position 113.974 m in the same time step.
                  Warning	Simulation second 6339.00: Vehicle 913 ignores the decision "17: Roundabout South - South Approach HDV and LDV Port" of type "Static Vehicle Routing Decision" because it has left link "70: External Road South" at position 113.974 m in the same time step.
                  Warning	Simulation second 6344.00: Vehicle 916 ignores the decision "16: Roundabout South - South Approach LDV" of type "Static Vehicle Routing Decision" because it has left link "70: External Road South" at position 113.974 m in the same time step.
                  Warning	Simulation second 6344.00: Vehicle 916 ignores the decision "17: Roundabout South - South Approach HDV and LDV Port" of type "Static Vehicle Routing Decision" because it has left link "70: External Road South" at position 113.974 m in the same time step.
                  Warning	Simulation second 6345.00: Vehicle 885 ignores the decision "1042" of type "Desired Speed Decision" because it has left link "11647: External Road Gafanha da Nazare" at position 5.279 m in the same time step.
                  Warning	Simulation second 6350.00: Vehicle 868 ignores the decision "19: Roundabout South - Nort Approach" of type "Static Vehicle Routing Decision" because it has left link "89: External Road South" at position 147.277 m in the same time step.
                  Warning	Simulation second 6350.00: Vehicle 868 ignores the decision "304: Roundabout South - Nort Approach HDV and LDV Port" of type "Static Vehicle Routing Decision" because it has left link "89: External Road South" at position 147.277 m in the same time step.
                  Warning	Simulation second 6351.00: Vehicle 899 ignores the decision "4: Roundabout Terminal Nort - South Approach LDV" of type "Static Vehicle Routing Decision" because it has left link "396: TNorte Entry/Exit" at position 164.855 m in the same time step.
                  Warning	Simulation second 6351.00: Vehicle 899 ignores the decision "5: Roundabout Terminal Nort - South Approach LDV Port" of type "Static Vehicle Routing Decision" because it has left link "396: TNorte Entry/Exit" at position 164.855 m in the same time step.
                  Warning	Simulation second 6351.00: Vehicle 899 ignores the decision "6: Roundabout Terminal Nort - South Approach HDV Port" of type "Static Vehicle Routing Decision" because it has left link "396: TNorte Entry/Exit" at position 164.855 m in the same time step.
                  Warning	Simulation second 6352.00: Vehicle 345 ignores the decision "297: TNorte 7" of type "Static Vehicle Routing Decision" because it has left link "342: TNorte 3" at position 71.688 m in the same time step.
                  Warning	Simulation second 6358.00: Vehicle 900 ignores the decision "4: Roundabout Terminal Nort - South Approach LDV" of type "Static Vehicle Routing Decision" because it has left link "396: TNorte Entry/Exit" at position 164.855 m in the same time step.
                  Warning	Simulation second 6358.00: Vehicle 900 ignores the decision "5: Roundabout Terminal Nort - South Approach LDV Port" of type "Static Vehicle Routing Decision" because it has left link "396: TNorte Entry/Exit" at position 164.855 m in the same time step.
                  Warning	Simulation second 6358.00: Vehicle 900 ignores the decision "6: Roundabout Terminal Nort - South Approach HDV Port" of type "Static Vehicle Routing Decision" because it has left link "396: TNorte Entry/Exit" at position 164.855 m in the same time step.
                  Warning	Simulation second 6361.00: Vehicle 918 ignores the decision "16: Roundabout South - South Approach LDV" of type "Static Vehicle Routing Decision" because it has left link "70: External Road South" at position 113.974 m in the same time step.
                  Warning	Simulation second 6361.00: Vehicle 918 ignores the decision "17: Roundabout South - South Approach HDV and LDV Port" of type "Static Vehicle Routing Decision" because it has left link "70: External Road South" at position 113.974 m in the same time step.
                  Warning	Simulation second 6365.00: Vehicle 919 ignores the decision "16: Roundabout South - South Approach LDV" of type "Static Vehicle Routing Decision" because it has left link "70: External Road South" at position 113.974 m in the same time step.
                  Warning	Simulation second 6365.00: Vehicle 919 ignores the decision "17: Roundabout South - South Approach HDV and LDV Port" of type "Static Vehicle Routing Decision" because it has left link "70: External Road South" at position 113.974 m in the same time step.
                  Warning	Simulation second 6366.00: Vehicle 779 left link "288: TGL 2" without stopping at parking lot "100".	Network object type: Vehicle	Network object keys: 779
                  Warning	Simulation second 6378.00: Vehicle 870 ignores the decision "263: TNorte Multipurpose 7" of type "Static Vehicle Routing Decision" because it has left link "28: TNorte 7" at position 81.926 m in the same time step.
                  Warning	Simulation second 6378.00: Vehicle 894 ignores the decision "19: Roundabout South - Nort Approach" of type "Static Vehicle Routing Decision" because it has left link "89: External Road South" at position 147.277 m in the same time step.
                  Warning	Simulation second 6378.00: Vehicle 894 ignores the decision "304: Roundabout South - Nort Approach HDV and LDV Port" of type "Static Vehicle Routing Decision" because it has left link "89: External Road South" at position 147.277 m in the same time step.
                  Warning	Simulation second 6380.00: Vehicle 768 ignores the decision "300: TNorte 10" of type "Static Vehicle Routing Decision" because it has left link "5: TNorte 4" at position 67.840 m in the same time step.
                  Warning	Simulation second 6380.00: Vehicle 899 ignores the decision "1090" of type "Desired Speed Decision" because it has left link "10054: TNorte 3" at position 8.078 m in the same time step.
                  Warning	Simulation second 6382.00: Vehicle 922 ignores the decision "16: Roundabout South - South Approach LDV" of type "Static Vehicle Routing Decision" because it has left link "70: External Road South" at position 113.974 m in the same time step.
                  Warning	Simulation second 6382.00: Vehicle 922 ignores the decision "17: Roundabout South - South Approach HDV and LDV Port" of type "Static Vehicle Routing Decision" because it has left link "70: External Road South" at position 113.974 m in the same time step.
                  Warning	Simulation second 6387.00: Vehicle 870 ignores the decision "283: TRo-ro4" of type "Static Vehicle Routing Decision" because it has left link "350: TNorte 8" at position 66.230 m in the same time step.
                  Warning	Simulation second 6393.00: Vehicle 867 ignores the decision "19: Roundabout South - Nort Approach" of type "Static Vehicle Routing Decision" because it has left link "89: External Road South" at position 147.277 m in the same time step.
                  Warning	Simulation second 6393.00: Vehicle 867 ignores the decision "304: Roundabout South - Nort Approach HDV and LDV Port" of type "Static Vehicle Routing Decision" because it has left link "89: External Road South" at position 147.277 m in the same time step.
                  Warning	Simulation second 6395.00: Vehicle 908 ignores the decision "4: Roundabout Terminal Nort - South Approach LDV" of type "Static Vehicle Routing Decision" because it has left link "396: TNorte Entry/Exit" at position 164.855 m in the same time step.
                  Warning	Simulation second 6395.00: Vehicle 908 ignores the decision "5: Roundabout Terminal Nort - South Approach LDV Port" of type "Static Vehicle Routing Decision" because it has left link "396: TNorte Entry/Exit" at position 164.855 m in the same time step.
                  Warning	Simulation second 6395.00: Vehicle 908 ignores the decision "6: Roundabout Terminal Nort - South Approach HDV Port" of type "Static Vehicle Routing Decision" because it has left link "396: TNorte Entry/Exit" at position 164.855 m in the same time step.
                  Warning	Simulation second 6397.00: Vehicle 345 ignores the decision "297: TNorte 7" of type "Static Vehicle Routing Decision" because it has left link "342: TNorte 3" at position 71.688 m in the same time step.
                  Warning	Simulation second 6401.00: Vehicle 905 ignores the decision "4: Roundabout Terminal Nort - South Approach LDV" of type "Static Vehicle Routing Decision" because it has left link "396: TNorte Entry/Exit" at position 164.855 m in the same time step.
                  Warning	Simulation second 6401.00: Vehicle 905 ignores the decision "5: Roundabout Terminal Nort - South Approach LDV Port" of type "Static Vehicle Routing Decision" because it has left link "396: TNorte Entry/Exit" at position 164.855 m in the same time step.
                  Warning	Simulation second 6401.00: Vehicle 905 ignores the decision "6: Roundabout Terminal Nort - South Approach HDV Port" of type "Static Vehicle Routing Decision" because it has left link "396: TNorte Entry/Exit" at position 164.855 m in the same time step.
                  Warning	Simulation second 6403.00: Vehicle 925 ignores the decision "16: Roundabout South - South Approach LDV" of type "Static Vehicle Routing Decision" because it has left link "70: External Road South" at position 113.974 m in the same time step.
                  Warning	Simulation second 6403.00: Vehicle 925 ignores the decision "17: Roundabout South - South Approach HDV and LDV Port" of type "Static Vehicle Routing Decision" because it has left link "70: External Road South" at position 113.974 m in the same time step.
                  Warning	Simulation second 6413.00: Vehicle 909 ignores the decision "1039" of type "Desired Speed Decision" because it has left link "11021: External Road Gafanha da Nazare" at position 1.001 m in the same time step.
                  Warning	Simulation second 6423.00: Vehicle 928 ignores the decision "16: Roundabout South - South Approach LDV" of type "Static Vehicle Routing Decision" because it has left link "70: External Road South" at position 113.974 m in the same time step.
                  Warning	Simulation second 6423.00: Vehicle 928 ignores the decision "17: Roundabout South - South Approach HDV and LDV Port" of type "Static Vehicle Routing Decision" because it has left link "70: External Road South" at position 113.974 m in the same time step.
                  Warning	Simulation second 6424.00: Vehicle 789 ignores the decision "7: Roundabout Terminal Nort - East Approach" of type "Static Vehicle Routing Decision" because it has left link "844: TNorte Entry/Exit" at position 13.671 m in the same time step.
                  Warning	Simulation second 6426.00: Vehicle 889 ignores the decision "1042" of type "Desired Speed Decision" because it has left link "11647: External Road Gafanha da Nazare" at position 5.279 m in the same time step.
                  Warning	Simulation second 6428.00: Vehicle 865 ignores the decision "255: Roundabout MultiPurpose - Northeast Aproach" of type "Static Vehicle Routing Decision" because it has left link "125: TNorte 1" at position 53.048 m in the same time step.
                  Warning	Simulation second 6428.00: Vehicle 891 ignores the decision "1042" of type "Desired Speed Decision" because it has left link "11647: External Road Gafanha da Nazare" at position 5.279 m in the same time step.
                  Warning	Simulation second 6430.00: Vehicle 892 ignores the decision "1042" of type "Desired Speed Decision" because it has left link "11647: External Road Gafanha da Nazare" at position 5.279 m in the same time step.
                  Warning	Simulation second 6431.00: Vehicle 914 ignores the decision "4: Roundabout Terminal Nort - South Approach LDV" of type "Static Vehicle Routing Decision" because it has left link "396: TNorte Entry/Exit" at position 164.855 m in the same time step.
                  Warning	Simulation second 6431.00: Vehicle 914 ignores the decision "5: Roundabout Terminal Nort - South Approach LDV Port" of type "Static Vehicle Routing Decision" because it has left link "396: TNorte Entry/Exit" at position 164.855 m in the same time step.
                  Warning	Simulation second 6431.00: Vehicle 914 ignores the decision "6: Roundabout Terminal Nort - South Approach HDV Port" of type "Static Vehicle Routing Decision" because it has left link "396: TNorte Entry/Exit" at position 164.855 m in the same time step.
                  Warning	Simulation second 6432.00: Vehicle 885 ignores the decision "19: Roundabout South - Nort Approach" of type "Static Vehicle Routing Decision" because it has left link "89: External Road South" at position 147.277 m in the same time step.
                  Warning	Simulation second 6432.00: Vehicle 885 ignores the decision "304: Roundabout South - Nort Approach HDV and LDV Port" of type "Static Vehicle Routing Decision" because it has left link "89: External Road South" at position 147.277 m in the same time step.
                  Warning	Simulation second 6435.00: Vehicle 815 ignores the decision "25: Roundabot TG - North Approach " of type "Static Vehicle Routing Decision" because it has left link "209: External Road East" at position 250.353 m in the same time step.
                  Warning	Simulation second 6435.00: Vehicle 898 ignores the decision "1042" of type "Desired Speed Decision" because it has left link "11647: External Road Gafanha da Nazare" at position 5.279 m in the same time step.
                  Warning	Simulation second 6435.00: Vehicle 927 ignores the decision "16: Roundabout South - South Approach LDV" of type "Static Vehicle Routing Decision" because it has left link "70: External Road South" at position 113.974 m in the same time step.
                  Warning	Simulation second 6435.00: Vehicle 927 ignores the decision "17: Roundabout South - South Approach HDV and LDV Port" of type "Static Vehicle Routing Decision" because it has left link "70: External Road South" at position 113.974 m in the same time step.
                  Warning	Simulation second 6438.00: Vehicle 859 ignores the decision "19: Roundabout South - Nort Approach" of type "Static Vehicle Routing Decision" because it has left link "89: External Road South" at position 147.277 m in the same time step.
                  Warning	Simulation second 6438.00: Vehicle 859 ignores the decision "304: Roundabout South - Nort Approach HDV and LDV Port" of type "Static Vehicle Routing Decision" because it has left link "89: External Road South" at position 147.277 m in the same time step.
                  Warning	Simulation second 6438.00: Vehicle 913 ignores the decision "4: Roundabout Terminal Nort - South Approach LDV" of type "Static Vehicle Routing Decision" because it has left link "396: TNorte Entry/Exit" at position 164.855 m in the same time step.
                  Warning	Simulation second 6438.00: Vehicle 913 ignores the decision "5: Roundabout Terminal Nort - South Approach LDV Port" of type "Static Vehicle Routing Decision" because it has left link "396: TNorte Entry/Exit" at position 164.855 m in the same time step.
                  Warning	Simulation second 6438.00: Vehicle 913 ignores the decision "6: Roundabout Terminal Nort - South Approach HDV Port" of type "Static Vehicle Routing Decision" because it has left link "396: TNorte Entry/Exit" at position 164.855 m in the same time step.
                  Warning	Simulation second 6442.00: Vehicle 345 ignores the decision "297: TNorte 7" of type "Static Vehicle Routing Decision" because it has left link "342: TNorte 3" at position 71.688 m in the same time step.
                  Warning	Simulation second 6444.00: Vehicle 870 ignores the decision "1246" of type "Desired Speed Decision" because it has left link "10138: TNorte 7" at position 7.941 m in the same time step.
                  Warning	Simulation second 6444.00: Vehicle 895 ignores the decision "19: Roundabout South - Nort Approach" of type "Static Vehicle Routing Decision" because it has left link "89: External Road South" at position 147.277 m in the same time step.
                  Warning	Simulation second 6444.00: Vehicle 895 ignores the decision "304: Roundabout South - Nort Approach HDV and LDV Port" of type "Static Vehicle Routing Decision" because it has left link "89: External Road South" at position 147.277 m in the same time step.
                  Warning	Simulation second 6446.00: Vehicle 900 ignores the decision "1090" of type "Desired Speed Decision" because it has left link "10054: TNorte 3" at position 8.078 m in the same time step.
                  Warning	Simulation second 6451.00: Vehicle 924 ignores the decision "3: Roundabout Terminal Nort - North Approach" of type "Static Vehicle Routing Decision" because it has left link "400: External Road Ferry" at position 142.927 m in the same time step.
                  Warning	Simulation second 6451.00: Vehicle 934 ignores the decision "16: Roundabout South - South Approach LDV" of type "Static Vehicle Routing Decision" because it has left link "70: External Road South" at position 113.974 m in the same time step.
                  Warning	Simulation second 6451.00: Vehicle 934 ignores the decision "17: Roundabout South - South Approach HDV and LDV Port" of type "Static Vehicle Routing Decision" because it has left link "70: External Road South" at position 113.974 m in the same time step.
                  Warning	Simulation second 6452.00: Vehicle 799 ignores the decision "254: Roundabout MultiPurpose - Southeast Aproach" of type "Static Vehicle Routing Decision" because it has left link "32: TNorte 5" at position 848.237 m in the same time step.
                  Warning	Simulation second 6454.00: Vehicle 912 ignores the decision "4: Roundabout Terminal Nort - South Approach LDV" of type "Static Vehicle Routing Decision" because it has left link "396: TNorte Entry/Exit" at position 164.855 m in the same time step.
                  Warning	Simulation second 6454.00: Vehicle 912 ignores the decision "5: Roundabout Terminal Nort - South Approach LDV Port" of type "Static Vehicle Routing Decision" because it has left link "396: TNorte Entry/Exit" at position 164.855 m in the same time step.
                  Warning	Simulation second 6454.00: Vehicle 912 ignores the decision "6: Roundabout Terminal Nort - South Approach HDV Port" of type "Static Vehicle Routing Decision" because it has left link "396: TNorte Entry/Exit" at position 164.855 m in the same time step.
                  Warning	Simulation second 6455.00: Vehicle 926 ignores the decision "22: Roundabout Centre - East Approach LDV" of type "Static Vehicle Routing Decision" because it has left link "372: External Road Centre" at position 61.876 m in the same time step.
                  Warning	Simulation second 6455.00: Vehicle 926 ignores the decision "23: Roundabout Centre - East Approach HDV and LDV Port" of type "Static Vehicle Routing Decision" because it has left link "372: External Road Centre" at position 61.876 m in the same time step.
                  Warning	Simulation second 6462.00: Vehicle 936 ignores the decision "16: Roundabout South - South Approach LDV" of type "Static Vehicle Routing Decision" because it has left link "70: External Road South" at position 113.974 m in the same time step.
                  Warning	Simulation second 6462.00: Vehicle 936 ignores the decision "17: Roundabout South - South Approach HDV and LDV Port" of type "Static Vehicle Routing Decision" because it has left link "70: External Road South" at position 113.974 m in the same time step.
                  Warning	Simulation second 6466.00: Vehicle 922 ignores the decision "4: Roundabout Terminal Nort - South Approach LDV" of type "Static Vehicle Routing Decision" because it has left link "396: TNorte Entry/Exit" at position 164.855 m in the same time step.
                  Warning	Simulation second 6466.00: Vehicle 922 ignores the decision "5: Roundabout Terminal Nort - South Approach LDV Port" of type "Static Vehicle Routing Decision" because it has left link "396: TNorte Entry/Exit" at position 164.855 m in the same time step.
                  Warning	Simulation second 6466.00: Vehicle 922 ignores the decision "6: Roundabout Terminal Nort - South Approach HDV Port" of type "Static Vehicle Routing Decision" because it has left link "396: TNorte Entry/Exit" at position 164.855 m in the same time step.
                  Warning	Simulation second 6481.00: Vehicle 933 ignores the decision "305: TGL Rounabout Entrance" of type "Static Vehicle Routing Decision" because it has left link "90: TGL 1" at position 16.830 m in the same time step.
                  Warning	Simulation second 6487.00: Vehicle 345 ignores the decision "297: TNorte 7" of type "Static Vehicle Routing Decision" because it has left link "342: TNorte 3" at position 71.688 m in the same time step.
                  Warning	Simulation second 6496.00: Vehicle 920 ignores the decision "1039" of type "Desired Speed Decision" because it has left link "11021: External Road Gafanha da Nazare" at position 1.001 m in the same time step.
                  Warning	Simulation second 6497.00: Vehicle 880 ignores the decision "7: Roundabout Terminal Nort - East Approach" of type "Static Vehicle Routing Decision" because it has left link "844: TNorte Entry/Exit" at position 13.671 m in the same time step.
                  Warning	Simulation second 6504.00: Vehicle 870 ignores the decision "255: Roundabout MultiPurpose - Northeast Aproach" of type "Static Vehicle Routing Decision" because it has left link "125: TNorte 1" at position 53.130 m in the same time step.
                  Warning	Simulation second 6504.00: Vehicle 899 ignores the decision "7: Roundabout Terminal Nort - East Approach" of type "Static Vehicle Routing Decision" because it has left link "844: TNorte Entry/Exit" at position 13.671 m in the same time step.
                  Warning	Simulation second 6517.00: Vehicle 891 ignores the decision "19: Roundabout South - Nort Approach" of type "Static Vehicle Routing Decision" because it has left link "89: External Road South" at position 147.277 m in the same time step.
                  Warning	Simulation second 6517.00: Vehicle 891 ignores the decision "304: Roundabout South - Nort Approach HDV and LDV Port" of type "Static Vehicle Routing Decision" because it has left link "89: External Road South" at position 147.277 m in the same time step.
                  Warning	Simulation second 6517.00: Vehicle 925 ignores the decision "4: Roundabout Terminal Nort - South Approach LDV" of type "Static Vehicle Routing Decision" because it has left link "396: TNorte Entry/Exit" at position 164.855 m in the same time step.
                  Warning	Simulation second 6517.00: Vehicle 925 ignores the decision "5: Roundabout Terminal Nort - South Approach LDV Port" of type "Static Vehicle Routing Decision" because it has left link "396: TNorte Entry/Exit" at position 164.855 m in the same time step.
                  Warning	Simulation second 6517.00: Vehicle 925 ignores the decision "6: Roundabout Terminal Nort - South Approach HDV Port" of type "Static Vehicle Routing Decision" because it has left link "396: TNorte Entry/Exit" at position 164.855 m in the same time step.
                  Warning	Simulation second 6520.00: Vehicle 942 ignores the decision "16: Roundabout South - South Approach LDV" of type "Static Vehicle Routing Decision" because it has left link "70: External Road South" at position 113.974 m in the same time step.
                  Warning	Simulation second 6520.00: Vehicle 942 ignores the decision "17: Roundabout South - South Approach HDV and LDV Port" of type "Static Vehicle Routing Decision" because it has left link "70: External Road South" at position 113.974 m in the same time step.
                  Warning	Simulation second 6529.00: Vehicle 672 ignores the decision "255: Roundabout MultiPurpose - Northeast Aproach" of type "Static Vehicle Routing Decision" because it has left link "125: TNorte 1" at position 53.048 m in the same time step.
                  Warning	Simulation second 6531.00: Vehicle 853 ignores the decision "7: Roundabout Terminal Nort - East Approach" of type "Static Vehicle Routing Decision" because it has left link "844: TNorte Entry/Exit" at position 13.671 m in the same time step.
                  Warning	Simulation second 6532.00: Vehicle 672 ignores the decision "4: TNorte" of type "Parking Routing Decision" because it has left link "7: TNorte 1" at position 16.018 m in the same time step.
                  Warning	Simulation second 6535.00: Vehicle 927 ignores the decision "4: Roundabout Terminal Nort - South Approach LDV" of type "Static Vehicle Routing Decision" because it has left link "396: TNorte Entry/Exit" at position 164.855 m in the same time step.
                  Warning	Simulation second 6535.00: Vehicle 927 ignores the decision "5: Roundabout Terminal Nort - South Approach LDV Port" of type "Static Vehicle Routing Decision" because it has left link "396: TNorte Entry/Exit" at position 164.855 m in the same time step.
                  Warning	Simulation second 6535.00: Vehicle 927 ignores the decision "6: Roundabout Terminal Nort - South Approach HDV Port" of type "Static Vehicle Routing Decision" because it has left link "396: TNorte Entry/Exit" at position 164.855 m in the same time step.
                  Warning	Simulation second 6538.00: Vehicle 934 ignores the decision "4: Roundabout Terminal Nort - South Approach LDV" of type "Static Vehicle Routing Decision" because it has left link "396: TNorte Entry/Exit" at position 164.855 m in the same time step.
                  Warning	Simulation second 6538.00: Vehicle 934 ignores the decision "5: Roundabout Terminal Nort - South Approach LDV Port" of type "Static Vehicle Routing Decision" because it has left link "396: TNorte Entry/Exit" at position 164.855 m in the same time step.
                  Warning	Simulation second 6538.00: Vehicle 934 ignores the decision "6: Roundabout Terminal Nort - South Approach HDV Port" of type "Static Vehicle Routing Decision" because it has left link "396: TNorte Entry/Exit" at position 164.855 m in the same time step.
                  Warning	Simulation second 6539.00: Vehicle 889 ignores the decision "19: Roundabout South - Nort Approach" of type "Static Vehicle Routing Decision" because it has left link "89: External Road South" at position 147.277 m in the same time step.
                  Warning	Simulation second 6539.00: Vehicle 889 ignores the decision "304: Roundabout South - Nort Approach HDV and LDV Port" of type "Static Vehicle Routing Decision" because it has left link "89: External Road South" at position 147.277 m in the same time step.
                  Warning	Simulation second 6539.00: Vehicle 898 ignores the decision "19: Roundabout South - Nort Approach" of type "Static Vehicle Routing Decision" because it has left link "89: External Road South" at position 147.277 m in the same time step.
                  Warning	Simulation second 6539.00: Vehicle 898 ignores the decision "304: Roundabout South - Nort Approach HDV and LDV Port" of type "Static Vehicle Routing Decision" because it has left link "89: External Road South" at position 147.277 m in the same time step.
                  Warning	Simulation second 6542.00: Vehicle 896 ignores the decision "267: TGS 10,11,12,13" of type "Static Vehicle Routing Decision" because it has left link "58: TGS Entry/Exit" at position 41.299 m in the same time step.
                  Warning	Simulation second 6543.00: Vehicle 896 ignores the decision "1636" of type "Desired Speed Decision" because it has left link "77: TGS 13" at position 2.914 m in the same time step.
                  Warning	Simulation second 6545.00: Vehicle 943 ignores the decision "16: Roundabout South - South Approach LDV" of type "Static Vehicle Routing Decision" because it has left link "70: External Road South" at position 113.974 m in the same time step.
                  Warning	Simulation second 6545.00: Vehicle 943 ignores the decision "17: Roundabout South - South Approach HDV and LDV Port" of type "Static Vehicle Routing Decision" because it has left link "70: External Road South" at position 113.974 m in the same time step.
                  Warning	Simulation second 6548.00: Vehicle 937 ignores the decision "22: Roundabout Centre - East Approach LDV" of type "Static Vehicle Routing Decision" because it has left link "372: External Road Centre" at position 61.876 m in the same time step.
                  Warning	Simulation second 6548.00: Vehicle 937 ignores the decision "23: Roundabout Centre - East Approach HDV and LDV Port" of type "Static Vehicle Routing Decision" because it has left link "372: External Road Centre" at position 61.876 m in the same time step.
                  Warning	Simulation second 6549.00: Vehicle 900 ignores the decision "1287" of type "Desired Speed Decision" because it has left link "10028: TNorte 8" at position 5.026 m in the same time step.
                  Warning	Simulation second 6550.00: Vehicle 908 ignores the decision "18: TRo-ro1" of type "Parking Routing Decision" because it has left link "165: TNorte 8" at position 20.695 m in the same time step.
                  Warning	Simulation second 6552.00: Vehicle 921 ignores the decision "1042" of type "Desired Speed Decision" because it has left link "11647: External Road Gafanha da Nazare" at position 5.279 m in the same time step.
                  Warning	Simulation second 6553.00: Vehicle 887 ignores the decision "1605" of type "Desired Speed Decision" because it has left link "10081: TGS Entry/Exit" at position 15.750 m in the same time step.
                  Warning	Simulation second 6554.00: Vehicle 901 ignores the decision "19: Roundabout South - Nort Approach" of type "Static Vehicle Routing Decision" because it has left link "89: External Road South" at position 147.277 m in the same time step.
                  Warning	Simulation second 6554.00: Vehicle 901 ignores the decision "304: Roundabout South - Nort Approach HDV and LDV Port" of type "Static Vehicle Routing Decision" because it has left link "89: External Road South" at position 147.277 m in the same time step.
                  Warning	Simulation second 6555.00: Vehicle 905 ignores the decision "19: Roundabout South - Nort Approach" of type "Static Vehicle Routing Decision" because it has left link "89: External Road South" at position 147.277 m in the same time step.
                  Warning	Simulation second 6555.00: Vehicle 905 ignores the decision "304: Roundabout South - Nort Approach HDV and LDV Port" of type "Static Vehicle Routing Decision" because it has left link "89: External Road South" at position 147.277 m in the same time step.
                  Warning	Simulation second 6556.00: Vehicle 812 ignores the decision "19: Roundabout South - Nort Approach" of type "Static Vehicle Routing Decision" because it has left link "89: External Road South" at position 147.277 m in the same time step.
                  Warning	Simulation second 6556.00: Vehicle 812 ignores the decision "304: Roundabout South - Nort Approach HDV and LDV Port" of type "Static Vehicle Routing Decision" because it has left link "89: External Road South" at position 147.277 m in the same time step.
                  Warning	Simulation second 6557.00: Vehicle 902 ignores the decision "19: Roundabout South - Nort Approach" of type "Static Vehicle Routing Decision" because it has left link "89: External Road South" at position 147.277 m in the same time step.
                  Warning	Simulation second 6557.00: Vehicle 902 ignores the decision "304: Roundabout South - Nort Approach HDV and LDV Port" of type "Static Vehicle Routing Decision" because it has left link "89: External Road South" at position 147.277 m in the same time step.
                  Warning	Simulation second 6561.00: Vehicle 941 ignores the decision "22: Roundabout Centre - East Approach LDV" of type "Static Vehicle Routing Decision" because it has left link "372: External Road Centre" at position 61.876 m in the same time step.
                  Warning	Simulation second 6561.00: Vehicle 941 ignores the decision "23: Roundabout Centre - East Approach HDV and LDV Port" of type "Static Vehicle Routing Decision" because it has left link "372: External Road Centre" at position 61.876 m in the same time step.
                  Warning	Simulation second 6570.00: Vehicle 948 ignores the decision "16: Roundabout South - South Approach LDV" of type "Static Vehicle Routing Decision" because it has left link "70: External Road South" at position 113.974 m in the same time step.
                  Warning	Simulation second 6570.00: Vehicle 948 ignores the decision "17: Roundabout South - South Approach HDV and LDV Port" of type "Static Vehicle Routing Decision" because it has left link "70: External Road South" at position 113.974 m in the same time step.
                  Warning	Simulation second 6574.00: Vehicle 890 ignores the decision "1636" of type "Desired Speed Decision" because it has left link "77: TGS 13" at position 2.914 m in the same time step.
                  Warning	Simulation second 6574.00: Vehicle 908 ignores the decision "1305" of type "Desired Speed Decision" because it has left link "10240: TNorte 8" at position 14.464 m in the same time step.
                  Warning	Simulation second 6574.00: Vehicle 949 ignores the decision "16: Roundabout South - South Approach LDV" of type "Static Vehicle Routing Decision" because it has left link "70: External Road South" at position 113.974 m in the same time step.
                  Warning	Simulation second 6574.00: Vehicle 949 ignores the decision "17: Roundabout South - South Approach HDV and LDV Port" of type "Static Vehicle Routing Decision" because it has left link "70: External Road South" at position 113.974 m in the same time step.
                  Warning	Simulation second 6576.00: Vehicle 849 ignores the decision "256: Solid Bulk South West - Aveiro Port" of type "Static Vehicle Routing Decision" because it has left link "63: TGS Entry/Exit" at position 42.721 m in the same time step.
                  Warning	Simulation second 6579.00: Vehicle 345 ignores the decision "297: TNorte 7" of type "Static Vehicle Routing Decision" because it has left link "342: TNorte 3" at position 71.688 m in the same time step.
                  Warning	Simulation second 6587.00: Vehicle 924 ignores the decision "19: Roundabout South - Nort Approach" of type "Static Vehicle Routing Decision" because it has left link "89: External Road South" at position 147.277 m in the same time step.
                  Warning	Simulation second 6587.00: Vehicle 924 ignores the decision "304: Roundabout South - Nort Approach HDV and LDV Port" of type "Static Vehicle Routing Decision" because it has left link "89: External Road South" at position 147.277 m in the same time step.
                  Warning	Simulation second 6588.00: Vehicle 908 ignores the decision "1287" of type "Desired Speed Decision" because it has left link "10028: TNorte 8" at position 5.026 m in the same time step.
                  Warning	Simulation second 6589.00: Vehicle 875 ignores the decision "19: Roundabout South - Nort Approach" of type "Static Vehicle Routing Decision" because it has left link "89: External Road South" at position 147.277 m in the same time step.
                  Warning	Simulation second 6589.00: Vehicle 875 ignores the decision "304: Roundabout South - Nort Approach HDV and LDV Port" of type "Static Vehicle Routing Decision" because it has left link "89: External Road South" at position 147.277 m in the same time step.
                  Warning	Simulation second 6597.00: Vehicle 956 ignores the decision "16: Roundabout South - South Approach LDV" of type "Static Vehicle Routing Decision" because it has left link "70: External Road South" at position 113.974 m in the same time step.
                  Warning	Simulation second 6597.00: Vehicle 956 ignores the decision "17: Roundabout South - South Approach HDV and LDV Port" of type "Static Vehicle Routing Decision" because it has left link "70: External Road South" at position 113.974 m in the same time step.
                  Warning	Simulation second 6604.00: Vehicle 903 ignores the decision "19: Roundabout South - Nort Approach" of type "Static Vehicle Routing Decision" because it has left link "89: External Road South" at position 147.277 m in the same time step.
                  Warning	Simulation second 6604.00: Vehicle 903 ignores the decision "304: Roundabout South - Nort Approach HDV and LDV Port" of type "Static Vehicle Routing Decision" because it has left link "89: External Road South" at position 147.277 m in the same time step.
                  Warning	Simulation second 6608.00: Vehicle 940 ignores the decision "4: Roundabout Terminal Nort - South Approach LDV" of type "Static Vehicle Routing Decision" because it has left link "396: TNorte Entry/Exit" at position 164.855 m in the same time step.
                  Warning	Simulation second 6608.00: Vehicle 940 ignores the decision "5: Roundabout Terminal Nort - South Approach LDV Port" of type "Static Vehicle Routing Decision" because it has left link "396: TNorte Entry/Exit" at position 164.855 m in the same time step.
                  Warning	Simulation second 6608.00: Vehicle 940 ignores the decision "6: Roundabout Terminal Nort - South Approach HDV Port" of type "Static Vehicle Routing Decision" because it has left link "396: TNorte Entry/Exit" at position 164.855 m in the same time step.
                  Warning	Simulation second 6610.00: Vehicle 906 ignores the decision "267: TGS 10,11,12,13" of type "Static Vehicle Routing Decision" because it has left link "58: TGS Entry/Exit" at position 41.299 m in the same time step.
                  Warning	Simulation second 6610.00: Vehicle 933 ignores the decision "1448" of type "Desired Speed Decision" because it has left link "10131: TGL 1" at position 10.239 m in the same time step.
                  Warning	Simulation second 6612.00: Vehicle 906 ignores the decision "1636" of type "Desired Speed Decision" because it has left link "77: TGS 13" at position 2.914 m in the same time step.
                  Warning	Simulation second 6612.00: Vehicle 906 ignores the decision "1637" of type "Desired Speed Decision" because it has left link "10111: TGS 13" at position 16.150 m in the same time step.
                  Warning	Simulation second 6618.00: Vehicle 961 ignores the decision "16: Roundabout South - South Approach LDV" of type "Static Vehicle Routing Decision" because it has left link "70: External Road South" at position 113.974 m in the same time step.
                  Warning	Simulation second 6618.00: Vehicle 961 ignores the decision "17: Roundabout South - South Approach HDV and LDV Port" of type "Static Vehicle Routing Decision" because it has left link "70: External Road South" at position 113.974 m in the same time step.
                  Warning	Simulation second 6619.00: Vehicle 887 ignores the decision "256: Solid Bulk South West - Aveiro Port" of type "Static Vehicle Routing Decision" because it has left link "63: TGS Entry/Exit" at position 42.758 m in the same time step.
                  Warning	Simulation second 6622.00: Vehicle 820 ignores the decision "193: Roundabout Prio - North Approach LDV" of type "Static Vehicle Routing Decision" because it has left link "633: TGS External Road" at position 777.531 m in the same time step.
                  Warning	Simulation second 6623.00: Vehicle 786 ignores the decision "263: TNorte Multipurpose 7" of type "Static Vehicle Routing Decision" because it has left link "28: TNorte 7" at position 81.926 m in the same time step.
                  Warning	Simulation second 6623.00: Vehicle 912 ignores the decision "277: TNorte" of type "Static Vehicle Routing Decision" because it has left link "4: TNorte 2" at position 14.722 m in the same time step.
                  Warning	Simulation second 6624.00: Vehicle 345 ignores the decision "297: TNorte 7" of type "Static Vehicle Routing Decision" because it has left link "342: TNorte 3" at position 71.688 m in the same time step.
                  Warning	Simulation second 6624.00: Vehicle 962 ignores the decision "16: Roundabout South - South Approach LDV" of type "Static Vehicle Routing Decision" because it has left link "70: External Road South" at position 113.974 m in the same time step.
                  Warning	Simulation second 6624.00: Vehicle 962 ignores the decision "17: Roundabout South - South Approach HDV and LDV Port" of type "Static Vehicle Routing Decision" because it has left link "70: External Road South" at position 113.974 m in the same time step.
                  Warning	Simulation second 6628.00: Vehicle 964 ignores the decision "16: Roundabout South - South Approach LDV" of type "Static Vehicle Routing Decision" because it has left link "70: External Road South" at position 113.974 m in the same time step.
                  Warning	Simulation second 6628.00: Vehicle 964 ignores the decision "17: Roundabout South - South Approach HDV and LDV Port" of type "Static Vehicle Routing Decision" because it has left link "70: External Road South" at position 113.974 m in the same time step.
                  Warning	Simulation second 6631.00: Vehicle 938 (on Static Vehicle Route "267 - 1") reached the end of link "58: TGS Entry/Exit" without finding the subsequent link ("10081: TGS Entry/Exit").	Network object type: Vehicle	Network object keys: 938
                  Warning	Simulation second 6631.00: Vehicle 965 ignores the decision "16: Roundabout South - South Approach LDV" of type "Static Vehicle Routing Decision" because it has left link "70: External Road South" at position 113.974 m in the same time step.
                  Warning	Simulation second 6631.00: Vehicle 965 ignores the decision "17: Roundabout South - South Approach HDV and LDV Port" of type "Static Vehicle Routing Decision" because it has left link "70: External Road South" at position 113.974 m in the same time step.
                  Warning	Simulation second 6632.00: Vehicle 939 ignores the decision "4: Roundabout Terminal Nort - South Approach LDV" of type "Static Vehicle Routing Decision" because it has left link "396: TNorte Entry/Exit" at position 164.855 m in the same time step.
                  Warning	Simulation second 6632.00: Vehicle 939 ignores the decision "5: Roundabout Terminal Nort - South Approach LDV Port" of type "Static Vehicle Routing Decision" because it has left link "396: TNorte Entry/Exit" at position 164.855 m in the same time step.
                  Warning	Simulation second 6632.00: Vehicle 939 ignores the decision "6: Roundabout Terminal Nort - South Approach HDV Port" of type "Static Vehicle Routing Decision" because it has left link "396: TNorte Entry/Exit" at position 164.855 m in the same time step.
                  Warning	Simulation second 6633.00: Vehicle 966 ignores the decision "16: Roundabout South - South Approach LDV" of type "Static Vehicle Routing Decision" because it has left link "70: External Road South" at position 113.974 m in the same time step.
                  Warning	Simulation second 6633.00: Vehicle 966 ignores the decision "17: Roundabout South - South Approach HDV and LDV Port" of type "Static Vehicle Routing Decision" because it has left link "70: External Road South" at position 113.974 m in the same time step.
                  Warning	Simulation second 6638.00: Vehicle 786 ignores the decision "1287" of type "Desired Speed Decision" because it has left link "10028: TNorte 8" at position 5.026 m in the same time step.
                  Warning	Simulation second 6639.00: Vehicle 799 ignores the decision "254: Roundabout MultiPurpose - Southeast Aproach" of type "Static Vehicle Routing Decision" because it has left link "32: TNorte 5" at position 848.237 m in the same time step.
                  Warning	Simulation second 6639.00: Vehicle 921 ignores the decision "19: Roundabout South - Nort Approach" of type "Static Vehicle Routing Decision" because it has left link "89: External Road South" at position 147.277 m in the same time step.
                  Warning	Simulation second 6639.00: Vehicle 921 ignores the decision "304: Roundabout South - Nort Approach HDV and LDV Port" of type "Static Vehicle Routing Decision" because it has left link "89: External Road South" at position 147.277 m in the same time step.
                  Warning	Simulation second 6640.00: Vehicle 834 ignores the decision "254: Roundabout MultiPurpose - Southeast Aproach" of type "Static Vehicle Routing Decision" because it has left link "32: TNorte 5" at position 848.237 m in the same time step.
                  Warning	Simulation second 6644.00: Vehicle 853 ignores the decision "19: Roundabout South - Nort Approach" of type "Static Vehicle Routing Decision" because it has left link "89: External Road South" at position 147.277 m in the same time step.
                  Warning	Simulation second 6644.00: Vehicle 853 ignores the decision "304: Roundabout South - Nort Approach HDV and LDV Port" of type "Static Vehicle Routing Decision" because it has left link "89: External Road South" at position 147.277 m in the same time step.
                  Warning	Simulation second 6648.00: Vehicle 849 ignores the decision "193: Roundabout Prio - North Approach LDV" of type "Static Vehicle Routing Decision" because it has left link "633: TGS External Road" at position 777.531 m in the same time step.
                  Warning	Simulation second 6648.00: Vehicle 922 ignores the decision "1126" of type "Desired Speed Decision" because it has left link "10061: TNorte 2" at position 4.140 m in the same time step.
                  Warning	Simulation second 6651.00: Vehicle 907 ignores the decision "254: Roundabout MultiPurpose - Southeast Aproach" of type "Static Vehicle Routing Decision" because it has left link "32: TNorte 5" at position 848.237 m in the same time step.
                  Warning	Simulation second 6655.00: Vehicle 913 ignores the decision "7: Roundabout Terminal Nort - East Approach" of type "Static Vehicle Routing Decision" because it has left link "844: TNorte Entry/Exit" at position 13.671 m in the same time step.
                  Warning	Simulation second 6655.00: Vehicle 943 ignores the decision "4: Roundabout Terminal Nort - South Approach LDV" of type "Static Vehicle Routing Decision" because it has left link "396: TNorte Entry/Exit" at position 164.855 m in the same time step.
                  Warning	Simulation second 6655.00: Vehicle 943 ignores the decision "5: Roundabout Terminal Nort - South Approach LDV Port" of type "Static Vehicle Routing Decision" because it has left link "396: TNorte Entry/Exit" at position 164.855 m in the same time step.
                  Warning	Simulation second 6655.00: Vehicle 943 ignores the decision "6: Roundabout Terminal Nort - South Approach HDV Port" of type "Static Vehicle Routing Decision" because it has left link "396: TNorte Entry/Exit" at position 164.855 m in the same time step.
                  Warning	Simulation second 6656.00: Vehicle 904 ignores the decision "305: TGL Rounabout Entrance" of type "Static Vehicle Routing Decision" because it has left link "90: TGL 1" at position 16.830 m in the same time step.
                  Warning	Simulation second 6658.00: Vehicle 922 ignores the decision "1127" of type "Desired Speed Decision" because it has left link "10072: TNorte 2" at position 7.078 m in the same time step.
                  Warning	Simulation second 6659.00: Vehicle 829 ignores the decision "254: Roundabout MultiPurpose - Southeast Aproach" of type "Static Vehicle Routing Decision" because it has left link "32: TNorte 5" at position 848.237 m in the same time step.
                  Warning	Simulation second 6659.00: Vehicle 967 ignores the decision "16: Roundabout South - South Approach LDV" of type "Static Vehicle Routing Decision" because it has left link "70: External Road South" at position 113.974 m in the same time step.
                  Warning	Simulation second 6659.00: Vehicle 967 ignores the decision "17: Roundabout South - South Approach HDV and LDV Port" of type "Static Vehicle Routing Decision" because it has left link "70: External Road South" at position 113.974 m in the same time step.
                  Warning	Simulation second 6660.00: Vehicle 876 ignores the decision "254: Roundabout MultiPurpose - Southeast Aproach" of type "Static Vehicle Routing Decision" because it has left link "32: TNorte 5" at position 848.237 m in the same time step.
                  Warning	Simulation second 6661.00: Vehicle 969 ignores the decision "16: Roundabout South - South Approach LDV" of type "Static Vehicle Routing Decision" because it has left link "70: External Road South" at position 113.974 m in the same time step.
                  Warning	Simulation second 6661.00: Vehicle 969 ignores the decision "17: Roundabout South - South Approach HDV and LDV Port" of type "Static Vehicle Routing Decision" because it has left link "70: External Road South" at position 113.974 m in the same time step.
                  Warning	Simulation second 6662.00: Vehicle 970 ignores the decision "16: Roundabout South - South Approach LDV" of type "Static Vehicle Routing Decision" because it has left link "70: External Road South" at position 113.974 m in the same time step.
                  Warning	Simulation second 6662.00: Vehicle 970 ignores the decision "17: Roundabout South - South Approach HDV and LDV Port" of type "Static Vehicle Routing Decision" because it has left link "70: External Road South" at position 113.974 m in the same time step.
                  Warning	Simulation second 6663.00: Vehicle 971 ignores the decision "16: Roundabout South - South Approach LDV" of type "Static Vehicle Routing Decision" because it has left link "70: External Road South" at position 113.974 m in the same time step.
                  Warning	Simulation second 6663.00: Vehicle 971 ignores the decision "17: Roundabout South - South Approach HDV and LDV Port" of type "Static Vehicle Routing Decision" because it has left link "70: External Road South" at position 113.974 m in the same time step.
                  Warning	Simulation second 6666.00: Vehicle 900 ignores the decision "4: TNorte" of type "Parking Routing Decision" because it has left link "7: TNorte 1" at position 16.018 m in the same time step.
                  Warning	Simulation second 6666.00: Vehicle 972 ignores the decision "16: Roundabout South - South Approach LDV" of type "Static Vehicle Routing Decision" because it has left link "70: External Road South" at position 113.974 m in the same time step.
                  Warning	Simulation second 6666.00: Vehicle 972 ignores the decision "17: Roundabout South - South Approach HDV and LDV Port" of type "Static Vehicle Routing Decision" because it has left link "70: External Road South" at position 113.974 m in the same time step.
                  Warning	Simulation second 6669.00: Vehicle 345 ignores the decision "297: TNorte 7" of type "Static Vehicle Routing Decision" because it has left link "342: TNorte 3" at position 71.688 m in the same time step.
                  Warning	Simulation second 6672.00: Vehicle 948 ignores the decision "4: Roundabout Terminal Nort - South Approach LDV" of type "Static Vehicle Routing Decision" because it has left link "396: TNorte Entry/Exit" at position 164.855 m in the same time step.
                  Warning	Simulation second 6672.00: Vehicle 948 ignores the decision "5: Roundabout Terminal Nort - South Approach LDV Port" of type "Static Vehicle Routing Decision" because it has left link "396: TNorte Entry/Exit" at position 164.855 m in the same time step.
                  Warning	Simulation second 6672.00: Vehicle 948 ignores the decision "6: Roundabout Terminal Nort - South Approach HDV Port" of type "Static Vehicle Routing Decision" because it has left link "396: TNorte Entry/Exit" at position 164.855 m in the same time step.
                  Warning	Simulation second 6676.00: Vehicle 887 ignores the decision "245: Solid Bulk Acess West - Aveiro Port" of type "Static Vehicle Routing Decision" because it has left link "103: TGS External Road" at position 197.828 m in the same time step.
                  Warning	Simulation second 6677.00: Vehicle 937 ignores the decision "19: Roundabout South - Nort Approach" of type "Static Vehicle Routing Decision" because it has left link "89: External Road South" at position 147.277 m in the same time step.
                  Warning	Simulation second 6677.00: Vehicle 937 ignores the decision "304: Roundabout South - Nort Approach HDV and LDV Port" of type "Static Vehicle Routing Decision" because it has left link "89: External Road South" at position 147.277 m in the same time step.
                  Warning	Simulation second 6678.00: Vehicle 963 ignores the decision "3: Roundabout Terminal Nort - North Approach" of type "Static Vehicle Routing Decision" because it has left link "400: External Road Ferry" at position 142.927 m in the same time step.
                  Warning	Simulation second 6679.00: Vehicle 929 ignores the decision "1042" of type "Desired Speed Decision" because it has left link "11647: External Road Gafanha da Nazare" at position 5.279 m in the same time step.
                  Warning	Simulation second 6681.00: Vehicle 896 ignores the decision "193: Roundabout Prio - North Approach LDV" of type "Static Vehicle Routing Decision" because it has left link "633: TGS External Road" at position 777.531 m in the same time step.
                  Warning	Simulation second 6684.00: Vehicle 956 ignores the decision "4: Roundabout Terminal Nort - South Approach LDV" of type "Static Vehicle Routing Decision" because it has left link "396: TNorte Entry/Exit" at position 164.855 m in the same time step.
                  Warning	Simulation second 6684.00: Vehicle 956 ignores the decision "5: Roundabout Terminal Nort - South Approach LDV Port" of type "Static Vehicle Routing Decision" because it has left link "396: TNorte Entry/Exit" at position 164.855 m in the same time step.
                  Warning	Simulation second 6684.00: Vehicle 956 ignores the decision "6: Roundabout Terminal Nort - South Approach HDV Port" of type "Static Vehicle Routing Decision" because it has left link "396: TNorte Entry/Exit" at position 164.855 m in the same time step.
                  Warning	Simulation second 6689.00: Vehicle 977 ignores the decision "16: Roundabout South - South Approach LDV" of type "Static Vehicle Routing Decision" because it has left link "70: External Road South" at position 113.974 m in the same time step.
                  Warning	Simulation second 6689.00: Vehicle 977 ignores the decision "17: Roundabout South - South Approach HDV and LDV Port" of type "Static Vehicle Routing Decision" because it has left link "70: External Road South" at position 113.974 m in the same time step.
                  Warning	Simulation second 6692.00: Vehicle 978 ignores the decision "16: Roundabout South - South Approach LDV" of type "Static Vehicle Routing Decision" because it has left link "70: External Road South" at position 113.974 m in the same time step.
                  Warning	Simulation second 6692.00: Vehicle 978 ignores the decision "17: Roundabout South - South Approach HDV and LDV Port" of type "Static Vehicle Routing Decision" because it has left link "70: External Road South" at position 113.974 m in the same time step.
                  Warning	Simulation second 6696.00: Vehicle 890 ignores the decision "1612" of type "Desired Speed Decision" because it has left link "10115: TGS 13" at position 8.092 m in the same time step.
                  Warning	Simulation second 6696.00: Vehicle 922 (on Static Vehicle Route "295 - 1") reached the end of link "13: TNorte 2" without finding the subsequent link ("10019: TNorte 2").	Network object type: Vehicle	Network object keys: 922
                  Warning	Simulation second 6698.00: Vehicle 870 ignores the decision "287: TRo-ro8" of type "Static Vehicle Routing Decision" because it has left link "351: TNorte 8" at position 171.964 m in the same time step.
                  Warning	Simulation second 6700.00: Vehicle 974 ignores the decision "16: Roundabout South - South Approach LDV" of type "Static Vehicle Routing Decision" because it has left link "70: External Road South" at position 113.974 m in the same time step.
                  Warning	Simulation second 6700.00: Vehicle 974 ignores the decision "17: Roundabout South - South Approach HDV and LDV Port" of type "Static Vehicle Routing Decision" because it has left link "70: External Road South" at position 113.974 m in the same time step.
                  Warning	Simulation second 6701.00: Vehicle 786 ignores the decision "1246" of type "Desired Speed Decision" because it has left link "10138: TNorte 7" at position 7.941 m in the same time step.
                  Warning	Simulation second 6705.00: Vehicle 961 ignores the decision "4: Roundabout Terminal Nort - South Approach LDV" of type "Static Vehicle Routing Decision" because it has left link "396: TNorte Entry/Exit" at position 164.855 m in the same time step.
                  Warning	Simulation second 6705.00: Vehicle 961 ignores the decision "5: Roundabout Terminal Nort - South Approach LDV Port" of type "Static Vehicle Routing Decision" because it has left link "396: TNorte Entry/Exit" at position 164.855 m in the same time step.
                  Warning	Simulation second 6705.00: Vehicle 961 ignores the decision "6: Roundabout Terminal Nort - South Approach HDV Port" of type "Static Vehicle Routing Decision" because it has left link "396: TNorte Entry/Exit" at position 164.855 m in the same time step.
                  Warning	Simulation second 6706.00: Vehicle 815 ignores the decision "19: Roundabout South - Nort Approach" of type "Static Vehicle Routing Decision" because it has left link "89: External Road South" at position 147.277 m in the same time step.
                  Warning	Simulation second 6706.00: Vehicle 815 ignores the decision "304: Roundabout South - Nort Approach HDV and LDV Port" of type "Static Vehicle Routing Decision" because it has left link "89: External Road South" at position 147.277 m in the same time step.
                  Warning	Simulation second 6706.00: Vehicle 933 ignores the decision "25: Roundabot TG - North Approach " of type "Static Vehicle Routing Decision" because it has left link "209: External Road East" at position 250.353 m in the same time step.
                  Warning	Simulation second 6713.00: Vehicle 908 ignores the decision "254: Roundabout MultiPurpose - Southeast Aproach" of type "Static Vehicle Routing Decision" because it has left link "32: TNorte 5" at position 848.237 m in the same time step.
                  Warning	Simulation second 6715.00: Vehicle 345 ignores the decision "297: TNorte 7" of type "Static Vehicle Routing Decision" because it has left link "342: TNorte 3" at position 71.688 m in the same time step.
                  Warning	Simulation second 6717.00: Vehicle 981 ignores the decision "16: Roundabout South - South Approach LDV" of type "Static Vehicle Routing Decision" because it has left link "70: External Road South" at position 113.974 m in the same time step.
                  Warning	Simulation second 6717.00: Vehicle 981 ignores the decision "17: Roundabout South - South Approach HDV and LDV Port" of type "Static Vehicle Routing Decision" because it has left link "70: External Road South" at position 113.974 m in the same time step.
                  Warning	Simulation second 6719.00: Vehicle 976 ignores the decision "22: Roundabout Centre - East Approach LDV" of type "Static Vehicle Routing Decision" because it has left link "372: External Road Centre" at position 61.876 m in the same time step.
                  Warning	Simulation second 6719.00: Vehicle 976 ignores the decision "23: Roundabout Centre - East Approach HDV and LDV Port" of type "Static Vehicle Routing Decision" because it has left link "372: External Road Centre" at position 61.876 m in the same time step.
                  Warning	Simulation second 6721.00: Vehicle 983 ignores the decision "16: Roundabout South - South Approach LDV" of type "Static Vehicle Routing Decision" because it has left link "70: External Road South" at position 113.974 m in the same time step.
                  Warning	Simulation second 6721.00: Vehicle 983 ignores the decision "17: Roundabout South - South Approach HDV and LDV Port" of type "Static Vehicle Routing Decision" because it has left link "70: External Road South" at position 113.974 m in the same time step.
                  Warning	Simulation second 6723.00: Vehicle 959 ignores the decision "4: Roundabout Terminal Nort - South Approach LDV" of type "Static Vehicle Routing Decision" because it has left link "396: TNorte Entry/Exit" at position 164.855 m in the same time step.
                  Warning	Simulation second 6723.00: Vehicle 959 ignores the decision "5: Roundabout Terminal Nort - South Approach LDV Port" of type "Static Vehicle Routing Decision" because it has left link "396: TNorte Entry/Exit" at position 164.855 m in the same time step.
                  Warning	Simulation second 6723.00: Vehicle 959 ignores the decision "6: Roundabout Terminal Nort - South Approach HDV Port" of type "Static Vehicle Routing Decision" because it has left link "396: TNorte Entry/Exit" at position 164.855 m in the same time step.
                  Warning	Simulation second 6732.00: Vehicle 964 ignores the decision "4: Roundabout Terminal Nort - South Approach LDV" of type "Static Vehicle Routing Decision" because it has left link "396: TNorte Entry/Exit" at position 164.855 m in the same time step.
                  Warning	Simulation second 6732.00: Vehicle 964 ignores the decision "5: Roundabout Terminal Nort - South Approach LDV Port" of type "Static Vehicle Routing Decision" because it has left link "396: TNorte Entry/Exit" at position 164.855 m in the same time step.
                  Warning	Simulation second 6732.00: Vehicle 964 ignores the decision "6: Roundabout Terminal Nort - South Approach HDV Port" of type "Static Vehicle Routing Decision" because it has left link "396: TNorte Entry/Exit" at position 164.855 m in the same time step.
                  Warning	Simulation second 6733.00: Vehicle 934 ignores the decision "254: Roundabout MultiPurpose - Southeast Aproach" of type "Static Vehicle Routing Decision" because it has left link "32: TNorte 5" at position 848.237 m in the same time step.
                  Warning	Simulation second 6740.00: Vehicle 932 ignores the decision "267: TGS 10,11,12,13" of type "Static Vehicle Routing Decision" because it has left link "58: TGS Entry/Exit" at position 41.299 m in the same time step.
                  Warning	Simulation second 6742.00: Vehicle 932 ignores the decision "1636" of type "Desired Speed Decision" because it has left link "77: TGS 13" at position 2.914 m in the same time step.
                  Warning	Simulation second 6747.00: Vehicle 718 ignores the decision "254: Roundabout MultiPurpose - Southeast Aproach" of type "Static Vehicle Routing Decision" because it has left link "32: TNorte 5" at position 848.237 m in the same time step.
                  Warning	Simulation second 6749.00: Vehicle 987 ignores the decision "16: Roundabout South - South Approach LDV" of type "Static Vehicle Routing Decision" because it has left link "70: External Road South" at position 113.974 m in the same time step.
                  Warning	Simulation second 6749.00: Vehicle 987 ignores the decision "17: Roundabout South - South Approach HDV and LDV Port" of type "Static Vehicle Routing Decision" because it has left link "70: External Road South" at position 113.974 m in the same time step.
                  Warning	Simulation second 6755.00: Vehicle 940 ignores the decision "19: Roundabout South - Nort Approach" of type "Static Vehicle Routing Decision" because it has left link "89: External Road South" at position 147.277 m in the same time step.
                  Warning	Simulation second 6755.00: Vehicle 940 ignores the decision "304: Roundabout South - Nort Approach HDV and LDV Port" of type "Static Vehicle Routing Decision" because it has left link "89: External Road South" at position 147.277 m in the same time step.
                  Warning	Simulation second 6762.00: Vehicle 970 ignores the decision "4: Roundabout Terminal Nort - South Approach LDV" of type "Static Vehicle Routing Decision" because it has left link "396: TNorte Entry/Exit" at position 164.855 m in the same time step.
                  Warning	Simulation second 6762.00: Vehicle 970 ignores the decision "5: Roundabout Terminal Nort - South Approach LDV Port" of type "Static Vehicle Routing Decision" because it has left link "396: TNorte Entry/Exit" at position 164.855 m in the same time step.
                  Warning	Simulation second 6762.00: Vehicle 970 ignores the decision "6: Roundabout Terminal Nort - South Approach HDV Port" of type "Static Vehicle Routing Decision" because it has left link "396: TNorte Entry/Exit" at position 164.855 m in the same time step.
                  Warning	Simulation second 6763.00: Vehicle 988 ignores the decision "16: Roundabout South - South Approach LDV" of type "Static Vehicle Routing Decision" because it has left link "70: External Road South" at position 113.974 m in the same time step.
                  Warning	Simulation second 6763.00: Vehicle 988 ignores the decision "17: Roundabout South - South Approach HDV and LDV Port" of type "Static Vehicle Routing Decision" because it has left link "70: External Road South" at position 113.974 m in the same time step.
                  Warning	Simulation second 6767.00: Vehicle 947 ignores the decision "1042" of type "Desired Speed Decision" because it has left link "11647: External Road Gafanha da Nazare" at position 5.279 m in the same time step.
                  Warning	Simulation second 6772.00: Vehicle 942 (on Static Vehicle Route "194 - 1") reached the end of link "898: External Road East" without finding the subsequent link ("10921: External Road East").	Network object type: Vehicle	Network object keys: 942
                  Warning	Simulation second 6772.00: Vehicle 957 ignores the decision "19: Roundabout South - Nort Approach" of type "Static Vehicle Routing Decision" because it has left link "89: External Road South" at position 147.277 m in the same time step.
                  Warning	Simulation second 6772.00: Vehicle 957 ignores the decision "304: Roundabout South - Nort Approach HDV and LDV Port" of type "Static Vehicle Routing Decision" because it has left link "89: External Road South" at position 147.277 m in the same time step.
                  Warning	Simulation second 6772.00: Vehicle 989 ignores the decision "16: Roundabout South - South Approach LDV" of type "Static Vehicle Routing Decision" because it has left link "70: External Road South" at position 113.974 m in the same time step.
                  Warning	Simulation second 6772.00: Vehicle 989 ignores the decision "17: Roundabout South - South Approach HDV and LDV Port" of type "Static Vehicle Routing Decision" because it has left link "70: External Road South" at position 113.974 m in the same time step.
                  Warning	Simulation second 6774.00: Vehicle 799 ignores the decision "7: Roundabout Terminal Nort - East Approach" of type "Static Vehicle Routing Decision" because it has left link "844: TNorte Entry/Exit" at position 13.671 m in the same time step.
                  Warning	Simulation second 6777.00: Vehicle 887 ignores the decision "193: Roundabout Prio - North Approach LDV" of type "Static Vehicle Routing Decision" because it has left link "633: TGS External Road" at position 777.531 m in the same time step.
                  Warning	Simulation second 6779.00: Vehicle 907 (on Static Vehicle Route "263 - 3") reached the end of link "28: TNorte 7" without finding the subsequent link ("10961: TNorte 7").	Network object type: Vehicle	Network object keys: 907
                  Warning	Simulation second 6780.00: Vehicle 931 ignores the decision "19: Roundabout South - Nort Approach" of type "Static Vehicle Routing Decision" because it has left link "89: External Road South" at position 147.277 m in the same time step.
                  Warning	Simulation second 6780.00: Vehicle 931 ignores the decision "304: Roundabout South - Nort Approach HDV and LDV Port" of type "Static Vehicle Routing Decision" because it has left link "89: External Road South" at position 147.277 m in the same time step.
                  Warning	Simulation second 6784.00: Vehicle 992 ignores the decision "16: Roundabout South - South Approach LDV" of type "Static Vehicle Routing Decision" because it has left link "70: External Road South" at position 113.974 m in the same time step.
                  Warning	Simulation second 6784.00: Vehicle 992 ignores the decision "17: Roundabout South - South Approach HDV and LDV Port" of type "Static Vehicle Routing Decision" because it has left link "70: External Road South" at position 113.974 m in the same time step.
                  Warning	Simulation second 6785.00: Vehicle 963 ignores the decision "1039" of type "Desired Speed Decision" because it has left link "11021: External Road Gafanha da Nazare" at position 1.001 m in the same time step.
                  Warning	Simulation second 6786.00: Vehicle 994 ignores the decision "16: Roundabout South - South Approach LDV" of type "Static Vehicle Routing Decision" because it has left link "70: External Road South" at position 113.974 m in the same time step.
                  Warning	Simulation second 6786.00: Vehicle 994 ignores the decision "17: Roundabout South - South Approach HDV and LDV Port" of type "Static Vehicle Routing Decision" because it has left link "70: External Road South" at position 113.974 m in the same time step.
                  Warning	Simulation second 6788.00: Vehicle 969 ignores the decision "4: Roundabout Terminal Nort - South Approach LDV" of type "Static Vehicle Routing Decision" because it has left link "396: TNorte Entry/Exit" at position 164.855 m in the same time step.
                  Warning	Simulation second 6788.00: Vehicle 969 ignores the decision "5: Roundabout Terminal Nort - South Approach LDV Port" of type "Static Vehicle Routing Decision" because it has left link "396: TNorte Entry/Exit" at position 164.855 m in the same time step.
                  Warning	Simulation second 6788.00: Vehicle 969 ignores the decision "6: Roundabout Terminal Nort - South Approach HDV Port" of type "Static Vehicle Routing Decision" because it has left link "396: TNorte Entry/Exit" at position 164.855 m in the same time step.
                  Warning	Simulation second 6788.00: Vehicle 975 ignores the decision "4: Roundabout Terminal Nort - South Approach LDV" of type "Static Vehicle Routing Decision" because it has left link "396: TNorte Entry/Exit" at position 164.855 m in the same time step.
                  Warning	Simulation second 6788.00: Vehicle 975 ignores the decision "5: Roundabout Terminal Nort - South Approach LDV Port" of type "Static Vehicle Routing Decision" because it has left link "396: TNorte Entry/Exit" at position 164.855 m in the same time step.
                  Warning	Simulation second 6788.00: Vehicle 975 ignores the decision "6: Roundabout Terminal Nort - South Approach HDV Port" of type "Static Vehicle Routing Decision" because it has left link "396: TNorte Entry/Exit" at position 164.855 m in the same time step.
                  Warning	Simulation second 6788.00: Vehicle 996 ignores the decision "16: Roundabout South - South Approach LDV" of type "Static Vehicle Routing Decision" because it has left link "70: External Road South" at position 113.974 m in the same time step.
                  Warning	Simulation second 6788.00: Vehicle 996 ignores the decision "17: Roundabout South - South Approach HDV and LDV Port" of type "Static Vehicle Routing Decision" because it has left link "70: External Road South" at position 113.974 m in the same time step.
                  Warning	Simulation second 6789.00: Vehicle 927 ignores the decision "1126" of type "Desired Speed Decision" because it has left link "10061: TNorte 2" at position 4.140 m in the same time step.
                  Warning	Simulation second 6792.00: Vehicle 927 ignores the decision "1124" of type "Desired Speed Decision" because it has left link "10062: TNorte 2" at position 5.775 m in the same time step.
                  Warning	Simulation second 6795.00: Vehicle 906 ignores the decision "193: Roundabout Prio - North Approach LDV" of type "Static Vehicle Routing Decision" because it has left link "633: TGS External Road" at position 777.531 m in the same time step.
                  Warning	Simulation second 6799.00: Vehicle 993 ignores the decision "16: Roundabout South - South Approach LDV" of type "Static Vehicle Routing Decision" because it has left link "70: External Road South" at position 113.974 m in the same time step.
                  Warning	Simulation second 6799.00: Vehicle 993 ignores the decision "17: Roundabout South - South Approach HDV and LDV Port" of type "Static Vehicle Routing Decision" because it has left link "70: External Road South" at position 113.974 m in the same time step.
                  Warning	Simulation second 6804.00: Vehicle 929 ignores the decision "19: Roundabout South - Nort Approach" of type "Static Vehicle Routing Decision" because it has left link "89: External Road South" at position 147.277 m in the same time step.
                  Warning	Simulation second 6804.00: Vehicle 929 ignores the decision "304: Roundabout South - Nort Approach HDV and LDV Port" of type "Static Vehicle Routing Decision" because it has left link "89: External Road South" at position 147.277 m in the same time step.
                  Warning	Simulation second 6805.00: Vehicle 943 ignores the decision "19: Roundabout South - Nort Approach" of type "Static Vehicle Routing Decision" because it has left link "89: External Road South" at position 147.277 m in the same time step.
                  Warning	Simulation second 6805.00: Vehicle 943 ignores the decision "304: Roundabout South - Nort Approach HDV and LDV Port" of type "Static Vehicle Routing Decision" because it has left link "89: External Road South" at position 147.277 m in the same time step.
                  Warning	Simulation second 6806.00: Vehicle 345 ignores the decision "297: TNorte 7" of type "Static Vehicle Routing Decision" because it has left link "342: TNorte 3" at position 71.688 m in the same time step.
                  Warning	Simulation second 6809.00: Vehicle 935 ignores the decision "305: TGL Rounabout Entrance" of type "Static Vehicle Routing Decision" because it has left link "90: TGL 1" at position 16.830 m in the same time step.
                  Warning	Simulation second 6809.00: Vehicle 960 ignores the decision "4: Roundabout Terminal Nort - South Approach LDV" of type "Static Vehicle Routing Decision" because it has left link "396: TNorte Entry/Exit" at position 164.855 m in the same time step.
                  Warning	Simulation second 6809.00: Vehicle 960 ignores the decision "5: Roundabout Terminal Nort - South Approach LDV Port" of type "Static Vehicle Routing Decision" because it has left link "396: TNorte Entry/Exit" at position 164.855 m in the same time step.
                  Warning	Simulation second 6809.00: Vehicle 960 ignores the decision "6: Roundabout Terminal Nort - South Approach HDV Port" of type "Static Vehicle Routing Decision" because it has left link "396: TNorte Entry/Exit" at position 164.855 m in the same time step.
                  Warning	Simulation second 6809.00: Vehicle 998 ignores the decision "16: Roundabout South - South Approach LDV" of type "Static Vehicle Routing Decision" because it has left link "70: External Road South" at position 113.974 m in the same time step.
                  Warning	Simulation second 6809.00: Vehicle 998 ignores the decision "17: Roundabout South - South Approach HDV and LDV Port" of type "Static Vehicle Routing Decision" because it has left link "70: External Road South" at position 113.974 m in the same time step.
                  Warning	Simulation second 6810.00: Vehicle 890 (on Static Vehicle Route "256 - 2") reached the end of link "63: TGS Entry/Exit" without finding the subsequent link ("10197: TGS Entry/Exit").	Network object type: Vehicle	Network object keys: 890
                  Warning	Simulation second 6812.00: Vehicle 849 ignores the decision "25: Roundabot TG - North Approach " of type "Static Vehicle Routing Decision" because it has left link "209: External Road East" at position 250.353 m in the same time step.
                  Warning	Simulation second 6816.00: Vehicle 997 ignores the decision "16: Roundabout South - South Approach LDV" of type "Static Vehicle Routing Decision" because it has left link "70: External Road South" at position 113.974 m in the same time step.
                  Warning	Simulation second 6816.00: Vehicle 997 ignores the decision "17: Roundabout South - South Approach HDV and LDV Port" of type "Static Vehicle Routing Decision" because it has left link "70: External Road South" at position 113.974 m in the same time step.
                  Warning	Simulation second 6818.00: Vehicle 976 ignores the decision "19: Roundabout South - Nort Approach" of type "Static Vehicle Routing Decision" because it has left link "89: External Road South" at position 147.277 m in the same time step.
                  Warning	Simulation second 6818.00: Vehicle 976 ignores the decision "304: Roundabout South - Nort Approach HDV and LDV Port" of type "Static Vehicle Routing Decision" because it has left link "89: External Road South" at position 147.277 m in the same time step.
                  Warning	Simulation second 6824.00: Vehicle 939 ignores the decision "263: TNorte Multipurpose 7" of type "Static Vehicle Routing Decision" because it has left link "28: TNorte 7" at position 81.926 m in the same time step.
                  Warning	Simulation second 6825.00: Vehicle 946 ignores the decision "4: Roundabout Terminal Nort - South Approach LDV" of type "Static Vehicle Routing Decision" because it has left link "396: TNorte Entry/Exit" at position 164.855 m in the same time step.
                  Warning	Simulation second 6825.00: Vehicle 946 ignores the decision "5: Roundabout Terminal Nort - South Approach LDV Port" of type "Static Vehicle Routing Decision" because it has left link "396: TNorte Entry/Exit" at position 164.855 m in the same time step.
                  Warning	Simulation second 6825.00: Vehicle 946 ignores the decision "6: Roundabout Terminal Nort - South Approach HDV Port" of type "Static Vehicle Routing Decision" because it has left link "396: TNorte Entry/Exit" at position 164.855 m in the same time step.
                  Warning	Simulation second 6827.00: Vehicle 961 ignores the decision "263: TNorte Multipurpose 7" of type "Static Vehicle Routing Decision" because it has left link "28: TNorte 7" at position 81.926 m in the same time step.
                  Warning	Simulation second 6829.00: Vehicle 974 ignores the decision "4: Roundabout Terminal Nort - South Approach LDV" of type "Static Vehicle Routing Decision" because it has left link "396: TNorte Entry/Exit" at position 164.855 m in the same time step.
                  Warning	Simulation second 6829.00: Vehicle 974 ignores the decision "5: Roundabout Terminal Nort - South Approach LDV Port" of type "Static Vehicle Routing Decision" because it has left link "396: TNorte Entry/Exit" at position 164.855 m in the same time step.
                  Warning	Simulation second 6829.00: Vehicle 974 ignores the decision "6: Roundabout Terminal Nort - South Approach HDV Port" of type "Static Vehicle Routing Decision" because it has left link "396: TNorte Entry/Exit" at position 164.855 m in the same time step.
                  Warning	Simulation second 6830.00: Vehicle 1002 ignores the decision "16: Roundabout South - South Approach LDV" of type "Static Vehicle Routing Decision" because it has left link "70: External Road South" at position 113.974 m in the same time step.
                  Warning	Simulation second 6830.00: Vehicle 1002 ignores the decision "17: Roundabout South - South Approach HDV and LDV Port" of type "Static Vehicle Routing Decision" because it has left link "70: External Road South" at position 113.974 m in the same time step.
                  Warning	Simulation second 6839.00: Vehicle 934 ignores the decision "7: Roundabout Terminal Nort - East Approach" of type "Static Vehicle Routing Decision" because it has left link "844: TNorte Entry/Exit" at position 13.671 m in the same time step.
                  Warning	Simulation second 6842.00: Vehicle 988 ignores the decision "20: Roudabout Centre - West Approach LDV" of type "Static Vehicle Routing Decision" because it has left link "367: External Road Centre" at position 210.272 m in the same time step.
                  Warning	Simulation second 6842.00: Vehicle 988 ignores the decision "21: Roudabout Centre - West Approach HDV and LDV Port" of type "Static Vehicle Routing Decision" because it has left link "367: External Road Centre" at position 210.272 m in the same time step.
                  Warning	Simulation second 6845.00: Vehicle 1003 ignores the decision "16: Roundabout South - South Approach LDV" of type "Static Vehicle Routing Decision" because it has left link "70: External Road South" at position 113.974 m in the same time step.
                  Warning	Simulation second 6845.00: Vehicle 1003 ignores the decision "17: Roundabout South - South Approach HDV and LDV Port" of type "Static Vehicle Routing Decision" because it has left link "70: External Road South" at position 113.974 m in the same time step.
                  Warning	Simulation second 6846.00: Vehicle 896 ignores the decision "25: Roundabot TG - North Approach " of type "Static Vehicle Routing Decision" because it has left link "209: External Road East" at position 250.353 m in the same time step.
                  Warning	Simulation second 6855.00: Vehicle 951 ignores the decision "19: Roundabout South - Nort Approach" of type "Static Vehicle Routing Decision" because it has left link "89: External Road South" at position 147.277 m in the same time step.
                  Warning	Simulation second 6855.00: Vehicle 951 ignores the decision "304: Roundabout South - Nort Approach HDV and LDV Port" of type "Static Vehicle Routing Decision" because it has left link "89: External Road South" at position 147.277 m in the same time step.
                  Warning	Simulation second 6858.00: Vehicle 948 (on Static Vehicle Route "265 - 1") reached the end of link "3: TNorte 5" without finding the subsequent link ("10950: TNorte 7").	Network object type: Vehicle	Network object keys: 948
                  Warning	Simulation second 6863.00: Vehicle 982 ignores the decision "19: Roundabout South - Nort Approach" of type "Static Vehicle Routing Decision" because it has left link "89: External Road South" at position 147.277 m in the same time step.
                  Warning	Simulation second 6863.00: Vehicle 982 ignores the decision "304: Roundabout South - Nort Approach HDV and LDV Port" of type "Static Vehicle Routing Decision" because it has left link "89: External Road South" at position 147.277 m in the same time step.
                  Warning	Simulation second 6865.00: Vehicle 958 ignores the decision "1042" of type "Desired Speed Decision" because it has left link "11647: External Road Gafanha da Nazare" at position 5.279 m in the same time step.
                  Warning	Simulation second 6870.00: Vehicle 1005 ignores the decision "16: Roundabout South - South Approach LDV" of type "Static Vehicle Routing Decision" because it has left link "70: External Road South" at position 113.974 m in the same time step.
                  Warning	Simulation second 6870.00: Vehicle 1005 ignores the decision "17: Roundabout South - South Approach HDV and LDV Port" of type "Static Vehicle Routing Decision" because it has left link "70: External Road South" at position 113.974 m in the same time step.
                  Warning	Simulation second 6872.00: Vehicle 1008 ignores the decision "16: Roundabout South - South Approach LDV" of type "Static Vehicle Routing Decision" because it has left link "70: External Road South" at position 113.974 m in the same time step.
                  Warning	Simulation second 6872.00: Vehicle 1008 ignores the decision "17: Roundabout South - South Approach HDV and LDV Port" of type "Static Vehicle Routing Decision" because it has left link "70: External Road South" at position 113.974 m in the same time step.
                  Warning	Simulation second 6873.00: Vehicle 1000 ignores the decision "22: Roundabout Centre - East Approach LDV" of type "Static Vehicle Routing Decision" because it has left link "372: External Road Centre" at position 61.876 m in the same time step.
                  Warning	Simulation second 6873.00: Vehicle 1000 ignores the decision "23: Roundabout Centre - East Approach HDV and LDV Port" of type "Static Vehicle Routing Decision" because it has left link "372: External Road Centre" at position 61.876 m in the same time step.
                  Warning	Simulation second 6874.00: Vehicle 1004 ignores the decision "16: Roundabout South - South Approach LDV" of type "Static Vehicle Routing Decision" because it has left link "70: External Road South" at position 113.974 m in the same time step.
                  Warning	Simulation second 6874.00: Vehicle 1004 ignores the decision "17: Roundabout South - South Approach HDV and LDV Port" of type "Static Vehicle Routing Decision" because it has left link "70: External Road South" at position 113.974 m in the same time step.
                  Warning	Simulation second 6878.00: Vehicle 1014 ignores the decision "28: Roundabout TG - South Approach Minor" of type "Static Vehicle Routing Decision" because it has left link "907: External Road East" at position 152.286 m in the same time step.
                  Warning	Simulation second 6885.00: Vehicle 1006 ignores the decision "16: Roundabout South - South Approach LDV" of type "Static Vehicle Routing Decision" because it has left link "70: External Road South" at position 113.974 m in the same time step.
                  Warning	Simulation second 6885.00: Vehicle 1006 ignores the decision "17: Roundabout South - South Approach HDV and LDV Port" of type "Static Vehicle Routing Decision" because it has left link "70: External Road South" at position 113.974 m in the same time step.
                  Warning	Simulation second 6887.00: Vehicle 1011 ignores the decision "16: Roundabout South - South Approach LDV" of type "Static Vehicle Routing Decision" because it has left link "70: External Road South" at position 113.974 m in the same time step.
                  Warning	Simulation second 6887.00: Vehicle 1011 ignores the decision "17: Roundabout South - South Approach HDV and LDV Port" of type "Static Vehicle Routing Decision" because it has left link "70: External Road South" at position 113.974 m in the same time step.
                  Warning	Simulation second 6888.00: Vehicle 834 ignores the decision "19: Roundabout South - Nort Approach" of type "Static Vehicle Routing Decision" because it has left link "89: External Road South" at position 147.277 m in the same time step.
                  Warning	Simulation second 6888.00: Vehicle 834 ignores the decision "304: Roundabout South - Nort Approach HDV and LDV Port" of type "Static Vehicle Routing Decision" because it has left link "89: External Road South" at position 147.277 m in the same time step.
                  Warning	Simulation second 6889.00: Vehicle 1013 ignores the decision "16: Roundabout South - South Approach LDV" of type "Static Vehicle Routing Decision" because it has left link "70: External Road South" at position 113.974 m in the same time step.
                  Warning	Simulation second 6889.00: Vehicle 1013 ignores the decision "17: Roundabout South - South Approach HDV and LDV Port" of type "Static Vehicle Routing Decision" because it has left link "70: External Road South" at position 113.974 m in the same time step.
                  Warning	Simulation second 6890.00: Vehicle 964 ignores the decision "19: Roundabout South - Nort Approach" of type "Static Vehicle Routing Decision" because it has left link "89: External Road South" at position 147.277 m in the same time step.
                  Warning	Simulation second 6890.00: Vehicle 964 ignores the decision "304: Roundabout South - Nort Approach HDV and LDV Port" of type "Static Vehicle Routing Decision" because it has left link "89: External Road South" at position 147.277 m in the same time step.
                  Warning	Simulation second 6893.00: Vehicle 961 ignores the decision "1246" of type "Desired Speed Decision" because it has left link "10138: TNorte 7" at position 7.941 m in the same time step.
                  Warning	Simulation second 6895.00: Vehicle 992 ignores the decision "4: Roundabout Terminal Nort - South Approach LDV" of type "Static Vehicle Routing Decision" because it has left link "396: TNorte Entry/Exit" at position 164.855 m in the same time step.
                  Warning	Simulation second 6895.00: Vehicle 992 ignores the decision "5: Roundabout Terminal Nort - South Approach LDV Port" of type "Static Vehicle Routing Decision" because it has left link "396: TNorte Entry/Exit" at position 164.855 m in the same time step.
                  Warning	Simulation second 6895.00: Vehicle 992 ignores the decision "6: Roundabout Terminal Nort - South Approach HDV Port" of type "Static Vehicle Routing Decision" because it has left link "396: TNorte Entry/Exit" at position 164.855 m in the same time step.
                  Warning	Simulation second 6896.00: Vehicle 959 ignores the decision "19: Roundabout South - Nort Approach" of type "Static Vehicle Routing Decision" because it has left link "89: External Road South" at position 147.277 m in the same time step.
                  Warning	Simulation second 6896.00: Vehicle 959 ignores the decision "304: Roundabout South - Nort Approach HDV and LDV Port" of type "Static Vehicle Routing Decision" because it has left link "89: External Road South" at position 147.277 m in the same time step.
                  Warning	Simulation second 6898.00: Vehicle 984 ignores the decision "19: Roundabout South - Nort Approach" of type "Static Vehicle Routing Decision" because it has left link "89: External Road South" at position 147.277 m in the same time step.
                  Warning	Simulation second 6898.00: Vehicle 984 ignores the decision "304: Roundabout South - Nort Approach HDV and LDV Port" of type "Static Vehicle Routing Decision" because it has left link "89: External Road South" at position 147.277 m in the same time step.
                  Warning	Simulation second 6902.00: Vehicle 965 ignores the decision "1636" of type "Desired Speed Decision" because it has left link "77: TGS 13" at position 2.914 m in the same time step.
                  Warning	Simulation second 6902.00: Vehicle 980 ignores the decision "1042" of type "Desired Speed Decision" because it has left link "11647: External Road Gafanha da Nazare" at position 5.279 m in the same time step.
                  Warning	Simulation second 6903.00: Vehicle 345 ignores the decision "297: TNorte 7" of type "Static Vehicle Routing Decision" because it has left link "342: TNorte 3" at position 71.688 m in the same time step.
                  Warning	Simulation second 6906.00: Vehicle 1017 ignores the decision "16: Roundabout South - South Approach LDV" of type "Static Vehicle Routing Decision" because it has left link "70: External Road South" at position 113.974 m in the same time step.
                  Warning	Simulation second 6906.00: Vehicle 1017 ignores the decision "17: Roundabout South - South Approach HDV and LDV Port" of type "Static Vehicle Routing Decision" because it has left link "70: External Road South" at position 113.974 m in the same time step.
                  Warning	Simulation second 6907.00: Vehicle 1016 ignores the decision "16: Roundabout South - South Approach LDV" of type "Static Vehicle Routing Decision" because it has left link "70: External Road South" at position 113.974 m in the same time step.
                  Warning	Simulation second 6907.00: Vehicle 1016 ignores the decision "17: Roundabout South - South Approach HDV and LDV Port" of type "Static Vehicle Routing Decision" because it has left link "70: External Road South" at position 113.974 m in the same time step.
                  Warning	Simulation second 6910.00: Vehicle 1020 ignores the decision "16: Roundabout South - South Approach LDV" of type "Static Vehicle Routing Decision" because it has left link "70: External Road South" at position 113.974 m in the same time step.
                  Warning	Simulation second 6910.00: Vehicle 1020 ignores the decision "17: Roundabout South - South Approach HDV and LDV Port" of type "Static Vehicle Routing Decision" because it has left link "70: External Road South" at position 113.974 m in the same time step.
                  Warning	Simulation second 6912.00: Vehicle 1021 ignores the decision "16: Roundabout South - South Approach LDV" of type "Static Vehicle Routing Decision" because it has left link "70: External Road South" at position 113.974 m in the same time step.
                  Warning	Simulation second 6912.00: Vehicle 1021 ignores the decision "17: Roundabout South - South Approach HDV and LDV Port" of type "Static Vehicle Routing Decision" because it has left link "70: External Road South" at position 113.974 m in the same time step.
                  Warning	Simulation second 6913.00: Vehicle 1010 ignores the decision "22: Roundabout Centre - East Approach LDV" of type "Static Vehicle Routing Decision" because it has left link "372: External Road Centre" at position 61.876 m in the same time step.
                  Warning	Simulation second 6913.00: Vehicle 1010 ignores the decision "23: Roundabout Centre - East Approach HDV and LDV Port" of type "Static Vehicle Routing Decision" because it has left link "372: External Road Centre" at position 61.876 m in the same time step.
                  Warning	Simulation second 6913.00: Vehicle 962 ignores the decision "241: Roundabout Prio Minor - North Approach" of type "Static Vehicle Routing Decision" because it has left link "151: TGL 1" at position 140.472 m in the same time step.
                  Warning	Simulation second 6914.00: Vehicle 1002 ignores the decision "20: Roudabout Centre - West Approach LDV" of type "Static Vehicle Routing Decision" because it has left link "367: External Road Centre" at position 210.272 m in the same time step.
                  Warning	Simulation second 6914.00: Vehicle 1002 ignores the decision "21: Roudabout Centre - West Approach HDV and LDV Port" of type "Static Vehicle Routing Decision" because it has left link "367: External Road Centre" at position 210.272 m in the same time step.
                  Warning	Simulation second 6922.00: Vehicle 904 ignores the decision "25: Roundabot TG - North Approach " of type "Static Vehicle Routing Decision" because it has left link "209: External Road East" at position 250.353 m in the same time step.
                  Warning	Simulation second 6938.00: Vehicle 999 ignores the decision "4: Roundabout Terminal Nort - South Approach LDV" of type "Static Vehicle Routing Decision" because it has left link "396: TNorte Entry/Exit" at position 164.855 m in the same time step.
                  Warning	Simulation second 6938.00: Vehicle 999 ignores the decision "5: Roundabout Terminal Nort - South Approach LDV Port" of type "Static Vehicle Routing Decision" because it has left link "396: TNorte Entry/Exit" at position 164.855 m in the same time step.
                  Warning	Simulation second 6938.00: Vehicle 999 ignores the decision "6: Roundabout Terminal Nort - South Approach HDV Port" of type "Static Vehicle Routing Decision" because it has left link "396: TNorte Entry/Exit" at position 164.855 m in the same time step.
                  Warning	Simulation second 6946.00: Vehicle 998 ignores the decision "4: Roundabout Terminal Nort - South Approach LDV" of type "Static Vehicle Routing Decision" because it has left link "396: TNorte Entry/Exit" at position 164.855 m in the same time step.
                  Warning	Simulation second 6946.00: Vehicle 998 ignores the decision "5: Roundabout Terminal Nort - South Approach LDV Port" of type "Static Vehicle Routing Decision" because it has left link "396: TNorte Entry/Exit" at position 164.855 m in the same time step.
                  Warning	Simulation second 6946.00: Vehicle 998 ignores the decision "6: Roundabout Terminal Nort - South Approach HDV Port" of type "Static Vehicle Routing Decision" because it has left link "396: TNorte Entry/Exit" at position 164.855 m in the same time step.
                  Warning	Simulation second 6948.00: Vehicle 345 ignores the decision "297: TNorte 7" of type "Static Vehicle Routing Decision" because it has left link "342: TNorte 3" at position 71.688 m in the same time step.
                  Warning	Simulation second 6962.00: Vehicle 681 ignores the decision "1305" of type "Desired Speed Decision" because it has left link "10240: TNorte 8" at position 14.464 m in the same time step.
                  Warning	Simulation second 6962.00: Vehicle 829 ignores the decision "254: Roundabout MultiPurpose - Southeast Aproach" of type "Static Vehicle Routing Decision" because it has left link "32: TNorte 5" at position 848.237 m in the same time step.
                  Warning	Simulation second 6984.00: Vehicle 1011 ignores the decision "4: Roundabout Terminal Nort - South Approach LDV" of type "Static Vehicle Routing Decision" because it has left link "396: TNorte Entry/Exit" at position 164.855 m in the same time step.
                  Warning	Simulation second 6984.00: Vehicle 1011 ignores the decision "5: Roundabout Terminal Nort - South Approach LDV Port" of type "Static Vehicle Routing Decision" because it has left link "396: TNorte Entry/Exit" at position 164.855 m in the same time step.
                  Warning	Simulation second 6984.00: Vehicle 1011 ignores the decision "6: Roundabout Terminal Nort - South Approach HDV Port" of type "Static Vehicle Routing Decision" because it has left link "396: TNorte Entry/Exit" at position 164.855 m in the same time step.
                  Warning	Simulation second 6985.00: Vehicle 1030 ignores the decision "16: Roundabout South - South Approach LDV" of type "Static Vehicle Routing Decision" because it has left link "70: External Road South" at position 113.974 m in the same time step.
                  Warning	Simulation second 6985.00: Vehicle 1030 ignores the decision "17: Roundabout South - South Approach HDV and LDV Port" of type "Static Vehicle Routing Decision" because it has left link "70: External Road South" at position 113.974 m in the same time step.
                  Warning	Simulation second 6987.00: Vehicle 958 ignores the decision "19: Roundabout South - Nort Approach" of type "Static Vehicle Routing Decision" because it has left link "89: External Road South" at position 147.277 m in the same time step.
                  Warning	Simulation second 6987.00: Vehicle 958 ignores the decision "304: Roundabout South - Nort Approach HDV and LDV Port" of type "Static Vehicle Routing Decision" because it has left link "89: External Road South" at position 147.277 m in the same time step.
                  Warning	Simulation second 6989.00: Vehicle 933 ignores the decision "19: Roundabout South - Nort Approach" of type "Static Vehicle Routing Decision" because it has left link "89: External Road South" at position 147.277 m in the same time step.
                  Warning	Simulation second 6989.00: Vehicle 933 ignores the decision "304: Roundabout South - Nort Approach HDV and LDV Port" of type "Static Vehicle Routing Decision" because it has left link "89: External Road South" at position 147.277 m in the same time step.
                  Warning	Simulation second 6990.00: Vehicle 991 ignores the decision "1042" of type "Desired Speed Decision" because it has left link "11647: External Road Gafanha da Nazare" at position 5.279 m in the same time step.
                  Warning	Simulation second 6991.00: Vehicle 908 ignores the decision "19: Roundabout South - Nort Approach" of type "Static Vehicle Routing Decision" because it has left link "89: External Road South" at position 147.277 m in the same time step.
                  Warning	Simulation second 6991.00: Vehicle 908 ignores the decision "304: Roundabout South - Nort Approach HDV and LDV Port" of type "Static Vehicle Routing Decision" because it has left link "89: External Road South" at position 147.277 m in the same time step.
                  Warning	Simulation second 6993.00: Vehicle 345 ignores the decision "297: TNorte 7" of type "Static Vehicle Routing Decision" because it has left link "342: TNorte 3" at position 71.688 m in the same time step.
                  Warning	Simulation second 6994.00: Vehicle 986 ignores the decision "19: Roundabout South - Nort Approach" of type "Static Vehicle Routing Decision" because it has left link "89: External Road South" at position 147.277 m in the same time step.
                  Warning	Simulation second 6994.00: Vehicle 986 ignores the decision "304: Roundabout South - Nort Approach HDV and LDV Port" of type "Static Vehicle Routing Decision" because it has left link "89: External Road South" at position 147.277 m in the same time step.
                  Warning	Simulation second 6996.00: Vehicle 980 ignores the decision "19: Roundabout South - Nort Approach" of type "Static Vehicle Routing Decision" because it has left link "89: External Road South" at position 147.277 m in the same time step.
                  Warning	Simulation second 6996.00: Vehicle 980 ignores the decision "304: Roundabout South - Nort Approach HDV and LDV Port" of type "Static Vehicle Routing Decision" because it has left link "89: External Road South" at position 147.277 m in the same time step.
                  Warning	Simulation second 6997.00: Vehicle 1007 ignores the decision "5: Roundabout Terminal Nort - South Approach LDV Port" of type "Static Vehicle Routing Decision" because it has left link "396: TNorte Entry/Exit" at position 164.855 m in the same time step.
                  Warning	Simulation second 6997.00: Vehicle 1007 ignores the decision "6: Roundabout Terminal Nort - South Approach HDV Port" of type "Static Vehicle Routing Decision" because it has left link "396: TNorte Entry/Exit" at position 164.855 m in the same time step.
                  Warning	Simulation second 7007.00: Vehicle 1010 ignores the decision "4: Roundabout Terminal Nort - South Approach LDV" of type "Static Vehicle Routing Decision" because it has left link "396: TNorte Entry/Exit" at position 164.855 m in the same time step.
                  Warning	Simulation second 7007.00: Vehicle 1010 ignores the decision "5: Roundabout Terminal Nort - South Approach LDV Port" of type "Static Vehicle Routing Decision" because it has left link "396: TNorte Entry/Exit" at position 164.855 m in the same time step.
                  Warning	Simulation second 7007.00: Vehicle 1010 ignores the decision "6: Roundabout Terminal Nort - South Approach HDV Port" of type "Static Vehicle Routing Decision" because it has left link "396: TNorte Entry/Exit" at position 164.855 m in the same time step.
                  Warning	Simulation second 7010.00: Vehicle 975 ignores the decision "18: TRo-ro1" of type "Parking Routing Decision" because it has left link "165: TNorte 8" at position 20.695 m in the same time step.
                  Warning	Simulation second 7013.00: Vehicle 1005 ignores the decision "4: Roundabout Terminal Nort - South Approach LDV" of type "Static Vehicle Routing Decision" because it has left link "396: TNorte Entry/Exit" at position 164.855 m in the same time step.
                  Warning	Simulation second 7013.00: Vehicle 1005 ignores the decision "5: Roundabout Terminal Nort - South Approach LDV Port" of type "Static Vehicle Routing Decision" because it has left link "396: TNorte Entry/Exit" at position 164.855 m in the same time step.
                  Warning	Simulation second 7013.00: Vehicle 1005 ignores the decision "6: Roundabout Terminal Nort - South Approach HDV Port" of type "Static Vehicle Routing Decision" because it has left link "396: TNorte Entry/Exit" at position 164.855 m in the same time step.
                  Warning	Simulation second 7016.00: Vehicle 906 ignores the decision "25: Roundabot TG - North Approach " of type "Static Vehicle Routing Decision" because it has left link "209: External Road East" at position 250.353 m in the same time step.
                  Warning	Simulation second 7023.00: Vehicle 881 ignores the decision "25: Roundabot TG - North Approach " of type "Static Vehicle Routing Decision" because it has left link "209: External Road East" at position 250.353 m in the same time step.
                  Warning	Simulation second 7027.00: Vehicle 1032 ignores the decision "16: Roundabout South - South Approach LDV" of type "Static Vehicle Routing Decision" because it has left link "70: External Road South" at position 113.974 m in the same time step.
                  Warning	Simulation second 7027.00: Vehicle 1032 ignores the decision "17: Roundabout South - South Approach HDV and LDV Port" of type "Static Vehicle Routing Decision" because it has left link "70: External Road South" at position 113.974 m in the same time step.
                  Warning	Simulation second 7029.00: Vehicle 979 ignores the decision "1091" of type "Desired Speed Decision" because it has left link "10054: TNorte 3" at position 8.078 m in the same time step.
                  Warning	Simulation second 7030.00: Vehicle 1033 ignores the decision "16: Roundabout South - South Approach LDV" of type "Static Vehicle Routing Decision" because it has left link "70: External Road South" at position 113.974 m in the same time step.
                  Warning	Simulation second 7030.00: Vehicle 1033 ignores the decision "17: Roundabout South - South Approach HDV and LDV Port" of type "Static Vehicle Routing Decision" because it has left link "70: External Road South" at position 113.974 m in the same time step.
                  Warning	Simulation second 7031.00: Vehicle 1034 ignores the decision "16: Roundabout South - South Approach LDV" of type "Static Vehicle Routing Decision" because it has left link "70: External Road South" at position 113.974 m in the same time step.
                  Warning	Simulation second 7031.00: Vehicle 1034 ignores the decision "17: Roundabout South - South Approach HDV and LDV Port" of type "Static Vehicle Routing Decision" because it has left link "70: External Road South" at position 113.974 m in the same time step.
                  Warning	Simulation second 7031.00: Vehicle 1035 ignores the decision "16: Roundabout South - South Approach LDV" of type "Static Vehicle Routing Decision" because it has left link "70: External Road South" at position 113.974 m in the same time step.
                  Warning	Simulation second 7031.00: Vehicle 1035 ignores the decision "17: Roundabout South - South Approach HDV and LDV Port" of type "Static Vehicle Routing Decision" because it has left link "70: External Road South" at position 113.974 m in the same time step.
                  Warning	Simulation second 7033.00: Vehicle 1022 ignores the decision "4: Roundabout Terminal Nort - South Approach LDV" of type "Static Vehicle Routing Decision" because it has left link "396: TNorte Entry/Exit" at position 164.855 m in the same time step.
                  Warning	Simulation second 7033.00: Vehicle 1022 ignores the decision "5: Roundabout Terminal Nort - South Approach LDV Port" of type "Static Vehicle Routing Decision" because it has left link "396: TNorte Entry/Exit" at position 164.855 m in the same time step.
                  Warning	Simulation second 7033.00: Vehicle 1022 ignores the decision "6: Roundabout Terminal Nort - South Approach HDV Port" of type "Static Vehicle Routing Decision" because it has left link "396: TNorte Entry/Exit" at position 164.855 m in the same time step.
                  Warning	Simulation second 7033.00: Vehicle 975 ignores the decision "1305" of type "Desired Speed Decision" because it has left link "10240: TNorte 8" at position 14.464 m in the same time step.
                  Warning	Simulation second 7034.00: Vehicle 1040 ignores the decision "16: Roundabout South - South Approach LDV" of type "Static Vehicle Routing Decision" because it has left link "70: External Road South" at position 113.974 m in the same time step.
                  Warning	Simulation second 7034.00: Vehicle 1040 ignores the decision "17: Roundabout South - South Approach HDV and LDV Port" of type "Static Vehicle Routing Decision" because it has left link "70: External Road South" at position 113.974 m in the same time step.
                  Warning	Simulation second 7035.00: Vehicle 1017 ignores the decision "4: Roundabout Terminal Nort - South Approach LDV" of type "Static Vehicle Routing Decision" because it has left link "396: TNorte Entry/Exit" at position 164.855 m in the same time step.
                  Warning	Simulation second 7035.00: Vehicle 1017 ignores the decision "5: Roundabout Terminal Nort - South Approach LDV Port" of type "Static Vehicle Routing Decision" because it has left link "396: TNorte Entry/Exit" at position 164.855 m in the same time step.
                  Warning	Simulation second 7035.00: Vehicle 1017 ignores the decision "6: Roundabout Terminal Nort - South Approach HDV Port" of type "Static Vehicle Routing Decision" because it has left link "396: TNorte Entry/Exit" at position 164.855 m in the same time step.
                  Warning	Simulation second 7036.00: Vehicle 996 ignores the decision "1091" of type "Desired Speed Decision" because it has left link "10054: TNorte 3" at position 8.078 m in the same time step.
                  Warning	Simulation second 7038.00: Vehicle 345 ignores the decision "297: TNorte 7" of type "Static Vehicle Routing Decision" because it has left link "342: TNorte 3" at position 71.688 m in the same time step.
                  Warning	Simulation second 7039.00: Vehicle 1042 ignores the decision "16: Roundabout South - South Approach LDV" of type "Static Vehicle Routing Decision" because it has left link "70: External Road South" at position 113.974 m in the same time step.
                  Warning	Simulation second 7039.00: Vehicle 1042 ignores the decision "17: Roundabout South - South Approach HDV and LDV Port" of type "Static Vehicle Routing Decision" because it has left link "70: External Road South" at position 113.974 m in the same time step.
                  Warning	Simulation second 7041.00: Vehicle 978 ignores the decision "254: Roundabout MultiPurpose - Southeast Aproach" of type "Static Vehicle Routing Decision" because it has left link "32: TNorte 5" at position 848.237 m in the same time step.
                  Warning	Simulation second 7043.00: Vehicle 988 ignores the decision "267: TGS 10,11,12,13" of type "Static Vehicle Routing Decision" because it has left link "58: TGS Entry/Exit" at position 41.299 m in the same time step.
                  Warning	Simulation second 7044.00: Vehicle 988 ignores the decision "1636" of type "Desired Speed Decision" because it has left link "77: TGS 13" at position 2.914 m in the same time step.
                  Warning	Simulation second 7046.00: Vehicle 1038 ignores the decision "16: Roundabout South - South Approach LDV" of type "Static Vehicle Routing Decision" because it has left link "70: External Road South" at position 113.974 m in the same time step.
                  Warning	Simulation second 7046.00: Vehicle 1038 ignores the decision "17: Roundabout South - South Approach HDV and LDV Port" of type "Static Vehicle Routing Decision" because it has left link "70: External Road South" at position 113.974 m in the same time step.
                  Warning	Simulation second 7048.00: Vehicle 1009 ignores the decision "1042" of type "Desired Speed Decision" because it has left link "11647: External Road Gafanha da Nazare" at position 5.279 m in the same time step.
                  Warning	Simulation second 7053.00: Vehicle 927 ignores the decision "7: Roundabout Terminal Nort - East Approach" of type "Static Vehicle Routing Decision" because it has left link "844: TNorte Entry/Exit" at position 13.671 m in the same time step.
                  Warning	Simulation second 7054.00: Vehicle 1044 ignores the decision "16: Roundabout South - South Approach LDV" of type "Static Vehicle Routing Decision" because it has left link "70: External Road South" at position 113.974 m in the same time step.
                  Warning	Simulation second 7054.00: Vehicle 1044 ignores the decision "17: Roundabout South - South Approach HDV and LDV Port" of type "Static Vehicle Routing Decision" because it has left link "70: External Road South" at position 113.974 m in the same time step.
                  Warning	Simulation second 7054.00: Vehicle 970 ignores the decision "1305" of type "Desired Speed Decision" because it has left link "10240: TNorte 8" at position 14.464 m in the same time step.
                  Warning	Simulation second 7060.00: Vehicle 932 ignores the decision "193: Roundabout Prio - North Approach LDV" of type "Static Vehicle Routing Decision" because it has left link "633: TGS External Road" at position 777.531 m in the same time step.
                  Warning	Simulation second 7072.00: Vehicle 1046 ignores the decision "16: Roundabout South - South Approach LDV" of type "Static Vehicle Routing Decision" because it has left link "70: External Road South" at position 113.974 m in the same time step.
                  Warning	Simulation second 7072.00: Vehicle 1046 ignores the decision "17: Roundabout South - South Approach HDV and LDV Port" of type "Static Vehicle Routing Decision" because it has left link "70: External Road South" at position 113.974 m in the same time step.
                  Warning	Simulation second 7072.00: Vehicle 970 ignores the decision "287: TRo-ro8" of type "Static Vehicle Routing Decision" because it has left link "351: TNorte 8" at position 171.964 m in the same time step.
                  Warning	Simulation second 7082.00: Vehicle 1030 ignores the decision "4: Roundabout Terminal Nort - South Approach LDV" of type "Static Vehicle Routing Decision" because it has left link "396: TNorte Entry/Exit" at position 164.855 m in the same time step.
                  Warning	Simulation second 7082.00: Vehicle 1030 ignores the decision "5: Roundabout Terminal Nort - South Approach LDV Port" of type "Static Vehicle Routing Decision" because it has left link "396: TNorte Entry/Exit" at position 164.855 m in the same time step.
                  Warning	Simulation second 7082.00: Vehicle 1030 ignores the decision "6: Roundabout Terminal Nort - South Approach HDV Port" of type "Static Vehicle Routing Decision" because it has left link "396: TNorte Entry/Exit" at position 164.855 m in the same time step.
                  Warning	Simulation second 7083.00: Vehicle 345 ignores the decision "297: TNorte 7" of type "Static Vehicle Routing Decision" because it has left link "342: TNorte 3" at position 71.688 m in the same time step.
                  Warning	Simulation second 7087.00: Vehicle 946 ignores the decision "263: TNorte Multipurpose 7" of type "Static Vehicle Routing Decision" because it has left link "28: TNorte 7" at position 81.926 m in the same time step.
                  Warning	Simulation second 7088.00: Vehicle 718 ignores the decision "254: Roundabout MultiPurpose - Southeast Aproach" of type "Static Vehicle Routing Decision" because it has left link "32: TNorte 5" at position 848.237 m in the same time step.
                  Warning	Simulation second 7105.00: Vehicle 953 ignores the decision "1636" of type "Desired Speed Decision" because it has left link "77: TGS 13" at position 2.914 m in the same time step.
                  Warning	Simulation second 7121.00: Vehicle 965 ignores the decision "193: Roundabout Prio - North Approach LDV" of type "Static Vehicle Routing Decision" because it has left link "633: TGS External Road" at position 777.531 m in the same time step.
                  Warning	Simulation second 7123.00: Vehicle 995 ignores the decision "19: Roundabout South - Nort Approach" of type "Static Vehicle Routing Decision" because it has left link "89: External Road South" at position 147.277 m in the same time step.
                  Warning	Simulation second 7123.00: Vehicle 995 ignores the decision "304: Roundabout South - Nort Approach HDV and LDV Port" of type "Static Vehicle Routing Decision" because it has left link "89: External Road South" at position 147.277 m in the same time step.
                  Warning	Simulation second 7125.00: Vehicle 829 ignores the decision "7: Roundabout Terminal Nort - East Approach" of type "Static Vehicle Routing Decision" because it has left link "844: TNorte Entry/Exit" at position 13.671 m in the same time step.
                  Warning	Simulation second 7125.00: Vehicle 979 (on Static Vehicle Route "265 - 1") reached the end of link "3: TNorte 5" without finding the subsequent link ("10950: TNorte 7").	Network object type: Vehicle	Network object keys: 979
                  Warning	Simulation second 7136.00: Vehicle 1032 ignores the decision "4: Roundabout Terminal Nort - South Approach LDV" of type "Static Vehicle Routing Decision" because it has left link "396: TNorte Entry/Exit" at position 164.855 m in the same time step.
                  Warning	Simulation second 7136.00: Vehicle 1032 ignores the decision "5: Roundabout Terminal Nort - South Approach LDV Port" of type "Static Vehicle Routing Decision" because it has left link "396: TNorte Entry/Exit" at position 164.855 m in the same time step.
                  Warning	Simulation second 7136.00: Vehicle 1032 ignores the decision "6: Roundabout Terminal Nort - South Approach HDV Port" of type "Static Vehicle Routing Decision" because it has left link "396: TNorte Entry/Exit" at position 164.855 m in the same time step.
                  Warning	Simulation second 7138.00: Vehicle 1009 ignores the decision "19: Roundabout South - Nort Approach" of type "Static Vehicle Routing Decision" because it has left link "89: External Road South" at position 147.277 m in the same time step.
                  Warning	Simulation second 7138.00: Vehicle 1009 ignores the decision "304: Roundabout South - Nort Approach HDV and LDV Port" of type "Static Vehicle Routing Decision" because it has left link "89: External Road South" at position 147.277 m in the same time step.
                  Warning	Simulation second 7139.00: Vehicle 845 ignores the decision "193: Roundabout Prio - North Approach LDV" of type "Static Vehicle Routing Decision" because it has left link "633: TGS External Road" at position 777.531 m in the same time step.
                  Warning	Simulation second 7145.00: Vehicle 1053 ignores the decision "16: Roundabout South - South Approach LDV" of type "Static Vehicle Routing Decision" because it has left link "70: External Road South" at position 113.974 m in the same time step.
                  Warning	Simulation second 7145.00: Vehicle 1053 ignores the decision "17: Roundabout South - South Approach HDV and LDV Port" of type "Static Vehicle Routing Decision" because it has left link "70: External Road South" at position 113.974 m in the same time step.
                  Warning	Simulation second 7150.00: Vehicle 1037 ignores the decision "4: Roundabout Terminal Nort - South Approach LDV" of type "Static Vehicle Routing Decision" because it has left link "396: TNorte Entry/Exit" at position 164.855 m in the same time step.
                  Warning	Simulation second 7150.00: Vehicle 1037 ignores the decision "5: Roundabout Terminal Nort - South Approach LDV Port" of type "Static Vehicle Routing Decision" because it has left link "396: TNorte Entry/Exit" at position 164.855 m in the same time step.
                  Warning	Simulation second 7150.00: Vehicle 1037 ignores the decision "6: Roundabout Terminal Nort - South Approach HDV Port" of type "Static Vehicle Routing Decision" because it has left link "396: TNorte Entry/Exit" at position 164.855 m in the same time step.
                  Warning	Simulation second 7151.00: Vehicle 1040 ignores the decision "5: Roundabout Terminal Nort - South Approach LDV Port" of type "Static Vehicle Routing Decision" because it has left link "396: TNorte Entry/Exit" at position 164.855 m in the same time step.
                  Warning	Simulation second 7151.00: Vehicle 1040 ignores the decision "6: Roundabout Terminal Nort - South Approach HDV Port" of type "Static Vehicle Routing Decision" because it has left link "396: TNorte Entry/Exit" at position 164.855 m in the same time step.
                  Warning	Simulation second 7152.00: Vehicle 1034 ignores the decision "20: Roudabout Centre - West Approach LDV" of type "Static Vehicle Routing Decision" because it has left link "367: External Road Centre" at position 210.272 m in the same time step.
                  Warning	Simulation second 7152.00: Vehicle 1034 ignores the decision "21: Roudabout Centre - West Approach HDV and LDV Port" of type "Static Vehicle Routing Decision" because it has left link "367: External Road Centre" at position 210.272 m in the same time step.
                  Warning	Simulation second 7152.00: Vehicle 998 ignores the decision "19: Roundabout South - Nort Approach" of type "Static Vehicle Routing Decision" because it has left link "89: External Road South" at position 147.277 m in the same time step.
                  Warning	Simulation second 7152.00: Vehicle 998 ignores the decision "304: Roundabout South - Nort Approach HDV and LDV Port" of type "Static Vehicle Routing Decision" because it has left link "89: External Road South" at position 147.277 m in the same time step.
                  Warning	Simulation second 7155.00: Vehicle 968 ignores the decision "25: Roundabot TG - North Approach " of type "Static Vehicle Routing Decision" because it has left link "209: External Road East" at position 250.353 m in the same time step.
                  Warning	Simulation second 7156.00: Vehicle 975 ignores the decision "254: Roundabout MultiPurpose - Southeast Aproach" of type "Static Vehicle Routing Decision" because it has left link "32: TNorte 5" at position 848.237 m in the same time step.
                  Warning	Simulation second 7162.00: Vehicle 1035 ignores the decision "4: Roundabout Terminal Nort - South Approach LDV" of type "Static Vehicle Routing Decision" because it has left link "396: TNorte Entry/Exit" at position 164.855 m in the same time step.
                  Warning	Simulation second 7162.00: Vehicle 1035 ignores the decision "5: Roundabout Terminal Nort - South Approach LDV Port" of type "Static Vehicle Routing Decision" because it has left link "396: TNorte Entry/Exit" at position 164.855 m in the same time step.
                  Warning	Simulation second 7162.00: Vehicle 1035 ignores the decision "6: Roundabout Terminal Nort - South Approach HDV Port" of type "Static Vehicle Routing Decision" because it has left link "396: TNorte Entry/Exit" at position 164.855 m in the same time step.
                  Warning	Simulation second 7163.00: Vehicle 1044 ignores the decision "4: Roundabout Terminal Nort - South Approach LDV" of type "Static Vehicle Routing Decision" because it has left link "396: TNorte Entry/Exit" at position 164.855 m in the same time step.
                  Warning	Simulation second 7163.00: Vehicle 1044 ignores the decision "5: Roundabout Terminal Nort - South Approach LDV Port" of type "Static Vehicle Routing Decision" because it has left link "396: TNorte Entry/Exit" at position 164.855 m in the same time step.
                  Warning	Simulation second 7163.00: Vehicle 1044 ignores the decision "6: Roundabout Terminal Nort - South Approach HDV Port" of type "Static Vehicle Routing Decision" because it has left link "396: TNorte Entry/Exit" at position 164.855 m in the same time step.
                  Warning	Simulation second 7164.00: Vehicle 912 ignores the decision "254: Roundabout MultiPurpose - Southeast Aproach" of type "Static Vehicle Routing Decision" because it has left link "32: TNorte 5" at position 848.237 m in the same time step.
                  Warning	Simulation second 7167.00: Vehicle 1025 ignores the decision "1042" of type "Desired Speed Decision" because it has left link "11647: External Road Gafanha da Nazare" at position 5.279 m in the same time step.
                  Warning	Simulation second 7167.00: Vehicle 1043 (on Static Vehicle Route "267 - 1") reached the end of link "58: TGS Entry/Exit" without finding the subsequent link ("10081: TGS Entry/Exit").	Network object type: Vehicle	Network object keys: 1043
                  Warning	Simulation second 7173.00: Vehicle 345 ignores the decision "297: TNorte 7" of type "Static Vehicle Routing Decision" because it has left link "342: TNorte 3" at position 71.688 m in the same time step.
                  Warning	Simulation second 7176.00: Vehicle 1057 ignores the decision "16: Roundabout South - South Approach LDV" of type "Static Vehicle Routing Decision" because it has left link "70: External Road South" at position 113.974 m in the same time step.
                  Warning	Simulation second 7176.00: Vehicle 1057 ignores the decision "17: Roundabout South - South Approach HDV and LDV Port" of type "Static Vehicle Routing Decision" because it has left link "70: External Road South" at position 113.974 m in the same time step.
                  Warning	Simulation second 7180.00: Vehicle 1008 (on Static Vehicle Route "253 - 1") reached the end of link "2: TNorte 3" without finding the subsequent link ("10002: TNorte 2").	Network object type: Vehicle	Network object keys: 1008
                  Warning	Simulation second 7185.00: Vehicle 1054 ignores the decision "16: Roundabout South - South Approach LDV" of type "Static Vehicle Routing Decision" because it has left link "70: External Road South" at position 113.974 m in the same time step.
                  Warning	Simulation second 7185.00: Vehicle 1054 ignores the decision "17: Roundabout South - South Approach HDV and LDV Port" of type "Static Vehicle Routing Decision" because it has left link "70: External Road South" at position 113.974 m in the same time step.
                  Warning	Simulation second 7187.00: Vehicle 1052 ignores the decision "22: Roundabout Centre - East Approach LDV" of type "Static Vehicle Routing Decision" because it has left link "372: External Road Centre" at position 61.876 m in the same time step.
                  Warning	Simulation second 7187.00: Vehicle 1052 ignores the decision "23: Roundabout Centre - East Approach HDV and LDV Port" of type "Static Vehicle Routing Decision" because it has left link "372: External Road Centre" at position 61.876 m in the same time step.
                  Warning	Simulation second 7187.00: Vehicle 939 ignores the decision "7: Roundabout Terminal Nort - East Approach" of type "Static Vehicle Routing Decision" because it has left link "844: TNorte Entry/Exit" at position 13.671 m in the same time step.
                  Warning	Simulation second 7193.00: Vehicle 988 ignores the decision "193: Roundabout Prio - North Approach LDV" of type "Static Vehicle Routing Decision" because it has left link "633: TGS External Road" at position 777.531 m in the same time step.
                  Warning	Simulation second 7193.00: Vehicle 989 ignores the decision "18: TRo-ro1" of type "Parking Routing Decision" because it has left link "165: TNorte 8" at position 20.695 m in the same time step.
                  Warning	Simulation second 7196.00: Vehicle 1055 ignores the decision "16: Roundabout South - South Approach LDV" of type "Static Vehicle Routing Decision" because it has left link "70: External Road South" at position 113.974 m in the same time step.
                  Warning	Simulation second 7196.00: Vehicle 1055 ignores the decision "17: Roundabout South - South Approach HDV and LDV Port" of type "Static Vehicle Routing Decision" because it has left link "70: External Road South" at position 113.974 m in the same time step.
                  Warning	Simulation second 7196.00: Vehicle 1058 ignores the decision "16: Roundabout South - South Approach LDV" of type "Static Vehicle Routing Decision" because it has left link "70: External Road South" at position 113.974 m in the same time step.
                  Warning	Simulation second 7196.00: Vehicle 1058 ignores the decision "17: Roundabout South - South Approach HDV and LDV Port" of type "Static Vehicle Routing Decision" because it has left link "70: External Road South" at position 113.974 m in the same time step.
                  Warning	Simulation second 7198.00: Vehicle 1059 ignores the decision "16: Roundabout South - South Approach LDV" of type "Static Vehicle Routing Decision" because it has left link "70: External Road South" at position 113.974 m in the same time step.
                  Warning	Simulation second 7198.00: Vehicle 1059 ignores the decision "17: Roundabout South - South Approach HDV and LDV Port" of type "Static Vehicle Routing Decision" because it has left link "70: External Road South" at position 113.974 m in the same time step.
