@markingType,@width,link_id,lane_index,lane_id,geom,@displayType,@linkBehavType,noLnChL,noLnChR
1,4,1,1,1_1,"LINESTRING (-8.729152787890003 40.646161184155744, -8.729176734996607 40.64615138431791, -8.729197533725149 40.64613998592066, -8.729216190329051 40.6461266275964, -8.729232386359334 40.64611153861812, -8.72924584576761 40.64609497759255, -8.72925633946706 40.64607722796822, -8.72926368906745 40.64605859317094, -8.729267769749098 40.64603939145313, -8.729268512253995 40.6460199505388, -8.729265903983512 40.64600060214274, -8.729259989197441 40.64598167643711, -8.729250868313859 40.64596349653812, -8.729238696312594 40.64594637308618, -8.72922368025008 40.645930598994426, -8.72920607590227 40.64591644444718, -8.729186183563597 40.6459041522319, -8.729164343047758 40.645893933492545, -8.729140927955108 40.645885963991596, -8.729116339292856 40.6458803809639, -8.729090998556572 40.64587728063687, -8.72906534040029 40.6458767164791, -8.729039805038699 40.6458786982226, -8.729014830534817 40.64588319168465, -8.728990845132163 40.64589011939334, -8.728968259787829 40.64589936200131, -8.72894746105497 40.645910760449574, -8.728928804450298 40.6459241188274, -8.728912608422824 40.64593920785819, -8.728899149020739 40.64595576893163, -8.72888865533046 40.64597351859599, -8.728881305741547 40.645992153422675, -8.728877225072953 40.64601135515735, -8.72887648258176 40.646030796074776, -8.72887909086569 40.64605014445999, -8.728885005664036 40.64606907014163, -8.728894126557888 40.646087250004925, -8.728906298566729 40.6461043734121, -8.728921314633583 40.64612014745294, -8.72893891898224 40.64613430194662, -8.728958811318185 40.64614659410936, -8.728980651827824 40.646156812800754, -8.729004066911317 40.646164782261536, -8.729028655562075 40.64617036525972, -8.729053996285291 40.64617346556988, -8.729079654427775 40.646174029724556, -8.729105189775845 40.6461720479919, -8.729131667721692 40.646167284050655)",,,,
1,4,1,2,1_2,"LINESTRING (-8.729175169625037 40.64619291525094, -8.729201842576611 40.64618199991782, -8.729227667240963 40.64616784713688, -8.72925083962501 40.646151255460985, -8.729270962472073 40.6461325080673, -8.729287690404558 40.6461119252961, -8.72930073599559 40.646089859237065, -8.729309874871575 40.646066687719724, -8.729314949729966 40.64604280780785, -8.729315873174942 40.64601862891505, -8.729312629300386 40.64599456567346, -8.729305273978417 40.64597103069668, -8.729293933846243 40.64594842738364, -8.729278804017794 40.64592714290795, -8.729260144578502 40.64590754152897, -8.729238275949667 40.64588995834913, -8.729213573230416 40.64587469362506, -8.72918645964081 40.64586200772236, -8.729157399198806 40.645852116785676, -8.729126888768073 40.64584518917931, -8.729095449613727 40.645841342737825, -8.729063618601325 40.64584064285463, -8.729031939171708 40.64584310142578, -8.729000952222725 40.64584867665871, -8.728971187026747 40.64585727374569, -8.728943152314278 40.64586874639888, -8.728917327655296 40.64588289923101, -8.72889415527224 40.6458994909607, -8.728874032421679 40.645918238407205, -8.728857304481497 40.64593882122661, -8.728844258879091 40.645960887325955, -8.728835119988815 40.645984058872955, -8.728830045114234 40.646007938801844, -8.728829121652213 40.64603211769774, -8.72883236551004 40.6460561809284, -8.728839720816746 40.646079715880965, -8.728851060936153 40.64610231915809, -8.728866190755191 40.64612360358867, -8.728884850189107 40.64614320491643, -8.728906718816921 40.646160788042415, -8.728931421539587 40.64617605271371, -8.728958535136888 40.64618873856831, -8.728987595590285 40.64619862946473, -8.729018106035285 40.64620555704149, -8.72904954520586 40.64620940346606, -8.729081376235383 40.646210103346185, -8.729113055681765 40.64620764478587, -8.729142539191027 40.64620234008064)",,,,
1,3.5,2,1,2_1,"LINESTRING (-8.729940503450097 40.645565894336585, -8.729288899751287 40.64585656651336)",,,,
1,3.5,2,2,2_2,"LINESTRING (-8.729919592026326 40.645538697131876, -8.729267988501284 40.645829369192036)",,,,
1,3.5,2,3,2_3,"LINESTRING (-8.729898680619531 40.64551149992325, -8.729247077268269 40.64580217186679)",,,,
1,3.5,3,1,3_1,"LINESTRING (-8.728883646391166 40.64581143275027, -8.726406607663069 40.64268359514272, -8.72634941738738 40.64261510544458, -8.726255079627546 40.642490513153255, -8.726141772832861 40.64236342381352, -8.726030374158553 40.64224707763514, -8.725911894335736 40.642135057862475, -8.725772700505825 40.642016174286105, -8.725635410221482 40.64191462702802, -8.725500879927967 40.64182197250462, -8.725336409294385 40.6417373653202, -8.725195640297072 40.64167213019376, -8.724991665662184 40.641589178892396, -8.724869708183316 40.64154738228611, -8.724741151536183 40.641531045513574, -8.724565010845849 40.641530788150504, -8.724416892468586 40.64155964352062, -8.721996607529514 40.642470329529154)",,,,
1,3.5,3,2,3_2,"LINESTRING (-8.728919077765172 40.64579515243807, -8.726441784288564 40.642666995213375, -8.726384811848686 40.642598766433636, -8.726290162995248 40.642473763364116, -8.726175612143658 40.64234527871587, -8.726063218389065 40.64222789332348, -8.725943464207417 40.64211466872676, -8.725802590858436 40.64199435074204, -8.725663706139123 40.64189162418756, -8.72552646027273 40.64179709940228, -8.725358752732141 40.64171082710139, -8.725216152333225 40.64164474327673, -8.72500991807682 40.64156087305392, -8.724881800007184 40.641516965124126, -8.72474461857062 40.641499532328524, -8.7245598427863 40.64149926234704, -8.724402447576509 40.64152992496371, -8.72197828303487 40.6424420707303)",,,,
1,3.5,4,1,4_1,"LINESTRING (-8.72916677094379 40.64624482702055, -8.730483203365049 40.647969446571885)",,,,
1,3.5,4,2,4_2,"LINESTRING (-8.729130998228129 40.64626066865197, -8.730447430039794 40.64798528860637)",,,,
1,3.5,4,3,4_3,"LINESTRING (-8.729095225495547 40.64627651027227, -8.730411656697623 40.64800113062973)",,,,
1,3.5,5,1,5_1,"LINESTRING (-8.726506883298136 40.643162059847924, -8.725824974909168 40.643485744315534)",,,,
1,3.5,5,2,5_2,"LINESTRING (-8.726484999727731 40.64313531043229, -8.725803091505272 40.643458994772175)",,,,
1,3.5,6,1,6_1,"LINESTRING (-8.731082639518794 40.64822560172196, -8.731513452230978 40.64803776864762)",,,,
1,3.5,7,1,7_1,"LINESTRING (-8.728771332269472 40.646331539415165, -8.72818476255688 40.646600464844056)",,,,
1,3.5,8,1,8_1,"LINESTRING (-8.70542938752338 40.65173005122298, -8.70635792376356 40.65135614530238)",,,,
1,1.67,9,1,9_1,"LINESTRING (-8.721790948975645 40.64179487947951, -8.722130912236857 40.64170448343746, -8.722621002809916 40.64157963134782, -8.722967556835645 40.64151605696333, -8.723347021417188 40.64148362747515, -8.723749959425874 40.64148445811746, -8.72401935879769 40.641511656864374, -8.724267641554848 40.64154909955796, -8.724489257592586 40.64160049043724, -8.724843143599397 40.64171996597145, -8.725166188439685 40.64187586214029, -8.725489739151444 40.642062881716605, -8.72573477606487 40.64227016350808, -8.725947446350776 40.64250716771213, -8.730510899336677 40.648282049751195)",11,6,,
1,3.5,10,1,10_1,"LINESTRING (-8.726882466192741 40.64304895816081, -8.727557336825956 40.642763060042654)",,,,
1,3.5,10,2,10_2,"LINESTRING (-8.726902577039251 40.64307650312858, -8.727577447864084 40.64279060489427)",,,,
1,3.5,11,1,11_1,"LINESTRING (-8.73106369539146 40.64830866099884, -8.731642233525006 40.64803925095701)",,,,
1,3.5,12,1,12_1,"LINESTRING (-8.731498197869328 40.64789032774852, -8.730965858904646 40.64810044072253)",,,,
1,3.5,13,1,13_1,"LINESTRING (-8.730563474803667 40.647970432842335, -8.72924619691178 40.64624789729645)",,,,
1,3.5,13,2,13_2,"LINESTRING (-8.73059923136336 40.647954568875114, -8.729281952864051 40.64623203373236)",,,,
1,3.5,13,3,13_3,"LINESTRING (-8.73063498790611 40.64793870489677, -8.729317708799394 40.64621617015714)",,,,
1,3.5,14,1,14_1,"LINESTRING (-8.729362713809113 40.6459498957819, -8.730039188893738 40.64566593755814)",,,,
1,3.5,14,2,14_2,"LINESTRING (-8.729382685329945 40.645977499854055, -8.730059160608628 40.64569354151466)",,,,
1,3.5,14,3,14_3,"LINESTRING (-8.729402656867226 40.646005103922626, -8.73007913233998 40.64572114546759)",,,,
1,3.5,15,1,15_1,"LINESTRING (-8.720742603765785 40.64310992745791, -8.720155799811497 40.64332500568209)",,,,
1,3.5,16,1,16_1,"LINESTRING (-8.720098104780307 40.64340950806833, -8.720141398023253 40.64347491147867)",,,,
1,3.5,17,1,17_1,"LINESTRING (-8.720186100353255 40.64353268737963, -8.720242702231559 40.643612822166105)",,,,
1,3.5,18,1,18_1,"LINESTRING (-8.720307428618032 40.643712386640864, -8.720343584057744 40.64376832893063)",,,,
1,3.5,19,1,19_1,"LINESTRING (-8.720821663483328 40.643940848156355, -8.721327586540069 40.643799222381865)",,,,
1,3.5,20,1,20_1,"LINESTRING (-8.722574975945252 40.64343046657693, -8.724797009121666 40.64263777102601)",,,,
1,3.5,21,1,21_1,"LINESTRING (-8.720427515945714 40.64340324891559, -8.72093848479827 40.64321549694099, -8.721037566713271 40.64314398570751, -8.72112185317802 40.643083803023465, -8.721305367524803 40.64294538366808)",,,,
1,3.5,22,1,22_1,"LINESTRING (-8.728151881281699 40.64266241507733, -8.72910052354811 40.64361546929905)",,,,
1,3.5,23,1,23_1,"LINESTRING (-8.727698228359996 40.64273848646577, -8.728070659539208 40.642667432968885)",,,,
1,3.5,24,1,24_1,"LINESTRING (-8.729132299254935 40.64369495695653, -8.728880051303225 40.64380738997166)",,,,
1,3.5,25,1,25_1,"LINESTRING (-8.728797346807541 40.64379877885512, -8.727749269660208 40.64267681070333)",,,,
1,3.5,26,1,26_1,"LINESTRING (-8.727637956325385 40.642672280769744, -8.726829613366363 40.6430141323603)",,,,
1,3.5,26,2,26_2,"LINESTRING (-8.727617871795522 40.64264472471233, -8.72680952906646 40.64298657616393)",,,,
1,3.5,27,1,27_1,"LINESTRING (-8.724779358549572 40.64260928446879, -8.722557325373156 40.64340198035802)",,,,
1,3.5,28,1,28_1,"LINESTRING (-8.722396296248201 40.6433562445881, -8.721952130702357 40.642701028074995)",,,,
1,3.5,28,2,28_2,"LINESTRING (-8.722433061504931 40.643341783640736, -8.721988895695436 40.64268656726739)",,,,
1,3.5,29,1,29_1,"LINESTRING (-8.721564945795597 40.64385255898837, -8.72235797248725 40.644944782088956, -8.72236869612325 40.6450065217566, -8.722368492017017 40.645079757148444, -8.722361706901937 40.645158845046005, -8.722206379449222 40.64600456652566)",,,,
1,3.5,30,1,30_1,"LINESTRING (-8.722233774069794 40.64604289066807, -8.722326309119861 40.64605495623479)",,,,
1,3.5,31,1,31_1,"LINESTRING (-8.72246017426182 40.64597794577578, -8.722587073195962 40.645050762369834, -8.722585032227943 40.64496155208808, -8.722553882042043 40.64485202105079, -8.721701489358246 40.6436855838255, -8.721450130414848 40.64282123624112)",,,,
1,3.5,32,1,32_1,"LINESTRING (-8.722022367905168 40.64250015773147, -8.724396796724738 40.64162851904121, -8.724490153130747 40.641595948672865, -8.724586351611919 40.64157274168358, -8.724691468399016 40.641570626552806, -8.72481327011549 40.64158204354171, -8.72493882396055 40.6416130925815, -8.725126519981982 40.641680412241, -8.725336640853952 40.641788904431706, -8.725580689592496 40.64193474741025, -8.725815259337889 40.642112045645476, -8.726083073553507 40.642367694209774, -8.728839103190916 40.64584645867714)",,,,
1,3.5,32,2,32_2,"LINESTRING (-8.722040330546278 40.64252855102125, -8.724414394850141 40.6416570460666, -8.72450507013741 40.641625411090686, -8.724593279198865 40.64160413147523, -8.724689477010918 40.641602195808446, -8.724804273100059 40.64161295613082, -8.724923562263895 40.64164245593664, -8.725105975082613 40.64170788071212, -8.72531223394396 40.64181437883806, -8.725553255399163 40.641958412752835, -8.72578441334584 40.64213313225574, -8.726049044666606 40.642385742626885, -8.728803675542034 40.64586274372608)",,,,
1,3.5,33,1,33_1,"LINESTRING (-8.728729673444363 40.64613353827596, -8.72813957257681 40.64639226375122)",,,,
1,3.5,33,2,33_2,"LINESTRING (-8.728709030317637 40.646106222338695, -8.72811892961097 40.646364947709706)",,,,
1,3.5,34,1,34_1,"LINESTRING (-8.727919344944494 40.64635756597214, -8.724863510006198 40.64249826201381, -8.724681524967867 40.642296104907786, -8.724450133092805 40.642110220711466, -8.724121860292946 40.64192609990468)",,,,
1,3.5,34,2,34_2,"LINESTRING (-8.727954778036098 40.64634128746567, -8.724898317838639 40.642481196362304, -8.724713799983746 40.642276225800956, -8.724477627516048 40.642086501274484, -8.724146393471438 40.641900719618526)",,,,
1,3.5,35,1,35_1,"LINESTRING (-8.726303826653849 40.644061432127785, -8.727043323552442 40.64375599461487)",,,,
1,3.5,36,1,36_1,"LINESTRING (-8.727395115326797 40.644359390533054, -8.726770617299742 40.64463635668145)",,,,
1,3.5,36,2,36_2,"LINESTRING (-8.727374295009746 40.644332152965646, -8.726749797150504 40.64460911900277)",,,,
1,3.5,37,1,37_1,"LINESTRING (-8.730893732189394 40.64847247553881, -8.731004614330208 40.64861172137305)",,,,
1,3.5,38,1,38_1,"LINESTRING (-8.731431777526181 40.64799348305254, -8.730958732485846 40.648188627361485)",,,,
1,3.5,39,1,39_1,"LINESTRING (-8.730935830546283 40.64821540554299, -8.73087755691505 40.64842963060826)",,,,
1,3.5,40,1,40_1,"LINESTRING (-8.730428544244337 40.6453473524695, -8.730000787650047 40.64552410056887)",,,,
1,3.5,40,2,40_2,"LINESTRING (-8.730408813627859 40.645319648141964, -8.729981057158396 40.64549639616908)",,,,
1,3.5,41,1,41_1,"LINESTRING (-8.707025735200508 40.652286014447654, -8.706797797567566 40.65200218249157)",,,{'@allVehTypes': 'true'},
1,3.5,42,1,42_1,"LINESTRING (-8.710869721562675 40.6551607066753, -8.71092281234297 40.65487451260496, -8.710953922043082 40.65483579366493, -8.711024812335666 40.654805654384454)",,,{'@allVehTypes': 'true'},
1,3.5,43,1,43_1,"LINESTRING (-8.731522129929791 40.648003107824884, -8.731510218137599 40.647981171069596)",,,,
1,3.5,44,1,44_1,"LINESTRING (-8.731130002511629 40.64845692283218, -8.731053037322875 40.648359579087604)",,,,
1,3.5,45,1,45_1,"LINESTRING (-8.731075751674915 40.64863106244777, -8.731348531805796 40.648512434783875)",,,,
1,3.5,46,1,46_1,"LINESTRING (-8.731305285274585 40.64843772830226, -8.731196645332162 40.648480248528685)",,,,
1,3.5,47,1,47_1,"LINESTRING (-8.731373952748735 40.64846926216996, -8.731354812801369 40.648443212454225)",,,,
1,3.5,48,1,48_1,"LINESTRING (-8.728123785122063 40.64678568774001, -8.730177477694514 40.6494929168256)",,,,
1,3.5,48,2,48_2,"LINESTRING (-8.728087956029919 40.646801455660345, -8.730141647637858 40.649508685375714)",,,,
1,3.5,49,1,49_1,"LINESTRING (-8.72995459393082 40.64863819282875, -8.730562632117618 40.648378758398636)",,,,
1,3.5,49,2,49_2,"LINESTRING (-8.729974817746234 40.6486656904565, -8.7305828561043 40.64840625592113)",,,,
1,3.5,50,1,50_1,"LINESTRING (-8.730277019970746 40.64556573307179, -8.730505831202127 40.64544807001694)",,,{'@allVehTypes': 'true'},
1,3.5,50,2,50_2,"LINESTRING (-8.730300173067693 40.64559185545097, -8.730528984347611 40.64547419235078)",,,,{'@allVehTypes': 'true'}
1,3.5,51,1,51_1,"LINESTRING (-8.715893532789421 40.654042818965905, -8.716007944302879 40.65392768276461)",,,,
1,3.5,52,1,52_1,"LINESTRING (-8.71593588526114 40.65386877579407, -8.715683242019693 40.65402139829233)",,,,
1,3.5,53,1,53_1,"LINESTRING (-8.716130000756522 40.65425970289848, -8.716470435403563 40.654167374389814, -8.716614056789032 40.654074469778635, -8.716750915987374 40.653856661970444)",,,,
1,3.5,54,1,54_1,"LINESTRING (-8.716853568640095 40.65390081281848, -8.716576173298451 40.654452488024454)",,,,
1,3.5,55,1,55_1,"LINESTRING (-8.702002851392628 40.64587029454054, -8.702308695694677 40.646242536829426, -8.702645787189699 40.64655189628745, -8.702899923711586 40.646707787429065, -8.703358133858478 40.64689958358884)",,,,
1,3.5,55,2,55_2,"LINESTRING (-8.701967775024945 40.64588701496054, -8.702275087247841 40.646261044077235, -8.702616598329486 40.64657445965928, -8.702876804521072 40.64673407406531, -8.703338205058149 40.64692720568191)",,,,
1,50,56,1,56_1,"LINESTRING (-8.726423396238717 40.651470872489966, -8.725354046832846 40.65155140553957, -8.7243788498455 40.65163560944124, -8.722211089650523 40.65182128023462, -8.720099014451558 40.652094490497234, -8.718025211076645 40.65226384436779, -8.715117623173395 40.65249968516738)",,,,
1,3.5,57,1,57_1,"LINESTRING (-8.730205749844131 40.63038701401886, -8.730866845588876 40.628615162874425)",,,,
1,3.5,57,2,57_2,"LINESTRING (-8.730245542742608 40.630395632254235, -8.730906637520599 40.628623780884666)",,,,
1,3.5,58,1,58_1,"LINESTRING (-8.714823143752536 40.654716057701094, -8.714855828202067 40.65434076853974)",,,,
1,3.5,58,2,58_2,"LINESTRING (-8.714864437524245 40.65471814365933, -8.714897121743416 40.65434285448641)",,,,
1,3.5,59,1,59_1,"LINESTRING (-8.714875336850994 40.65421170820694, -8.714956458071745 40.65418576284128, -8.715071268069774 40.65415400489618, -8.715190110478678 40.654129415994575, -8.715309870127543 40.654114909954274, -8.715427431845447 40.6541134005919, -8.715539680461475 40.654127801717685, -8.716458475300522 40.65446811260548)",,,,
1,3.5,60,1,60_1,"LINESTRING (-8.716485257399185 40.654546527139054, -8.716295322285465 40.65482206456366)",,,,
1,3.5,61,1,61_1,"LINESTRING (-8.716204955681953 40.65483308665405, -8.715233506290478 40.6544670535743)",,,,
1,3.5,62,1,62_1,"LINESTRING (-8.715200242112836 40.65442181339131, -8.71534734973446 40.65416270993409)",,,,
1,3.5,63,1,63_1,"LINESTRING (-8.714790907403218 40.65433048209422, -8.714763424217548 40.65471439776758)",,,,
1,3.5,63,2,63_2,"LINESTRING (-8.714749584505018 40.65432876627536, -8.714722101083192 40.654712681938996)",,,,
1,3.5,64,1,64_1,"LINESTRING (-8.71513880279386 40.65442181339131, -8.715091127771801 40.65437707604029, -8.71505060579476 40.65433082073319, -8.714997765725446 40.65424075889812, -8.714920599453016 40.65405665544573)",,,,
1,3.5,65,1,65_1,"LINESTRING (-8.714832907266917 40.65405139110271, -8.714760942633347 40.65419568267697)",,,,
1,3.5,66,1,66_1,"LINESTRING (-8.717098176439853 40.65443284320567, -8.719140798984377 40.654212883656285, -8.719195972270922 40.65419849371687, -8.719245766106155 40.65416662332531, -8.71928930213517 40.654130991978406, -8.719565532460292 40.653825260070576)",,,,
1,3.5,67,1,67_1,"LINESTRING (-8.719428644137155 40.65378472532424, -8.719155647348309 40.65407493531123, -8.719112013989411 40.654102210335736, -8.71903417856888 40.65413266037699, -8.718923814607624 40.65416084804583, -8.717452269616778 40.654326497777724)",,,,
1,3.5,68,1,68_1,"LINESTRING (-8.719558389522518 40.653783697128084, -8.71948883319282 40.65375490762942)",,,,
1,3.5,69,1,69_1,"LINESTRING (-8.716402718148673 40.65433551058837, -8.716967985841078 40.65443308124146)",,,,
1,3.5,70,1,70_1,"LINESTRING (-8.729697138831133 40.631620006394776, -8.729330886057856 40.632606813668595)",,,,
1,3.5,70,2,70_2,"LINESTRING (-8.72965732942393 40.63161143057026, -8.729291076111451 40.63259823771929)",,,,
1,3.5,71,1,71_1,"LINESTRING (-8.729749457834973 40.631609928242845, -8.730202520487287 40.63039566913935)",,,,
1,3.5,71,2,71_2,"LINESTRING (-8.72978925147329 40.631618546439164, -8.730242313463034 40.630404287181385)",,,,
1,3.5,72,1,72_1,"LINESTRING (-8.728306235062197 40.634984370670004, -8.727890380247999 40.63587013848823, -8.727591760857456 40.63650618843266)",,,,
1,3.5,72,2,72_2,"LINESTRING (-8.728267279377123 40.63497375638721, -8.727851424071222 40.63585952415779, -8.727552804344029 40.636495574033)",,,,
1,3.5,73,1,73_1,"LINESTRING (-8.71732005863922 40.65427845825171, -8.717341577064706 40.65402655158508)",,,,
1,3.5,74,1,74_1,"LINESTRING (-8.71720034231916 40.65403683350847, -8.717176684774811 40.65427503095652)",,,,
1,3.5,75,1,75_1,"LINESTRING (-8.717304883127433 40.65399098434352, -8.717237242258854 40.65399028243045)",,,,
1,3.5,76,1,76_1,"LINESTRING (-8.714319463300388 40.65399812249853, -8.714226337185977 40.653937206828196, -8.714133000786276 40.6538665773594, -8.713982774461607 40.65374161765622, -8.7138870819592 40.65362639224951, -8.71301599814684 40.65230914041126)",,,,
1,3.5,76,2,76_2,"LINESTRING (-8.71434642700588 40.653974212622366, -8.714254440341698 40.65391404230613, -8.714162863070905 40.653844744026536, -8.714015782291613 40.65372240086816, -8.71392313527653 40.65361084266612, -8.71305295827411 40.652294963168934)",,,,
1,3.5,77,1,77_1,"LINESTRING (-8.714587198337268 40.65415153292806, -8.714455009826734 40.6540477149838)",,,,
1,3.5,78,1,78_1,"LINESTRING (-8.71098959027019 40.65525642612233, -8.710932050748466 40.65523072178079)",,,{'@allVehTypes': 'true'},
1,3.5,79,1,79_1,"LINESTRING (-8.712565378910082 40.65214131646436, -8.712439278570011 40.652018170993294)",,,,
1,3.5,80,1,80_1,"LINESTRING (-8.71297661656818 40.65225956759082, -8.712945871089502 40.65222070761748, -8.712902985782536 40.65220316390383, -8.712829726352243 40.65218672852555, -8.712657146773356 40.65216524550857)",,,,
1,3.5,81,1,81_1,"LINESTRING (-8.713541092252417 40.65390613165572, -8.714821667916008 40.65388001822856, -8.715223204541777 40.653879122524316, -8.715554334482958 40.653865303762316)",,,,
1,3.5,82,1,82_1,"LINESTRING (-8.712137231163823 40.65193598891927, -8.71189401840608 40.6520237306969)",,,,
1,3.5,83,1,83_1,"LINESTRING (-8.711800788838607 40.652234957328865, -8.71291025550715 40.65366370895953, -8.71300157697655 40.65372011498666, -8.713150618968287 40.65380222913223, -8.713933302521255 40.65417945452259, -8.714098767052906 40.65421909048755, -8.714304045570415 40.65423583931184, -8.714556380897735 40.6542432712344)",,,,
1,3.5,84,1,84_1,"LINESTRING (-8.714251136123867 40.65410124070172, -8.713820530725489 40.65380500233452, -8.713626180749063 40.65360473201026, -8.712819228826227 40.65244500354903)",,,,
1,3.5,84,2,84_2,"LINESTRING (-8.714278876586475 40.65407785188487, -8.713851347408742 40.653783729925486, -8.713661299245038 40.65358789255428, -8.712855794835598 40.65243024528241)",,,,
1,3.5,85,1,85_1,"LINESTRING (-8.714377166502585 40.65415136209917, -8.714315380439697 40.654120159937705)",,,,
1,3.5,86,1,86_1,"LINESTRING (-8.73033974135 40.63536053299175, -8.73060940947562 40.63487835115827)",,,,
1,3.5,87,1,87_1,"LINESTRING (-8.712752543757803 40.652394469872036, -8.712610886580247 40.65219814857565)",,,,
1,3.5,88,1,88_1,"LINESTRING (-8.715545239449177 40.65377233774183, -8.715107225058762 40.65379602116882, -8.714966586018107 40.65379951847164, -8.714758852532766 40.653798129039274, -8.713818835146094 40.65367088191845)",,,,
1,3.5,89,1,89_1,"LINESTRING (-8.728357930434095 40.634977960485024, -8.72894476449354 40.633727989713215)",,,,
1,3.5,89,2,89_2,"LINESTRING (-8.72839688604168 40.634988574938085, -8.728983719467573 40.633738603970635)",,,,
1,3.5,90,1,90_1,"LINESTRING (-8.705108099345765 40.65128654611114, -8.704940879573778 40.651369069543655)",,,,
1,3.5,90,2,90_2,"LINESTRING (-8.705085596349914 40.65126009525668, -8.704918376616238 40.65134261865698)",,,,
1,3.5,91,1,91_1,"LINESTRING (-8.704642705146044 40.651902289198226, -8.704676484066592 40.651924681996526, -8.704712698970972 40.6519429687964, -8.704751753339668 40.65195751404439, -8.704792978725132 40.65196806808436, -8.7048356691572 40.65197444967354, -8.704879093312679 40.65197654918278, -8.704922507161177 40.65197433053809, -8.704965166850862 40.65196783186042, -8.705006341590815 40.651957164789415, -8.70504532628684 40.65194251250672, -8.70508145369467 40.65192412650168, -8.705114105869283 40.65190232214948, -8.705142724708816 40.65187747319561, -8.705166821416364 40.651850005258424, -8.705185984730411 40.651820388477226, -8.705199887802928 40.651789129442605, -8.70520829363176 40.65175676255187, -8.705211058979398 40.651723840934125, -8.705208136732505 40.65169092708984, -8.705199576676593 40.651658583389214, -8.705185524677484 40.65162736257218, -8.705166220278324 40.65159779839388, -8.705141992738312 40.65157039655918, -8.705113255559548 40.65154562609148, -8.705080499570109 40.65152391128049, -8.705044284657875 40.65150562435153, -8.705005230276695 40.65149107899285, -8.704964004874958 40.65148052486805, -8.704921314423968 40.65147414322577, -8.70487789024819 40.65147204369876, -8.704834476379407 40.651474262362214, -8.704791816670854 40.65148076109396, -8.70475064191472 40.65149142825058, -8.704711657206328 40.65150608064457, -8.7046755297908 40.6515244667791, -8.704642877613638 40.65154627127006, -8.704614258776894 40.6515711203625, -8.704590162077245 40.651598588428676, -8.704570998775695 40.651628205320485, -8.704557095719421 40.65165946443977, -8.704548689909451 40.651691831383545, -8.704545924582035 40.651724753019046, -8.704548846849127 40.65175766684457, -8.70455740692385 40.65179001049126, -8.704571458939114 40.65182123122278, -8.704590763350666 40.65185079528988, -8.70461574915207 40.651879054590545)",,,,
1,3.5,91,2,91_2,"LINESTRING (-8.704615535703336 40.65192606305196, -8.70465135844821 40.65194981075238, -8.704692087931836 40.651970377202964, -8.704736004133862 40.65198673317367, -8.704782355852283 40.65199859959785, -8.704830350588702 40.652005774102264, -8.704879168017873 40.652008134370256, -8.704927973891033 40.652005640168646, -8.704975934154946 40.65199833401374, -8.70502222906795 40.65198634046753, -8.705066067094153 40.651969864073436, -8.70510669835807 40.65194918595689, -8.705143427442534 40.65192465913383, -8.705175625316816 40.651896702591046, -8.705202740186966 40.65186579421974, -8.705224307070285 40.65183246270894, -8.705239955909834 40.65179727852501, -8.705249418066424 40.651760844128226, -8.705252531051455 40.65172378359595, -8.705249241398406 40.65168673184067, -8.705239605609163 40.65165032362406, -8.705223789153923 40.65161518257324, -8.705202063547175 40.65158191040746, -8.705174801564404 40.65155107657479, -8.70514247070367 40.65152320848687, -8.705105625027981 40.65149878252126, -8.705064895553166 40.6514782159413, -8.70502097936519 40.65146185985973, -8.704974627665075 40.651449993350624, -8.704926632949938 40.651442818793015, -8.70487781554359 40.65144045850726, -8.704829009693244 40.651442952727656, -8.70478104945054 40.65145025893668, -8.704734754555751 40.651462252568635, -8.704690916543452 40.6514787290742, -8.70465028528823 40.65149940732053, -8.70461355620665 40.65152393428264, -8.704581358329277 40.651551890964434, -8.704554243450197 40.65158279946518, -8.704532676552816 40.65161613108702, -8.704517027694989 40.651651315355984, -8.704507565517158 40.651687749806015, -8.704504452509376 40.65172481035614, -8.704507742139695 40.65176186209255, -8.704517377907765 40.651798270255, -8.704533194344846 40.651833411219954, -8.70455491993766 40.6518666832741, -8.704581423658247 40.65189665938139)",,,,
1,3.5,92,1,92_1,"LINESTRING (-8.705138361976545 40.65210134077519, -8.706014839719323 40.65313028143701)",,,,
1,3.5,93,1,93_1,"LINESTRING (-8.705941436031269 40.653200863450905, -8.705073624641287 40.653535627852285)",,,,
1,3.5,94,1,94_1,"LINESTRING (-8.704962575362769 40.65352676310818, -8.704806657958562 40.65330345432028)",,,,
1,3.5,95,1,95_1,"LINESTRING (-8.704840170192517 40.653175698521615, -8.705418983157795 40.6529472402624)",,,,
1,3.5,95,2,95_2,"LINESTRING (-8.704859211724006 40.653203682052435, -8.70543802486616 40.652975223698895)",,,,
1,3.5,96,1,96_1,"LINESTRING (-8.705485866798034 40.65284842985178, -8.705249946140569 40.652535750705134)",,,,
1,3.5,96,2,96_2,"LINESTRING (-8.705521747688298 40.65283272613722, -8.705285826918644 40.65252004706302)",,,,
1,3.5,97,1,97_1,"LINESTRING (-8.705159225531501 40.65250080522285, -8.704444967353423 40.65278322187043)",,,,
1,3.5,97,2,97_2,"LINESTRING (-8.70514015753403 40.652472832223005, -8.704425899573843 40.652755248754005)",,,,
1,3.5,98,1,98_1,"LINESTRING (-8.704453817664946 40.65284597751871, -8.704691051423186 40.65321227646707)",,,,
1,3.5,98,2,98_2,"LINESTRING (-8.704416703694994 40.65285992015208, -8.704653937299646 40.6532262191758)",,,,
1,3.5,99,1,99_1,"LINESTRING (-8.706214545371154 40.6530750312253, -8.70789300870801 40.652393938414505)",,,,
1,3.5,100,1,100_1,"LINESTRING (-8.719673466416383 40.64316657029953, -8.71979042311361 40.643225023644064)",,,,
1,3.5,101,1,101_1,"LINESTRING (-8.718866268132107 40.643197514153215, -8.718969402017375 40.64332226993981)",,,,
1,3.5,102,1,102_1,"LINESTRING (-8.714868481233516 40.65489601500749, -8.716732575035033 40.6551101761623, -8.716871965160216 40.65503567476294, -8.716950152266024 40.654675104018224)",,,,
1,3.5,102,2,102_2,"LINESTRING (-8.714862307670844 40.654927180460874, -8.716742786037512 40.65514322385972, -8.716909964924596 40.655053869872475, -8.716990983701159 40.65468023950724)",,,,
1,3.5,103,1,103_1,"LINESTRING (-8.716875653055283 40.654696407163634, -8.71680976459812 40.65500561354001, -8.71667130562119 40.655065212457906, -8.714886894664954 40.65484845350094)",,,,
1,3.5,103,2,103_2,"LINESTRING (-8.716834802998381 40.654691358255924, -8.716772098294914 40.65498562289505, -8.716663537240056 40.65503235240455, -8.714893413531833 40.65481732885836)",,,,
1,3.5,104,1,104_1,"LINESTRING (-8.729746381506729 40.63337221281027, -8.729960713951186 40.63343534868165)",,,,
1,3.5,105,1,105_1,"LINESTRING (-8.704695552107482 40.653351634822826, -8.704865826809037 40.65358861527392)",,,,
1,3.5,105,2,105_2,"LINESTRING (-8.704659248643996 40.653366765087576, -8.704829523255578 40.65360374559159)",,,,
1,3.5,106,1,106_1,"LINESTRING (-8.73111383693738 40.63370781713195, -8.730602577987602 40.63354516809233)",,,,
1,3.5,107,1,107_1,"LINESTRING (-8.705042460055957 40.653586877288554, -8.705996975198445 40.653231633521834)",,,,
1,3.5,108,1,108_1,"LINESTRING (-8.710913088568574 40.65633997722552, -8.71016207626002 40.65621757216308, -8.709714220583953 40.656113461222965, -8.708855811257408 40.65586275802675)",,,,
1,3.5,109,1,109_1,"LINESTRING (-8.705223347367205 40.65139903778657, -8.705329291998044 40.65135682769531)",,,,
1,3.5,109,2,109_2,"LINESTRING (-8.705242528969025 40.65142696557943, -8.705348473631956 40.65138475547079)",,,,
1,3.5,110,1,110_1,"LINESTRING (-8.7054014824592 40.65174130750797, -8.70541891810426 40.65173426706996)",,,,
1,3.5,111,1,111_1,"LINESTRING (-8.706801632454306 40.6514580506711, -8.707723752255424 40.65198579435231, -8.708669786400785 40.65250594633832, -8.70926102270329 40.65285363787821)",,,,
1,3.5,112,1,112_1,"LINESTRING (-8.717224490124181 40.65532103056111, -8.717435457559624 40.655312170632584, -8.71911619102857 40.655142214152384)",,,,
1,3.5,112,2,112_2,"LINESTRING (-8.717226768730956 40.65535250086604, -8.717439325992192 40.65534357416869, -8.719121638524195 40.6551734580244)",,,,
1,3.5,113,1,113_1,"LINESTRING (-8.719221033944502 40.65513425660467, -8.720588336501095 40.655002114024285)",,,,
1,3.5,114,1,114_1,"LINESTRING (-8.720725741268707 40.654839795807824, -8.720565875834447 40.654093945299955, -8.720555908685032 40.65402396515916, -8.720561371008781 40.65397256375675, -8.720592470030587 40.653915904902085, -8.720652096534144 40.653865145624884, -8.7207389580328 40.653830224066866, -8.724960489502578 40.65345134252106)",,,,
1,3.5,115,1,115_1,"LINESTRING (-8.725106486327903 40.6534906844073, -8.725248461959353 40.65421804330941)",,,,
1,3.5,116,1,116_1,"LINESTRING (-8.725171096348836 40.65423917111607, -8.724112547057588 40.65434067288927)",,,,
1,3.5,117,1,117_1,"LINESTRING (-8.72402410650188 40.65433043483608, -8.723919008298177 40.653850590626)",,,,
1,3.5,118,1,118_1,"LINESTRING (-8.72399331134841 40.653671561992056, -8.724330016067775 40.653636218903195)",,,{'@allVehTypes': 'true'},
1,3.5,119,1,119_1,"LINESTRING (-8.72480493398144 40.65370017564623, -8.725035520326474 40.6536768267488)",,,{'@allVehTypes': 'true'},
1,3.5,120,1,120_1,"LINESTRING (-8.72453221713848 40.65371821775216, -8.724722693691145 40.653696282875636)",,,{'@allVehTypes': 'true'},
1,3.5,121,1,121_1,"LINESTRING (-8.72498988810525 40.653412174899614, -8.72070211165137 40.653796237393585)",,,{'@allVehTypes': 'true'},
1,3.5,122,1,122_1,"LINESTRING (-8.725183540257405 40.65364223207062, -8.725146329922106 40.65343796302116)",,,{'@allVehTypes': 'true'},
1,3.5,123,1,123_1,"LINESTRING (-8.722243588938642 40.65383686163915, -8.722420306805633 40.65386913113233)",,,,
1,3.5,124,1,124_1,"LINESTRING (-8.722498421302289 40.65383862973843, -8.72248788872748 40.65370682958951)",,,,
1,3.5,125,1,125_1,"LINESTRING (-8.728162739388264 40.64644243902328, -8.72871356334471 40.64620774319452)",,,,
1,3.5,125,2,125_2,"LINESTRING (-8.728182940634438 40.646469946002014, -8.72873376474628 40.64623525007799)",,,,
1,3.5,126,1,126_1,"LINESTRING (-8.722146226601103 40.653793953202474, -8.722195392720128 40.653820275014915)",,,,
1,3.5,127,1,127_1,"LINESTRING (-8.72050158064168 40.654011245327, -8.7206698758444 40.65484169797939)",,,,
1,3.5,128,1,128_1,"LINESTRING (-8.72057341314007 40.654957862389566, -8.71741892640108 40.6552793006587, -8.717298230987108 40.655285867177724, -8.71716152804868 40.65528994474562, -8.717018411764919 40.655285660163614, -8.716729003774546 40.65525711268577, -8.71391991078811 40.654881020589336)",,,,
1,3.5,129,1,129_1,"LINESTRING (-8.718281640361697 40.655315886524825, -8.71833658900486 40.655780618897744)",,,,
1,3.5,130,1,130_1,"LINESTRING (-8.71828344740049 40.65584642144996, -8.718065533185852 40.65588069358688)",,,,
1,3.5,131,1,131_1,"LINESTRING (-8.717996128232343 40.65598350989201, -8.718023971293606 40.65623575188935)",,,,
1,3.5,132,1,132_1,"LINESTRING (-8.718357535991018 40.65618914202689, -8.71833658900486 40.655908111283736)",,,,
1,3.5,133,1,133_1,"LINESTRING (-8.718202130654788 40.656298812239655, -8.71833658900486 40.656238493644935)",,,,
1,3.5,134,1,134_1,"LINESTRING (-8.718382382774427 40.6558460787285, -8.718391251928358 40.6555174080398)",,,,
1,3.5,135,1,135_1,"LINESTRING (-8.718428914023358 40.655475595802734, -8.718899933348695 40.65535050165828)",,,,
1,3.5,136,1,136_1,"LINESTRING (-8.7189348848855 40.65532651097365, -8.719014951367893 40.655237197006116)",,,,
1,3.5,137,1,137_1,"LINESTRING (-8.706347930983023 40.65132215049314, -8.705338840973484 40.651725696879396)",,,,
1,3.5,138,1,138_1,"LINESTRING (-8.71143758881349 40.654444168047235, -8.711208344127938 40.65469113393221, -8.711153999381082 40.654771139558214, -8.711136194995785 40.65484093565755, -8.710976599328067 40.65625459744708)",,,,
1,3.5,139,1,139_1,"LINESTRING (-8.711183488452349 40.65578338510149, -8.711533056194032 40.655814290640365)",,,,
1,3.5,140,1,140_1,"LINESTRING (-8.72973961416587 40.63399660545799, -8.729326900874025 40.63389263817246)",,,,
1,3.5,141,1,141_1,"LINESTRING (-8.730601700298061 40.63528130630727, -8.731262225024187 40.634049340996576)",,,,
1,3.5,142,1,142_1,"LINESTRING (-8.730039495904757 40.633569611566095, -8.729874506505345 40.63390691485601)",,,,
1,3.5,143,1,143_1,"LINESTRING (-8.711787167003722 40.655369634494605, -8.71183308045292 40.65511601832182)",,,{'@allVehTypes': 'true'},
1,3.5,144,1,144_1,"LINESTRING (-8.711608330702656 40.65575375343564, -8.711764164521531 40.65546882240005)",,,{'@allVehTypes': 'true'},
1,3.5,145,1,145_1,"LINESTRING (-8.711839918338933 40.65506704593225, -8.711849691012262 40.65499164628826)",,,,
1,3.5,146,1,146_1,"LINESTRING (-8.71172325599875 40.65495880458141, -8.711473855456575 40.654936783945246)",,,,
1,3.5,147,1,147_1,"LINESTRING (-8.711349092993732 40.65507641962214, -8.711316169545123 40.65538413427063)",,,,
1,3.5,148,1,148_1,"LINESTRING (-8.711454275391741 40.655533858432406, -8.71142505216791 40.65570948320757)",,,,
1,3.5,149,1,149_1,"LINESTRING (-8.711359029382413 40.65576216410945, -8.711189905215198 40.65574564491231)",,,,
1,3.5,150,1,150_1,"LINESTRING (-8.711107599889395 40.65557627264122, -8.711197597918659 40.65481403478768, -8.711228076537472 40.65475068612846, -8.711487319785913 40.65446687911009)",,,,
1,3.5,151,1,151_1,"LINESTRING (-8.706104750061609 40.653127732123195, -8.705181669226457 40.652076465156306)",,,,
1,3.5,152,1,152_1,"LINESTRING (-8.708763285242537 40.655727417219175, -8.70881249169649 40.655392331506434)",,,,
1,3.5,153,1,153_1,"LINESTRING (-8.708910558904195 40.65524863277151, -8.708916771528191 40.6544782019876)",,,{'@allVehTypes': 'true'},
1,3.5,154,1,154_1,"LINESTRING (-8.70869444181755 40.654489254721675, -8.7086763158955 40.655275634375585)",,,{'@allVehTypes': 'true'},
1,3.5,155,1,155_1,"LINESTRING (-8.708843097378724 40.65439280719137, -8.708761967000422 40.65439132224764)",,,{'@allVehTypes': 'true'},
1,3.5,156,1,156_1,"LINESTRING (-8.70874070203185 40.65540499549599, -8.708696228047486 40.655773590776604)",,,{'@allVehTypes': 'true'},
1,3.5,157,1,157_1,"LINESTRING (-8.708738859499165 40.65586544016416, -8.70970897527855 40.65615730762942, -8.7099870180718 40.656223721983466, -8.710273764849264 40.65627613413875, -8.710963338917656 40.65639398295114)",,,{'@allVehTypes': 'true'},
1,3.5,158,1,158_1,"LINESTRING (-8.711035497698186 40.65630262361795, -8.711067672929024 40.65590235934494)",,,,
1,3.5,159,1,159_1,"LINESTRING (-8.70951457055338 40.65316506924957, -8.709485184696055 40.653333310907584)",,,,
1,3.5,160,1,160_1,"LINESTRING (-8.709361420125857 40.653454697042285, -8.70926171303359 40.65350630712193, -8.70848705195714 40.653871823748965)",,,,
1,3.5,161,1,161_1,"LINESTRING (-8.708458702925016 40.654014838637934, -8.70860425318859 40.65410550908034)",,,,
1,3.5,162,1,162_1,"LINESTRING (-8.728973300272655 40.64640489928323, -8.72894197120158 40.64636908041018, -8.728913392417347 40.64633785240258, -8.728872162313646 40.64631497144651, -8.728810580087327 40.64631838374317)",,,,
1,3.5,163,1,163_1,"LINESTRING (-8.729086496190266 40.63440925011604, -8.72948325751519 40.63452495566584)",,,,
1,3.5,164,1,164_1,"LINESTRING (-8.729785876090123 40.63433572175911, -8.730616092338849 40.634560594685084)",,,,
1,3.5,165,1,165_1,"LINESTRING (-8.720132966613734 40.6430061854485, -8.720011213792086 40.642843761825375)",,,,
1,3.5,166,1,166_1,"LINESTRING (-8.708980828835456 40.654027167325864, -8.709675519717834 40.6533584838782)",,,,
1,3.5,167,1,167_1,"LINESTRING (-8.71024802920406 40.65372360700767, -8.710183976995362 40.65421578211724, -8.710177753205516 40.654278129249995)",,,,
1,3.5,168,1,168_1,"LINESTRING (-8.71026207489237 40.65358123107509, -8.710253314526641 40.65365923169731)",,,,
1,3.5,169,1,169_1,"LINESTRING (-8.710023860393909 40.65432184726909, -8.709080526114882 40.65424875339732)",,,,
1,3.5,170,1,170_1,"LINESTRING (-8.70892679158541 40.65421239775905, -8.708916698877333 40.65418798174956)",,,,
1,3.5,171,1,171_1,"LINESTRING (-8.707550016543097 40.6520560819788, -8.707298996986896 40.652280553648005, -8.70721259381786 40.65230340594418)",,,,
1,3.5,172,1,172_1,"LINESTRING (-8.719094584074647 40.64334819261126, -8.719519907287992 40.64318255553566)",,,,
1,3.5,173,1,173_1,"LINESTRING (-8.72908800239249 40.64651657259384, -8.728387296081697 40.6468051373719)",,,,
1,3.5,174,1,174_1,"LINESTRING (-8.705234790888012 40.653792706673805, -8.705728057759318 40.65361135230864)",,,,
1,3.5,175,1,175_1,"LINESTRING (-8.705743268643076 40.65357139280597, -8.705693619026903 40.65339464856485)",,,,
1,3.5,176,1,176_1,"LINESTRING (-8.706866963784995 40.65188804788646, -8.706918886050454 40.65183912637851, -8.70704174733514 40.65172683052201)",,,,
1,3.5,177,1,177_1,"LINESTRING (-8.705140430680872 40.65361284820233, -8.705164883193948 40.6537681162803)",,,,
1,3.5,178,1,178_1,"LINESTRING (-8.7196083796431 40.6551737750417, -8.720230351978344 40.65511162111118)",,,,
1,3.5,179,1,179_1,"LINESTRING (-8.729349111963414 40.635133491692216, -8.729783003448544 40.63526219646341)",,,,
1,3.5,180,1,180_1,"LINESTRING (-8.720251196157628 40.6552215857181, -8.719579960099816 40.65528441779695)",,,,
1,3.5,181,1,181_1,"LINESTRING (-8.71950439461869 40.655264615297554, -8.719411076028454 40.65517138450698)",,,,
1,3.5,182,1,182_1,"LINESTRING (-8.718490248692301 40.64358371406133, -8.71785699859009 40.6438642476094)",,,,
1,3.5,182,2,182_2,"LINESTRING (-8.71846944619673 40.64355646869752, -8.71783619626492 40.64383700213285)",,,,
1,3.5,182,3,182_3,"LINESTRING (-8.718448643718089 40.64352922332983, -8.717815393956677 40.64380975665241)",,,,
1,3.5,182,4,182_4,"LINESTRING (-8.71842784125636 40.643501977958266, -8.717794591665342 40.643782511168105)",,,,
1,3.5,183,1,183_1,"LINESTRING (-8.731077131445897 40.633909765347106, -8.730891959186565 40.63424483876375)",,,,
1,3.5,184,1,184_1,"LINESTRING (-8.71803270064402 40.644214512792914, -8.718952968205409 40.643835651692235)",,,,
1,3.5,184,2,184_2,"LINESTRING (-8.718052374486883 40.64424224040745, -8.718972642317848 40.64386337915182)",,,,
1,3.5,184,3,184_3,"LINESTRING (-8.718072048346029 40.644269968018506, -8.718992316446574 40.64389110660791)",,,,
1,3.5,184,4,184_4,"LINESTRING (-8.718091722221452 40.64429769562607, -8.719011990591587 40.64391883406052)",,,,
1,3.5,185,1,185_1,"LINESTRING (-8.717736708860203 40.6440647017753, -8.717800487922784 40.644138801968154)",,,,
1,3.5,185,2,185_2,"LINESTRING (-8.717702104886596 40.644081982766416, -8.717765883927354 40.644156082978164)",,,,
1,3.5,185,3,185_3,"LINESTRING (-8.717667500895148 40.64409926374712, -8.717731279914085 40.64417336397775)",,,,
1,3.5,185,4,185_4,"LINESTRING (-8.71763289688584 40.64411654471741, -8.717696675882962 40.644190644966926)",,,,
1,3.5,186,1,186_1,"LINESTRING (-8.730802701971008 40.64847651265286, -8.731334658034084 40.649143885246914)",,,,
1,3.5,186,2,186_2,"LINESTRING (-8.730767329745017 40.64849286918515, -8.73129928558558 40.64916024194024)",,,,
1,3.5,187,1,187_1,"LINESTRING (-8.731534734503667 40.64905239050765, -8.730667274547756 40.6479737703841)",,,,
1,3.5,188,1,188_1,"LINESTRING (-8.731437182643806 40.64917353334712, -8.731516300430831 40.649138722208875)",,,,
1,2.5,189,1,189_1,"LINESTRING (-8.730207698266137 40.634434628530066, -8.73023598408849 40.6343749588502)",,,,
1,2.5,190,1,190_1,"LINESTRING (-8.730235580737563 40.634442240425535, -8.730263866559916 40.634382570752486)",,,,
1,2.5,191,1,191_1,"LINESTRING (-8.730263463208988 40.63444985232014, -8.730291749031341 40.63439018265389)",,,,
1,2.5,192,1,192_1,"LINESTRING (-8.730291345680415 40.634457464213874, -8.730319631502768 40.63439779455442)",,,,
1,2.5,193,1,193_1,"LINESTRING (-8.73031922815184 40.63446507610677, -8.730347513974193 40.63440540645411)",,,,
1,2.5,194,1,194_1,"LINESTRING (-8.730347110623265 40.63447268799875, -8.730375396445618 40.63441301835291)",,,,
1,2.5,195,1,195_1,"LINESTRING (-8.73037499309469 40.634480299889894, -8.730403278917043 40.634420630250844)",,,,
1,2.5,196,1,196_1,"LINESTRING (-8.730402875566117 40.63448791178017, -8.73043116138847 40.63442824214791)",,,,
1,2.5,197,1,197_1,"LINESTRING (-8.730194056876634 40.634463405377886, -8.730165771054281 40.634523074978716)",,,,
1,2.5,198,1,198_1,"LINESTRING (-8.730227515842346 40.63447253964842, -8.730199230019993 40.63453220924109)",,,,
1,2.5,199,1,199_1,"LINESTRING (-8.730260974808056 40.63448167391768, -8.730232688985703 40.63454134350218)",,,,
1,2.5,200,1,200_1,"LINESTRING (-8.730294433773766 40.634490808185724, -8.730266147951415 40.634550477762055)",,,,
1,2.5,201,1,201_1,"LINESTRING (-8.730327892739478 40.63449994245249, -8.730299606917125 40.63455961202068)",,,,
1,2.5,202,1,202_1,"LINESTRING (-8.730361351705188 40.63450907671802, -8.730333065882835 40.634568746278035)",,,,
1,2.5,203,1,203_1,"LINESTRING (-8.730394810670898 40.63451821098232, -8.730366524848547 40.634577880534174)",,,,
1,3.5,204,1,204_1,"LINESTRING (-8.729226834975213 40.646564366926235, -8.729153814898996 40.64650856647656)",,,,
1,3.5,205,1,205_1,"LINESTRING (-8.717440545269847 40.65432781756917, -8.7170991996215 40.65436624230499, -8.71700682373725 40.654366924841796, -8.71686941890133 40.65434997228736, -8.715955819607402 40.654163620506516)",,,,
1,3.5,206,1,206_1,"LINESTRING (-8.715944373394214 40.654161285757326, -8.715017202758686 40.65397216521793)",,,,
1,3.5,207,1,207_1,"LINESTRING (-8.71424444557034 40.64788354123165, -8.719574220880029 40.645876332653074)",,,,
1,3.5,207,2,207_2,"LINESTRING (-8.714262784971313 40.647911794953295, -8.719592561979168 40.64590458553809)",,,,
1,3.5,208,1,208_1,"LINESTRING (-8.713907951793841 40.64796353285732, -8.706900296492709 40.650599580676555)",,,,
1,3.5,208,2,208_2,"LINESTRING (-8.713889626317194 40.647935273889644, -8.706881973251134 40.65057132060982)",,,,
1,3.5,209,1,209_1,"LINESTRING (-8.705604532784752 40.649760775500816, -8.704403172489293 40.64770214858128)",,,,
1,3.5,209,2,209_2,"LINESTRING (-8.705642346931693 40.649747973584816, -8.704440985703817 40.6476893470541)",,,,
1,3.5,210,1,210_1,"LINESTRING (-8.705555483399428 40.649779408838654, -8.705712206952368 40.65003682196596, -8.70584550197319 40.650292889315466)",,,,
1,3.5,210,2,210_2,"LINESTRING (-8.70551794194425 40.64979266819051, -8.7056741713008 40.65004926985605, -8.70580703333973 40.65030450570021)",,,,
1,3.5,211,1,211_1,"LINESTRING (-8.709270390639604 40.65285914691677, -8.709642296668898 40.653077854766686, -8.710638220025732 40.653637113199146, -8.711498123648438 40.654128278639774, -8.712212414026002 40.65452434755887, -8.712706334510198 40.6547459714442, -8.71367255914705 40.65489366078947, -8.713907853902006 40.654925534300034)",,,,
1,3.5,212,1,212_1,"LINESTRING (-8.709301083092104 40.65281597432278, -8.706995331219039 40.65149821967082)",,,,
1,2.5,213,1,213_1,"LINESTRING (-8.730807862003758 40.63493419537869, -8.730885222456898 40.634958167878054)",,,,
1,2.5,214,1,214_1,"LINESTRING (-8.730821304367453 40.63490921372902, -8.730898664820593 40.63493318623733)",,,,
1,2.5,215,1,215_1,"LINESTRING (-8.73083474673115 40.63488423206998, -8.73091210718429 40.63490820458728)",,,,
1,2.5,216,1,216_1,"LINESTRING (-8.730848189094845 40.634859250401604, -8.730925549547985 40.63488322292786)",,,,
1,2.5,217,1,217_1,"LINESTRING (-8.73086163145854 40.634834268723864, -8.730938991911682 40.63485824125911)",,,,
1,2.5,218,1,218_1,"LINESTRING (-8.730875073822236 40.634809287036795, -8.730952434275375 40.634833259581015)",,,,
1,2.5,219,1,219_1,"LINESTRING (-8.730888516185932 40.634784305340354, -8.730965876639072 40.634808277893555)",,,,
1,2.5,220,1,220_1,"LINESTRING (-8.730901958549628 40.6347593236346, -8.730979319002767 40.63478329619674)",,,,
1,2.5,221,1,221_1,"LINESTRING (-8.730915400913323 40.63473434191948, -8.730992761366464 40.634758314490604)",,,,
1,2.5,222,1,222_1,"LINESTRING (-8.73092884327702 40.634709360195004, -8.731006203730159 40.634733332775106)",,,,
1,2.5,223,1,223_1,"LINESTRING (-8.730942285640715 40.63468437846119, -8.731019646093856 40.63470835105027)",,,,
1,2.5,224,1,224_1,"LINESTRING (-8.73095572800441 40.634659396718035, -8.73103308845755 40.63468336931607)",,,,
1,2.5,225,1,225_1,"LINESTRING (-8.730969170368107 40.63463441496552, -8.731046530821246 40.634658387572536)",,,,
1,2.5,226,1,226_1,"LINESTRING (-8.730982612731802 40.634609433203686, -8.731059973184943 40.634633405819635)",,,,
1,2.5,227,1,227_1,"LINESTRING (-8.730996055095497 40.63458445143246, -8.73107341554864 40.634608424057426)",,,,
1,2.5,228,1,228_1,"LINESTRING (-8.731009497459194 40.63455946965193, -8.731086857912334 40.634583442285845)",,,,
1,2.5,229,1,229_1,"LINESTRING (-8.73102293982289 40.634534487862005, -8.73110030027603 40.634558460504905)",,,,
1,2.5,230,1,230_1,"LINESTRING (-8.731036382186586 40.63450950606277, -8.731113742639725 40.63453347871463)",,,,
1,2.5,231,1,231_1,"LINESTRING (-8.731049824550281 40.63448452425418, -8.731127185003421 40.63450849691501)",,,,
1,2.5,232,1,232_1,"LINESTRING (-8.731063266913978 40.63445954243624, -8.731140627367116 40.634483515106034)",,,,
1,2.5,233,1,233_1,"LINESTRING (-8.731076709277673 40.634434560608966, -8.731154069730813 40.63445853328771)",,,,
1,2.5,234,1,234_1,"LINESTRING (-8.731090151641368 40.63440957877233, -8.731167512094508 40.634433551460056)",,,,
1,2.5,235,1,235_1,"LINESTRING (-8.731103594005065 40.634384596926324, -8.731180954458203 40.63440856962306)",,,,
1,2.5,236,1,236_1,"LINESTRING (-8.731117036368762 40.634359615071034, -8.7311943968219 40.63438358777668)",,,,
1,2.5,237,1,237_1,"LINESTRING (-8.731130478732455 40.63433463320633, -8.731207839185597 40.63435860592098)",,,,
1,2.5,238,1,238_1,"LINESTRING (-8.73114392109615 40.634309651332316, -8.731221281549292 40.63433362405593)",,,,
1,2.5,239,1,239_1,"LINESTRING (-8.731157363459847 40.63428466944896, -8.731234723912987 40.63430864218152)",,,,
1,2.5,240,1,240_1,"LINESTRING (-8.731170805823544 40.634259687556245, -8.731248166276682 40.63428366029776)",,,,
1,2.5,241,1,241_1,"LINESTRING (-8.728601506280773 40.6464272625779, -8.728646213444406 40.64648439210871)",,,,
1,2.5,242,1,242_1,"LINESTRING (-8.728571072665474 40.64644121552634, -8.72861440468569 40.64649834504518)",,,,
1,2.5,243,1,243_1,"LINESTRING (-8.728540639050177 40.64645516847184, -8.728583283498681 40.64651125459861)",,,,
1,2.5,244,1,244_1,"LINESTRING (-8.72851020543488 40.64646912141442, -8.728553537455094 40.64652364245956)",,,,
1,2.5,245,1,245_1,"LINESTRING (-8.728479771819583 40.64648307435407, -8.728525143232496 40.64653928716543)",,,,
1,2.5,246,1,246_1,"LINESTRING (-8.728449338204287 40.64649702729082, -8.728495373866476 40.646552907043684)",,,,
1,2.5,247,1,247_1,"LINESTRING (-8.728418904588988 40.64651098022465, -8.72846402737597 40.64656667132286)",,,,
1,2.5,248,1,248_1,"LINESTRING (-8.728388470973691 40.64652493315557, -8.728435194207592 40.64658010255261)",,,,
1,3.5,249,1,249_1,"LINESTRING (-8.71391952206312 40.654927114892715, -8.714827126331718 40.655050060684665, -8.715933543309463 40.65520304101043, -8.717068900625046 40.65532233606455)",,,,
1,3.5,250,1,250_1,"LINESTRING (-8.713908238449754 40.654879457847684, -8.713787121413963 40.654863242188355, -8.712878086254698 40.65472151919574, -8.712738864759613 40.6546888460361, -8.712326475475342 40.65451987707477, -8.712050805575837 40.65438369008505, -8.711643364792693 40.65415457940158, -8.709310550271564 40.652821384833864)",,,,
1,2.5,260,1,260_1,"LINESTRING (-8.728758245376508 40.64663393871958, -8.728729546196442 40.646594084059906)",,,,
1,2.5,261,1,261_1,"LINESTRING (-8.728727041030757 40.64664687451367, -8.728698341850693 40.64660701986173)",,,,
1,2.5,262,1,262_1,"LINESTRING (-8.728695836685006 40.646659810305245, -8.72866713750494 40.646619955661045)",,,,
1,2.5,263,1,263_1,"LINESTRING (-8.728664632339255 40.646672746094325, -8.728635933159191 40.646632891457855)",,,,
1,2.5,264,1,264_1,"LINESTRING (-8.728633427993504 40.64668568188089, -8.728604728813439 40.64664582725213)",,,,
1,2.5,265,1,265_1,"LINESTRING (-8.728602223647751 40.64669861766498, -8.728573524467688 40.64665876304393)",,,,
1,2.5,266,1,266_1,"LINESTRING (-8.728571019302 40.64671155344653, -8.728542320121937 40.64667169883322)",,,,
1,2.5,267,1,267_1,"LINESTRING (-8.72853981495625 40.646724489225555, -8.728511115776184 40.64668463461998)",,,,
1,2.5,268,1,268_1,"LINESTRING (-8.728508610610499 40.646737425002115, -8.728479911430433 40.64669757040425)",,,,
1,2.5,269,1,269_1,"LINESTRING (-8.706128175115825 40.65139275254954, -8.706100264371464 40.65135257969056)",,,,
1,2.5,270,1,270_1,"LINESTRING (-8.706096719391804 40.651405332069096, -8.70606880864744 40.6513651592177)",,,,
1,2.5,271,1,271_1,"LINESTRING (-8.706065263667782 40.65141791158628, -8.706037352923419 40.65137773874247)",,,,
1,2.5,272,1,272_1,"LINESTRING (-8.706033807943758 40.6514304911011, -8.706005897199395 40.651390318264866)",,,,
1,2.5,273,1,273_1,"LINESTRING (-8.706002352219734 40.65144307061355, -8.705974441475373 40.65140289778488)",,,,
1,2.5,274,1,274_1,"LINESTRING (-8.705970896495712 40.651455650123644, -8.70594298575135 40.65141547730255)",,,,
1,2.5,275,1,275_1,"LINESTRING (-8.70593944077169 40.651468229631334, -8.705911530027327 40.6514280568178)",,,,
1,2.5,276,1,276_1,"LINESTRING (-8.705907985047666 40.651480809136665, -8.705880074303304 40.65144063633071)",,,,
1,2.5,277,1,277_1,"LINESTRING (-8.705876529323643 40.65149338863963, -8.705848618579282 40.65145321584126)",,,,
1,2.5,278,1,278_1,"LINESTRING (-8.70584507359962 40.65150596814022, -8.705817162855258 40.65146579534941)",,,,
1,2.5,279,1,279_1,"LINESTRING (-8.705813617875599 40.65151854763843, -8.705785707131236 40.651478374855195)",,,,
1,2.5,280,1,280_1,"LINESTRING (-8.705782162151575 40.65153112713429, -8.705754251407212 40.651490954358614)",,,,
1,2.5,281,1,281_1,"LINESTRING (-8.705750706427551 40.65154370662776, -8.70572279568319 40.651503533859675)",,,,
1,2.5,282,1,282_1,"LINESTRING (-8.70571925070353 40.65155628611887, -8.705691339959166 40.65151611335833)",,,,
1,2.5,283,1,283_1,"LINESTRING (-8.705759696876965 40.65161434848927, -8.705787758683497 40.651654460570086)",,,,
1,2.5,284,1,284_1,"LINESTRING (-8.705791105134328 40.6516017009248, -8.70581916694086 40.65164181301323)",,,,
1,2.5,285,1,285_1,"LINESTRING (-8.705822513391688 40.651589053357945, -8.70585057519822 40.651629165453976)",,,,
1,2.5,286,1,286_1,"LINESTRING (-8.70585392164905 40.651576405788695, -8.705881983455582 40.65161651789231)",,,,
1,2.5,287,1,287_1,"LINESTRING (-8.705885329906412 40.65156375821702, -8.705913391712944 40.65160387032825)",,,,
1,2.5,288,1,288_1,"LINESTRING (-8.705916738163772 40.65155111064299, -8.705944799970304 40.65159122276182)",,,,
1,2.5,289,1,289_1,"LINESTRING (-8.705948146421134 40.651538463066515, -8.705976208227666 40.65157857519296)",,,,
1,2.5,290,1,290_1,"LINESTRING (-8.705979554678496 40.65152581548767, -8.706007616485026 40.6515659276217)",,,,
1,2.5,291,1,291_1,"LINESTRING (-8.706010962935856 40.65151316790644, -8.706039024742386 40.65155328004807)",,,,
1,2.5,292,1,292_1,"LINESTRING (-8.706042371193217 40.651500520322784, -8.706070432999748 40.651540632472)",,,,
1,2.5,293,1,293_1,"LINESTRING (-8.706073779450579 40.651487872736745, -8.70610184125711 40.65152798489359)",,,,
1,2.5,294,1,294_1,"LINESTRING (-8.706105187707939 40.65147522514831, -8.706133249514473 40.651515337312766)",,,,
1,2.5,295,1,295_1,"LINESTRING (-8.706136595965301 40.65146257755745, -8.706164657771833 40.65150268972952)",,,,
1,2.5,296,1,296_1,"LINESTRING (-8.706168004222663 40.65144992996424, -8.706196066029195 40.651490042143905)",,,,
1,2.5,297,1,297_1,"LINESTRING (-8.7054683411157 40.65368985251435, -8.705442237564947 40.653648987724225)",,,,
1,2.5,298,1,298_1,"LINESTRING (-8.705500339729708 40.65367808790934, -8.705474236178956 40.653637223112014)",,,,
1,2.5,299,1,299_1,"LINESTRING (-8.705532338343717 40.65366632330225, -8.705506234792965 40.65362545849772)",,,,
1,2.5,300,1,300_1,"LINESTRING (-8.705564336957725 40.65365455869312, -8.705538233406973 40.65361369388136)",,,,
1,2.5,301,1,301_1,"LINESTRING (-8.705596335571736 40.653642794081904, -8.705570232020982 40.65360192926295)",,,,
1,2.5,302,1,302_1,"LINESTRING (-8.719966607701913 40.65526362734875, -8.719973937574828 40.655308695052)",,,,
1,2.5,303,1,303_1,"LINESTRING (-8.71993131719924 40.655266930769685, -8.719938647072153 40.655311998470665)",,,,
1,2.5,304,1,304_1,"LINESTRING (-8.719896026696565 40.65527023419044, -8.719903356569478 40.65531530188921)",,,,
1,2.5,305,1,305_1,"LINESTRING (-8.71986073619389 40.655273537611045, -8.719868066066805 40.65531860530757)",,,,
1,2.5,306,1,306_1,"LINESTRING (-8.719825445691216 40.655276841031466, -8.71983277556413 40.65532190872578)",,,,
1,2.5,307,1,307_1,"LINESTRING (-8.719790155188543 40.65528014445174, -8.719797485061456 40.655325212143815)",,,,
1,2.5,308,1,308_1,"LINESTRING (-8.719754864685868 40.65528344787183, -8.71976219455878 40.6553285155617)",,,,
1,2.5,309,1,309_1,"LINESTRING (-8.719719574183193 40.655286751291776, -8.719726904056108 40.6553318189794)",,,,
1,2.5,310,1,310_1,"LINESTRING (-8.719684283680518 40.655290054711564, -8.719691613553431 40.65533512239695)",,,,
1,2.5,311,1,311_1,"LINESTRING (-8.719961672737972 40.655233284719536, -8.719954342865059 40.65518821696538)",,,,
1,2.5,312,1,312_1,"LINESTRING (-8.719926382235297 40.655236588141946, -8.719919052362384 40.65519152039003)",,,,
1,2.5,313,1,313_1,"LINESTRING (-8.719891091732624 40.65523989156423, -8.719883761859709 40.65519482381452)",,,,
1,2.5,314,1,314_1,"LINESTRING (-8.719855801229949 40.655243194986305, -8.719848471357036 40.65519812723884)",,,,
1,2.5,315,1,315_1,"LINESTRING (-8.719820510727274 40.65524649840826, -8.71981318085436 40.655201430663006)",,,,
1,2.5,316,1,316_1,"LINESTRING (-8.719785220224601 40.65524980183003, -8.719777890351686 40.655204734087015)",,,,
1,2.5,317,1,317_1,"LINESTRING (-8.719749929721925 40.65525310525165, -8.719742599849011 40.65520803751085)",,,,
1,2.5,318,1,318_1,"LINESTRING (-8.71971463921925 40.65525640867307, -8.719707309346337 40.655211340934535)",,,,
1,2.5,319,1,319_1,"LINESTRING (-8.719679348716577 40.65525971209436, -8.719672018843664 40.65521464435804)",,,,
1,3.5,320,1,320_1,"LINESTRING (-8.719025547365131 40.643725468373425, -8.718901973796644 40.64357409663678)",,,,
1,3.5,320,2,320_2,"LINESTRING (-8.71906068545081 40.64370882468887, -8.71893711183363 40.643557452989384)",,,,
1,3.5,320,3,320_3,"LINESTRING (-8.719095823519028 40.64369218099356, -8.718972249853163 40.64354080933125)",,,,
1,3.5,320,4,320_4,"LINESTRING (-8.719130961569787 40.64367553728753, -8.71900738785524 40.64352416566236)",,,,
1,3.5,321,1,321_1,"LINESTRING (-8.718803554713606 40.64353765123542, -8.718682086711706 40.643517663275716)",,,,
1,3.5,321,2,321_2,"LINESTRING (-8.718812291865758 40.643506843720516, -8.71869082391711 40.643486855769886)",,,,
1,3.5,321,3,321_3,"LINESTRING (-8.718821029009874 40.64347603620479, -8.718699561114462 40.64345604826324)",,,,
1,3.5,321,4,321_4,"LINESTRING (-8.718829766145952 40.64344522868823, -8.718708298303788 40.64342524075576)",,,,
1,50,322,1,322_1,"LINESTRING (-8.725717141728644 40.647438870098505, -8.727536421353708 40.650080596211694)",,,,
1,3.5,323,1,323_1,"LINESTRING (-8.718638639404512 40.64431354202985, -8.719444730717719 40.645460761166994)",,,,
1,3.5,323,2,323_2,"LINESTRING (-8.718602157714217 40.64432841458021, -8.719408248581706 40.645475633969056)",,,,
1,3.5,324,1,324_1,"LINESTRING (-8.719886111946536 40.64551323777676, -8.71984514811695 40.64545168752602)",,,,
1,3.5,324,2,324_2,"LINESTRING (-8.719923019303334 40.645498986620346, -8.719882055448565 40.64543743638254)",,,,
1,50,327,1,327_1,"LINESTRING (-8.76211554086276 40.64142673849732, -8.759490930585745 40.64229639152724, -8.75641504739787 40.64327874031105, -8.754048337684079 40.6439991435676, -8.749881982450727 40.64448330514601, -8.747210837355263 40.644756925449705, -8.744341475710398 40.64504586591008, -8.741642933721375 40.645303035012994, -8.739915925873273 40.6456633071497, -8.738282417785154 40.646079589883286, -8.736833342750511 40.64676490350797, -8.735209281545146 40.647985660211006, -8.733370233903704 40.64930695800131, -8.731894072971503 40.65032128151063, -8.731064648470971 40.650555271889665, -8.729777898291472 40.65063605053547)",,,,
1,50,328,1,328_1,"LINESTRING (-8.7290545891344 40.64978810226403, -8.724323908946278 40.6437834918721)",,,,
1,50,328,2,328_2,"LINESTRING (-8.729561478759326 40.64955640998672, -8.724830769501752 40.6435518201176)",,,,
1,50,329,1,329_1,"LINESTRING (-8.723500454264375 40.64442865977982, -8.725631913849002 40.6473063875164)",,,,
1,50,329,2,329_2,"LINESTRING (-8.72298561361753 40.6446498952403, -8.725117058126727 40.647527632369)",,,,
1,50,330,1,330_1,"LINESTRING (-8.715540247917472 40.65316559637971, -8.718270540309884 40.65292222702537, -8.720646569244279 40.652697364529295, -8.722811187698264 40.652460406903685, -8.724960832154071 40.65228655599973, -8.726116315860148 40.65221884661847, -8.726627630687819 40.65220440533234)",,,,
1,50,330,2,330_2,"LINESTRING (-8.715608961725657 40.65361280367718, -8.71834135367976 40.653369247146415, -8.720725081654237 40.65314365598588, -8.722884480094656 40.65290726993316, -8.725014733838544 40.652734987216824, -8.726149960036114 40.652668464909254, -8.726649540596036 40.65265435501457)",,,,
1,3.5,331,1,331_1,"LINESTRING (-8.728895190216033 40.63372836317126, -8.728396044722826 40.63479307517922, -8.7283102129702 40.634975897697295)",,,,
1,3.5,331,2,331_2,"LINESTRING (-8.728856228962961 40.633717762310795, -8.728357084490204 40.63478247082392, -8.728271257330059 40.634965283329265)",,,,
1,3.5,332,1,332_1,"LINESTRING (-8.7263423958339 40.639270919827666, -8.726919853189694 40.63804100093613)",,,,
1,3.5,332,2,332_2,"LINESTRING (-8.72638135393981 40.63928153426655, -8.726958810672086 40.63805161518248)",,,,
1,3.5,333,1,333_1,"LINESTRING (-8.729342499088098 40.63326586159727, -8.729358947838909 40.63324335679561, -8.729370884450118 40.63322037901051, -8.729378766289097 40.63319641717436, -8.729382459210637 40.63317188067888, -8.729381900385484 40.63314718858477, -8.729377099319784 40.6331227625693, -8.729368137701012 40.63309901983636, -8.72935516807163 40.633076366090414, -8.729338411341658 40.633055188677524, -8.729318153163444 40.6330358499976, -8.729294739206203 40.63301868129503, -8.729268569386239 40.63300397693589, -8.729240091129869 40.63299198927833, -8.729209791768698 40.632982924238725, -8.729178190190407 40.632976937647044, -8.72914582789024 40.63297413247153, -8.729114621990648 40.63297453921914, -8.729018691437748 40.632995392649136, -8.728991943246058 40.63300758186048, -8.728966455056648 40.63302295906492, -8.728943832553814 40.63304072724061, -8.72892446203395 40.63306058182251, -8.728908673935132 40.63308218281563, -8.728896737335083 40.633105160656115, -8.72888885550959 40.63312912253039, -8.728885162602904 40.6331536590442, -8.728885721443291 40.633178351135534, -8.728890522523587 40.63320277712729, -8.72889948415529 40.63322651981728, -8.728912453795113 40.63324917350388, -8.728929210532279 40.633270350845095, -8.728949468713973 40.6332896894459, -8.728972882670705 40.63330685806728, -8.72899905248627 40.633321562348655, -8.72902753073456 40.63333354993726, -8.72905783008455 40.63334261492135, -8.729089431649347 40.633348601474815, -8.729121793934578 40.63335140663198, -8.72915436222208 40.63335098212934, -8.729186578210449 40.63334733527129, -8.729217889725655 40.63334052879886, -8.729247760311978 40.63333067976521, -8.729275678518254 40.6333179574438, -8.729301166704266 40.633302580318556, -8.729324733782697 40.633284070338625)",,,,
1,3.5,333,2,333_2,"LINESTRING (-8.729378644541699 40.63328119496755, -8.729396415707185 40.63325688084997, -8.729410353615558 40.63323005057034, -8.729419558179693 40.63320206742334, -8.729423871191685 40.633173410808475, -8.729423218497121 40.633144571812906, -8.729417611319372 40.63311604469127, -8.72940714605895 40.633088318283825, -8.729392002572755 40.63306186753952, -8.729372440973963 40.63303714530675, -8.729348797026988 40.633014574545, -8.72932147624017 40.632994541096046, -8.729290946782694 40.6329773871371, -8.729257731368575 40.63296340541868, -8.729222398262001 40.63295283437103, -8.729185551564983 40.6329458541461, -8.729147820951157 40.6329425836433, -8.729108488607853 40.63294309631308, -8.729002116156526 40.63296621960727, -8.728968382196447 40.6329815922475, -8.728938646159751 40.63299953220409, -8.728912247264194 40.63302026642861, -8.728889637983198 40.633043440695374, -8.728871206164653 40.6330686587598, -8.728857268243223 40.63309548909512, -8.728848063663392 40.63312347228047, -8.72884375063406 40.63315212891376, -8.728844403310829 40.63318096790653, -8.728850010471557 40.633209495004316, -8.72886047571686 40.63323722136855, -8.728875619190894 40.633263672053225, -8.728895180781267 40.63328839421398, -8.728918824724197 40.63331096489629, -8.728946145511628 40.63333099826376, -8.728976674974295 40.63334815214471, -8.729009890397826 40.63336213379404, -8.729045223517433 40.63337270478605, -8.729082070230202 40.63337968497271, -8.729119800861431 40.63338295545716, -8.72915777082 40.633382460547885, -8.72919533147829 40.63337820867183, -8.729231841112517 40.63337027223613, -8.72926667573966 40.6333587864408, -8.729299239686695 40.63334394705412, -8.72932897572742 40.63332600717697, -8.729354430047309 40.633306014919604)",,,,
1,3.5,334,1,334_1,"LINESTRING (-8.730826807370256 40.62859232125913, -8.730154961012875 40.63039298922994)",,,,
1,3.5,334,2,334_2,"LINESTRING (-8.730787015456519 40.62858370325067, -8.730115168116667 40.6303843709927)",,,,
1,3.5,335,1,335_1,"LINESTRING (-8.729364241820017 40.63264233332335, -8.729746228487166 40.63161858318062)",,,,
1,3.5,335,2,335_2,"LINESTRING (-8.729404036076192 40.63265095150485, -8.729786022184689 40.63162720123202)",,,,
1,3.5,336,1,336_1,"LINESTRING (-8.730151731733597 40.63040164415666, -8.729700360262827 40.631611372714296)",,,,
1,3.5,336,2,336_2,"LINESTRING (-8.730111938759531 40.63039302611433, -8.72966056662866 40.63160275451825)",,,,
1,3.5,337,1,337_1,"LINESTRING (-8.726875079652714 40.63803267221795, -8.726299337438638 40.63925893994909)",,,,
1,3.5,337,2,337_2,"LINESTRING (-8.726836122181474 40.63802205797126, -8.726260379345739 40.63924832551042)",,,,
1,3.5,338,1,338_1,"LINESTRING (-8.71419380649034 40.64459910507004, -8.712695870746273 40.64517449533467)",,,,
1,3.5,339,1,339_1,"LINESTRING (-8.730219970044674 40.64946808944958, -8.728174877024756 40.64676471459109)",,,,
1,3.5,339,2,339_2,"LINESTRING (-8.73025582488101 40.649452353636946, -8.72821073089463 40.64674897940604)",,,,
1,3.5,340,1,340_1,"LINESTRING (-8.728376894633113 40.646809449292476, -8.728361606223443 40.64681582302666)",,,,
1,3.5,341,1,341_1,"LINESTRING (-8.730513665125686 40.64835879606313, -8.729934098072873 40.648610842788024)",,,,
1,3.5,341,2,341_2,"LINESTRING (-8.730493146897874 40.648331425298636, -8.729913580004665 40.64858347192175)",,,,
1,3.5,342,1,342_1,"LINESTRING (-8.730259037478186 40.64579369797542, -8.732483011045067 40.64865471637446)",,,,
1,3.5,343,1,343_1,"LINESTRING (-8.721900106112546 40.64272587214633, -8.722364680010344 40.64340622450651)",,,,
1,3.5,343,2,343_2,"LINESTRING (-8.721863397691935 40.64274041613663, -8.722327971317846 40.64342076864277)",,,,
1,3.5,344,1,344_1,"LINESTRING (-8.719546983824225 40.643381239126626, -8.719219260514908 40.64350990409969)",,,,
1,3.5,345,1,345_1,"LINESTRING (-8.719252148002589 40.6435553425862, -8.719579871311906 40.64342667770074)",,,,
1,3.5,346,1,346_1,"LINESTRING (-8.719466912343776 40.64381405508971, -8.720892068123092 40.645819867464404)",,,,
1,3.5,347,1,347_1,"LINESTRING (-8.72092504670178 40.64579821985868, -8.719503912916245 40.64380021959802)",,,,
1,3.5,348,1,348_1,"LINESTRING (-8.72123953210578 40.64593789953611, -8.721489992727879 40.64583410601105)",,,,
1,3.5,349,1,349_1,"LINESTRING (-8.721470107571957 40.64580648141753, -8.72121964694986 40.645910274985546)",,,,
1,3.5,350,1,350_1,"LINESTRING (-8.721666449541752 40.64258768812964, -8.720209201163795 40.643125035364314, -8.720131090048872 40.643184306053314, -8.720066450138026 40.64324724401326, -8.719997607584542 40.64332683015794, -8.719989746448332 40.64336274220005)",,,,
1,3.5,351,1,351_1,"LINESTRING (-8.720033508054536 40.64342554108263, -8.720026335556486 40.643381688238705, -8.720035131466693 40.64334081630128, -8.720100207282378 40.643265584750935, -8.720162236484166 40.64320518877856, -8.720233604962752 40.64315103441888, -8.721677325860291 40.64261900309136)",,,,
1,3.5,352,1,352_1,"LINESTRING (-8.720913014237489 40.64296621259656, -8.720896091023352 40.64299322507314, -8.720857825576635 40.64303021553761, -8.720789844216194 40.64308294187808)",,,,
1,3.5,353,1,353_1,"LINESTRING (-8.72409707578895 40.641951346715665, -8.724422377219625 40.64213380076928, -8.724648984642856 40.64231584128612, -8.724828602738802 40.642515368869105, -8.727870991327986 40.64637626068327)",,,,
1,3.5,353,2,353_2,"LINESTRING (-8.724072542592952 40.641976727002174, -8.724394882777325 40.64215752020614, -8.724616709607597 40.64233572039237, -8.724793769942016 40.64253240680878, -8.727835512767735 40.64639248165478)",,,,
1,3.5,354,1,354_1,"LINESTRING (-8.721398031856197 40.64201163020752, -8.721667910472048 40.64240780941799)",,,,
1,3.5,354,2,354_2,"LINESTRING (-8.721361305187441 40.64202614686959, -8.721631183644606 40.64242232616489)",,,,
1,3.5,355,1,355_1,"LINESTRING (-8.721721187460492 40.64237175821441, -8.721446676766028 40.64198912808284)",,,,
1,3.5,355,2,355_2,"LINESTRING (-8.721757496135952 40.64235664347909, -8.721482985296076 40.64197401343282)",,,,
1,3.5,356,1,356_1,"LINESTRING (-8.732511985265878 40.648615841394786, -8.730288167713542 40.64575768335582)",,,,
1,3.5,357,1,357_1,"LINESTRING (-8.732591560081188 40.64890015433173, -8.731993798971162 40.64934910782504)",,,,
1,3.5,358,1,358_1,"LINESTRING (-8.730599026484455 40.64646073065915, -8.729994515599374 40.64672533305964)",,,,
1,3.5,359,1,359_1,"LINESTRING (-8.73003018142852 40.64676804824485, -8.730683351171992 40.646486105005266)",,,,
1,3.5,360,1,360_1,"LINESTRING (-8.725847094109772 40.643512366620406, -8.72652900233224 40.643188682539325)",,,,
1,3.5,360,2,360_2,"LINESTRING (-8.725868977531178 40.64353911616347, -8.726550885920174 40.64321543195465)",,,,
1,1.67,361,1,361_1,"LINESTRING (-8.700664686486432 40.646291148040326, -8.701729945196005 40.64731271035394, -8.701914488453461 40.647460250614806, -8.702132897171515 40.64760159860087, -8.70238114930448 40.64773610001254, -8.702606263656387 40.64784632354139, -8.702974617513966 40.6479896875041, -8.703632912265377 40.64814726175748, -8.704110237070243 40.64818839018768, -8.704565413145804 40.6481928009503, -8.704972193105682 40.64815582153791, -8.70540789786181 40.64807685803199, -8.705818769554106 40.6479557352349, -8.70958261987066 40.64650530897948, -8.709842927440413 40.646423233817835, -8.710124365749474 40.646340135785486, -8.717132848589008 40.643623710214854, -8.717605559140381 40.64338758185597, -8.721532628547308 40.641869446038044, -8.721779612878835 40.641797457606856)",11,6,,
1,3.5,362,1,362_1,"LINESTRING (-8.727587782949449 40.636514661211166, -8.727384718910082 40.63694717773565, -8.726879057537609 40.63802419968133)",,,,
1,3.5,362,2,362_2,"LINESTRING (-8.727548826391095 40.63650404689672, -8.727345762090096 40.63693656344378, -8.726840100157531 40.638013585250945)",,,,
1,3.5,363,1,363_1,"LINESTRING (-8.727640111342609 40.636506900731014, -8.72835395244931 40.634986433609164)",,,,
1,3.5,363,2,363_2,"LINESTRING (-8.727679067829515 40.63651751520115, -8.72839290816552 40.63499704784133)",,,,
1,3.5,364,1,364_1,"LINESTRING (-8.726923831174048 40.638032528200554, -8.727636133352812 40.6365153736718)",,,,
1,3.5,364,2,364_2,"LINESTRING (-8.726962788548674 40.638043142665964, -8.727675089958362 40.63652598789972)",,,,
1,3.5,365,1,365_1,"LINESTRING (-8.723222009265031 40.64099297739305, -8.722977927634991 40.64109456780032, -8.720984999328687 40.6418573234183)",,,,
1,3.5,366,1,366_1,"LINESTRING (-8.723250570516745 40.64101885945101, -8.725344390881931 40.64016096124486)",,,,
1,3.5,367,1,367_1,"LINESTRING (-8.720974416592409 40.64186137373721, -8.719095819354646 40.64258036327702, -8.718720904523567 40.642661673384495)",,,,
1,3.5,368,1,368_1,"LINESTRING (-8.721010989262886 40.64189453487566, -8.722997333677268 40.641122617093764, -8.723240141089468 40.64102313265864)",,,,
1,3.5,369,1,369_1,"LINESTRING (-8.716318878634366 40.64374117698046, -8.717297384976904 40.64331697614231, -8.717541880948101 40.64317000326099)",,,,
1,3.5,370,1,370_1,"LINESTRING (-8.71628280905567 40.643695655611424, -8.714844292425303 40.644325029655846)",,,,
1,3.5,371,1,371_1,"LINESTRING (-8.714883711633329 40.644363343895684, -8.716308587204967 40.64374563849367)",,,,
1,3.5,372,1,372_1,"LINESTRING (-8.714230886177953 40.64463587765279, -8.714490776956078 40.6445336860959, -8.714873420203931 40.64436780536729)",,,,
1,3.5,373,1,373_1,"LINESTRING (-8.711126635533425 40.64584866768632, -8.712722272426369 40.64522538367682)",,,,
1,3.5,374,1,374_1,"LINESTRING (-8.711092076055 40.64580403232232, -8.709405984906606 40.646465866707366)",,,,
1,3.5,375,1,375_1,"LINESTRING (-8.709425629941547 40.646513104164356, -8.711116097333207 40.64585278407449)",,,,
1,3.5,376,1,376_1,"LINESTRING (-8.709395457521293 40.64646999895778, -8.708376725169893 40.646869874548884, -8.708113052897707 40.646971099824405)",,,,
1,3.5,377,1,377_1,"LINESTRING (-8.712732810626587 40.64522126724995, -8.714149907283725 40.64466771930193, -8.714220362613887 40.64464001561624)",,,,
1,3.5,378,1,378_1,"LINESTRING (-8.71268534336096 40.64517862766502, -8.711102603440315 40.64579990003066)",,,,
1,3.5,379,1,379_1,"LINESTRING (-8.69772520766512 40.63619471380327, -8.697418950688593 40.63617447374187, -8.693807663106211 40.635924063784785)",,,,
1,3.5,380,1,380_1,"LINESTRING (-8.697723367102617 40.63623390682668, -8.69930632574997 40.63633852201555)",,,,
1,3.5,381,1,381_1,"LINESTRING (-8.69930761169798 40.63629929239998, -8.697737015678742 40.63619549417697)",,,,
1,3.5,382,1,382_1,"LINESTRING (-8.699318133763592 40.63633930238754, -8.700812301031291 40.63643804934549, -8.700875793149285 40.63644284969116)",,,,
1,3.5,383,1,383_1,"LINESTRING (-8.700878831063479 40.636403796611006, -8.700808962067727 40.636398514135976, -8.699319419711603 40.636300072772435)",,,,
1,3.5,384,1,384_1,"LINESTRING (-8.700887587465266 40.636443741404854, -8.7019905973556 40.63652713482959, -8.70312280717125 40.63660561031687)",,,,
1,3.5,385,1,385_1,"LINESTRING (-8.70313331864539 40.63656703575265, -8.701987345382392 40.63648760624977, -8.70089062537946 40.636404688325236)",,,,
1,3.5,386,1,386_1,"LINESTRING (-8.703134610746012 40.636606428443265, -8.705949251240687 40.636801515807846, -8.706139412650527 40.63681472857367)",,,,
1,3.5,387,1,387_1,"LINESTRING (-8.70614964212504 40.63677613690933, -8.705945829505882 40.63676197562401, -8.703145122220151 40.63656785387953)",,,,
1,3.5,388,1,388_1,"LINESTRING (-8.706151215985047 40.63681554869107, -8.708952621449193 40.63701019520934)",,,,
1,3.5,389,1,389_1,"LINESTRING (-8.708963902288145 40.63697167670797, -8.706161445459557 40.636776957027195)",,,,
1,3.5,390,1,390_1,"LINESTRING (-8.70896442478371 40.63701101532435, -8.709723394375287 40.637063749751704, -8.712755644640222 40.63727254348583, -8.715348645953261 40.637456001723464)",,,,
1,3.5,391,1,391_1,"LINESTRING (-8.715360447478075 40.637456836695655, -8.716874919944843 40.63756398737086, -8.720242825366768 40.63779009721585)",,,,
1,3.5,392,1,392_1,"LINESTRING (-8.72025378480195 40.63775152299225, -8.716871478392862 40.63752444618055, -8.715349882707299 40.63741679146521)",,,,
1,3.5,393,1,393_1,"LINESTRING (-8.720254631957742 40.637790889869336, -8.720455427788995 40.637804370601884, -8.72228165401854 40.637919303196306, -8.722614590785355 40.63795218107474, -8.72294444353174 40.63801393344417, -8.723155578611246 40.63810042799952, -8.72334534929217 40.63821600693075, -8.723533355595006 40.63833032386642)",,,,
1,3.5,394,1,394_1,"LINESTRING (-8.723580962873477 40.638315117150384, -8.72336412064785 40.63818326653583, -8.723171409069236 40.63806589640573, -8.722952310388502 40.63797613939669, -8.722615064928709 40.63791300298673, -8.722278852382269 40.63787980160184, -8.720451775056546 40.63776481537601, -8.720265591392923 40.63775231564617)",,,,
1,3.5,395,1,395_1,"LINESTRING (-8.728294363351699 40.64251477869371, -8.727436260893935 40.641643967969294, -8.727361862581041 40.64156630245185, -8.727294681505011 40.64148756398679, -8.727185849534115 40.641347056030675, -8.72667137976713 40.640680079738694)",,,,
1,3.5,395,2,395_2,"LINESTRING (-8.728327454929047 40.642495857637265, -8.72746952010071 40.64162521746112, -8.727395945853678 40.64154841223893, -8.727329862296497 40.64147096014919, -8.727221504398035 40.64133106434047, -8.726707053390115 40.64066411282658)",,,,
1,3.5,396,1,396_1,"LINESTRING (-8.728244634899548 40.642526378895425, -8.729417732272378 40.64371209773012)",,,,
1,3.5,396,2,396_2,"LINESTRING (-8.728211590606993 40.642545347856355, -8.729384687727189 40.64373106702285)",,,,
1,3.5,396,3,396_3,"LINESTRING (-8.728178546295739 40.642564316807785, -8.72935164316328 40.64375003630603)",,,,
1,3.5,397,1,397_1,"LINESTRING (-8.729445860786143 40.64368331164313, -8.728301460973153 40.642521981381634)",,,,
1,3.5,397,2,397_2,"LINESTRING (-8.729478952901571 40.64366439055094, -8.728334552838188 40.64250306061355)",,,,
1,3.5,398,1,398_1,"LINESTRING (-8.729424848466152 40.64371929042339, -8.730332819374224 40.644637015719944, -8.730431379723218 40.64472754090551, -8.730537329247815 40.64483098556937, -8.730597955116997 40.64490670177515, -8.730619894891797 40.644934102540134)",,,,
1,3.5,398,2,398_2,"LINESTRING (-8.72939180362127 40.64373825941676, -8.73030035401978 40.64465657087362, -8.730399135008133 40.644747298751845, -8.730503241399756 40.6448489439082, -8.730562628562899 40.6449231131292, -8.730584568318625 40.64495051388832)",,,,
1,3.5,398,3,398_3,"LINESTRING (-8.729358758757682 40.6437572284006, -8.730267888646393 40.64467612601812, -8.730366890274018 40.64476705658911, -8.730469153533427 40.64486690223693, -8.730527301986449 40.644939524466096, -8.730549241728145 40.64496692522566)",,,,
1,3.5,399,1,399_1,"LINESTRING (-8.733030874293172 40.645761383466095, -8.733393595968426 40.64585843869477, -8.733471463929565 40.64588012399002, -8.733519602922277 40.645910061343436, -8.733551583112062 40.64594043016172, -8.73357674024841 40.64597880330974, -8.733810108109914 40.64639991194383)",,,,
1,3.5,400,1,400_1,"LINESTRING (-8.733027663976975 40.64572750306817, -8.731429896036719 40.64529997851821)",,,,
1,3.5,401,1,401_1,"LINESTRING (-8.733850243122653 40.646389031747574, -8.733617664250328 40.645966913975336, -8.733589929800932 40.6459246095438, -8.733552457291056 40.64588902513465, -8.733495513851112 40.64585361233523, -8.733410816552373 40.645830025141485, -8.733038841980408 40.64573049402536)",,,,
1,3.5,402,1,402_1,"LINESTRING (-8.73381470230526 40.64640820207037, -8.73432939292283 40.64733694368341)",,,,
1,3.5,403,1,403_1,"LINESTRING (-8.734495031473973 40.64769408412565, -8.734507419557515 40.64768441889821, -8.734565881285592 40.647636047259745, -8.734581516643031 40.64761478830432, -8.734626342893396 40.64756087424422, -8.734661550396998 40.6475288069019, -8.734696718201894 40.647496722876404, -8.734725828209138 40.64746403387417, -8.734731968020965 40.64745182127582)",,,,
1,3.5,404,1,404_1,"LINESTRING (-8.733427838036205 40.64846125165263, -8.732853189633992 40.648913450928454, -8.732086204365334 40.64951699813789)",,,,
1,3.5,405,1,405_1,"LINESTRING (-8.733474731278674 40.648490121212596, -8.734486768098193 40.647700531240474)",,,,
1,3.5,406,1,406_1,"LINESTRING (-8.732077977499168 40.649523471899016, -8.732064816516651 40.64953382833908, -8.73127644339931 40.6501541999823)",,,,
1,3.5,407,1,407_1,"LINESTRING (-8.73212296483471 40.649544753277375, -8.733466467902893 40.64849656825052)",,,,
1,3.5,408,1,408_1,"LINESTRING (-8.729971763456765 40.63343860353101, -8.730553546534326 40.633609978963015)",,,,
1,3.5,409,1,409_1,"LINESTRING (-8.729989481089145 40.63335012037945, -8.72982010810417 40.633295932788876)",,,,
1,3.5,410,1,410_1,"LINESTRING (-8.73059164692429 40.63354169054114, -8.730000412152457 40.63335359794061)",,,,
1,3.5,411,1,411_1,"LINESTRING (-8.730564596039907 40.63361323380385, -8.731038897608526 40.63375294815108)",,,,
1,3.5,412,1,412_1,"LINESTRING (-8.730952112760566 40.63426557836673, -8.731197916332059 40.63382632882822)",,,,
1,3.5,413,1,413_1,"LINESTRING (-8.730887375161055 40.63425313364087, -8.730558246985359 40.63485261060263)",,,,
1,3.5,414,1,414_1,"LINESTRING (-8.729870381740941 40.63391534747657, -8.729723258549408 40.63421612372833)",,,,
1,3.5,415,1,415_1,"LINESTRING (-8.729719133785006 40.63422455630983, -8.729564750415177 40.634540173654855)",,,,
1,3.5,416,1,416_1,"LINESTRING (-8.729560625650773 40.63454860619544, -8.729310689951001 40.6350595650106)",,,,
1,3.5,417,1,417_1,"LINESTRING (-8.729794042779915 40.63526547104534, -8.730203279982911 40.63538686240963)",,,,
1,3.5,418,1,418_1,"LINESTRING (-8.730614040115109 40.63487007128301, -8.730947479725636 40.63427385754519)",,,,
1,3.5,419,1,419_1,"LINESTRING (-8.730553688464543 40.63486091349485, -8.730365791332058 40.63520314853285)",,,,
1,50,420,1,420_1,"LINESTRING (-8.729637948594577 40.65241136961428, -8.73167179978674 40.65217260972262, -8.733130253283138 40.65173524986774, -8.734840487242279 40.65058846104433, -8.73790658030829 40.6483862720109, -8.739411800409767 40.64758546555551, -8.741522814729407 40.6470602096732, -8.752160147790986 40.6459839889883, -8.754829068158731 40.645819874459086, -8.757854154210921 40.64494612583046, -8.763244541879429 40.64303494622146)",,,,
1,50,421,1,421_1,"LINESTRING (-8.762655594475179 40.64257461828893, -8.757284918651093 40.644478822231335, -8.754359027567139 40.64532392604867, -8.751758940894875 40.64548380911967, -8.741052127255424 40.6465670674884, -8.73880549942057 40.64712607028441, -8.737192671627655 40.647984131669325, -8.734102363186613 40.65020372622692, -8.73247763840748 40.651293184047084, -8.73117847079601 40.651682780100145, -8.729211153890764 40.65190612981375)",,,,
1,50,422,1,422_1,"LINESTRING (-8.729448961706911 40.651184471541804, -8.731241005494963 40.651064936258685, -8.732265530171155 40.65075470013018, -8.733856077227436 40.649704292143504, -8.735717552061574 40.648366888923505, -8.737299152785077 40.647178055530276, -8.73863288221069 40.64654729667156, -8.740184887177708 40.646151787003284, -8.741854938888027 40.645803399101354, -8.744513316052139 40.645550059583854, -8.74738539395683 40.645260847784385, -8.750062420631961 40.64498662706685, -8.754301511620595 40.64449401673443, -8.756736268841758 40.64375290586311, -8.759820402988145 40.64276792893788, -8.762448631761433 40.64189708307941)",,,,
1,7,423,1,423_1,"LINESTRING (-8.718325793743876 40.64440062943932, -8.719143601059141 40.64558826102713)",,,,
1,3.5,424,1,424_1,"LINESTRING (-8.719195234682026 40.64562581692136, -8.719210129748465 40.645646735802934)",,,,
1,3.5,424,2,424_2,"LINESTRING (-8.719158861082008 40.6456408432917, -8.719173756140432 40.64566176217789)",,,,
1,3.5,425,1,425_1,"LINESTRING (-8.719064528450097 40.64432692435764, -8.719003692970979 40.644239637405306)",,,,
1,3.5,425,2,425_2,"LINESTRING (-8.7191010756368 40.64431214540213, -8.719040240123494 40.644224858468824)",,,,
1,3.5,443,1,443_1,"LINESTRING (-8.706687755820399 40.65081202710305, -8.706688625114328 40.65077643393304)",,,,
1,3.5,443,2,443_2,"LINESTRING (-8.706729130757244 40.650812613279356, -8.706730000029193 40.65077702010905)",,,,
1,3.5,444,1,444_1,"LINESTRING (-8.705947116976628 40.650720068584974, -8.705939606149602 40.65075791957183, -8.705939556395993 40.650759956782096)",,,,
1,3.5,444,2,444_2,"LINESTRING (-8.705906199603904 40.65071535863642, -8.705898281884075 40.650755260045, -8.705898181491678 40.6507593706059)",,,,
1,3.5,445,1,445_1,"LINESTRING (-8.706215651314805 40.650513291561644, -8.706194650213511 40.65051946917725, -8.70614771835036 40.650533451022454, -8.706104791276283 40.650551458420985, -8.70607897523651 40.65056608718011, -8.706054058024645 40.65058106530434, -8.705974662436015 40.6506663025351)",,,,
1,3.5,445,2,445_2,"LINESTRING (-8.706200742310095 40.65048389002675, -8.706179658401558 40.65049009200029, -8.70613012415671 40.65050484914015, -8.706082354655603 40.650524887876955, -8.706053800788425 40.65054106803373, -8.70602374989246 40.650559132090166, -8.705940911373014 40.65064806552857)",,,,
1,3.5,625,1,625_1,"LINESTRING (-8.719132930151124 40.64600038309653, -8.718961930082914 40.64606232907111, -8.714225532520366 40.6478467086139)",,,,
1,3.5,625,2,625_2,"LINESTRING (-8.71911515798693 40.645971920025914, -8.718943869803699 40.646033970366204, -8.714207187726505 40.64781845692982)",,,,
1,3.5,626,1,626_1,"LINESTRING (-8.70652403990465 40.65055125426152, -8.706480924676319 40.650531551423065, -8.706435907600577 40.65051665705873, -8.706388710733682 40.65050634760656, -8.706340142331605 40.65050080006197, -8.706291034361314 40.65050010969202, -8.706245742920888 40.65050398742569)",,,,
1,3.5,626,2,626_2,"LINESTRING (-8.706545330607149 40.650524227622974, -8.706499894806134 40.65050346432911, -8.706449915274673 40.650486928086345, -8.706397520925943 40.650475483322076, -8.706343607537194 40.65046932526636, -8.706289096633238 40.65046855894086, -8.706241120236903 40.65047266655394)",,,,
1,3.5,627,1,627_1,"LINESTRING (-8.707054431422794 40.650598360755204, -8.71393797555864 40.648002169239625)",,,,
1,3.5,627,2,627_2,"LINESTRING (-8.707072793539025 40.65062660618369, -8.713956339865472 40.64803041358625)",,,,
1,3.5,628,1,628_1,"LINESTRING (-8.706688063721746 40.65076954229218, -8.706683186276285 40.650736750351705, -8.706671362261883 40.65070060499275, -8.70665342006647 40.650665938082156, -8.706629665725231 40.65063334243558, -8.706600504620795 40.65060337573725, -8.706566434709243 40.65057655100192, -8.706536142713782 40.65055822960702)",,,,
1,3.5,628,2,628_2,"LINESTRING (-8.70672918277619 40.65076599443336, -8.70672399888599 40.650731142352704, -8.70671085893342 40.650690974317, -8.706690921744856 40.65065245283444, -8.70666452941194 40.65061623736916, -8.706632134575573 40.65058294762187, -8.706594292518895 40.65055315292158, -8.706561877255785 40.65053354732377)",,,,
1,3.5,629,1,629_1,"LINESTRING (-8.70537782021768 40.651328085889325, -8.70584145393048 40.651128847374466)",,,,
1,3.5,629,2,629_2,"LINESTRING (-8.705398155555505 40.651355536099196, -8.705861789397822 40.65115629750363)",,,,
1,3.5,630,1,630_1,"LINESTRING (-8.706149092043573 40.651042655046, -8.706186432960127 40.65105500957057, -8.70623362980689 40.65106531892855, -8.706282198186786 40.65107086642105, -8.70633130613311 40.65107155678444, -8.706373219834594 40.651067968275605)",,,,
1,3.5,630,2,630_2,"LINESTRING (-8.706132603914506 40.65107156337601, -8.70617242516544 40.651084738538394, -8.706224819536496 40.65109618320856, -8.706278732949832 40.65110234121215, -8.706333243880302 40.65110310753111, -8.70637784258097 40.651099289142294)",,,,
1,3.5,631,1,631_1,"LINESTRING (-8.706382260751427 40.65106697362284, -8.706427780752309 40.65105840231467, -8.706473494939619 40.65104478335126, -8.706516472268396 40.6510267550144, -8.706555977319983 40.65100462657206, -8.706591334494675 40.65097877740484, -8.70662193952099 40.650949650399326, -8.706647273261582 40.650917739778244, -8.706668192086877 40.65088141173353)",,,,
1,3.5,631,2,631_2,"LINESTRING (-8.706392192588991 40.651097570558626, -8.706440337353905 40.651088505012794, -8.706491089275982 40.651073385229346, -8.706538808523785 40.651053367727066, -8.706582678672355 40.6510287942052, -8.70662194874858 40.65100008435809, -8.706655946130995 40.650967728810144, -8.706684084591856 40.65093228531318, -8.70670608968371 40.65089407080026)",,,,
1,3.5,632,1,632_1,"LINESTRING (-8.706893013334845 40.65118355294935, -8.71259303166461 40.65446108427721, -8.713575702118996 40.654728770103716, -8.71462416571425 40.65485979675792)",,,,
1,3.5,632,2,632_2,"LINESTRING (-8.70686807771535 40.65120870657992, -8.712573141940936 40.65448913973665, -8.713565297829765 40.65475940948421, -8.714617464740632 40.65489089896104)",,,,
1,3.5,633,1,633_1,"LINESTRING (-8.714630617288506 40.654802454243665, -8.71357642727677 40.6546669647209, -8.712616412008162 40.65440883425143, -8.706928924389905 40.65113641215245)",,,,
1,3.5,633,2,633_2,"LINESTRING (-8.714637503643006 40.654771375536754, -8.713586836250617 40.6546363387758, -8.712636238374355 40.654380740496734, -8.706953870133862 40.65111126436104)",,,,
1,3.5,634,1,634_1,"LINESTRING (-8.706674190078987 40.65086998858258, -8.706680510316524 40.65084784824161)",,,,
1,3.5,634,2,634_2,"LINESTRING (-8.706714627491925 40.65087668476933, -8.706720947716725 40.65085454442619)",,,,
1,3.5,635,1,635_1,"LINESTRING (-8.705938888381487 40.650776122740815, -8.705938682615326 40.650800368793284, -8.70594420105958 40.65083747009223, -8.705956025094327 40.65087361536893, -8.705973967306626 40.650908282159854, -8.705997721660152 40.65094087765742, -8.706026882771422 40.65097084418763, -8.706060952683492 40.65099766874676, -8.706099349234245 40.651020891821716, -8.706140756354094 40.65103981393814)",,,,
1,3.5,635,2,635_2,"LINESTRING (-8.705897507174168 40.6507759190139, -8.705897285422207 40.65080204681861, -8.705903388385048 40.650843078089785, -8.705916528315015 40.650883246042966, -8.705936465484825 40.65092176740542, -8.705962857804112 40.65095798272121, -8.705995252632901 40.65099127229988, -8.70603309468896 40.65102106682413, -8.706075735700722 40.65104685704796, -8.706119465486456 40.65106684057367)",,,,
1,3.5,659,1,659_1,"LINESTRING (-8.715338081182487 40.63741595649253, -8.71275224954113 40.637233005409506, -8.709719981835221 40.63702421036128, -8.708975705622665 40.63697249682343)",,,,
1,3.5,660,1,660_1,"LINESTRING (-8.722478017432639 40.63885305727035, -8.723086942995256 40.63843014191311, -8.723269333000946 40.63831311741324)",,,,
1,3.5,661,1,661_1,"LINESTRING (-8.723582024591005 40.638360154909876, -8.72382856647331 40.63850982597995, -8.724332719343213 40.63881098409659)",,,,
1,3.5,839,1,839_1,"LINESTRING (-8.731120906650071 40.645259969169274, -8.731133599437728 40.645239389030046, -8.731142230786856 40.64521871593109, -8.731147231642417 40.64519736628958, -8.731148516976477 40.64517570470282, -8.731146643367367 40.64515919724288)",,,,
1,3.5,839,2,839_2,"LINESTRING (-8.731158358519034 40.64527337059801, -8.731172207757497 40.6452509153636, -8.73118248814568 40.645226292586976, -8.73118844515401 40.64520086087431, -8.731189976318378 40.64517505606905, -8.731187868192622 40.64515648249811)",,,,
1,3.5,840,1,840_1,"LINESTRING (-8.726665392559775 40.64067231767801, -8.726417940255942 40.64035150959364)",,,,
1,3.5,840,2,840_2,"LINESTRING (-8.72670106608732 40.64065635064749, -8.726453613671673 40.640335542638674)",,,,
1,3.5,841,1,841_1,"LINESTRING (-8.730724840773366 40.64512220175622, -8.730717628716034 40.6451394755363, -8.730712388789872 40.64516184589643)",,,,
1,3.5,841,2,841_2,"LINESTRING (-8.730685408242667 40.645112649685565, -8.730677371409353 40.645131898879626, -8.730671653469836 40.64515630991794)",,,,
1,3.5,842,1,842_1,"LINESTRING (-8.730593264968942 40.645071723999756, -8.730589904895153 40.645101504413795, -8.730578938900845 40.645130323331394, -8.730561877983673 40.645158153331955, -8.730540233141301 40.64518496699476, -8.730515515371387 40.64521073689916, -8.730489235671591 40.6452354356245, -8.730462905039571 40.645259035750094)",,,,
1,3.5,843,1,843_1,"LINESTRING (-8.73058572645486 40.64525988645692, -8.730539496651787 40.64527753209275, -8.730501650298132 40.64530217064112)",,,,
1,3.5,844,1,844_1,"LINESTRING (-8.730536499582708 40.64542916300109, -8.730678724893671 40.64536942478526)",,,,
1,3.5,844,2,844_2,"LINESTRING (-8.730556480584218 40.6454567630297, -8.730698705935943 40.645397024789546)",,,,
1,3.5,845,1,845_1,"LINESTRING (-8.730711724425714 40.64518585127393, -8.73071379460174 40.645204090482466, -8.730719942338425 40.645225267410325, -8.73072968121973 40.645245655878036, -8.730742845531703 40.64526490743943, -8.730759211082384 40.64528269280065, -8.730778498876175 40.6452987074396, -8.730800379731447 40.64531267684987, -8.730824479786522 40.64532436131385, -8.730850386817716 40.64533356011094, -8.730869818157089 40.64533823079521)",,,,
1,3.5,845,2,845_2,"LINESTRING (-8.730670499582374 40.64518856601863, -8.730672804211897 40.64520887098035, -8.730680127152821 40.64523409615209, -8.730691726084244 40.64525837868704, -8.730707401624286 40.64528130270031, -8.730726884507044 40.6453024758526, -8.730749840351574 40.64532153607811, -8.730775875539065 40.645338157745854, -8.730804544074472 40.64535205715482, -8.730835355296163 40.64536299728144, -8.730857365653844 40.64536828788129)",,,,
1,3.5,846,1,846_1,"LINESTRING (-8.726622630784915 40.64069465596372, -8.727210473076816 40.64146172424118, -8.727343440285827 40.64161547394868, -8.72823751870771 40.642519186075546)",,,,
1,3.5,846,2,846_2,"LINESTRING (-8.72658689785399 40.640710545757, -8.727175304486524 40.64147835095792, -8.727309608255105 40.64163364621827, -8.72820447471288 40.64253815533386)",,,,
1,3.5,846,3,846_3,"LINESTRING (-8.726551164906116 40.64072643553917, -8.727140135878784 40.64149497766391, -8.727275776206044 40.641651818477875, -8.728171430699344 40.64255712458264)",,,,
1,3.5,847,1,847_1,"LINESTRING (-8.731412924557464 40.645328458951816, -8.73301969628974 40.64575839251031)",,,,
1,3.5,848,1,848_1,"LINESTRING (-8.730878569176825 40.64534023804535, -8.730905823916094 40.645343913409, -8.730934403888941 40.64534488972531, -8.730962907143322 40.64534302721044, -8.730990844964587 40.645338357935465, -8.731017738490454 40.64533096227578, -8.731039053536184 40.64532257109329)",,,,
1,3.5,848,2,848_2,"LINESTRING (-8.730871355607773 40.64537127358363, -8.730901270855771 40.64537530772262, -8.73093524891023 40.645376468441995, -8.730969136117563 40.645374254118444, -8.73100235367423 40.645368702436116, -8.731034334056979 40.645359907901664, -8.731058052118174 40.645350570713475)",,,,
1,3.5,849,1,849_1,"LINESTRING (-8.734333987118177 40.64734523369355, -8.734406300753653 40.64747572012336)",,,,
1,3.5,850,1,850_1,"LINESTRING (-8.73105690834999 40.645312946078384, -8.731067028658565 40.645308231468384, -8.73108768454874 40.64529390912812, -8.731106968073652 40.64527652001954)",,,,
1,3.5,850,2,850_2,"LINESTRING (-8.731078497855474 40.64533983410204, -8.73109197417493 40.64533355607181, -8.731117545055419 40.64531582578052, -8.731138578923176 40.64529685827564)",,,,
1,3.5,851,1,851_1,"LINESTRING (-8.734226239853276 40.64707143934265, -8.73385481478912 40.646397329042266)",,,,
1,3.5,852,1,852_1,"LINESTRING (-8.731317073414989 40.65017349222543, -8.73211470145893 40.649551200213395)",,,,
1,3.5,853,1,853_1,"LINESTRING (-8.734735588363161 40.647443877029104, -8.734741956380317 40.64743038072228, -8.734740896495431 40.64739471688114, -8.734695874597543 40.647327118286235, -8.734619272467262 40.64727661132697, -8.734521616848719 40.647237498805076, -8.734427498536041 40.6472084275971)",,,,
1,3.5,854,1,854_1,"LINESTRING (-8.734429935868675 40.64767267880517, -8.733641562751334 40.64829306775048, -8.733436064902373 40.64845477778842)",,,,
1,3.5,855,1,855_1,"LINESTRING (-8.730656507796063 40.64491786068512, -8.730634568047499 40.644890459909185, -8.730572708630628 40.64481320299205, -8.730464921216312 40.644707963738036, -8.730366603137984 40.6446176609445, -8.729452958403671 40.643690514201)",,,,
1,3.5,855,2,855_2,"LINESTRING (-8.73069183435631 40.64490144934217, -8.730669894590864 40.644874048563125, -8.73060679646495 40.64479524465792, -8.730497165917559 40.644688205896365, -8.73039909376024 40.644598129016096, -8.729486050814648 40.64367159340512)",,,,
1,3.5,856,1,856_1,"LINESTRING (-8.726374955048966 40.640366512444466, -8.726499613775175 40.64053564908342)",,,,
1,3.5,856,2,856_2,"LINESTRING (-8.726338876652518 40.64038194237203, -8.726463535316384 40.640551079049494)",,,,
1,3.5,857,1,857_1,"LINESTRING (-8.72639111857669 40.63997998210511, -8.726408082246385 40.639940485810975, -8.726417917606609 40.639900418464364)",,,,
1,3.5,857,2,857_2,"LINESTRING (-8.726430442759609 40.63998978290119, -8.726448252556683 40.63994831652168, -8.726459027471861 40.63990442150243, -8.726459143265725 40.63990277320254)",,,,
1,3.5,858,1,858_1,"LINESTRING (-8.725607257050676 40.639896440589744, -8.725608457852434 40.63990815266493, -8.725619508964535 40.639947779407095, -8.725637282547456 40.6399859740898, -8.72566147539769 40.64002208361719, -8.72569167461815 40.64005549027389, -8.725727364521955 40.6400856222758, -8.72576793529852 40.64011196358386, -8.72580765471601 40.64013157500287)",,,,
1,3.5,858,2,858_2,"LINESTRING (-8.725566007312374 40.6398988947145, -8.725567420049614 40.639912673994495, -8.725579602173461 40.63995635637878, -8.725599193283339 40.63999845690308, -8.725625857262616 40.64003825479664, -8.725659136833857 40.64007506898643, -8.725698461544324 40.64010826976812, -8.725743157683759 40.64013728954981, -8.7257851502715 40.64015802334826)",,,,
1,3.5,859,1,859_1,"LINESTRING (-8.726576388894966 40.63971465494672, -8.726623417110117 40.63964828767878, -8.726695953678835 40.639599125932264, -8.726793666517596 40.63954630750521, -8.72690136354099 40.63951069121014, -8.727031627305749 40.63948902769297, -8.727140214854364 40.639468798781834, -8.727316724446192 40.63945736630156, -8.727495340554949 40.639462614303326, -8.727673956663706 40.63946786230468)",,,,
1,3.5,860,1,860_1,"LINESTRING (-8.72561640962594 40.63978963991571, -8.725607159020372 40.63982732524531, -8.725604296379835 40.639868074335965, -8.725604935624201 40.63988038257288)",,,,
1,3.5,860,2,860_2,"LINESTRING (-8.725575739257547 40.63978384673537, -8.72556598829361 40.639823570336915, -8.725562877270361 40.63986785471556, -8.725563592623946 40.639881628550164)",,,,
1,3.5,863,1,863_1,"LINESTRING (-8.725744699795499 40.63963250255309, -8.725720044184316 40.639647959660465, -8.725685615741247 40.6396784926133, -8.725656499350006 40.639712447830874, -8.725633474275739 40.63974899399049, -8.725618873587734 40.63978298873502)",,,,
1,3.5,863,2,863_2,"LINESTRING (-8.725718407687612 40.63960816618177, -8.725690989311904 40.63962535531786, -8.72565246051206 40.63965952466886, -8.725620373385222 40.6396969443034, -8.725594995875472 40.63973722429094, -8.725579549526072 40.63977318793879)",,,,
1,3.5,864,1,864_1,"LINESTRING (-8.725978684003348 40.639555139229394, -8.725901779202191 40.63956591521391, -8.725852131851727 40.63957921806795, -8.725788488197217 40.639606675002646)",,,,
1,3.5,864,2,864_2,"LINESTRING (-8.72597119892453 40.63952414107606, -8.725891107150195 40.639535363621434, -8.725834938218478 40.63955041391214, -8.725768098710597 40.639579249589175)",,,,
1,3.5,879,1,879_1,"LINESTRING (-8.725318181490165 40.64012051294867, -8.723232401311932 40.64098865206504)",,,,
1,3.5,880,1,880_1,"LINESTRING (-8.718731381970127 40.642720722801414, -8.719075916310654 40.64264651935503, -8.721000439606152 40.64189863457772)",,,,
1,3.5,881,1,881_1,"LINESTRING (-8.726298439741344 40.63964297715956, -8.726256837106028 40.6396159656924, -8.726212079074827 40.63959386627966, -8.726163899454443 40.63957638789324, -8.726113122860674 40.63956383037771, -8.726059672733651 40.639556275538226, -8.72604849655883 40.63955502463288)",,,,
1,3.5,881,2,881_2,"LINESTRING (-8.726325278807955 40.63961898975393, -8.726281614527634 40.63959063972265, -8.726232312282779 40.63956629659466, -8.726179247663968 40.639547046052186, -8.72612332837244 40.6395332167011, -8.726066456563702 40.63952517822899, -8.726054511215771 40.63952384123318)",,,,
1,3.5,882,1,882_1,"LINESTRING (-8.725815519391412 40.6401350880282, -8.725860872924736 40.640151541033646, -8.725911649498032 40.64016409842739, -8.725964153617559 40.64017151948336, -8.725974757096868 40.64017194839988)",,,,
1,3.5,882,2,882_2,"LINESTRING (-8.725797729477305 40.64016354413157, -8.725845524575398 40.64018088286992, -8.725901443889502 40.640194712099195, -8.725959261707677 40.64020288420594, -8.725972563088538 40.64020342225422)",,,,
1,3.5,883,1,883_1,"LINESTRING (-8.725449311400778 40.63947120639275, -8.72459619868705 40.63895503585155)",,,,
1,3.5,884,1,884_1,"LINESTRING (-8.72457033613915 40.63898943322319, -8.725423448852878 40.639505603498414)",,,,
1,3.5,885,1,885_1,"LINESTRING (-8.718320376936653 40.64279723599277, -8.71832011042864 40.64277138080674, -8.718315587464676 40.64274679967265, -8.718306874313537 40.64272287558451, -8.718294119286709 40.642700017333176, -8.718277539632588 40.642678615742405, -8.718257417972316 40.64265903702499, -8.718237011331007 40.642643793075976)",,,,
1,3.5,885,2,885_2,"LINESTRING (-8.718361752804949 40.64279698852181, -8.71836146490482 40.6427690596589, -8.718356186273082 40.64274037176207, -8.718346018349676 40.642712453286336, -8.718331135883641 40.64268578248369, -8.718311794511726 40.642660815989174, -8.71828832623159 40.642637980964494, -8.718265982447964 40.6426212899582)",,,,
1,3.5,886,1,886_1,"LINESTRING (-8.718230068043383 40.64263930810592, -8.718207976889309 40.64262665286305, -8.718179502317211 40.64261440286424, -8.71814916115056 40.64260507692206, -8.718117472965362 40.64259883533977, -8.718084980718816 40.642595785465076, -8.718052241343237 40.64259597977052, -8.718019816069118 40.642599414912766, -8.717988260664205 40.6426060317925, -8.71795811577927 40.64261571661392, -8.717929897586739 40.64262830291845, -8.717904088889604 40.642643574545346, -8.71788113086155 40.64266126945219, -8.717861415560382 40.64268108431128, -8.717845279334362 40.642702679786055, -8.717832997217036 40.64272568638443, -8.71782477838402 40.64274971077971, -8.717820762724076 40.642774342492004, -8.717821018559805 40.642799160822165, -8.717824055640653 40.64281566649955)",,,,
1,3.5,886,2,886_2,"LINESTRING (-8.718254937755386 40.642614118437805, -8.71823068249025 40.64260022345445, -8.718197494429452 40.64258594567522, -8.718162137200519 40.64257507795037, -8.718125215345149 40.642567805498786, -8.718087359842919 40.64256425220376, -8.718049217430925 40.64256447857577, -8.71801143968566 40.64256848076023, -8.71797467203242 40.64257619060052, -8.717939542846887 40.6425874767562, -8.717906652814 40.642602146863574, -8.717876564709401 40.64261995071489, -8.717849793769195 40.64264058441799, -8.71782679881201 40.642663695483265, -8.717807974273947 40.642688888768596, -8.717793643309827 40.64271573319406, -8.717784052101367 40.64274376911845, -8.717779365494547 40.64277251625307, -8.71777966406505 40.642801481969286, -8.71778307901377 40.642820041314174)",,,,
1,3.5,887,1,887_1,"LINESTRING (-8.717825365542014 40.64282325869382, -8.717834254702808 40.642847665979914, -8.717847009740348 40.642870524172416, -8.71786358940195 40.64289192569157, -8.717883711065854 40.64291150432932, -8.717907031411086 40.64292892476019, -8.717933152144884 40.64294388833052, -8.717961626708497 40.642956138258654, -8.717986217137446 40.64296369655719)",,,,
1,3.5,887,2,887_2,"LINESTRING (-8.71778471796354 40.64282894857166, -8.717784942679558 40.642830169843364, -8.717795110587623 40.64285808827685, -8.717809993041186 40.64288475902035, -8.717829334404382 40.64290972544293, -8.717852802680271 40.642932560387884, -8.717879995353954 40.642952873476695, -8.717910446426343 40.642970317736165, -8.717943634496942 40.64298459544509, -8.717970733852965 40.64299292490719)",,,,
1,3.5,888,1,888_1,"LINESTRING (-8.718520366610129 40.64332522455938, -8.718294192532083 40.643071076389134)",,,,
1,3.5,889,1,889_1,"LINESTRING (-8.718241822900584 40.6430865333245, -8.718426176667226 40.643356134955624)",,,,
1,3.5,890,1,890_1,"LINESTRING (-8.717655167244656 40.64304540094655, -8.717273723978476 40.643274590586934, -8.716927850312384 40.643433036570784, -8.716293253265581 40.64369140341352)",,,,
1,3.5,891,1,891_1,"LINESTRING (-8.718264333812327 40.64290491428377, -8.718279713365693 40.64288945713156, -8.71829584959946 40.642867861727304, -8.718308131727804 40.642844855185984, -8.718316693749316 40.642819827701565)",,,,
1,3.5,891,2,891_2,"LINESTRING (-8.718297310056807 40.642923952017675, -8.718314330230665 40.642906845958144, -8.718333154759673 40.642881652743256, -8.7183474857109 40.642854808375176, -8.718356733729223 40.64282777562001)",,,,
1,3.5,892,1,892_1,"LINESTRING (-8.717994816877491 40.64296602530686, -8.718023656036467 40.64297170568619, -8.7180561482676 40.64297475554084, -8.71808603668379 40.6429745781565)",,,,
1,3.5,892,2,892_2,"LINESTRING (-8.717984458235733 40.64299653983557, -8.718015913609191 40.64300273552408, -8.718053769129302 40.64300628879913, -8.718086359065962 40.643006095381956)",,,,
1,3.5,893,1,893_1,"LINESTRING (-8.708130665359363 40.64701893093327, -8.709415091741329 40.646517220511534)",,,,
1,3.5,894,1,894_1,"LINESTRING (-8.707450871959933 40.64724323343865, -8.707299113592656 40.64728229365657, -8.707155722382243 40.647307975574115, -8.706941177028538 40.64734856237691, -8.706769421527445 40.647373676537654, -8.706584123370126 40.64739702508797, -8.706436605724416 40.64740590987322, -8.70626747771371 40.647418312475615, -8.706099459768287 40.647426400889316, -8.705959906161539 40.64742827246102, -8.705797006254512 40.64743036586509, -8.705634862057217 40.647427762880234, -8.705473150450482 40.647419837176535, -8.705292279421267 40.64740267697106, -8.705112635251977 40.6473783748327, -8.704950487395703 40.64734906546443, -8.70475691729086 40.64731043222272)",,,,
1,3.5,895,1,895_1,"LINESTRING (-8.704754880296736 40.64736071418461, -8.704922730591505 40.647392865727966, -8.705102095309766 40.647420056661986, -8.705283226440638 40.64744455994015, -8.705466401932622 40.64746193877143, -8.705630251101574 40.64746996923486, -8.705794084454773 40.64747259933494, -8.705957774433443 40.6474704957791, -8.706098306374564 40.64746861109667, -8.70626795323826 40.647460444271736, -8.706437408567131 40.64744801767404, -8.706586337856692 40.647439047873064, -8.70677391182358 40.64741541257354, -8.706947292490051 40.647390060796255, -8.707162671931096 40.647349316229516, -8.70730773404685 40.647323335062474, -8.70746136449417 40.647283793024734)",,,,
1,3.5,896,1,896_1,"LINESTRING (-8.704386267227179 40.64728685219388, -8.704413638190976 40.64724679852327, -8.704433419505468 40.64720535110947, -8.70444590085756 40.647162300853935, -8.704450720586552 40.64711969851026)",,,,
1,3.5,896,2,896_2,"LINESTRING (-8.704422972703359 40.647301404141075, -8.704451599149616 40.64725951320842, -8.704473239123253 40.64721417132623, -8.704486894207989 40.647167072574035, -8.704491947620122 40.64712240442671)",,,,
1,3.5,897,1,897_1,"LINESTRING (-8.704450535332137 40.64711278978717, -8.704448240192914 40.64707435032923, -8.70443805827506 40.64703095332771, -8.704420497255756 40.64698893454344, -8.70439585675855 40.646949012445056, -8.704364557359568 40.64691186991382, -8.704327133549668 40.64687814258898, -8.704284224749596 40.64684840797242, -8.704236564507292 40.64682317548304, -8.7041849680415 40.64680287764094, -8.704130318329966 40.64678786254783, -8.704092436553296 40.6467815399018)",,,,
1,3.5,897,2,897_2,"LINESTRING (-8.704491872414074 40.64711135786691, -8.704489453565822 40.647070846922304, -8.704478313922161 40.64702336805949, -8.70445910232706 40.646977399957066, -8.704432148346722 40.646933729633616, -8.704397914200815 40.64689310450679, -8.70435698669565 40.64685621957489, -8.704310067023211 40.646823705543504, -8.704257958625647 40.64679611809776, -8.704201553353206 40.64677392849283, -8.704141816167892 40.64675751560925, -8.70410129375569 40.646750752229394)",,,,
1,3.5,898,1,898_1,"LINESTRING (-8.704286971812781 40.64762360773266, -8.704571511239351 40.64811102363141)",,,,
1,3.5,898,2,898_2,"LINESTRING (-8.704249160911123 40.64763641315913, -8.704533700116986 40.64812382914994)",,,,
1,3.5,899,1,899_1,"LINESTRING (-8.705819886443384 40.65012979450093, -8.705609331376277 40.649768998143735)",,,,
1,3.5,899,2,899_2,"LINESTRING (-8.705857700894185 40.650116992749474, -8.705647145663649 40.64975619646043)",,,,
1,3.5,900,1,900_1,"LINESTRING (-8.704278560052726 40.64737757393626, -8.704314457241061 40.647354643747335, -8.704354562068001 40.647321327035534)",,,,
1,3.5,900,2,900_2,"LINESTRING (-8.704305150069777 40.64740172369082, -8.704343125037912 40.64737746626339, -8.70438506246284 40.647342627125944)",,,,
1,3.5,901,1,901_1,"LINESTRING (-8.703562455844764 40.64710446086345, -8.703565104405058 40.647148819008684, -8.703575286348466 40.64719221592648, -8.703592847390045 40.64723423457091, -8.70361748790475 40.64727415648295, -8.703648787315212 40.64731129879389, -8.703686211129815 40.64734502587956, -8.703729119927482 40.64737476025437, -8.703776780160421 40.64739999251587, -8.703828376610021 40.647420290159324, -8.703875380212889 40.647433204343294)",,,,
1,3.5,901,2,901_2,"LINESTRING (-8.703521118767027 40.64710589278279, -8.703523890984165 40.64715232241405, -8.703535030599872 40.64719980119289, -8.703554242170599 40.647245769155035, -8.70358119613184 40.647289439291576, -8.703615430265192 40.647330064197526, -8.703656357765219 40.647366948889704, -8.703703277440304 40.6473994626789, -8.70375538584815 40.6474270498964, -8.703811791138214 40.647449239302794, -8.70386133933019 40.647462852611)",,,,
1,3.5,902,1,902_1,"LINESTRING (-8.704450823599828 40.64842801466489, -8.70437374537651 40.64842600703842, -8.704296558699587 40.648424766362, -8.704219588929872 40.6484219917853, -8.704143161428174 40.648415382457536, -8.704060720407613 40.6484021012746, -8.703979501571622 40.64838455206464, -8.703898658105802 40.64836562398373, -8.703817343195746 40.64834820619096, -8.703721177013952 40.64832821752559, -8.703625036066615 40.64830766586555, -8.703528221168972 40.648290183040565, -8.703430033136252 40.64827940088379, -8.703339517189491 40.64827816101021, -8.703248927530232 40.64828326224711, -8.703158308385975 40.64829089992746, -8.703067703984217 40.64829726938517)",,,,
1,3.5,903,1,903_1,"LINESTRING (-8.703098740256994 40.64835785600327, -8.703189721408783 40.648351460065975, -8.70327996304111 40.64834385421045, -8.703367889392327 40.648338902952844, -8.703453883279483 40.648340080882875, -8.703547640628356 40.648350376491145, -8.70364181297023 40.648367382108376, -8.703737280262958 40.64838778974575, -8.703833435798268 40.648407776180356, -8.703914113439618 40.648425057453665, -8.70399491164725 40.6484439749213, -8.70407792832638 40.64846191258089, -8.70416369793414 40.648475729984135, -8.704243460857152 40.64848262774755, -8.704322343657836 40.64848547128188, -8.704399803251762 40.648486716343925, -8.704569572979432 40.64848011522935)",,,,
1,3.5,904,1,904_1,"LINESTRING (-8.70465128439691 40.64824810354748, -8.704790771707934 40.64850980581393)",,,,
1,3.5,904,2,904_2,"LINESTRING (-8.704612942942456 40.64825995914615, -8.704752430128394 40.64852166145839)",,,,
1,3.5,905,1,905_1,"LINESTRING (-8.70491219160011 40.648697131169634, -8.705147084050614 40.64909831953326)",,,,
1,3.5,905,2,905_2,"LINESTRING (-8.704874398407036 40.64870996792026, -8.705109290676214 40.64911115635986)",,,,
1,3.5,906,1,906_1,"LINESTRING (-8.703692702584657 40.6465155507965, -8.703623689492384 40.64649081392713, -8.70355424939121 40.64646666315579, -8.703485663307834 40.6464413401609, -8.703419212268948 40.64641308661819, -8.703373240387627 40.64639099248028, -8.703328382339413 40.64636749667723, -8.703285537998605 40.64634207606727, -8.703245607239497 40.64631420750776, -8.703188898709694 40.64626765277795, -8.703136551235229 40.64621801158002, -8.703089407379498 40.646165518731316, -8.7030483097059 40.64611040904954, -8.703015574566678 40.64605251383271, -8.702990363676827 40.645992250829075, -8.702968882448443 40.64593087586215, -8.702947336293615 40.645869644760005, -8.70290953418692 40.64576386768911, -8.702874357320784 40.645657554350116, -8.702840230550867 40.64555102640126, -8.70280557873284 40.645444605502796)",,,,
1,3.5,907,1,907_1,"LINESTRING (-8.702748603876106 40.64545860659587, -8.702783236976302 40.6455649699868, -8.70281738218187 40.6456715554609, -8.70285269211373 40.64577827093529, -8.702890575288237 40.6458842748254, -8.702912086406718 40.6459454062373, -8.702933822112257 40.64600750826826, -8.702959947838195 40.64606995804062, -8.702994381866734 40.646130857888, -8.703037451487456 40.646188611821735, -8.703086463938458 40.64624318525881, -8.703140728721651 40.64629464462372, -8.7031995827522 40.64634296067698, -8.70324197415532 40.646372546561224, -8.703287098257155 40.646399319797446, -8.703333647104214 40.64642370119737, -8.703381256510205 40.64644658232013, -8.703449730137342 40.646475695808775, -8.703519826731176 40.646501576493016, -8.703589484605148 40.646525802991505, -8.703658281422948 40.64655046232707)",,,,
1,3.5,908,1,908_1,"LINESTRING (-8.703680456724314 40.646883835732986, -8.703659699628458 40.646901079624314, -8.703626450024984 40.646937234534725, -8.703599706307376 40.64697637053809, -8.703579925013836 40.64701781810722, -8.703567443686454 40.647060868464585, -8.703563291811523 40.6470975677755)",,,,
1,3.5,908,2,908_2,"LINESTRING (-8.703649956542169 40.6468625356377, -8.70362736500044 40.646881303481464, -8.703590999202907 40.64692084685328, -8.703561745509367 40.64696365585053, -8.703540105512825 40.64700899788855, -8.703526450401041 40.64705609674281, -8.703522064793427 40.64709486185739)",,,,
1,3.5,909,1,909_1,"LINESTRING (-8.703392121878508 40.64684495951775, -8.702937121817376 40.64665450676178, -8.702689076024503 40.64650235155498, -8.702356402464273 40.64619704613612, -8.702066631455262 40.64584436611538)",,,,
1,3.5,909,2,909_2,"LINESTRING (-8.703412050655553 40.646817337424785, -8.702960240980962 40.646628220125265, -8.702718264853075 40.64647978818244, -8.7023900108797 40.646178538888556, -8.70210170779837 40.64582764569252)",,,,
1,3.5,911,1,911_1,"LINESTRING (-8.704080860619246 40.64677960782411, -8.704073550985882 40.64677838781204, -8.704015638141549 40.646774616032936, -8.703957571729013 40.64677661195118, -8.703900346319283 40.646784341307395, -8.70384494196451 40.64679767144564, -8.703792307286653 40.64681637364411, -8.703780402802208 40.64682214874801)",,,,
1,3.5,911,2,911_2,"LINESTRING (-8.704089717810389 40.646748820149874, -8.704079768647894 40.64674715958793, -8.704016471616155 40.646743037144525, -8.703953007075203 40.646745218612764, -8.703890459882164 40.64675366677476, -8.70382989932735 40.64676823748024, -8.703772360980468 40.64678868205278, -8.703758173648145 40.64679556461109)",,,,
1,3.5,912,1,912_1,"LINESTRING (-8.703770416783183 40.64682699316556, -8.703743343160236 40.64684012712001, -8.703698887228597 40.64686852464674, -8.703688449963744 40.64687719537369)",,,,
1,3.5,912,2,912_2,"LINESTRING (-8.703748187619295 40.64680040903265, -8.703718829057946 40.646814651453525, -8.7036702196523 40.64684570212553, -8.703657949789884 40.646855895274)",,,,
1,3.5,913,1,913_1,"LINESTRING (-8.70523142875896 40.64924715691647, -8.705550512929792 40.649771244994334)",,,,
1,3.5,913,2,913_2,"LINESTRING (-8.705193887586264 40.64926041624361, -8.705512971526556 40.64978450442401)",,,,
1,3.5,914,1,914_1,"LINESTRING (-8.705466295213705 40.649813853397454, -8.705735973535969 40.6502856257618)",,,,
1,3.5,914,2,914_2,"LINESTRING (-8.705428353734751 40.649826434926936, -8.70569803184046 40.650298207378874)",,,,
1,3.5,931,1,931_1,"LINESTRING (-8.703884019158235 40.64743547080746, -8.703939793623471 40.64744477973116, -8.703997706437724 40.64744855146868, -8.704055772823052 40.64744655557239, -8.704112998207126 40.6474388263, -8.704168402539558 40.647425496301715, -8.704221037197925 40.6474067942905, -8.704270338011248 40.6473828776974)",,,,
1,3.5,931,2,931_2,"LINESTRING (-8.703875161860555 40.64746625847539, -8.703933575889977 40.64747600794962, -8.703996872954278 40.64748013035179, -8.704060337525009 40.64747794890551, -8.704122884746086 40.64746950082742, -8.704183445325294 40.64745493026203, -8.704240983693316 40.64743448587552, -8.704294515627634 40.64740851669576, -8.704296082869595 40.64740751558241)",,,,
1,3.5,932,1,932_1,"LINESTRING (-8.718120010159028 40.642971399285344, -8.718152868279038 40.64296450927939, -8.718183013153297 40.642954824516934, -8.71821123133838 40.64294223828412, -8.718237040031687 40.642926966736866, -8.718258638893492 40.64291031948512)",,,,
1,3.5,932,2,932_2,"LINESTRING (-8.718130992050382 40.64300178709798, -8.718166456990119 40.64299435046838, -8.718201586188114 40.64298306437179, -8.71823447622972 40.6429683943363, -8.718264564338766 40.64295059056473, -8.718288068693065 40.64293247465543)",,,,
1,3.5,933,1,933_1,"LINESTRING (-8.72641845797372 40.63989210763838, -8.72642069806969 40.63986022063412, -8.726416557915273 40.639819839166094, -8.726405506826012 40.639780212340234, -8.726387733262564 40.63974201752794, -8.726363540427137 40.6397059078338, -8.72633334121488 40.63967250098364, -8.726322433018048 40.6396632914317)",,,,
1,3.5,933,2,933_2,"LINESTRING (-8.72645977420594 40.639893791906914, -8.7264621597613 40.639859834038596, -8.726457595661163 40.63981531783481, -8.726445413512131 40.639771635366806, -8.726425822380769 40.63972953471247, -8.726399158385219 40.63968973665165, -8.726365878804847 40.63965292226976, -8.726353152290294 40.63964217755641)",,,,
1,3.5,934,1,934_1,"LINESTRING (-8.72598659300508 40.64017242716887, -8.726017486036586 40.64017367680921, -8.726070733174051 40.6401705333654, -8.726122982941488 40.64016214312044, -8.726173340476207 40.640148650099285, -8.726220943591212 40.64013028584898, -8.726266481960627 40.640106582334234, -8.726310263424983 40.64008593839198, -8.726348888640809 40.64005135269725, -8.726382780957108 40.63999951545566)",,,,
1,3.5,934,2,934_2,"LINESTRING (-8.725984398986363 40.64020390102279, -8.7260179896377 40.64020525978293, -8.726076623876892 40.640201798311686, -8.726134162192311 40.64019255883387, -8.726189620942055 40.64017769896979, -8.726242051767102 40.640157472291484, -8.726289053384507 40.64013300712752, -8.726337566336696 40.640110132176886, -8.726383674052297 40.64006884650429, -8.726419817019705 40.64001356691858)",,,,
1,3.5,935,1,935_1,"LINESTRING (-8.731145553213693 40.64515233826679, -8.731139917215732 40.64513292404718, -8.731130178344731 40.64511253553854, -8.73111701404048 40.64509328392493, -8.731100648494435 40.64507549850377, -8.731081360701902 40.645059483801184, -8.731059479844369 40.64504551432794, -8.731035379783666 40.645033829805925, -8.73100947274337 40.64502463095953, -8.730982202274198 40.64501807596015, -8.730954035622034 40.64501427760278, -8.730925455635017 40.64501330128071, -8.73090606885819 40.64501456809577)",,,,
1,3.5,935,2,935_2,"LINESTRING (-8.731185955834269 40.64514553321405, -8.731179732341138 40.64512409530437, -8.731168133397476 40.64509981272827, -8.73115245784822 40.64507688866251, -8.731132974959928 40.645055715449985, -8.731110019113977 40.64503665516057, -8.731083983929187 40.645020033429624, -8.731055315400488 40.64500613396246, -8.731024504189511 40.64499519378679, -8.730992077210463 40.644987399318055, -8.730958588657382 40.644982883286445, -8.730924610619581 40.64498172256135, -8.73090253211625 40.64498316526561)",,,,
1,3.5,936,1,936_1,"LINESTRING (-8.730896952265098 40.645015163823544, -8.730869014534619 40.64501983310836, -8.730842120998076 40.64502722880914, -8.730816732448568 40.645037223673974, -8.730793283439114 40.645049645891284, -8.730772174926585 40.64506428213267, -8.730753767449183 40.64508088132156, -8.730738375052422 40.64509915902833, -8.730728135237705 40.64511576196063)",,,,
1,3.5,936,2,936_2,"LINESTRING (-8.730888084022554 40.64498437802464, -8.730857505885178 40.64498948860508, -8.730825525515062 40.644998283180506, -8.730795328975672 40.64501017083474, -8.730767432790254 40.645024948960646, -8.730742314532423 40.64504236547827, -8.730720404616848 40.64506212302926, -8.73070207883974 40.64508388396615, -8.730690683456713 40.64510236053171)",,,,
1,3.5,988,1,988_1,"LINESTRING (-8.6938110832979 40.63596360435786, -8.697422458707965 40.63621402025671, -8.697711559088996 40.63623312645344)",,,,
1,3.5,989,1,989_1,"LINESTRING (-8.724351184233672 40.638778059141394, -8.723847172154613 40.638476984978524, -8.723590212458094 40.638320741341715)",,,,
1,3.5,1107,1,1107_1,"LINESTRING (-8.70564218430319 40.651061468557906, -8.705209904805889 40.65125332500168)",,,,
1,3.5,1107,2,1107_2,"LINESTRING (-8.705621349057687 40.651034236721046, -8.705189069676454 40.651226093087736)",,,,
1,3.5,1108,1,1108_1,"LINESTRING (-8.719487990426808 40.64543800284994, -8.718686774069331 40.64429826503165)",,,,
1,3.5,1108,2,1108_2,"LINESTRING (-8.719524468659474 40.64542312452319, -8.718723251859394 40.64428338695504)",,,,
1,3.5,1110,1,1110_1,"LINESTRING (-8.720083380010761 40.64360922823458, -8.72151167638025 40.645619812628865)",,,,
1,3.5,1111,1,1111_1,"LINESTRING (-8.721548193785 40.64560487769652, -8.720119897415513 40.64359429285233)",,,,
1,3.5,1112,1,1112_1,"LINESTRING (-8.719738719959762 40.64348580799244, -8.719498828631512 40.64358645456261)",,,,
1,3.5,1113,1,1113_1,"LINESTRING (-8.719517958837873 40.643612647981506, -8.719836292488434 40.6434870224273, -8.719890967376838 40.643474008021194)",,,,
1,3.5,1114,1,1114_1,"LINESTRING (-8.718412890485725 40.64448385973529, -8.718715984804488 40.64455599033042)",,,,
1,3.5,1115,1,1115_1,"LINESTRING (-8.718441611213196 40.64452556869633, -8.718744705531957 40.6445976992464)",,,,
1,3.5,1116,1,1116_1,"LINESTRING (-8.718470331940667 40.64456727763129, -8.718773426259428 40.6446394081363)",,,,
1,3.5,1117,1,1117_1,"LINESTRING (-8.718499052668136 40.64460898654022, -8.7188021469869 40.64468111700014)",,,,
1,3.5,1118,1,1118_1,"LINESTRING (-8.718527773395607 40.644650695423074, -8.71883086771437 40.64472282583793)",,,,
1,3.5,1119,1,1119_1,"LINESTRING (-8.718556494123076 40.644692404279866, -8.71885958844184 40.64476453464964)",,,,
1,3.5,1120,1,1120_1,"LINESTRING (-8.718585214850547 40.64473411311059, -8.71888830916931 40.64480624343527)",,,,
1,3.5,1121,1,1121_1,"LINESTRING (-8.718613935578018 40.644775821915246, -8.71891702989678 40.644847952194866)",,,,
1,3.5,1122,1,1122_1,"LINESTRING (-8.718642656305487 40.64481753069382, -8.71894575062425 40.644889660928385)",,,,
1,3.5,1123,1,1123_1,"LINESTRING (-8.718671377032956 40.64485923944635, -8.71897447135172 40.64493136963582)",,,,
1,3.5,1124,1,1124_1,"LINESTRING (-8.718700097760427 40.64490094817282, -8.71900319207919 40.6449730783172)",,,,
1,3.5,1125,1,1125_1,"LINESTRING (-8.718728818487898 40.64494265687323, -8.71903191280666 40.64501478697253)",,,,
1,3.5,1126,1,1126_1,"LINESTRING (-8.71875753921537 40.644984365547565, -8.71906063353413 40.64505649560178)",,,,
1,3.5,1127,1,1127_1,"LINESTRING (-8.718786259942839 40.64502607419582, -8.719089354261602 40.64509820420499)",,,,
1,3.5,1128,1,1128_1,"LINESTRING (-8.71881498067031 40.645067782818046, -8.719118074989073 40.645139912782106)",,,,
1,3.5,1129,1,1129_1,"LINESTRING (-8.718843701397779 40.64510949141416, -8.71914679571654 40.64518162133316)",,,,
1,3.5,1130,1,1130_1,"LINESTRING (-8.71887242212525 40.64515119998423, -8.719175516444011 40.64522332985818)",,,,
1,3.5,1131,1,1131_1,"LINESTRING (-8.718901142852719 40.64519290852826, -8.719204237171482 40.6452650383571)",,,,
1,3.5,1132,1,1132_1,"LINESTRING (-8.71892986358019 40.645234617046185, -8.719232957898953 40.64530674682997)",,,,
1,3.5,1133,1,1133_1,"LINESTRING (-8.718958584307659 40.645276325538056, -8.719261678626422 40.64534845527678)",,,,
1,3.5,1134,1,1134_1,"LINESTRING (-8.71898730503513 40.64531803400387, -8.719290399353893 40.645390163697506)",,,,
1,7,1135,1,1135_1,"LINESTRING (-8.71984903261104 40.64542097874629, -8.719110070989457 40.64435358077069)",,,,
1,3.5,1136,1,1136_1,"LINESTRING (-8.719765897821382 40.6453439668687, -8.719462594861646 40.645272343818924)",,,,
1,3.5,1137,1,1137_1,"LINESTRING (-8.719736276587309 40.645301180561326, -8.719432973627573 40.64522955746565)",,,,
1,3.5,1138,1,1138_1,"LINESTRING (-8.719706655353235 40.645258394226545, -8.719403352393497 40.64518677108494)",,,,
1,3.5,1139,1,1139_1,"LINESTRING (-8.71967703411916 40.64521560786428, -8.719373731159424 40.64514398467678)",,,,
1,3.5,1140,1,1140_1,"LINESTRING (-8.719647412885086 40.64517282147464, -8.719344109925348 40.64510119824121)",,,,
1,3.5,1141,1,1141_1,"LINESTRING (-8.719617791651011 40.64513003505755, -8.719314488691275 40.645058411778216)",,,,
1,3.5,1142,1,1142_1,"LINESTRING (-8.719588170416937 40.645087248613024, -8.719284867457201 40.64501562528779)",,,,
1,3.5,1143,1,1143_1,"LINESTRING (-8.719558549182864 40.645044462141094, -8.719255246223126 40.64497283876991)",,,,
1,3.5,1144,1,1144_1,"LINESTRING (-8.719528927948788 40.645001675641716, -8.719225624989052 40.64493005222463)",,,,
1,3.5,1145,1,1145_1,"LINESTRING (-8.719499306714715 40.6449588891149, -8.719196003754977 40.64488726565192)",,,,
1,3.5,1146,1,1146_1,"LINESTRING (-8.71946968548064 40.644916102560664, -8.719166382520903 40.64484447905175)",,,,
1,3.5,1147,1,1147_1,"LINESTRING (-8.719440064246568 40.64487331597903, -8.71913676128683 40.64480169242418)",,,,
1,3.5,1148,1,1148_1,"LINESTRING (-8.719410443012492 40.644830529369926, -8.719107140052754 40.64475890576918)",,,,
1,3.5,1149,1,1149_1,"LINESTRING (-8.719380821778417 40.64478774273342, -8.71907751881868 40.64471611908672)",,,,
1,3.5,1150,1,1150_1,"LINESTRING (-8.719351200544343 40.64474495606947, -8.719047897584607 40.64467333237687)",,,,
1,3.5,1151,1,1151_1,"LINESTRING (-8.71932157931027 40.64470216937806, -8.719018276350532 40.64463054563958)",,,,
1,3.5,1152,1,1152_1,"LINESTRING (-8.719291958076196 40.64465938265927, -8.718988655116458 40.64458775887484)",,,,
1,3.5,1153,1,1153_1,"LINESTRING (-8.719262336842121 40.64461659591303, -8.718959033882383 40.64454497208269)",,,,
1,3.5,1154,1,1154_1,"LINESTRING (-8.719232715608046 40.64457380913935, -8.718929412648311 40.64450218526312)",,,,
1,3.5,1155,1,1155_1,"LINESTRING (-8.719203094373974 40.64453102233825, -8.718899791414236 40.64445939841609)",,,,
1,3.5,1156,1,1156_1,"LINESTRING (-8.719173473139898 40.64448823550972, -8.71887017018016 40.64441661154166)",,,,
1,3.5,1157,1,1157_1,"LINESTRING (-8.719143851905825 40.64444544865379, -8.718840548946087 40.64437382463977)",,,,
1,3.5,1158,1,1158_1,"LINESTRING (-8.72923690500201 40.63394266634718, -8.72907668027699 40.63427973919754)",,,,
1,3.5,1159,1,1159_1,"LINESTRING (-8.729213435517632 40.63408287191329, -8.72929206635674 40.634104332780815)",,,,
1,3.5,1160,1,1160_1,"LINESTRING (-8.729199396043436 40.63411249614998, -8.729278026882543 40.63413395700796)",,,,
1,3.5,1161,1,1161_1,"LINESTRING (-8.72918535656924 40.63414212037352, -8.729263987408347 40.63416358122201)",,,,
1,3.5,1162,1,1162_1,"LINESTRING (-8.729171317095043 40.63417174458393, -8.72924994793415 40.634193205422875)",,,,
1,3.5,1163,1,1163_1,"LINESTRING (-8.729157277620844 40.634201368781184, -8.729235908459952 40.634222829610586)",,,,
1,3.5,1164,1,1164_1,"LINESTRING (-8.729136477675102 40.6340618676533, -8.729057846835994 40.634040406772115)",,,,
1,3.5,1165,1,1165_1,"LINESTRING (-8.729122438200903 40.634091491899305, -8.729043807361798 40.63407003102766)",,,,
1,3.5,1166,1,1166_1,"LINESTRING (-8.729108398726709 40.63412111613218, -8.729029767887603 40.634099655270056)",,,,
1,3.5,1167,1,1167_1,"LINESTRING (-8.729094359252512 40.63415074035188, -8.729015728413405 40.63412927949929)",,,,
1,3.5,1168,1,1168_1,"LINESTRING (-8.729080319778316 40.63418036455847, -8.729001688939208 40.6341589037154)",,,,
1,3.5,1169,1,1169_1,"LINESTRING (-8.71984091060528 40.64269544754937, -8.718920152895894 40.64311300368442)",,,,
1,3.5,1170,1,1170_1,"LINESTRING (-8.719711027651634 40.64273653682941, -8.719668159242483 40.642682110980786)",,,,
1,3.5,1171,1,1171_1,"LINESTRING (-8.71967541823746 40.64275268544786, -8.719632549828308 40.64269825961237)",,,,
1,3.5,1172,1,1172_1,"LINESTRING (-8.719639808823285 40.64276883406237, -8.719596940414132 40.64271440824008)",,,,
1,3.5,1173,1,1173_1,"LINESTRING (-8.719604199409108 40.642784982672985, -8.719561330999957 40.64273055686385)",,,,
1,3.5,1174,1,1174_1,"LINESTRING (-8.719568589994934 40.64280113127968, -8.719525721585784 40.64274670548373)",,,,
1,3.5,1175,1,1175_1,"LINESTRING (-8.71953298058076 40.642817279882465, -8.719490112171608 40.642762854099686)",,,,
1,3.5,1176,1,1176_1,"LINESTRING (-8.719497371166584 40.642833428481374, -8.719454502757433 40.64277900271173)",,,,
1,3.5,1177,1,1177_1,"LINESTRING (-8.71946176175241 40.64284957707634, -8.719418893343256 40.64279515131988)",,,,
1,3.5,1178,1,1178_1,"LINESTRING (-8.719426152338233 40.64286572566741, -8.719383283929082 40.64281129992413)",,,,
1,3.5,1179,1,1179_1,"LINESTRING (-8.719390542924058 40.6428818742546, -8.719347674514907 40.64282744852447)",,,,
1,3.5,1180,1,1180_1,"LINESTRING (-8.719354933509884 40.64289802283786, -8.719312065100732 40.64284359712091)",,,,
1,3.5,1181,1,1181_1,"LINESTRING (-8.719319324095707 40.6429141714172, -8.719276455686556 40.64285974571344)",,,,
1,3.5,1182,1,1182_1,"LINESTRING (-8.719283714681533 40.64293031999268, -8.719240846272381 40.642875894302044)",,,,
1,3.5,1183,1,1183_1,"LINESTRING (-8.719248105267358 40.64294646856421, -8.719205236858206 40.64289204288676)",,,,
1,3.5,1184,1,1184_1,"LINESTRING (-8.719212495853183 40.64296261713183, -8.719169627444032 40.64290819146755)",,,,
1,3.5,1185,1,1185_1,"LINESTRING (-8.719176886439008 40.642978765695574, -8.719134018029855 40.64292434004445)",,,,
1,3.5,1186,1,1186_1,"LINESTRING (-8.719141277024832 40.642994914255404, -8.719098408615682 40.642940488617434)",,,,
1,3.5,1187,1,1187_1,"LINESTRING (-8.719105667610659 40.64301106281131, -8.719062799201506 40.64295663718652)",,,,
1,3.5,1188,1,1188_1,"LINESTRING (-8.719070058196483 40.643027211363304, -8.719027189787331 40.642972785751695)",,,,
1,3.5,1189,1,1189_1,"LINESTRING (-8.719034448782308 40.6430433599114, -8.718991580373157 40.64298893431295)",,,,
1,3.5,1190,1,1190_1,"LINESTRING (-8.718998839368131 40.64305950845561, -8.71895597095898 40.64300508287034)",,,,
1,,10000,1,10000_1,"LINESTRING (-8.729130707037655 40.64617220848354, -8.729158445464538 40.64616410311311)",,,,
1,,10000,2,10000_2,"LINESTRING (-8.729143410842228 40.6461974316665, -8.72917114927802 40.64618932629305)",,,,
1,,10001,1,10001_1,"LINESTRING (-8.729291760705733 40.645855278034105, -8.729265822211879 40.645867515361466, -8.729238367068605 40.6458800762592, -8.729210212384611 40.645890067176445, -8.729179816051214 40.64589710064168, -8.729167178412279 40.64589525452294)",,,,
1,,10002,1,10002_1,"LINESTRING (-8.729269669946056 40.64582599771016, -8.729238390732503 40.64583843459838, -8.729204973520307 40.64584892587504, -8.729170576759303 40.645857355882306, -8.729135549419047 40.64586392176465, -8.729100231469983 40.64586881555465, -8.729065373158901 40.64587218390579)",,,,
1,,10002,2,10002_2,"LINESTRING (-8.729253257197117 40.645802048732406, -8.729223396060458 40.64581392178007, -8.729192764533304 40.64582353849507, -8.729160895335873 40.645831349043135, -8.729128130668403 40.64583749078685, -8.729094821730305 40.645842106200554, -8.729060909444682 40.64584538313731)",,,,
1,,10003,1,10003_1,"LINESTRING (-8.729025505154517 40.64587610905257, -8.728984935299595 40.64587466390435, -8.728944207812845 40.64585861646597, -8.728910327709814 40.64583490970099, -8.728885513581334 40.645809318059335)",,,,
1,,10003,2,10003_2,"LINESTRING (-8.729027162013045 40.645849122974795, -8.728994341146748 40.6458479538562, -8.728964712631836 40.645836279633635, -8.728936832634043 40.64581677129853, -8.728914043741423 40.64579326835976)",,,,
1,,10004,1,10004_1,"LINESTRING (-8.709261013335352 40.65285363236918, -8.709270395323571 40.65285914967128)",,,,
1,,10005,1,10005_1,"LINESTRING (-8.729021899468055 40.64617380539194, -8.72905635314403 40.646187730327654, -8.729085592798373 40.64621051334945, -8.729108819218375 40.64623636925193, -8.729128474894683 40.64626189119944)",,,,
1,,10005,2,10005_2,"LINESTRING (-8.72900527502929 40.646197669542495, -8.729034850674083 40.646209622955716, -8.729058067822217 40.64622771335188, -8.729078850789216 40.64625084918668, -8.729097882186924 40.646275560552795)",,,,
1,,10006,1,10006_1,"LINESTRING (-8.729939058890157 40.64860867789402, -8.729927843182697 40.64861355014973, -8.729916256324088 40.64861862462325, -8.729904281333013 40.64862395376926, -8.729891984152554 40.648629527321, -8.729879430725783 40.648635335011704, -8.729866686995782 40.64864136657459, -8.72985381890563 40.64864761174291, -8.729840892398403 40.64865406024987, -8.729827973417182 40.64866070182869, -8.729815127905042 40.648667526212634, -8.729802421805063 40.64867452313495, -8.729789921060323 40.64868168232884, -8.7297776916139 40.64868899352757, -8.729765799408872 40.64869644646441, -8.729754310388318 40.64870403087256, -8.729743290495316 40.64871173648531, -8.729732805672942 40.64871955303591, -8.729722921864278 40.648727470257604, -8.729713705012399 40.64873547788369, -8.729705221060385 40.648743565647436, -8.729697535951313 40.648751723282096, -8.729690715628264 40.648759940520954, -8.729684826034312 40.64876820709732, -8.72967993311254 40.64877651274446, -8.729676102806021 40.64878484719569, -8.729673401057836 40.648793200184315, -8.729671893811062 40.64880156144363, -8.72967164700878 40.64880992070693, -8.729672726594067 40.64881826770757, -8.72967519851 40.64882659217883, -8.729679128699658 40.64883488385405, -8.729684583106119 40.64884313246659)",,,,
1,,10007,1,10007_1,"LINESTRING (-8.730582911317589 40.64840622446294, -8.730633035191895 40.648401818208306, -8.730684687843354 40.64842185245161, -8.730731541142308 40.64845572532358, -8.730767266959097 40.64849283496182)",,,,
1,,10008,1,10008_1,"LINESTRING (-8.730481367829245 40.64797155694411, -8.73080100448769 40.648478846489326)",,,,
1,,10008,2,10008_2,"LINESTRING (-8.730449390757782 40.64798324571649, -8.730769027229858 40.6484905353492)",,,,
1,,10009,1,10009_1,"LINESTRING (-8.730483328550022 40.6479695140555, -8.730563227901984 40.64806091659503, -8.730653487298223 40.64813223692762, -8.730757988366792 40.64819242844895, -8.730869338401146 40.64823341196519, -8.730980144694744 40.648247108289446, -8.731083014541046 40.648225438213586)",,,,
1,,10010,1,10010_1,"LINESTRING (-8.729328953074106 40.63389315514595, -8.729294476469413 40.63389561004629, -8.729263851992414 40.633915415931746, -8.729236898143188 40.633942680776464)",,,,
1,,10011,1,10011_1,"LINESTRING (-8.729477802842649 40.63452336494793, -8.729502825270172 40.63453473022058, -8.729524118738556 40.63455208776904, -8.729536736651735 40.63457241030843, -8.729537634196006 40.634595609193845)",,,,
1,,10012,1,10012_1,"LINESTRING (-8.721779601814331 40.64179746083184, -8.721790954568547 40.64179487799236)",11,6,,
1,,10013,1,10013_1,"LINESTRING (-8.719989915020923 40.643361972109794, -8.71997728814945 40.643418811078334, -8.720000464670594 40.64348564679132, -8.720041467365848 40.643551360546624, -8.720086487553507 40.64361360272644)",,,,
1,,10014,1,10014_1,"LINESTRING (-8.72998478805591 40.64549486244212, -8.729962935515472 40.6455008260397, -8.729939499709726 40.645503841842924, -8.729916159997895 40.645506986544156, -8.729894583658744 40.64551333960501)",,,,
1,,10015,1,10015_1,"LINESTRING (-8.731642233525006 40.64803925095701, -8.731651100871746 40.648033652155995, -8.731656992110258 40.64802657529511, -8.731660119902974 40.6480182348751, -8.731660696912334 40.64800884539678, -8.731658935800764 40.64799862136096, -8.731655049230705 40.647987777268604, -8.731649249864587 40.64797652762072, -8.731641750364847 40.64796508691857, -8.73163276339392 40.64795366966344, -8.731622501614238 40.64794249035685, -8.731611177688235 40.647931763500374, -8.731599004278348 40.647921703595784, -8.731586194047008 40.647912525144974, -8.731572959656653 40.64790444264985, -8.731559513769714 40.647897670612494, -8.731546069048628 40.64789242353485, -8.731532838155829 40.647888915919, -8.73152003375375 40.647887362266815, -8.731507868504824 40.64788797708007, -8.731496555771216 40.64789097588193)",,,,
1,,10016,1,10016_1,"LINESTRING (-8.730672547100712 40.647980326453194, -8.730633488793908 40.64793664837111)",,,,
1,,10017,1,10017_1,"LINESTRING (-8.730970422424768 40.64809863951436, -8.730950473517444 40.648105111624524, -8.730929758487239 40.64810921471955, -8.730908419952568 40.64811109040325, -8.73088660053184 40.64811088027922, -8.730864442843469 40.648108725950756, -8.730842089505868 40.6481047690211, -8.730819683137451 40.64809915109333, -8.730797366356626 40.64809201377041, -8.73077528178181 40.648083498655325, -8.730753572031412 40.64807374735094, -8.730732379723847 40.64806290146025, -8.730711847477526 40.648051102586166, -8.730692117910863 40.64803849233174, -8.730673333642267 40.648025212300084, -8.730655637290152 40.64801140409432, -8.730639171472934 40.647997209317786, -8.73062407880902 40.647982769573886, -8.730610501916827 40.647968226466105, -8.730598583414764 40.64795372159808)",,,,
1,,10018,1,10018_1,"LINESTRING (-8.731299222910922 40.649160207554935, -8.731336418817499 40.649186988935725, -8.731370954376711 40.649189082136516, -8.731408267286188 40.64918289138497, -8.731440933282649 40.64917188309907)",,,,
1,,10019,1,10019_1,"LINESTRING (-8.729319958020321 40.64621901353209, -8.729311678251738 40.646208152649, -8.729303196364697 40.64619659391018, -8.729295088814302 40.646184541978826, -8.72928793205566 40.64617220151834, -8.729282302543874 40.64615977719222, -8.729278776734049 40.64614747366418, -8.729277931081292 40.646135495598, -8.729280342040703 40.64612404765764, -8.72928658606739 40.64611333450725)",,,,
1,,10020,1,10020_1,"LINESTRING (-8.729250840562315 40.64624950152864, -8.72922988756379 40.646225395098504, -8.72920811422074 40.646197083415025, -8.729193137350233 40.646167830002724, -8.729205264120754 40.64614260169202)",,,,
1,,10020,2,10020_2,"LINESTRING (-8.729280414523753 40.64623458804028, -8.729259999099517 40.64621110010162, -8.729240137862808 40.64618527472877, -8.729231052516404 40.646167528892185, -8.729238569862469 40.64615188992493)",,,,
1,,10021,1,10021_1,"LINESTRING (-8.729272489415672 40.64604892067186, -8.729288136215365 40.646024356508654, -8.72931913253651 40.64600510792041, -8.729353518765508 40.6459910859372, -8.729385770321032 40.645978779673825)",,,,
1,,10021,2,10021_2,"LINESTRING (-8.729304399731609 40.64606071337268, -8.72931662433473 40.64604152175847, -8.729338890870588 40.64602769432747, -8.72936983470101 40.64601507608045, -8.729401656155044 40.64600293393027)",,,,
1,,10022,1,10022_1,"LINESTRING (-8.720140483162984 40.64347352939339, -8.720186100353255 40.64353268737963)",,,,
1,,10023,1,10023_1,"LINESTRING (-8.720342917002123 40.64376729681476, -8.720406700790306 40.643836079739756, -8.720497344338833 40.64389381398671, -8.720603987260853 40.643934507252695, -8.720715769169518 40.64395216723891, -8.720821829677977 40.643940801632624)",,,,
1,,10024,1,10024_1,"LINESTRING (-8.720155799811497 40.64332500568209, -8.720113802449536 40.64334375948458, -8.720109349184462 40.643346590901075, -8.720105421733962 40.6433499319655, -8.720102012968946 40.6433537193192, -8.720099115760325 40.64335788960354, -8.72009672297901 40.64336237945982, -8.72009482749591 40.643367125529466, -8.720093422181941 40.64337206445383, -8.72009249990801 40.64337713287427, -8.720092053545027 40.643382267432266, -8.720092075963908 40.64338740476919, -8.72009256003556 40.64339248152653, -8.720093498630895 40.64339743434572, -8.720094884620822 40.643402199868305, -8.720096710876255 40.64340671473575, -8.720098104780307 40.64340950806833)",,,,
1,,10025,1,10025_1,"LINESTRING (-8.72034665874285 40.64307434930295, -8.720289322391338 40.64308167654351, -8.72022807703363 40.64306898850371, -8.720172699498253 40.643041939900655, -8.720132966613734 40.6430061854485)",,,,
1,,10026,1,10026_1,"LINESTRING (-8.72132144882074 40.64380094054857, -8.721387385989985 40.6437918859889, -8.721458066508376 40.643797865698915, -8.721521513725596 40.64381856469415, -8.721565750991331 40.643853667980764)",,,,
1,,10027,1,10027_1,"LINESTRING (-8.720242702231559 40.643612822166105, -8.720308231563038 40.643713629015494)",,,,
1,,10028,1,10028_1,"LINESTRING (-8.720789844216194 40.64308294187808, -8.720758216322794 40.64309962481402, -8.72074226830809 40.64311005041169)",,,,
1,,10029,1,10029_1,"LINESTRING (-8.726866879642351 40.64320373959793, -8.726853246410165 40.643170755953456, -8.726856157963946 40.6431333411329, -8.726874156930625 40.643098974913954, -8.72690578593714 40.64307513708915)",,,,
1,,10030,1,10030_1,"LINESTRING (-8.727577503716962 40.64279057466509, -8.72758502720626 40.642787261990144, -8.727592454521089 40.64278377160435, -8.727599806893144 40.64278014322179, -8.727607105554124 40.642776416556565, -8.727614371735728 40.64277263132279, -8.727621626669652 40.64276882723453, -8.727628891587594 40.642765044005934, -8.72763618772125 40.6427613213511, -8.727643536302322 40.6427576989842, -8.727650958562503 40.6427542166193, -8.727658475733493 40.64275091397063, -8.727666109046991 40.64274783075232, -8.727673879734692 40.64274500667848, -8.727681809028295 40.64274248146336, -8.727689918159497 40.642740294821074, -8.727698228359996 40.64273848646577)",,,,
1,,10031,1,10031_1,"LINESTRING (-8.727557280968949 40.642763090269916, -8.727590487384878 40.642752977283806, -8.727626006834301 40.642747446228654, -8.727662400198808 40.64274358624335, -8.727698228359996 40.64273848646577)",,,,
1,,10032,1,10032_1,"LINESTRING (-8.72806294660477 40.642668904465566, -8.728087160922225 40.64266331085582, -8.728112919059768 40.64265790521549, -8.728136573699988 40.64265702893754, -8.72815447752547 40.642665023414324)",,,,
1,,10033,1,10033_1,"LINESTRING (-8.72888084647324 40.64380703554546, -8.728859702482495 40.64381269585007, -8.728835764021973 40.64381322265247, -8.728813333303858 40.64380842198453, -8.728796712540337 40.64379809987685)",,,,
1,,10034,1,10034_1,"LINESTRING (-8.72909577842712 40.64361070214326, -8.729116097367406 40.64363172706167, -8.729135375196527 40.643656095664056, -8.729143947235617 40.643678847972446, -8.729132148805803 40.64369502401542)",,,,
1,,10035,1,10035_1,"LINESTRING (-8.727749269660208 40.64267681070333, -8.727727387105926 40.642664469341625, -8.727697752536017 40.64266076398165, -8.727666062146405 40.64266394195505, -8.727638012133013 40.642672250591296)",,,,
1,,10036,1,10036_1,"LINESTRING (-8.727749269660208 40.64267681070333, -8.727723155237305 40.64265739109598, -8.727688638114868 40.642643722641985, -8.727651573345987 40.64263858426547, -8.727617815983745 40.64264475488889)",,,,
1,,10037,1,10037_1,"LINESTRING (-8.719993184361394 40.64334703677825, -8.71995873156809 40.64339671053417, -8.719892852646156 40.64343199618725, -8.719812921441502 40.64345974752987, -8.71973631180004 40.64348681833826)",,,,
1,,10038,1,10038_1,"LINESTRING (-8.722208650895722 40.64599219911045, -8.722208194747802 40.646007412726135, -8.72221224202199 40.64602336579792, -8.722221392987615 40.64603648905539, -8.722236247914005 40.64604321323056)",,,,
1,,10039,1,10039_1,"LINESTRING (-8.722323631113802 40.64605460705187, -8.722343492385313 40.64605336540358, -8.72236271299545 40.646045948056205, -8.72237824402006 40.64603431324409, -8.72246068009281 40.6459742499618)",,,,
1,,10040,1,10040_1,"LINESTRING (-8.721304351650248 40.642946149912504, -8.721450130414848 40.64282123624112)",,,,
1,,10041,1,10041_1,"LINESTRING (-8.720121474457256 40.64359651285652, -8.72008441301412 40.64354200847008, -8.720047945903016 40.6434827478327, -8.720033508054536 40.64342554108263)",,,,
1,,10042,1,10042_1,"LINESTRING (-8.728836557402323 40.64584760269246, -8.728858934567372 40.645875740466394, -8.728879516416693 40.64590337028203, -8.728892532171773 40.64593420988608, -8.728887576296621 40.64596297925699)",,,,
1,,10042,2,10042_2,"LINESTRING (-8.728806221331748 40.64586159971145, -8.728828336260552 40.64588940775693, -8.728846867375676 40.64591428460935, -8.728856330346789 40.64593670625474, -8.728852409925278 40.6459594646381)",,,,
1,,10043,1,10043_1,"LINESTRING (-8.72813519854683 40.64639122846544, -8.728083043471521 40.6464038806971, -8.728021564424738 40.64640263720653, -8.72796402546836 40.64638721237916, -8.727924928870312 40.64635927857441)",,,,
1,,10043,2,10043_2,"LINESTRING (-8.728124435100366 40.64636548691598, -8.728077992204776 40.64637675343843, -8.72802807980813 40.646375743897714, -8.727982844361813 40.64636361735008, -8.727949194111023 40.64633957486483)",,,,
1,,10044,1,10044_1,"LINESTRING (-8.728869568869547 40.64603365303892, -8.728853786028857 40.64606686318709, -8.728815562915866 40.64609383728287, -8.728770549428152 40.64611424826007, -8.72872775037868 40.64613177727605)",,,,
1,,10044,2,10044_2,"LINESTRING (-8.728836218809132 40.64602445765365, -8.728823366093382 40.646051502226854, -8.72879420368228 40.64607208216828, -8.72875307120671 40.64609073333104, -8.728710953382098 40.6461079833389)",,,,
1,,10045,1,10045_1,"LINESTRING (-8.728139159664062 40.646389808381954, -8.728123973367321 40.64639760123268, -8.728110978752671 40.646406357446246, -8.728099067954977 40.646416475929556, -8.728088233501493 40.6464277729142, -8.72807847229162 40.64644003759435, -8.728069773433244 40.646453041556754, -8.728062114577854 40.64646654672177, -8.72805546243804 40.64648031053046, -8.728049845647755 40.646493917070295, -8.728044809958439 40.646509902451456, -8.728041628995543 40.64652611818175, -8.72804006345561 40.64654269403544, -8.728039929117541 40.64655956320096, -8.728041035247331 40.64657665079856, -8.728043183757112 40.64659387804975, -8.728046169906586 40.646611165347025, -8.728049783554248 40.64662843430848, -8.728053788227335 40.64664551463609, -8.728058199526403 40.64666199724654, -8.728063372950993 40.64667831799558, -8.728069325854646 40.64669451194439, -8.728076055283585 40.64671053953147, -8.728083557994287 40.64672636135285, -8.728091830464372 40.64674193818871, -8.72810086890706 40.646757231034904, -8.728110669291935 40.64677220114068, -8.72812140634315 40.64678705768464)",,,,
1,,10045,2,10045_2,"LINESTRING (-8.728119342522806 40.64636740307908, -8.728102220594856 40.64637618919772, -8.728085940966341 40.646387158962895, -8.728071475036522 40.64639944808284, -8.728058693812484 40.64641277494129, -8.728047463929148 40.64642688495957, -8.728037659812921 40.646441541166595, -8.72802916734661 40.64645651625821, -8.728021883351891 40.64647158740973, -8.728015642729005 40.646486705150565, -8.728009959880627 40.64650474485534, -8.72800634972014 40.64652314847546, -8.728004603077796 40.646541641728504, -8.728004455701404 40.64656014691792, -8.728005649851724 40.64657859441566, -8.728007935143307 40.646596918492676, -8.728011067843179 40.64661505424874, -8.728014809619522 40.64663293555844, -8.728018948471767 40.64665058821264, -8.728023572974527 40.64666786748206, -8.728029045713503 40.64668513251466, -8.728035345873455 40.646702271143994, -8.728042472946418 40.64671924582648, -8.728050426714182 40.64673601886088, -8.72805920723738 40.64675255236217, -8.72806881484105 40.646768808229474, -8.728079250093877 40.64678474810869, -8.72809033481004 40.64680008571642)",,,,
1,,10046,1,10046_1,"LINESTRING (-8.726838597242166 40.64301032638408, -8.726784350830211 40.64304274757687, -8.726739992730467 40.64308784750109, -8.726717564906783 40.64313738370609, -8.726729109323015 40.643183113762646)",,,,
1,,10047,1,10047_1,"LINESTRING (-8.724137585867298 40.64193207919613, -8.724024510363506 40.64187791639437, -8.7238988223172 40.6418379570958, -8.723772373262067 40.641822817109286, -8.723653187174893 40.64184410331712)",,,,
1,,10047,2,10047_2,"LINESTRING (-8.724156465000078 40.64190920935734, -8.724040892530056 40.641853850521805, -8.723908544577386 40.641811773878004, -8.723771029407791 40.64179530892294, -8.723645091526052 40.64181780098077)",,,,
1,,10048,1,10048_1,"LINESTRING (-8.724174760264672 40.64195197291719, -8.72412824327623 40.64189891212607, -8.724116140165709 40.64182434203984, -8.72413908489125 40.64175185957571, -8.724195125713123 40.641706072721384)",,,,
1,,10048,2,10048_2,"LINESTRING (-8.724204254087635 40.641936969783316, -8.724162408763636 40.641889237874075, -8.72415212881456 40.64182590091416, -8.724171378342561 40.64176509149453, -8.724221065933515 40.641724495382995)",,,,
1,,10049,1,10049_1,"LINESTRING (-8.724962622383396 40.64262348517859, -8.72492811928786 40.64260154502603, -8.724879131765904 40.642594089588385, -8.724825611552554 40.64259794660132, -8.72477751038283 40.642609943794184)",,,,
1,,10050,1,10050_1,"LINESTRING (-8.722564791553093 40.64339931686263, -8.72251947513212 40.64340622999896, -8.722470275932212 40.64339968246195, -8.722426073653624 40.643381997077995, -8.722395747996616 40.64335549666962)",,,,
1,,10051,1,10051_1,"LINESTRING (-8.721677325860291 40.64261900309136, -8.722022315989387 40.64250018633092)",,,,
1,,10052,1,10052_1,"LINESTRING (-8.726247101588543 40.644184594488316, -8.726236143757124 40.644152945649665, -8.726244064771242 40.64411754278383, -8.726266718879565 40.64408518444117, -8.726303826653849 40.644061432127785)",,,,
1,,10053,1,10053_1,"LINESTRING (-8.727035122656176 40.643759381873195, -8.727068450811098 40.64375351063991, -8.727105054161214 40.64375865649782, -8.72713859784799 40.643772328481326, -8.727163020848621 40.64379191519008)",,,,
1,,10054,1,10054_1,"LINESTRING (-8.730009734283358 40.645517726012955, -8.729991532576268 40.64552763043373, -8.72997530669774 40.6455396349196, -8.729957373807766 40.64555311617456, -8.729937426499372 40.645564548093176)",,,,
1,,10054,2,10054_2,"LINESTRING (-8.729989117229595 40.64549574360064, -8.729968739396472 40.64550683215364, -8.729950493425354 40.64552033117312, -8.729934150870784 40.64553261687225, -8.729916102340265 40.64554296058803)",,,,
1,,10055,1,10055_1,"LINESTRING (-8.71445518365687 40.654047851506256, -8.714319215755578 40.65399796471454)",,,,
1,,10056,1,10056_1,"LINESTRING (-8.713023657095281 40.65232078085007, -8.712973694073622 40.652255873778394)",,,,
1,,10057,1,10057_1,"LINESTRING (-8.714316009697646 40.65412047771509, -8.714250332957047 40.654100694399204)",,,,
1,,10058,1,10058_1,"LINESTRING (-8.712827783331612 40.652457351846714, -8.712749586677406 40.652390371689165)",,,,
1,,10059,1,10059_1,"LINESTRING (-8.727718461064786 40.64433471819829, -8.727682036115906 40.64430924355997, -8.727634051236462 40.64430052866632, -8.72757389790714 40.64430418502076, -8.727508540385022 40.644317646595155, -8.727444930731647 40.6443373010856, -8.72738887396135 40.64435953611352)",,,,
1,,10059,2,10059_2,"LINESTRING (-8.727742448128259 40.64431481835638, -8.727699231210288 40.64428459359995, -8.727636821141804 40.644273258840855, -8.72756780669659 40.64427745380926, -8.72749720387514 40.64429199574882, -8.727430040873825 40.64431274817289, -8.727372492935972 40.64433557467382)",,,,
1,,10060,1,10060_1,"LINESTRING (-8.726777378571983 40.64463039855624, -8.7267288061899 40.64464240983211, -8.726672785662634 40.644640519323666, -8.726617266389905 40.6446272298503, -8.726565463282853 40.64460527448281, -8.726520689526852 40.64457688522338, -8.7264880548939 40.644545409815166)",,,,
1,,10060,2,10060_2,"LINESTRING (-8.726766426959182 40.644604703157434, -8.726723961548108 40.64461520426512, -8.726678991448619 40.64461368667189, -8.72663135011625 40.64460228291644, -8.726585605492874 40.644582895277864, -8.726546227246173 40.64455792710187, -8.726515888457305 40.644528665996724)",,,,
1,,10061,1,10061_1,"LINESTRING (-8.73096335295895 40.648186721289875, -8.730957094718972 40.6481899882901, -8.730951658240153 40.648194153985564, -8.730947058575914 40.648199007408955, -8.730943313319141 40.64820434113244, -8.730940440062717 40.648209947728155, -8.730935524220603 40.64821653165685)",,,,
1,,10062,1,10062_1,"LINESTRING (-8.730878641537524 40.64842564333392, -8.730877521220183 40.64843385456093, -8.73087835520478 40.64844217988616, -8.730880820254965 40.648450477106756, -8.730884593134396 40.64845860402011, -8.730889350606725 40.648466418423475, -8.730895569247604 40.648474782519564)",,,,
1,,10063,1,10063_1,"LINESTRING (-8.731510482780395 40.64803906332113, -8.73151676795338 40.64803494054229, -8.731521192517333 40.648029253589606, -8.731523818820019 40.648022559561504, -8.731524709209207 40.64801541555652, -8.731523926032663 40.64800837867343, -8.731521269422787 40.648001523115525)",,,,
1,,10064,1,10064_1,"LINESTRING (-8.731512020492097 40.64798449028592, -8.731504094800478 40.6479779268281, -8.731491798226187 40.64797648960413, -8.731476748622878 40.64797882404005, -8.731460563844196 40.64798357556127, -8.731444861743798 40.64798938959322, -8.731429835053488 40.64799428437802)",,,,
1,,10065,1,10065_1,"LINESTRING (-8.72871612839335 40.64620947214981, -8.728942250770036 40.64614992734952)",,,,
1,,10065,2,10065_2,"LINESTRING (-8.72872771723722 40.64623500493664, -8.728953839689778 40.64617546011392)",,,,
1,,10066,1,10066_1,"LINESTRING (-8.72993303380649 40.64857501920735, -8.72992434817539 40.64857869510798, -8.72991511709556 40.648582181074175, -8.729905528134996 40.64858550760805, -8.729895610082327 40.64858866688818, -8.729885391726196 40.64859165109318, -8.729874901855236 40.64859445240162, -8.729864169258088 40.648597062992046, -8.729853222723387 40.64859947504312, -8.729842091039771 40.648601680733385, -8.729830802995878 40.648603672241414, -8.729819387380346 40.648605441745815, -8.729807872981809 40.64860698142518, -8.729796288588906 40.64860828345807, -8.729784662990278 40.648609340023064, -8.729773024974557 40.64861014329874, -8.729761403330382 40.64861068546367, -8.729749826846392 40.648610958696445, -8.729738324311224 40.6486109551756, -8.729726924513514 40.64861066707974, -8.7297156562419 40.64861008658741, -8.72970454828502 40.648609205877115, -8.729693629431512 40.6486080171275, -8.72968292847001 40.64860651251708, -8.729672474189154 40.64860468422435, -8.729662295377581 40.648602524427936, -8.729652420823928 40.64860002530628, -8.729642879316835 40.64859717903797, -8.729633699644934 40.64859397780146, -8.729624910596867 40.648590413775345, -8.729616540961267 40.648586479138096, -8.729608619526777 40.648582166068195, -8.729601175082031 40.6485774667441, -8.729594236415666 40.648572373344365, -8.729587832316321 40.648566878047404, -8.72958199157263 40.64856097303172, -8.729576742973235 40.648554650475695)",,,,
1,,10067,1,10067_1,"LINESTRING (-8.72955434172438 40.64867865833912, -8.729627463461823 40.648716675122046, -8.729731404374784 40.648711961189235, -8.72985029915193 40.64868051083793, -8.729956995831671 40.648639764760574)",,,,
1,,10067,2,10067_2,"LINESTRING (-8.729534344927231 40.648700971191175, -8.729617475183828 40.64874419151113, -8.72973840815563 40.64873870695754, -8.729864124950758 40.64870545202882, -8.729972893333304 40.64866391479291)",,,,
1,,10068,1,10068_1,"LINESTRING (-8.73056257690017 40.64837878985492, -8.730588825481885 40.6483629928431, -8.730610608966398 40.648345398959584, -8.730627785284925 40.64832491032165, -8.730640642364351 40.64830191056145, -8.730649468131553 40.648276783311324, -8.730654550513417 40.64824991220404, -8.730656177436824 40.64822168087272, -8.730654636828653 40.648192472951095, -8.730650216615787 40.64816267207352, -8.730643204725107 40.64813266187499, -8.730633889083496 40.64810282599117, -8.730622557617835 40.648073548058406, -8.730609498255003 40.6480452117138, -8.730594998921886 40.64801820059493, -8.730579347545362 40.64799289834003, -8.730562832052312 40.64796968858777)",,,,
1,,10069,1,10069_1,"LINESTRING (-8.730040538096803 40.64566794931043, -8.730080751989808 40.64565101174269, -8.730132696767159 40.64562500501113, -8.730192377138033 40.64560225882297, -8.73028030860681 40.645566852409424)",,,{'@allVehTypes': 'true'},
1,,10069,2,10069_2,"LINESTRING (-8.730057701089521 40.64569159118388, -8.730099100853558 40.645674154140565, -8.730150434129985 40.64564845356131, -8.730208602617294 40.64562628359986, -8.730296884430068 40.6455907361139)",,,,{'@allVehTypes': 'true'}
1,,10070,1,10070_1,"LINESTRING (-8.73105701548824 40.64836461058025, -8.731051750745626 40.64835535077961, -8.7310490387249 40.64834465578466, -8.731048726985954 40.64833364125607, -8.731051156073367 40.64832321660514, -8.731056666531721 40.648314291243715, -8.731066404517879 40.64830739943224)",,,,
1,,10071,1,10071_1,"LINESTRING (-8.731002794322714 40.64860943580931, -8.731016704453413 40.648621353298566, -8.731035841568549 40.64863030150813, -8.731056694398816 40.64863422352799, -8.731075751674915 40.64863106244777)",,,,
1,,10072,1,10072_1,"LINESTRING (-8.731196645332162 40.648480248528685, -8.731176530815386 40.648482509859576, -8.731157821599297 40.64847696445946, -8.731140863779952 40.64846678390949, -8.731127451808991 40.64845369676631)",,,,
1,,10073,1,10073_1,"LINESTRING (-8.731348531805796 40.648512434783875, -8.731363972250346 40.648503912894945, -8.7313730590095 40.648492695994655, -8.731377012635923 40.64848039245512, -8.73137385396832 40.648469127728575)",,,,
1,,10074,1,10074_1,"LINESTRING (-8.731356008590012 40.648444839938335, -8.73134642467183 40.64843802904806, -8.73133254383715 40.648434911842514, -8.731317326325316 40.64843513116733, -8.731303735701623 40.64843833478465)",,,,
1,,10075,1,10075_1,"LINESTRING (-8.715554334482958 40.653865303762316, -8.715567314419761 40.65386073105582, -8.715575739781345 40.653849756492434, -8.715579851290542 40.65383457520989, -8.71557988967019 40.653817382346766, -8.715576095643124 40.65380037304355, -8.715568709932178 40.65378574244281, -8.71555797326019 40.653775685689, -8.715544126349991 40.65377239792708)",,,,
1,,10076,1,10076_1,"LINESTRING (-8.716181136679547 40.65436538979919, -8.716207719756675 40.65437098089072, -8.716235384153979 40.65436988324575, -8.716263861438714 40.65436412845237, -8.716292883178127 40.65435574809797, -8.716322180939473 40.654346773770534, -8.716351486290003 40.65433923705888, -8.716380530796968 40.65433516955278, -8.7164056903638 40.65433602362174)",,,,
1,,10077,1,10077_1,"LINESTRING (-8.71567729757001 40.6541787735995, -8.715708870554524 40.654184506899014, -8.71574003570376 40.654179668938184, -8.71577047390123 40.65416639417167, -8.715799866030434 40.65414681705205, -8.71582789297488 40.65412307203214, -8.715854235618071 40.654097293566736, -8.715878574843511 40.65407161611348, -8.715893850535412 40.65404249920754)",,,,
1,,10078,1,10078_1,"LINESTRING (-8.715686248426252 40.65401958211566, -8.715668463518245 40.65403072725856, -8.71564962711426 40.654042135236544, -8.715629865578242 40.65405304621383, -8.715609364320555 40.654062755230235, -8.715588308751569 40.65407055732603, -8.715566884281646 40.65407574754167, -8.715545276321158 40.65407762091753, -8.715520366892774 40.654074798682004)",,,,
1,,10079,1,10079_1,"LINESTRING (-8.716007944302879 40.65392768276461, -8.716012036756144 40.65391835083372, -8.716009347860016 40.653907217123056, -8.71600137331215 40.65389547798455, -8.715989608810201 40.65388432977083, -8.715975550051827 40.653874968835346, -8.715960692734685 40.653868591532145, -8.715946532556428 40.65386639421541, -8.715934565214717 40.65386957323877)",,,,
1,,10080,1,10080_1,"LINESTRING (-8.715964762448754 40.65428524734165, -8.71598483630405 40.65429088268625, -8.716006306651865 40.65429372578061, -8.716028621260904 40.654294007177846, -8.716051227899872 40.65429195743076, -8.716073574337477 40.654287807091904, -8.716095108342422 40.65428178671368, -8.716115277683418 40.65427412684841, -8.716133336939183 40.654258798100564)",,,,
1,,10081,1,10081_1,"LINESTRING (-8.71489717208438 40.65434284897013, -8.714895177271375 40.65432533058489, -8.714887908102831 40.65430624995071, -8.714877894570483 40.65428657429428, -8.714867670257167 40.6542672304011, -8.714859768745724 40.654249145057896, -8.71485672361899 40.65423324505218, -8.7148610684598 40.65422045717233, -8.714875336850994 40.65421170820694)",,,,
1,,10082,1,10082_1,"LINESTRING (-8.7164532511317 40.654466177639236, -8.71646432593815 40.654471285169514, -8.716474233998493 40.654477848452665, -8.71648261626624 40.6544855496691, -8.716489113694903 40.6544940709994, -8.716493772095806 40.65450317595603, -8.716496653330461 40.65451289010893, -8.716497031273335 40.654522653600104, -8.716485257399185 40.654546527139054)",,,,
1,,10083,1,10083_1,"LINESTRING (-8.71629826223327 40.65481779961242, -8.716291092811542 40.654825108059995, -8.716281229745084 40.654830798594105, -8.716269342121873 40.65483489529807, -8.716256115606244 40.65483742880794, -8.716242235862534 40.654838429759664, -8.716228388555077 40.6548379287891, -8.716215259348209 40.654835956532, -8.716202084478956 40.65483200481446)",,,,
1,,10084,1,10084_1,"LINESTRING (-8.715245201516607 40.65447146023849, -8.71523600645924 40.65446750005088, -8.71522663449713 40.654462470955394, -8.715217687040592 40.654456582880236, -8.71520976549994 40.654450045753606, -8.715203471285484 40.6544430695038, -8.715199405807537 40.65443586405915, -8.715198170476413 40.654428639348076, -8.715200361290098 40.65442160348253)",,,,
1,,10085,1,10085_1,"LINESTRING (-8.715345264702858 40.654166382347, -8.715355151311494 40.654153872393096, -8.715368978034384 40.65414326409758, -8.715385906415772 40.654134585802424, -8.715405097999914 40.654127865849574, -8.715425714331053 40.65412313258074, -8.715446916953441 40.65412041433747, -8.715467867411329 40.654119739461144, -8.71548736308344 40.654121089571696)",,,,
1,,10086,1,10086_1,"LINESTRING (-8.715257527040675 40.654476104393396, -8.715241614294921 40.65447019576137, -8.71522558476435 40.65446427612322, -8.71520961816788 40.65445820121768, -8.71519389422444 40.65445182678349, -8.715178592652952 40.65444500855929, -8.715163893172345 40.65443760228371, -8.715149975501543 40.6544294636952, -8.715138009973 40.65442106942326)",,,,
1,,10087,1,10087_1,"LINESTRING (-8.714760942633347 40.65419568267697, -8.714790957670724 40.65433047755261)",,,,
1,,10088,1,10088_1,"LINESTRING (-8.714922514459104 40.65406122427734, -8.714916569299099 40.65405368881358, -8.714906475384877 40.65404757413148, -8.71489355627369 40.65404307074276, -8.714879135522784 40.654040369159056, -8.714864536689404 40.65403965989193, -8.714851083330803 40.65404113345276, -8.714840099004224 40.65404498035273, -8.714832907266917 40.65405139110271)",,,,
1,,10089,1,10089_1,"LINESTRING (-8.719565185090865 40.65382564454017, -8.719568577749607 40.653820716883445, -8.719570754476164 40.65381500180484, -8.719571695760512 40.653808839022346, -8.719571382092635 40.65380256825412, -8.719569793962508 40.65379652921844, -8.719566911860106 40.65379106163365, -8.719562716275412 40.653786505218285, -8.719556579911545 40.65378294812677)",,,,
1,,10090,1,10090_1,"LINESTRING (-8.719494393860275 40.65375720920082, -8.719476779720681 40.6537554945269, -8.719458495967878 40.65376181567241, -8.719441653961617 40.65377278843157, -8.719428360931463 40.65378502638748)",,,,
1,,10091,1,10091_1,"LINESTRING (-8.716750915987374 40.653856661970444, -8.716766332356734 40.65384014975256, -8.71678105259921 40.653839730551105, -8.716798635277833 40.65384439108391, -8.716816911347657 40.653852900581086, -8.71683371176374 40.653864028272466, -8.716846867481138 40.65387654338833, -8.716854209454905 40.65388921515969, -8.716853568640095 40.65390081281848)",,,,
1,,10092,1,10092_1,"LINESTRING (-8.7169644065834 40.65443246342754, -8.717029333121465 40.654437191054065, -8.71706406829778 40.65443586243714, -8.717098470864983 40.65443281150058)",,,,
1,,10093,1,10093_1,"LINESTRING (-8.716580408900716 40.65444406442504, -8.716572176102641 40.65445722626681, -8.716561719313694 40.654469449009724, -8.716549693926865 40.65448101652863, -8.716536757669543 40.65449221337341, -8.716523568269109 40.654503324093724, -8.716510783452948 40.65451463323913, -8.716499060948445 40.65452642535891, -8.716485257399185 40.654546527139054)",,,,
1,,10094,1,10094_1,"LINESTRING (-8.70532640239552 40.65136074465397, -8.70537719862019 40.65133109028498)",,,,
1,,10094,2,10094_2,"LINESTRING (-8.705347980920887 40.651382186081825, -8.705398777152261 40.651352531703445)",,,,
1,,10095,1,10095_1,"LINESTRING (-8.705212271557436 40.651249575636946, -8.70510047712812 40.651287428117094)",,,,
1,,10095,2,10095_2,"LINESTRING (-8.70519786247691 40.65122488957156, -8.705086068080648 40.65126274203793)",,,,
1,,10096,1,10096_1,"LINESTRING (-8.715025438402504 40.653973845093816, -8.714969896471407 40.653973009049416, -8.714914145431221 40.65398895689559, -8.714865747810155 40.65401699144441, -8.714832652574197 40.65405190177097)",,,,
1,,10097,1,10097_1,"LINESTRING (-8.705418907641207 40.651734271294906, -8.70542939275809 40.65173004911505)",,,,
1,,10098,1,10098_1,"LINESTRING (-8.717246686217452 40.65441685097356, -8.717284579968196 40.654399208061996, -8.71730512780438 40.654363502290614, -8.717314804353972 40.65431982732135, -8.717320219439262 40.65427657584042)",,,,
1,,10099,1,10099_1,"LINESTRING (-8.71717669081292 40.65427497016154, -8.71716488433986 40.65430688767973, -8.717138813819076 40.65433629623762, -8.71710314199162 40.65435792752424, -8.717060278338918 40.654366529882296)",,,,
1,,10100,1,10100_1,"LINESTRING (-8.71734117732211 40.65403123120312, -8.7173389813468 40.65401806828407, -8.717331166018765 40.6540050496149, -8.717319035720113 40.653995057460676, -8.71730483251649 40.653990983818325)",,,,
1,,10101,1,10101_1,"LINESTRING (-8.717237343226602 40.6539902834782, -8.717221493305779 40.6539950671831, -8.717210302245572 40.65400722456361, -8.717203347106837 40.65402289468537, -8.717200274270036 40.654037518666485)",,,,
1,,10102,1,10102_1,"LINESTRING (-8.714455009826734 40.6540477149838, -8.714345449756665 40.65397356924054)",,,,
1,,10103,1,10103_1,"LINESTRING (-8.714855365271806 40.654345511512346, -8.714849798772091 40.654313046394975, -8.714829157319404 40.6542851522523, -8.714796976642054 40.65426069142332, -8.714756804960816 40.6542385675089, -8.714712190496464 40.654217684108154, -8.714666681469774 40.65419694481864, -8.714623826101521 40.654175253236616, -8.714587172765116 40.65415151284429)",,,,
1,,10104,1,10104_1,"LINESTRING (-8.707225126187122 40.652300091327646, -8.707171787445997 40.65231080538555, -8.707113868094751 40.65231468811405, -8.707061306846287 40.65230722626011, -8.707024042413515 40.652283906563945)",,,{'@allVehTypes': 'true'},
1,,10105,1,10105_1,"LINESTRING (-8.713056028742836 40.65229954788904, -8.713038420923048 40.65228410709166, -8.713003661435243 40.65227474545973, -8.71297661656818 40.65225956759082)",,,,
1,,10106,1,10106_1,"LINESTRING (-8.708916771528191 40.6544782019876, -8.708911104931765 40.65445052828551, -8.708894942866912 40.65442330179136, -8.708870171686142 40.654402116380716, -8.708838667605004 40.65439272611245)",,,{'@allVehTypes': 'true'},
1,,10107,1,10107_1,"LINESTRING (-8.708761967000422 40.65439132224764, -8.708731055036209 40.654401069421425, -8.708710317863895 40.65442614216569, -8.708698523964125 40.654458288066714, -8.70869444181755 40.654489254721675)",,,{'@allVehTypes': 'true'},
1,,10108,1,10108_1,"LINESTRING (-8.712856281662038 40.65243089103271, -8.712812056017501 40.652421665680905, -8.712777881253121 40.6524107200455, -8.712752242066275 40.652394051761306)",,,,
1,,10109,1,10109_1,"LINESTRING (-8.712439278570011 40.652018170993294, -8.712400748430575 40.65198738892493, -8.71235307624763 40.6519606427613, -8.71229954018496 40.65194004373166, -8.712243418406342 40.651927703066555, -8.712187989075561 40.65192573199539, -8.712136530356402 40.6519362417437)",,,,
1,,10110,1,10110_1,"LINESTRING (-8.711899853367177 40.65202162566945, -8.711857850325474 40.65204415895991, -8.711823073188645 40.65207688820087, -8.711797750214119 40.65211607302015, -8.711784109659321 40.652157973051516, -8.711784379781674 40.652198847937306, -8.711800788838607 40.652234957328865)",,,,
1,,10111,1,10111_1,"LINESTRING (-8.714563201091305 40.654132686031694, -8.71454840811961 40.654132913130375, -8.714514288828335 40.65413534787457, -8.714476779625613 40.65414423738092, -8.714438809004362 40.654153513367504, -8.714403305457486 40.65415710755516, -8.71437705238351 40.65415130446869)",,,,
1,,10112,1,10112_1,"LINESTRING (-8.714316702442764 40.65412082755368, -8.714277811170582 40.65407711268057)",,,,
1,,10113,1,10113_1,"LINESTRING (-8.720218643500392 40.655112791144326, -8.720241006639002 40.65511887589881, -8.720258520915985 40.655137918071105, -8.720269567329998 40.65516383021459, -8.7202725268797 40.65519052488806, -8.720265780563746 40.6552119146594, -8.720247709380796 40.655221912103315)",,,,
1,,10114,1,10114_1,"LINESTRING (-8.712657363581542 40.65216527249726, -8.712621801801994 40.652162448618654, -8.71258701247655 40.65215720239261, -8.712565005671632 40.652140951972235)",,,,
1,,10115,1,10115_1,"LINESTRING (-8.712613985483607 40.652202443321684, -8.712597271357682 40.65218118774401, -8.712579817412566 40.652160253885036, -8.712564261936535 40.6521402256655)",,,,
1,,10116,1,10116_1,"LINESTRING (-8.714553682712873 40.65424319176592, -8.714573506040226 40.65424428558211, -8.714594736447234 40.654246461667114, -8.714616760155792 40.654249733278355, -8.71463896338781 40.654254113673296, -8.714660732365186 40.65425961610931, -8.714681453309824 40.654266253843645, -8.714700512443626 40.654274040133586, -8.714717295988496 40.65428298823628, -8.714731190166335 40.65429311140887, -8.714741581199046 40.65430442290837, -8.71474785530853 40.65431693599173, -8.714749398716693 40.65433066391587)",,,,
1,,10117,1,10117_1,"LINESTRING (-8.713368170207684 40.65390708123805, -8.71343685237168 40.65390923178084, -8.713495063555253 40.65390811529671, -8.713541530930712 40.65390612271022)",,,,
1,,10118,1,10118_1,"LINESTRING (-8.713818835146094 40.65367088191845, -8.713713244315384 40.65364139178125)",,,,
1,,10119,1,10119_1,"LINESTRING (-8.707038493876208 40.65172980420293, -8.707084482068407 40.65170537902578, -8.707144245900105 40.65169604014932, -8.70720621177242 40.65170105696648, -8.707258806086468 40.65171969886081)",,,,
1,,10120,1,10120_1,"LINESTRING (-8.70789300870801 40.652393938414505, -8.708018974151512 40.6523562269544, -8.708149268199561 40.65232578915233, -8.708277274997235 40.65232002895499, -8.708389536581155 40.65235185877063)",,,,
1,,10121,1,10121_1,"LINESTRING (-8.704611876939836 40.65187891288723, -8.704642410960654 40.65190523202243)",,,,
1,,10121,2,10121_2,"LINESTRING (-8.704585295871441 40.65189680108571, -8.70461582988997 40.651923120227856)",,,,
1,,10122,1,10122_1,"LINESTRING (-8.704941759972476 40.65136569712451, -8.70488656292544 40.65140512133963, -8.704834737147394 40.651450767032536, -8.704771433639335 40.651483169968664)",,,,
1,,10122,2,10122_2,"LINESTRING (-8.704917496216655 40.65134599107595, -8.704860946049894 40.651386381738845, -8.704811011821768 40.651430361432155, -8.704751648104152 40.65146074771569)",,,,
1,,10123,1,10123_1,"LINESTRING (-8.70488857332781 40.65200763160441, -8.7049596107523 40.65201195244041, -8.705029315048419 40.652030515062236, -8.705091095646415 40.65206106324864, -8.705138361976545 40.65210134077519)",,,,
1,,10124,1,10124_1,"LINESTRING (-8.706014462349758 40.65312983842757, -8.706015514508785 40.65315073450662, -8.705996909879495 40.65317101324193, -8.705968032372642 40.65318876650959, -8.705938203484285 40.65320211043194)",,,,
1,,10125,1,10125_1,"LINESTRING (-8.705073624641287 40.653535627852285, -8.70504472625206 40.65354315123638, -8.70501219175893 40.65354535248224, -8.70498261138735 40.653540475227686, -8.704962575362769 40.65352676310818)",,,,
1,,10126,1,10126_1,"LINESTRING (-8.704807468665742 40.65330461543723, -8.704800259737477 40.653277594929214, -8.704809407371942 40.65324816864643, -8.704830727984218 40.65322164929628, -8.704860141456434 40.653203304192665)",,,,
1,,10127,1,10127_1,"LINESTRING (-8.704808003430498 40.653305381341895, -8.704794404168137 40.65327144265474, -8.704794910745818 40.65323329925961, -8.704810227347764 40.653198692524576, -8.704840950494852 40.6531754014258)",,,,
1,,10128,1,10128_1,"LINESTRING (-8.705417711412204 40.652950513068454, -8.705453513754767 40.652929603020546, -8.705480627060695 40.65290142857366, -8.70549338557803 40.652871895901626, -8.705486368088202 40.652843037853444)",,,,
1,,10128,2,10128_2,"LINESTRING (-8.705439296611193 40.65297195089264, -8.705479124679583 40.652948689648646, -8.705512563030048 40.65291394259665, -8.70552991675109 40.65287377316671, -8.705521246401064 40.65283811813572)",,,,
1,,10129,1,10129_1,"LINESTRING (-8.705254594946375 40.65253684218785, -8.705232692299584 40.65251796013001, -8.705206026523886 40.65250361269183, -8.705179480093594 40.652496854668776, -8.705152504914514 40.652500155461645)",,,,
1,,10129,2,10129_2,"LINESTRING (-8.7052811781135 40.652518955581556, -8.705256537076918 40.6524977127908, -8.70522222625876 40.65247925196385, -8.705182458735338 40.65246912819785, -8.705146878148158 40.652473481984906)",,,,
1,,10130,1,10130_1,"LINESTRING (-8.704687693453385 40.653213296772634, -8.704696804306913 40.65324995983901, -8.704690561442389 40.6532894136529, -8.704685419681432 40.653324382832764, -8.704694714745829 40.65335627263783)",,,,
1,,10130,2,10130_2,"LINESTRING (-8.704652840535529 40.653218320584934, -8.70466093086997 40.653250877041614, -8.704655326717802 40.65328629418497, -8.704649511066547 40.653325846356914, -8.704660086008241 40.65336212727285)",,,,
1,,10131,1,10131_1,"LINESTRING (-8.704451002083971 40.65277708093419, -8.704437887206634 40.65278920503731, -8.704435819643166 40.652805861435695, -8.70444151935165 40.652827801626295, -8.704452367162931 40.652848938929196)",,,,
1,,10131,2,10131_2,"LINESTRING (-8.704423624987182 40.65275990293699, -8.704403596600715 40.65277841825318, -8.70440001886564 40.652807240551816, -8.704407334314842 40.652835400355954, -8.704419329714597 40.652858773794506)",,,,
1,,10132,1,10132_1,"LINESTRING (-8.70597236478612 40.653080418373634, -8.70602131792035 40.65310331251934, -8.706084313761755 40.65310648626481, -8.706153632416392 40.65309451402709, -8.706214707576883 40.653074965405224)",,,,
1,,10133,1,10133_1,"LINESTRING (-8.705992764002758 40.65323320081491, -8.706034655837213 40.65321532380709, -8.706075701439595 40.65319145932359, -8.706102429898454 40.65316402524621, -8.706103357492651 40.65312614618383)",,,,
1,,10134,1,10134_1,"LINESTRING (-8.70789300870801 40.652393938414505, -8.707992367498646 40.65234196800834, -8.708087108369373 40.652270004846514, -8.708139415275324 40.65219555032837, -8.70811147217163 40.65213610592511)",,,,
1,,10135,1,10135_1,"LINESTRING (-8.711533056194032 40.655814290640365, -8.711558215402645 40.65580936519982, -8.711578511198711 40.65579344856523, -8.711595314461354 40.65577226946429, -8.711609610883722 40.65575141272072)",,,{'@allVehTypes': 'true'},
1,,10136,1,10136_1,"LINESTRING (-8.729312140195201 40.6350566001991, -8.729308134744711 40.63507825645489, -8.729314255820897 40.63510133998154, -8.729329132001457 40.63512144556028, -8.729352465146391 40.63513448634428)",,,,
1,,10137,1,10137_1,"LINESTRING (-8.730198887155568 40.63538555937358, -8.730235348988089 40.635392952579984, -8.730275591681433 40.635394581801414, -8.730311230034365 40.63538789870241, -8.73033974135 40.63536053299175)",,,,
1,,10138,1,10138_1,"LINESTRING (-8.724796460576592 40.64263796671699, -8.724819129130358 40.64263261712024, -8.724844304740728 40.642631489133116, -8.724867330523336 40.642635706142606, -8.72488354959382 40.64264639153432)",,,,
1,,10139,1,10139_1,"LINESTRING (-8.714722074370563 40.65471235909772, -8.714713217624423 40.65473453871549, -8.71469292294794 40.65475458382738, -8.71466591449103 40.65476825721303, -8.714636916403611 40.6547713216542)",,,,
1,,10140,1,10140_1,"LINESTRING (-8.734403524372356 40.647470710283365, -8.734415578072529 40.64749258830481, -8.734427841002184 40.64751601432951, -8.734439226845353 40.647540400664205, -8.734448649286067 40.64756515961635, -8.734455022008357 40.64758970349432, -8.734457258696251 40.64761344460729, -8.73445427303378 40.64763579526534, -8.734444978704978 40.64765616777913, -8.734428289393875 40.647673974460076)",,,,
1,,10141,1,10141_1,"LINESTRING (-8.729788866767459 40.650635361965044, -8.729053687457949 40.64978759926331)",,,,
1,,10142,1,10142_1,"LINESTRING (-8.730462905039571 40.645259035750094, -8.73040875884279 40.645319678602114)",,,,
1,,10143,1,10143_1,"LINESTRING (-8.731197916332059 40.63382632882822, -8.731206038922867 40.6337866724033, -8.731185162803207 40.633753836654094, -8.731149904355235 40.633725474932575, -8.731109099752175 40.63370631007239)",,,,
1,,10144,1,10144_1,"LINESTRING (-8.70486334638917 40.653585112550005, -8.704888162803217 40.65360255587402, -8.704924035037596 40.65360976415479, -8.704965384217855 40.65360868473051, -8.705007007588772 40.65360156374783, -8.705042957928596 40.65358669199481)",,,,
1,,10145,1,10145_1,"LINESTRING (-8.704826889877863 40.653600131174755, -8.704857457935015 40.6536197501998, -8.704900720803398 40.65362309014261, -8.704950582366541 40.65361535484142, -8.705000807335859 40.65360134833975, -8.705044446033273 40.65358613816546)",,,,
1,,10146,1,10146_1,"LINESTRING (-8.730365791332058 40.63520314853285, -8.730378259752802 40.63525382743469, -8.730453889174159 40.63529163973753, -8.730541870109553 40.63530680337049, -8.730601700298061 40.63528130630727)",,,,
1,,10147,1,10147_1,"LINESTRING (-8.705181669226457 40.652076465156306, -8.705157108272731 40.6520502322409, -8.705130539275972 40.652020970850515, -8.705109867472224 40.65199135478805, -8.705102998097532 40.65196405786098, -8.705117836387938 40.65194175388103)",,,,
1,,10148,1,10148_1,"LINESTRING (-8.705176394837066 40.65160792931119, -8.705155395862205 40.65155620326848, -8.705152996439868 40.65149637377451, -8.705173876028391 40.65144043315281, -8.705220130999054 40.65140365753859)",,,,
1,,10148,2,10148_2,"LINESTRING (-8.705210282724591 40.65159994900075, -8.705190703360502 40.65155171989844, -8.705188618462998 40.6514997337543, -8.705205585577966 40.65145427537676, -8.705245745336775 40.651422345826774)",,,,
1,,10149,1,10149_1,"LINESTRING (-8.7051991963172 40.651869869760645, -8.705262965186954 40.651823174594895, -8.705328418997704 40.65177807348638, -8.7054014824592 40.65174130750797)",,,,
1,,10150,1,10150_1,"LINESTRING (-8.706356340334304 40.65135678292449, -8.706424708529685 40.65133823600916, -8.706500095684861 40.65133319462458, -8.706573556029472 40.651342807369105, -8.706801632454306 40.6514580506711)",,,,
1,,10151,1,10151_1,"LINESTRING (-8.717068900625046 40.65532233606455, -8.71710415341406 40.655324201315146, -8.717144260058905 40.65532455422972, -8.717184385270881 40.655323378654444, -8.71722512617327 40.65532102681128)",,,,
1,,10152,1,10152_1,"LINESTRING (-8.717068900625046 40.65532233606455, -8.717104366650334 40.65532910144656, -8.717146229754514 40.65534029105871, -8.717188112987637 40.65534982360743, -8.717230002618606 40.655352342087774)",,,,
1,,10153,1,10153_1,"LINESTRING (-8.719112190074508 40.655142640935885, -8.719139780574386 40.65514026982041, -8.719167447165589 40.65513838848807, -8.71919511151644 40.65513649452119, -8.719221787648797 40.655134183763174)",,,,
1,,10154,1,10154_1,"LINESTRING (-8.71912082466049 40.6551735181143, -8.719147311012561 40.65516629800338, -8.719171641253128 40.655153840475656, -8.719195969191812 40.65514136996412, -8.719223359614055 40.65513403184118)",,,,
1,,10155,1,10155_1,"LINESTRING (-8.720588336501095 40.655002114024285, -8.720647190398 40.65498224903628, -8.720693670473848 40.654941708638766, -8.720721834755226 40.65489079137446, -8.720725741268707 40.654839795807824)",,,,
1,,10156,1,10156_1,"LINESTRING (-8.724960489502578 40.65345134252106, -8.725004145637703 40.653450394963414, -8.725050272909918 40.65345577675856, -8.725088122969535 40.653469367528885, -8.725106947466864 40.65349304689266)",,,,
1,,10157,1,10157_1,"LINESTRING (-8.725248246340898 40.65421693867514, -8.725241729699958 40.65422875409585, -8.725221417121345 40.65423481540401, -8.725195231654492 40.65423749645828, -8.725171096348836 40.65423917111607)",,,,
1,,10158,1,10158_1,"LINESTRING (-8.724124497800432 40.65433952696183, -8.724095332862651 40.65434295391709, -8.72406346891519 40.65434543317936, -8.72403699240224 40.654342529046254, -8.724023980051687 40.654329857507705)",,,,
1,,10159,1,10159_1,"LINESTRING (-8.723919008298177 40.653850590626, -8.723918185020853 40.653795214292224, -8.723937182363192 40.65373754994944, -8.723975419759924 40.65369062520522, -8.723998060338488 40.653671063502046)",,,{'@allVehTypes': 'true'},
1,,10160,1,10160_1,"LINESTRING (-8.71950829627885 40.655106494236904, -8.719528310508258 40.65510960015689, -8.719544323875917 40.65512338871265, -8.719558249076325 40.65514200572563, -8.719572174506386 40.65516062405375, -8.719588188563007 40.65517441656004, -8.71961066099156 40.6551735470658)",,,,
1,,10161,1,10161_1,"LINESTRING (-8.724325383796582 40.653636705141764, -8.724380054096315 40.65364749527983, -8.724430266636832 40.653677862503685, -8.724480426172443 40.65370793909212, -8.724534945477265 40.65371790356249)",,,{'@allVehTypes': 'true'},
1,,10162,1,10162_1,"LINESTRING (-8.719581923253585 40.65528423403302, -8.719560702246724 40.655284545315915, -8.719539165886633 40.65528152452462, -8.719519611848662 40.655274939614586, -8.719504337808157 40.65526455854051)",,,,
1,,10163,1,10163_1,"LINESTRING (-8.724715333223394 40.65369713049165, -8.724738395861326 40.65369653110131, -8.72476163790554 40.65369839772921, -8.724784888881912 40.65370031066021, -8.724807981370954 40.65369986707125)",,,{'@allVehTypes': 'true'},
1,,10164,1,10164_1,"LINESTRING (-8.725035520326474 40.6536768267488, -8.725081231550453 40.65367469142029, -8.725131371134273 40.6536721360432, -8.725170590296928 40.653663277350425, -8.725183540257405 40.65364223207062)",,,{'@allVehTypes': 'true'},
1,,10165,1,10165_1,"LINESTRING (-8.725148002059655 40.65344714236459, -8.725127792955096 40.65342358657918, -8.725086571607527 40.653412355893074, -8.725036536997422 40.653409776577725, -8.72498988810525 40.653412174899614)",,,{'@allVehTypes': 'true'},
1,,10166,1,10166_1,"LINESTRING (-8.722193414329002 40.65381921585402, -8.722243588938642 40.65383686163915)",,,,
1,,10167,1,10167_1,"LINESTRING (-8.722419462604156 40.653868976977314, -8.722443480619257 40.653871019752295, -8.722469693956162 40.65386466883406, -8.722490498647478 40.65385226118332, -8.722498181843088 40.653835633251)",,,,
1,,10168,1,10168_1,"LINESTRING (-8.722488419701575 40.653713473979124, -8.722487584504147 40.65370761503255, -8.722486021062128 40.653701543309495, -8.722483770478172 40.653695346310926, -8.722480873854929 40.6536891115378, -8.72247737229505 40.65368292649112, -8.72247330690119 40.653676878671966, -8.722468718775998 40.65367105558139, -8.72246364902213 40.653665544720475, -8.722458138742233 40.6536604335904, -8.72245222903896 40.653655809692246, -8.722445961014966 40.65365176052721, -8.7224393757729 40.65364837359647, -8.722432514415415 40.65364573640118, -8.72242541804516 40.65364393644249, -8.722418127764794 40.6536430612216, -8.722410684676962 40.65364319823954)",,,{'@allVehTypes': 'true'},
1,,10169,1,10169_1,"LINESTRING (-8.728731231746389 40.64623632199164, -8.728766607428755 40.64625010916002, -8.72878484026324 40.64629617063933, -8.728769426397538 40.64633241320468)",,,,
1,,10170,1,10170_1,"LINESTRING (-8.719417068164526 40.655177371009216, -8.719396772982684 40.65515746457759, -8.71937416414089 40.65513723529693, -8.719349381608653 40.65511869695716, -8.719322565355483 40.65510386335036, -8.719293855350887 40.655094748269995, -8.719259941232885 40.655091703728864)",,,,
1,,10171,1,10171_1,"LINESTRING (-8.730501650298132 40.64530217064112, -8.730428599025345 40.64534732200736)",,,,
1,,10172,1,10172_1,"LINESTRING (-8.721984493648526 40.653718437735705, -8.722031212936058 40.653724303088374, -8.722073679216177 40.65374516769245, -8.722113950571751 40.65377259797183, -8.72214704604343 40.6537943919032)",,,,
1,,10173,1,10173_1,"LINESTRING (-8.720704988938857 40.653795979671436, -8.720681970388517 40.653799614892336, -8.720659502860903 40.653805876234976, -8.720637768738936 40.653814496607616, -8.720616954314657 40.65382523290429, -8.720597245880107 40.6538378420189, -8.720578829727328 40.65385208084546, -8.720561892148364 40.653867706277985, -8.720546619435256 40.653884475210624, -8.720533197880043 40.65390214453774, -8.72052181377477 40.65392047115388, -8.720512653411477 40.65393921195386, -8.720505903082207 40.65395812383273, -8.720501749079002 40.65397696368582, -8.720500377693904 40.65399548840876, -8.720501809573749 40.654012374999255)",,,,
1,,10174,1,10174_1,"LINESTRING (-8.7206698758444 40.65484169797939, -8.72066707835451 40.6548780747258, -8.720647502219594 40.65491445806467, -8.720614997221 40.65494350246064, -8.72057341314007 40.654957862389566)",,,,
1,,10175,1,10175_1,"LINESTRING (-8.718192813340654 40.65526735904038, -8.718221702957825 40.655269816712945, -8.718249589929739 40.655280969107636, -8.718271397236586 40.65529808260951, -8.718282101604963 40.6553197875387)",,,,
1,,10176,1,10176_1,"LINESTRING (-8.71833627594859 40.65577797120943, -8.71833388429973 40.65579922180542, -8.718322947759738 40.655820340289786, -8.718304929404415 40.65583747152796, -8.718280933127733 40.65584681687861)",,,,
1,,10177,1,10177_1,"LINESTRING (-8.718069664643396 40.65588004381816, -8.718035716677758 40.65589461991923, -8.718012034340255 40.65592172679651, -8.717998884166224 40.655954829506015, -8.717996556706936 40.65598739163071)",,,,
1,,10178,1,10178_1,"LINESTRING (-8.718333120286607 40.65624004972757, -8.718345957435456 40.656230508372225, -8.718353654852903 40.65621730377902, -8.71835716344962 40.65620240360721, -8.718357332281524 40.65618640900788)",,,,
1,,10179,1,10179_1,"LINESTRING (-8.71802382847424 40.65623445803111, -8.718046155293145 40.656269087959785, -8.718094165196403 40.65629471311689, -8.718151794717642 40.65630620398545, -8.718204319259934 40.6562978304224)",,,,
1,,10180,1,10180_1,"LINESTRING (-8.71833742119655 40.6559192762275, -8.71834349685263 40.65590019773644, -8.718358879140741 40.65588250972184, -8.71837477530428 40.65586481468132, -8.71838239258664 40.655845715111056)",,,,
1,,10181,1,10181_1,"LINESTRING (-8.718391180502486 40.65552005492682, -8.718394473529194 40.65550625410467, -8.71840292239743 40.65549306863882, -8.718415480458992 40.655482109732894, -8.718431112125193 40.655475012027495)",,,,
1,,10182,1,10182_1,"LINESTRING (-8.718895452902679 40.655351691584166, -8.718907812220381 40.65534702861567, -8.71891882436104 40.65534042542154, -8.718928580084137 40.65533255254833, -8.718938132024897 40.655322888799816)",,,,
1,,10183,1,10183_1,"LINESTRING (-8.719012277994036 40.65524017915011, -8.719017883567613 40.655205767318066, -8.718992009984134 40.65516804932358, -8.718948261173365 40.65513869483599, -8.718900064460428 40.655128374728385)",,,,
1,,10184,1,10184_1,"LINESTRING (-8.706995331219039 40.65149821967082, -8.706622924584607 40.65130709202263, -8.706586551704325 40.65129669902661, -8.706547092028924 40.651291297574, -8.706505798914643 40.65129040805066, -8.706463925717715 40.6512935508415, -8.706422725794374 40.65130024633072, -8.706383452500857 40.65131001490205, -8.706347360395723 40.65132237867809)",,,,
1,,10185,1,10185_1,"LINESTRING (-8.705340782617434 40.65172492039661, -8.705322120044656 40.65172818436872, -8.705304399863534 40.651723784676896, -8.705287812278357 40.65171331319817, -8.705272547493417 40.65169836180844, -8.705258795713002 40.651680522383884, -8.705246747141402 40.65166138680198, -8.705236591982908 40.651642546941716, -8.705228520441807 40.651625594683836)",,,,
1,,10186,1,10186_1,"LINESTRING (-8.711507260951768 40.654133345224146, -8.711542802181324 40.65416558004234, -8.711556310328763 40.65420705533581, -8.711551906364923 40.654254660500364, -8.711533711260639 40.65430528493835, -8.711505845986746 40.65435581806061, -8.711472431514087 40.65440314928732, -8.71143758881349 40.654444168047235)",,,,
1,,10187,1,10187_1,"LINESTRING (-8.711041786997772 40.655677183651356, -8.711044610657684 40.65571437704907, -8.71108075687942 40.65574725116761, -8.71113091469119 40.655771514643426, -8.711184215620486 40.65578344939099)",,,,
1,,10188,1,10188_1,"LINESTRING (-8.729076815447547 40.63427945483313, -8.729063320555204 40.63431523058529, -8.729056812118362 40.634354771255765, -8.729064123996567 40.63438951036078, -8.729092411920059 40.63441097529264)",,,,
1,,10189,1,10189_1,"LINESTRING (-8.729838062348339 40.63398142083149, -8.729822121766516 40.63399501340837, -8.72979608767312 40.63400093762979, -8.72976625574606 40.63400085599684, -8.729738921663253 40.63399643100866)",,,,
1,,10190,1,10190_1,"LINESTRING (-8.730506347201992 40.64545057264946, -8.730538054107699 40.64543130208662)",,,,
1,,10190,2,10190_2,"LINESTRING (-8.730528468346716 40.64547168971836, -8.730560175256052 40.64545241914953)",,,,
1,,10191,1,10191_1,"LINESTRING (-8.728191703205429 40.64659728276164, -8.72814409314081 40.6466329969478, -8.728114177231163 40.64668296717317, -8.72810606044906 40.64673720474392, -8.728123847767066 40.64678572099518)",,,,
1,,10192,1,10192_1,"LINESTRING (-8.714893433550209 40.65481735303962, -8.714880737907672 40.654812328167225, -8.714871848717388 40.65480252381611, -8.714865724674423 40.654790398748226, -8.714861324473839 40.6547784117268, -8.714858702862012 40.654763616931625, -8.714859699609844 40.654748511178, -8.714862299608722 40.65473328729989, -8.714864487750026 40.65471813813141)",,,,
1,,10193,1,10193_1,"LINESTRING (-8.714624186607551 40.6548598210569, -8.714692535629846 40.65485187086883, -8.714755259479123 40.65481817192087, -8.714802173622255 40.65476935808127, -8.71482309352611 40.65471606323267)",,,,
1,,10194,1,10194_1,"LINESTRING (-8.711764164521531 40.65546882240005, -8.711771457570235 40.65545274140396, -8.71177651736201 40.65543615292029, -8.71177999683572 40.65541921526612, -8.71178254893023 40.65540208675864, -8.711784826584411 40.65538492571523, -8.711787482737124 40.65536789045345)",,,{'@allVehTypes': 'true'},
1,,10195,1,10195_1,"LINESTRING (-8.711832304772745 40.655120303022876, -8.711833870353294 40.65511114977964, -8.711835281690048 40.65510198188762, -8.711836577166551 40.65509280320883, -8.711837795166343 40.655083617605335, -8.71183897407296 40.6550744289392, -8.711840152269943 40.65506524107243)",,,,
1,,10196,1,10196_1,"LINESTRING (-8.724570268844397 40.643680043834536, -8.72429508551484 40.64358890615233, -8.72390411454502 40.64370923240242, -8.723515300954736 40.643963635367356, -8.723260224622962 40.64426681113634, -8.72326076786818 40.64453925728351)",,,,
1,,10196,2,10196_2,"LINESTRING (-8.724584410477298 40.64365526871324, -8.724295588392547 40.64355961400854, -8.723885425103814 40.6436858469496, -8.723488246081729 40.643945723408926, -8.723224741942664 40.644258916022636, -8.723225300863703 40.644539298309816)",,,,
1,,10197,1,10197_1,"LINESTRING (-8.714763474366979 40.65471439321618, -8.714765773234339 40.65476923556475, -8.714781901482072 40.65482626137283, -8.714815072629593 40.65487276456155, -8.714868500196319 40.654896039083965)",,,,
1,,10198,1,10198_1,"LINESTRING (-8.71184917657748 40.654995615337334, -8.711842060443335 40.654979124498496, -8.71181962204686 40.65496912271763, -8.711788149659586 40.654963685281416, -8.711753931553039 40.65496088747469, -8.71172325599875 40.65495880458141)",,,,
1,,10199,1,10199_1,"LINESTRING (-8.711480097208224 40.65493733505617, -8.71143845579842 40.654943581311095, -8.711403561855615 40.654966804017825, -8.711376383979612 40.65500083798768, -8.711357901311843 40.655039453194, -8.711349092993732 40.65507641962214)",,,,
1,,10200,1,10200_1,"LINESTRING (-8.711316513018048 40.65538092405377, -8.711351501492265 40.65543476918263, -8.71142146601715 40.65548165067346, -8.711454034616292 40.65553530543874)",,,,
1,,10201,1,10201_1,"LINESTRING (-8.711426285081888 40.655702073690776, -8.71142207688431 40.655715874303944, -8.71141420586643 40.65573004656859, -8.711403242641367 40.65574316864187, -8.711389757822243 40.655753818682015, -8.711374322022174 40.65576057484805, -8.711357505854277 40.655762015298905)",,,,
1,,10202,1,10202_1,"LINESTRING (-8.711190222149407 40.65574567586885, -8.711143108813893 40.655724396203915, -8.711116737651642 40.65568057951987, -8.71110645317327 40.65562696019577, -8.711107599889395 40.65557627264122)",,,,
1,,10203,1,10203_1,"LINESTRING (-8.711487319785913 40.65446687911009, -8.711529249817959 40.65442538366273, -8.711579173640668 40.6543796186516, -8.71162903854056 40.65433189944228, -8.711670791804147 40.654284541406625, -8.71169638071795 40.65423985992292, -8.71169775256848 40.65420017037553, -8.711666854642255 40.654167788153416)",,,,
1,,10204,1,10204_1,"LINESTRING (-8.710976599328067 40.65625459744708, -8.710971047437782 40.656282639410236, -8.710959258623234 40.65631207127085, -8.710940262471228 40.65633411116171, -8.710913088568574 40.65633997722552)",,,,
1,,10205,1,10205_1,"LINESTRING (-8.708856583394773 40.65586298353416, -8.708814029213695 40.655840764068195, -8.708783074886641 40.655806147224695, -8.708765661211661 40.65576539582717, -8.708763535477068 40.65572571317833)",,,,
1,,10206,1,10206_1,"LINESTRING (-8.70881249169649 40.655392331506434, -8.708833766653957 40.655340751884616, -8.708864142143659 40.65531111634347, -8.708894333785592 40.65528146583021, -8.708910560441073 40.6552484421838)",,,{'@allVehTypes': 'true'},
1,,10207,1,10207_1,"LINESTRING (-8.714624203346128 40.654862088845576, -8.71486878252422 40.65489833871317)",,,,
1,,10207,2,10207_2,"LINESTRING (-8.714617427108973 40.654888606873406, -8.714862006380224 40.65492485675518)",,,,
1,,10208,1,10208_1,"LINESTRING (-8.714886084709745 40.65484603859781, -8.714629991029659 40.654800062299465)",,,,
1,,10208,2,10208_2,"LINESTRING (-8.71489422348697 40.65481974376144, -8.714638129901834 40.65477376748093)",,,,
1,,10209,1,10209_1,"LINESTRING (-8.717860377375713 40.64385417301689, -8.717787964191551 40.64390135731884, -8.717736555279721 40.64396194340038, -8.717715799431504 40.64402217240613, -8.717736190123121 40.644080134400085)",,,,
1,,10209,2,10209_2,"LINESTRING (-8.71783732252749 40.643833643935544, -8.717760982610853 40.643883386875196, -8.717703690506331 40.64395090634145, -8.717679106480054 40.644022243787276, -8.717701931971561 40.64408712697462)",,,,
1,,10209,3,10209_3,"LINESTRING (-8.717814267693399 40.64381311484953, -8.717734001044624 40.64386541642521, -8.717670825743745 40.643939869273154, -8.717642413528527 40.64402231515677, -8.717667673812848 40.64409411953898)",,,,
1,,10209,4,10209_4,"LINESTRING (-8.717791212873431 40.643792585758824, -8.717707019492874 40.64384744596886, -8.717637960991999 40.64392883219548, -8.717605720576927 40.6440223865146, -8.717633415646988 40.644101112093175)",,,,
1,,10210,1,10210_1,"LINESTRING (-8.717784688881615 40.644133626751525, -8.717842069858456 40.644182151300555, -8.717911718745235 40.64421758633592, -8.717977652113019 40.644232664115336, -8.718047507903869 40.6442171180633)",,,,
1,,10210,2,10210_2,"LINESTRING (-8.717758336243271 40.64415170738757, -8.717818684204698 40.64420274099808, -8.717896435009774 40.644242298025105, -8.717977515117548 40.644260839590984, -8.718057454242393 40.64424304954766)",,,,
1,,10210,3,10210_3,"LINESTRING (-8.717731983590713 40.64416978801754, -8.71779529853656 40.64422333069081, -8.717881151263041 40.64426700971216, -8.717977378121953 40.64428901506647, -8.71806740058862 40.644268981031054)",,,,
1,,10210,4,10210_4,"LINESTRING (-8.71770563092393 40.64418786864145, -8.717771912854053 40.6442439203787, -8.717865867505036 40.64429172139708, -8.717977241126258 40.64431719054183, -8.718077346942545 40.64429491251345)",,,,
1,,10211,1,10211_1,"LINESTRING (-8.708676413986826 40.655271378781286, -8.708711502712584 40.655311883754905, -8.708733891224414 40.6553579361891, -8.70874070203185 40.65540499549599)",,,{'@allVehTypes': 'true'},
1,,10212,1,10212_1,"LINESTRING (-8.708696697053538 40.655769703718875, -8.708695802574304 40.6557971311411, -8.70870112213129 40.65582560602696, -8.708715015219544 40.65585013662566, -8.708741365592621 40.655866194145034)",,,{'@allVehTypes': 'true'},
1,,10213,1,10213_1,"LINESTRING (-8.710955199988813 40.65639259200226, -8.710977206885598 40.656391204978576, -8.710996357821495 40.65638084799575, -8.7110122075836 40.65636416621033, -8.711024310959017 40.65634380477904, -8.711032222734845 40.656322408860866, -8.711035497698186 40.65630262361795)",,,,
1,,10214,1,10214_1,"LINESTRING (-8.711067456289985 40.655905054372255, -8.711073779736187 40.65583919927473, -8.711081674079672 40.655773436077986, -8.711090421059998 40.655707722256984, -8.711099302416722 40.655642015286496, -8.711107599889395 40.65557627264122)",,,,
1,,10215,1,10215_1,"LINESTRING (-8.709443121519659 40.6529607253521, -8.709480330789441 40.65299239962101, -8.709503851915121 40.65303247435583, -8.709515848159066 40.65307751934437, -8.709518482783642 40.653124104381995, -8.709513919051217 40.65316879927308)",,,,
1,,10216,1,10216_1,"LINESTRING (-8.709486500489762 40.65332577765629, -8.709478061855616 40.65335160588596, -8.709462876804603 40.65337602812672, -8.70944228272142 40.65339879637053, -8.709417616990768 40.65341966260949, -8.709390216997347 40.65343837883594, -8.709361420125857 40.653454697042285)",,,,
1,,10217,1,10217_1,"LINESTRING (-8.708489131667593 40.653870842459604, -8.70846521100722 40.65388713777086, -8.708449959627396 40.6539100004975, -8.70844267630019 40.653937030833305, -8.70844259917805 40.6539657508409, -8.708448966413417 40.653993682586886, -8.708462700126574 40.65401732869371)",,,,
1,,10218,1,10218_1,"LINESTRING (-8.706808108794423 40.65201502223899, -8.706799119634033 40.651982139229716, -8.70681418368641 40.651946713568414, -8.706842770082558 40.65191195929986, -8.706867280255192 40.651887749706226)",,,,
1,,10219,1,10219_1,"LINESTRING (-8.718955225244493 40.643842424396944, -8.7189620150949 40.64383940633, -8.718967495504637 40.643836612007455, -8.718973127632449 40.64383337185282, -8.718978835658856 40.643829709892294, -8.718984550075392 40.64382565565303, -8.718990207354231 40.64382124256412, -8.718995749366599 40.643816506871204, -8.71900112275756 40.64381148693603, -8.719006278384976 40.6438062228167, -8.719011170878286 40.643800756047, -8.71901575834571 40.64379512955499, -8.719020002247422 40.643789387674424, -8.71902386745154 40.64378357620979, -8.719027322492398 40.643777742515844, -8.719030340056076 40.643771935543604, -8.719032897719234 40.64376620578766, -8.719034978960297 40.643760605041834, -8.719036574436641 40.643755185826954, -8.719037683461218 40.64375000030645, -8.71903831549566 40.64374509845371, -8.719038491281472 40.643740525217275, -8.719038242947262 40.643736316496835, -8.719037612104424 40.64373249398759, -8.719036644735816 40.6437290594668, -8.719035381912287 40.64372598989338, -8.71903384644289 40.64372323553025, -8.719030669788653 40.64371884827435)",,,,
1,,10219,2,10219_2,"LINESTRING (-8.718973100732622 40.64386575772813, -8.718980835017344 40.64386231986269, -8.718988064132713 40.64385863391875, -8.718995254574507 40.64385449726769, -8.719002360512262 40.643849938482, -8.719009338219218 40.64384498796773, -8.719016145962149 40.64383967743161, -8.719022743807512 40.64383403951924, -8.71902909341306 40.64382810758157, -8.719035157840791 40.643821915535, -8.719040901409915 40.64381549778788, -8.719046289599229 40.643808889213254, -8.719051289004838 40.643802125152796, -8.719055867358854 40.643795241438376, -8.719059993615444 40.64378827441873, -8.719063638112694 40.643781260974514, -8.719066772818879 40.643774238501116, -8.719069371669551 40.64376724482688, -8.719071410993205 40.64376031802253, -8.71907287000357 40.64375349603968, -8.719073731297241 40.64374681609993, -8.71907398123078 40.6437403137499, -8.719073609956432 40.64373402152003, -8.71907261078738 40.643727967205805, -8.719070978493946 40.643722171963546, -8.719068706209102 40.64371664867668, -8.719065780978559 40.64371140133007, -8.719061726065144 40.64370580111997)",,,,
1,,10219,3,10219_3,"LINESTRING (-8.7189909762332 40.64388909105644, -8.718999654952643 40.64388523339222, -8.719008632774305 40.64388065582628, -8.71901738153051 40.64387562267824, -8.71902588537987 40.643870167066844, -8.719034126377345 40.64386432027704, -8.719042084584347 40.6438581122932, -8.719049738262566 40.64385157216092, -8.719057064082438 40.64384472822028, -8.719064037310144 40.64383760824605, -8.71907063195463 40.643830239521044, -8.719076820865281 40.64382264886342, -8.719082575774154 40.643814862622655, -8.719087867277308 40.6438069066581, -8.71909266474876 40.64379880631232, -8.719096936178587 40.643790586395845, -8.71910064792665 40.643782271204635, -8.719103764385617 40.64377388460169, -8.719106247555104 40.64376545020759, -8.719108056549594 40.643756991762196, -8.719109147100635 40.643748533735284, -8.719109471179864 40.64374010227163, -8.719108976963177 40.6437317265324, -8.719107609465606 40.64372344041343, -8.719105312245018 40.64371528445007, -8.719102030496629 40.64370730745035, -8.719097715502947 40.64369956712102, -8.719092782329541 40.64369275395721)",,,,
1,,10219,4,10219_4,"LINESTRING (-8.719008851746226 40.643912424381895, -8.719018474900825 40.643908146918584, -8.719029201429422 40.64390267773009, -8.719039508500463 40.643896748084494, -8.719049410261686 40.64389039564681, -8.719058914549779 40.643883652580946, -8.719068023220817 40.64387654714891, -8.71907673273174 40.643869104796224, -8.719085034765689 40.64386134885217, -8.719092916793018 40.643853300949814, -8.719100362512426 40.643844981246545, -8.719107352143883 40.64383640850548, -8.719113862555366 40.64382760008402, -8.719119867206903 40.64381857186891, -8.719125335892349 40.64380933819667, -8.719130234253742 40.64379991180752, -8.719134523042536 40.64379030389821, -8.719138157108496 40.64378052436626, -8.71914108412235 40.64377058238214, -8.719143243099287 40.643760487474, -8.719144562905855 40.64375025135979, -8.719144961128716 40.64373989078246, -8.719144343967498 40.64372943153392, -8.719142608139101 40.64371891361043, -8.719139645989028 40.64370839692639, -8.719135354774867 40.64369796621438, -8.719129650016049 40.64368773290312, -8.719123838581837 40.64367970678607)",,,,
1,,10220,1,10220_1,"LINESTRING (-8.71892998696235 40.643585446236266, -8.718858858525206 40.64355629344674, -8.718790138476455 40.6435266515096)",,,,
1,,10220,2,10220_2,"LINESTRING (-8.718946792217888 40.643561655934, -8.71887600129986 40.64353264148351, -8.71880761476549 40.64350314340863)",,,,
1,,10220,3,10220_3,"LINESTRING (-8.718963597461492 40.6435378656292, -8.7188931440624 40.643508989517635, -8.718825091042266 40.643479635304914)",,,,
1,,10220,4,10220_4,"LINESTRING (-8.718980402693173 40.64351407532186, -8.718910286812847 40.64348533754913, -8.718842567306783 40.64345612719845)",,,,
1,,10221,1,10221_1,"LINESTRING (-8.718719369489587 40.643510123877256, -8.718478112428484 40.64358067714813)",,,,
1,,10221,2,10221_2,"LINESTRING (-8.718706657760976 40.64348490314791, -8.718465400777301 40.64355545639253)",,,,
1,,10221,3,10221_3,"LINESTRING (-8.718693946041933 40.643459682417046, -8.718452689135686 40.64353023563542)",,,,
1,,10221,4,10221_4,"LINESTRING (-8.718681234332461 40.64343446168466, -8.718439977503643 40.64350501487679)",,,,
1,,10222,1,10222_1,"LINESTRING (-8.710936795467347 40.65523284136558, -8.710911454786329 40.65521936896138, -8.710888697946865 40.65520210184086, -8.710873221391473 40.65518217080986, -8.710869721562675 40.6551607066753)",,,{'@allVehTypes': 'true'},
1,,10223,1,10223_1,"LINESTRING (-8.711097497727453 40.65518370992846, -8.711076009864724 40.6552226022274, -8.711032473529 40.65525280398415, -8.71098584423877 40.655254752676846)",,,{'@allVehTypes': 'true'},
1,,10224,1,10224_1,"LINESTRING (-8.70860425318859 40.65410550908034, -8.708640122737625 40.65412247963673, -8.708682812103829 40.65413398713499, -8.708728555399873 40.65413924145722, -8.708773586738431 40.6541374524843, -8.708814140232173 40.65412783009485, -8.708980828835456 40.654027167325864)",,,,
1,,10225,1,10225_1,"LINESTRING (-8.709648387084265 40.65338460086173, -8.709694891142727 40.65333828781502, -8.709743107097484 40.65328458237353, -8.709783487416676 40.65322764794342, -8.709807346191305 40.65317217669041, -8.709805997512374 40.65312286079554, -8.709770755470892 40.653084392452634)",,,,
1,,10226,1,10226_1,"LINESTRING (-8.710213564639664 40.65339864953325, -8.710257140216111 40.653449118829585, -8.710267217218107 40.65351569857138, -8.71026188409604 40.65358292989013)",,,,
1,,10227,1,10227_1,"LINESTRING (-8.710253314526641 40.65365923169731, -8.710252134849343 40.65366994246394, -8.710251306662569 40.65368067484344, -8.710250655985487 40.65369141816165, -8.710250008837265 40.653702161744484, -8.710249191237066 40.65371289491785, -8.71024802920406 40.65372360700767)",,,,
1,,10228,1,10228_1,"LINESTRING (-8.718426176667226 40.643356134955624, -8.718434983804885 40.6433696165903, -8.718443814441361 40.64338460289125, -8.718452045155216 40.643400581688745, -8.718459052525006 40.6434170408135, -8.718464213129295 40.64343346809672, -8.718466903546641 40.64344935137004, -8.718466500355609 40.643464178465685, -8.718462380134754 40.6434774372162, -8.718453919462641 40.6434886154545, -8.718427670261027 40.64350207072571)",,,,
1,,10229,1,10229_1,"LINESTRING (-8.710177753205516 40.654278129249995, -8.710168589008802 40.65429621406923, -8.71014775301631 40.65430907896486, -8.710118965905112 40.65431739170107, -8.710085948352283 40.654321820040764, -8.710052421034897 40.65432303174576, -8.710022102277907 40.654321711042265)",,,,
1,,10230,1,10230_1,"LINESTRING (-8.718711131395908 40.643425761016175, -8.718682988063987 40.643419863283505, -8.718655497007335 40.643411646013476, -8.718628946050275 40.64340131621419, -8.718603623017131 40.64338908089368, -8.718579815732223 40.64337514705987, -8.71855781201987 40.6433597217208, -8.7185378997044 40.64334301188457, -8.718520366610129 40.64332522455938)",,,,
1,,10231,1,10231_1,"LINESTRING (-8.709080526114882 40.65424875339732, -8.709020504620309 40.65424612276253, -8.708961919529262 40.654238170674375, -8.708926789954736 40.65421239381418)",,,,
1,,10232,1,10232_1,"LINESTRING (-8.708918436113299 40.65419218442498, -8.708911863761712 40.654171498589015, -8.708910663837045 40.65415007823639, -8.70891439837533 40.65412824790134, -8.708922317114405 40.654106413892926, -8.708933669792115 40.6540849825208, -8.708947706146297 40.654064360095106, -8.708963675914799 40.65404495292645, -8.708980828835456 40.654027167325864)",,,,
1,,10233,1,10233_1,"LINESTRING (-8.707507908585963 40.65186226399591, -8.707540051794124 40.65189616029444, -8.707565164742556 40.651935787351306, -8.70757687687999 40.651979382965074, -8.707572605765444 40.65202140301141, -8.707549768957932 40.65205630337968)",,,,
1,,10234,1,10234_1,"LINESTRING (-8.711023171042042 40.6548063521869, -8.711097312770125 40.65479336548656, -8.711175259569105 40.6547870459187, -8.71122454931206 40.65475801733647)",,,,
1,,10235,1,10235_1,"LINESTRING (-8.731261102529869 40.634051434615095, -8.731263472480913 40.63404522435822, -8.731264201034211 40.63403882556572, -8.731263536360755 40.63403229464352, -8.73126173009947 40.634025689070285, -8.731259033889286 40.634019066324676, -8.731255699369125 40.63401248388534, -8.731251978177916 40.63400599923105, -8.73124812195458 40.63399966984054, -8.731244382338048 40.63399355319251, -8.73123941009992 40.63398651303986, -8.731233451023975 40.633979916304725, -8.731226784611273 40.6339736371535, -8.731219690362867 40.6339675497525, -8.73121244777982 40.633961528267974, -8.731205336363189 40.63395544686619, -8.731198635614032 40.633949179713305, -8.731192625033408 40.63394260097546, -8.73118758412238 40.63393558481872, -8.731183695936794 40.633929417269826, -8.731179625424092 40.63392303320874, -8.731175651200632 40.633916491571654, -8.731172051882771 40.6339098512947, -8.731169106086867 40.633903171314124, -8.731167092429278 40.633896510566125, -8.731166289526364 40.63388992798696, -8.73116697599448 40.63388348251289, -8.731169430449988 40.633877233080185)",,,,
1,,10236,1,10236_1,"LINESTRING (-8.729712592832502 40.63423792849325, -8.729708515861029 40.63426590382656, -8.729724359083722 40.634294945510334, -8.729752273158036 40.634319823651325, -8.729786326412023 40.63433584373379)",,,,
1,,10237,1,10237_1,"LINESTRING (-8.719799311492318 40.6435016164295, -8.719877133156741 40.643504238147266, -8.719953256603878 40.64352498862457, -8.720023354799022 40.64356235829524, -8.720084321284926 40.64361055326745)",,,,
1,,10238,1,10238_1,"LINESTRING (-8.707038284242275 40.651729995809596, -8.70706692340232 40.65168734534536, -8.70707519403365 40.65163599630867, -8.707064849782634 40.65158279488009, -8.707037644295642 40.65153458726075, -8.706995331219039 40.65149821967082)",,,,
1,,10239,1,10239_1,"LINESTRING (-8.730616092338849 40.634560594685084, -8.730623192010292 40.63456246575314, -8.730630357804106 40.634564233426936, -8.73063758497895 40.63456587031742, -8.730644868793483 40.63456734903543, -8.730652204506361 40.634568642191844, -8.730659587376245 40.63456972239757, -8.73066701266179 40.63457056226349, -8.730674475621658 40.634571134400474, -8.73068192488701 40.63457144414932, -8.730689400373983 40.63457152360279, -8.730696885715995 40.634571376977156, -8.730704364546465 40.63457100848867, -8.73071182049881 40.63457042235361, -8.730719237206449 40.63456962278825, -8.730726598302802 40.63456861400882, -8.730733887421286 40.634567400231575, -8.730740796294889 40.63456614068548, -8.730747763584844 40.63456480231077, -8.730754705179773 40.63456331644218, -8.730761536968297 40.6345616144144, -8.730768174839037 40.63455962756217, -8.730774534680615 40.63455728722014, -8.730780532381651 40.63455452472299, -8.730786083830768 40.63455127140538, -8.730790388647371 40.63454801281691, -8.73079415781735 40.634544397206746, -8.730797477719392 40.63454049295527, -8.73080043473219 40.63453636844287, -8.730803115234435 40.63453209204996, -8.730805605604818 40.634527732156876, -8.73080799222203 40.63452335714407, -8.73081036146476 40.63451903539199)",,,,
1,,10240,1,10240_1,"LINESTRING (-8.719512106284157 40.64318559354768, -8.719551853386047 40.64317096035829, -8.719595225516537 40.64315913073738, -8.719637378063892 40.64315577670985, -8.719673466416383 40.64316657029953)",,,,
1,,10241,1,10241_1,"LINESTRING (-8.720011695814982 40.642844404865926, -8.719977195520288 40.64279230549104, -8.719937555517005 40.64273605102202, -8.719891990668266 40.64269686959038, -8.719839715837209 40.64269598936867)",,,,
1,,10242,1,10242_1,"LINESTRING (-8.718920509641388 40.64311284190375, -8.71889765597121 40.64312703955001, -8.718872004466673 40.643150049529766, -8.71885792328336 40.64317517016401, -8.71886676970251 40.64319812087786)",,,,
1,,10243,1,10243_1,"LINESTRING (-8.721327092957196 40.6437993605533, -8.721447995353065 40.64375443326791, -8.72156106270664 40.643688528151735, -8.72163857769265 40.64360789473497, -8.721652974616743 40.64351875713558)",,,,
1,,10244,1,10244_1,"LINESTRING (-8.728361606223443 40.64681582302666, -8.728313241920128 40.64684288234411, -8.728271551647367 40.64688014467526, -8.728248569875491 40.646921382225074, -8.728256331074833 40.64696036721181)",,,,
1,,10245,1,10245_1,"LINESTRING (-8.729982639797386 40.63344180737104, -8.73000749850723 40.633454027382754, -8.730026553786312 40.633472890659206, -8.73003953566074 40.633496154673935, -8.730046174156621 40.63352157690218, -8.730046199300068 40.633546914822354, -8.730039342018578 40.63356992617084)",,,,
1,,10246,1,10246_1,"LINESTRING (-8.729182551209801 40.64639101267924, -8.729194998849742 40.64642247541707, -8.729172231255104 40.64645841236215, -8.729132723657763 40.64649076919054, -8.72908800239249 40.64651657259384)",,,,
1,,10247,1,10247_1,"LINESTRING (-8.731038897608526 40.63375294815108, -8.731066328044708 40.633767852748264, -8.731083989614989 40.633791303647754, -8.73109289152981 40.63382026060054, -8.731094042999608 40.63385168336088, -8.731088453234824 40.63388253168811, -8.731077131445897 40.633909765347106)",,,,
1,,10248,1,10248_1,"LINESTRING (-8.705724020950477 40.65361283648267, -8.705735091728602 40.65360560822347, -8.705742038834652 40.653594900912374, -8.705744764500835 40.65358273167547, -8.705742782624856 40.653569662665525)",,,,
1,,10249,1,10249_1,"LINESTRING (-8.70569507874829 40.65339984493292, -8.705694811739296 40.653378758356766, -8.705703973480587 40.65335753317247, -8.705720609151685 40.653339063637084, -8.705744396790626 40.653325636305695)",,,,
1,,10250,1,10250_1,"LINESTRING (-8.705164798071912 40.653767575774694, -8.705175115912205 40.65378077012908, -8.705193730113368 40.65379041151939, -8.705215579173021 40.65379483834112, -8.705236481886805 40.65379208496249)",,,,
1,,10251,1,10251_1,"LINESTRING (-8.705183348151484 40.65349330132243, -8.7051556666935 40.65351412970787, -8.705140728193252 40.65354383990707, -8.705135950477079 40.653577626350796, -8.705140430680872 40.65361284820233)",,,,
1,,10252,1,10252_1,"LINESTRING (-8.719208272867945 40.64564898160134, -8.719228858211531 40.64568600789491, -8.71924347749405 40.6457283968844, -8.719251288915713 40.64577334661604, -8.719251937331972 40.64581917372634, -8.719244961584122 40.64586418887969, -8.71922977655205 40.64590669588001, -8.719205624109101 40.64594493833284, -8.719171599131641 40.64597692612753, -8.719129413851215 40.64599897872085)",,,,
1,,10252,2,10252_2,"LINESTRING (-8.71917561302245 40.64565951638003, -8.719195202987914 40.645694752346124, -8.719208608455617 40.64573362190552, -8.719215846395306 40.64577527174125, -8.71921644712195 40.64581772995446, -8.719210046964744 40.645859030627626, -8.719196406214108 40.64589721471341, -8.719175458166994 40.645930383370924, -8.719147283116975 40.64595687148194, -8.719109344002803 40.6459767043635)",,,,
1,,10253,1,10253_1,"LINESTRING (-8.719440775606474 40.64546049838166, -8.719500024666354 40.645613314458174, -8.719432118965722 40.645768553418286, -8.719299157646944 40.6459050105031, -8.719133940468996 40.645997258874665)",,,,
1,,10253,2,10253_2,"LINESTRING (-8.71940676037782 40.64546814995673, -8.719462853574822 40.64561282659143, -8.71940026111425 40.64575591880091, -8.719273869041707 40.64588563386678, -8.719112971711633 40.645975470246384)",,,,
1,,10254,1,10254_1,"LINESTRING (-8.719570257901992 40.64588034038909, -8.719592743154953 40.64587138844373, -8.719615338489785 40.64586146625735, -8.719638219198439 40.645850504955014, -8.719661206778312 40.64583857611657, -8.71968412659999 40.64582575133968, -8.719706806112155 40.64581210265739, -8.719729074295744 40.64579770260611, -8.719750761311138 40.645782624350474, -8.71977169829871 40.64576694185455, -8.719791717318914 40.64575073009427, -8.719810651439929 40.64573406530872, -8.719828335003811 40.645717025279666, -8.719844604126312 40.64569968961455, -8.719859297510578 40.645682139974966, -8.71987225767173 40.64566446013495, -8.719883332655163 40.64564673565539, -8.719892378234974 40.64562905282397, -8.71989926031269 40.64561149635798, -8.719903856692714 40.64559414532809, -8.719906056594036 40.64557706709898, -8.719905755568703 40.645560310183505, -8.719902844051449 40.64554389881478, -8.719897190888366 40.645527833643094, -8.719888183880256 40.645511285319486)",,,,
1,,10254,2,10254_2,"LINESTRING (-8.719586687421286 40.64590428270178, -8.719609822486909 40.645895072048674, -8.719633644008333 40.6458846114114, -8.719657651924415 40.64587311010412, -8.719681697024917 40.64586063248952, -8.719705626226391 40.645847242912275, -8.719729284367281 40.64583300528191, -8.719752514753736 40.64581798300459, -8.719775159512494 40.64580223885822, -8.719797059790288 40.64578583482154, -8.719818055813798 40.64576883186127, -8.719837986801949 40.64575128968124, -8.719856690699778 40.64573326644275, -8.719874003678672 40.64571481848147, -8.719889759322566 40.64569600007902, -8.719903787403414 40.64567686340482, -8.719915912163017 40.64565745884146, -8.719925950114266 40.645637836045076, -8.719933707642799 40.64561804624206, -8.719938979231303 40.64559814630591, -8.719941547947911 40.64557820481596, -8.71994119052773 40.64555830920376, -8.719937688823173 40.64553857118071, -8.719930846275362 40.64551912604101, -8.71992094737102 40.64550093907824)",,,,
1,,10255,1,10255_1,"LINESTRING (-8.719883104011554 40.645438950438304, -8.719848849882808 40.64542071480542)",,,,
1,,10256,1,10256_1,"LINESTRING (-8.719429926554962 40.6454476444001, -8.71956558125534 40.645518859697525, -8.719728701919625 40.64554933826508, -8.719858401745684 40.64554292389739, -8.7198865673765 40.64549741170839)",,,,
1,,10256,2,10256_2,"LINESTRING (-8.719409799133281 40.64546988851573, -8.71955081169202 40.64554391655871, -8.719725553180158 40.64557656644103, -8.719881567287732 40.64556885067731, -8.719918649250342 40.645508930762915)",,,,
1,,10257,1,10257_1,"LINESTRING (-8.731513245396139 40.64914006639792, -8.73153388359602 40.64912375831412, -8.731544885496659 40.64910045355226, -8.731545757267456 40.649075196906004, -8.731533886566453 40.64905133617108)",,,,
1,,10258,1,10258_1,"LINESTRING (-8.73014822499886 40.634433867918965, -8.730151951102275 40.63443618355862, -8.730155553027142 40.634438545688745, -8.730158843272745 40.63444139052797, -8.730161958461547 40.63444446785891, -8.730165035216015 40.634447527464324, -8.73016821015861 40.63445031912702, -8.730171619911799 40.63445259262976, -8.73017540109805 40.63445409775544, -8.730179690339822 40.63445458428685, -8.730183879324665 40.63445412298696, -8.730187887615232 40.634453000115336, -8.73019167725982 40.63445131105922, -8.730195210306716 40.63444915120576, -8.73019844880422 40.63444661594214, -8.73020135480062 40.63444380065556, -8.730203890344212 40.63444080073318, -8.730206017483285 40.6344377115623, -8.730207698266137 40.634434628530066)",,,,
1,,10259,1,10259_1,"LINESTRING (-8.730181713920604 40.63444293875194, -8.730184545322036 40.634444256656906, -8.730187967190478 40.63444433643809, -8.730191496436602 40.63444396840219, -8.730195004050294 40.63444319297843, -8.73019836102144 40.634442050596085, -8.730201438339929 40.634440581684466, -8.730204106995645 40.63443882667276, -8.730206237978477 40.634436825990285, -8.73020770227831 40.63443462006628)",,,,
1,,10260,1,10260_1,"LINESTRING (-8.730220784329305 40.63445352138883, -8.73021746357839 40.6344532435715, -8.730214758991577 40.63445165153078, -8.730212347154866 40.63444966261801, -8.730210293682171 40.63444737029216, -8.730208664187415 40.63444486801213, -8.730207524284515 40.63444224923697, -8.73020693958739 40.634439607425556, -8.730206975709958 40.634437036036914, -8.730207698266137 40.634434628530066)",,,,
1,,10261,1,10261_1,"LINESTRING (-8.730254273251049 40.63446259221913, -8.730249164654914 40.63446256632512, -8.730244188552414 40.634462160469546, -8.730239046514193 40.63446207217618, -8.730233859094861 40.634462111634875, -8.73022874684902 40.63446208903554, -8.730223830331276 40.63446181456796, -8.73021923009623 40.63446109842206, -8.730215066698486 40.634459750787606, -8.730211460692653 40.63445758185445, -8.730209381195364 40.63445555611215, -8.730207776527937 40.63445325831128, -8.730206621252112 40.63445074873754, -8.73020588992963 40.63444808767667, -8.730205557122233 40.63444533541436, -8.730205597391661 40.63444255223643, -8.730205985299657 40.6344397984286, -8.73020669540796 40.63443713427661, -8.73020770227831 40.63443462006628)",,,,
1,,10262,1,10262_1,"LINESTRING (-8.730176132433646 40.63444142694651, -8.7301798335737 40.634443795453905, -8.730183435498569 40.63444615758378, -8.730186725744172 40.63444900242267, -8.730189840932972 40.63445207975326, -8.730192917687438 40.634455139358344, -8.730196092630033 40.634457931020705, -8.730199502383224 40.6344602045232, -8.730203283569473 40.63446170964869, -8.73020757281125 40.63446219618005, -8.73021176179609 40.63446173488021, -8.730215770086659 40.634460612008716, -8.730219559731244 40.63445892295278, -8.730223092778141 40.63445676309957, -8.730226331275645 40.63445422783623, -8.730229237272047 40.634451412549964, -8.730231772815637 40.63444841262796, -8.730233899954712 40.63444532345741, -8.730235580737563 40.634442240425535)",,,,
1,,10263,1,10263_1,"LINESTRING (-8.73020962135539 40.634450497778445, -8.730212427793463 40.634451868551274, -8.730215849661905 40.63445194833246, -8.730219378908028 40.63445158029659, -8.73022288652172 40.63445080487293, -8.730226243492865 40.63444966249072, -8.730229320811354 40.634448193579246, -8.730231989467072 40.63444643856777, -8.730234120449902 40.63444443788549, -8.730235584749737 40.63444223196175)",,,,
1,,10264,1,10264_1,"LINESTRING (-8.730248691764091 40.63446108041417, -8.730245346049815 40.63446085546486, -8.730242641463004 40.63445926342432, -8.730240229626292 40.634457274511774, -8.730238176153597 40.63445498218617, -8.73023654665884 40.63445247990646, -8.730235406755941 40.63444986113157, -8.730234822058815 40.634447219320464, -8.730234858181383 40.63444464793213, -8.730235580737563 40.634442240425535)",,,,
1,,10265,1,10265_1,"LINESTRING (-8.730282180685835 40.63447015124343, -8.73027704712634 40.634470178217406, -8.730272071023839 40.63446977236188, -8.73026692898562 40.63446968406851, -8.730261741566288 40.63446972352722, -8.730256629320447 40.63446970092787, -8.730251712802701 40.63446942646033, -8.730247112567655 40.6344687103145, -8.730242949169913 40.6344673626802, -8.730239343164078 40.63446519374732, -8.73023726366679 40.634463168005254, -8.730235658999362 40.63446087020461, -8.730234503723537 40.63445836063117, -8.730233772401057 40.63445569957061, -8.73023343959366 40.63445294730863, -8.730233479863086 40.634450164131, -8.730233867771082 40.63444741032348, -8.730234577879386 40.6344447461718, -8.730235584749737 40.63444223196175)",,,,
1,,10266,1,10266_1,"LINESTRING (-8.730204039868433 40.63444898597322, -8.730207716045125 40.63445140734833, -8.730211317969994 40.63445376947795, -8.730214608215595 40.634456614316505, -8.7302177234044 40.63445969164675, -8.730220800158865 40.63446275125147, -8.73022397510146 40.634465542913524, -8.73022738485465 40.634467816415764, -8.7302311660409 40.63446932154108, -8.730235455282674 40.63446980807239, -8.730239644267517 40.6344693467726, -8.730243652558084 40.63446822390123, -8.73024744220267 40.6344665348455, -8.730250975249568 40.634464374992525, -8.73025421374707 40.63446183972949, -8.730257119743472 40.634459024443544, -8.730259655287064 40.634456024521874, -8.730261782426137 40.63445293535168, -8.730263463208988 40.63444985232014)",,,,
1,,10267,1,10267_1,"LINESTRING (-8.730237528790177 40.634458056804135, -8.730240310264886 40.63445948044478, -8.73024373213333 40.63445956022597, -8.730247261379454 40.63445919219012, -8.730250768993146 40.63445841676654, -8.730254125964292 40.634457274384474, -8.730257203282779 40.63445580547318, -8.730259871938495 40.63445405046189, -8.730262002921329 40.63445204977987, -8.730263467221162 40.63444984385637)",,,,
1,,10268,1,10268_1,"LINESTRING (-8.730276599198879 40.63446863943864, -8.730273228521241 40.634468467357344, -8.73027052393443 40.63446687531699, -8.730268112097717 40.63446488640467, -8.730266058625023 40.634462594079324, -8.730264429130267 40.63446009179989, -8.730263289227366 40.63445747302528, -8.730262704530242 40.634454831214505, -8.730262740652808 40.634452259826446, -8.730263463208988 40.63444985232014)",,,,
1,,10269,1,10269_1,"LINESTRING (-8.730310088120621 40.63447771026688, -8.730304929597766 40.634477790108825, -8.730299953495264 40.63447738425336, -8.730294811457044 40.63447729595999, -8.730289624037713 40.63447733541869, -8.730284511791872 40.63447731281934, -8.730279595274126 40.634477038351854, -8.730274995039082 40.6344763222061, -8.730270831641338 40.63447497457195, -8.730267225635503 40.6344728056393, -8.730265146138215 40.63447077989746, -8.730263541470789 40.634468482097105, -8.730262386194964 40.63446597252395, -8.730261654872482 40.63446331146368, -8.730261322065084 40.63446055920201, -8.730261362334513 40.63445777602472, -8.730261750242509 40.6344550222175, -8.730262460350811 40.63445235806615, -8.730263467221162 40.63444984385637)",,,,
1,,10270,1,10270_1,"LINESTRING (-8.73023194730322 40.63445654499907, -8.730235598516552 40.63445901924189, -8.730239200441419 40.634461381371224, -8.730242490687022 40.63446422620948, -8.730245605875824 40.63446730353936, -8.73024868263029 40.634470363143755, -8.730251857572885 40.63447315480548, -8.730255267326076 40.63447542830744, -8.730259048512325 40.6344769334326, -8.730263337754101 40.63447741996386, -8.730267526738942 40.634476958664095, -8.730271535029509 40.63447583579288, -8.730275324674095 40.63447414673733, -8.730278857720993 40.634471986884606, -8.730282096218497 40.63446945162185, -8.730285002214899 40.634466636336214, -8.730287537758489 40.6344636364149, -8.730289664897564 40.63446054724506, -8.730291345680415 40.634457464213874)",,,,
1,,10271,1,10271_1,"LINESTRING (-8.730265436224963 40.63446561582896, -8.730268192736313 40.63446709233743, -8.730271614604757 40.63446717211859, -8.73027514385088 40.63446680408281, -8.73027865146457 40.63446602865931, -8.730282008435717 40.63446488627737, -8.730285085754206 40.634463417366234, -8.730287754409922 40.63446166235514, -8.730289885392754 40.634459661673354, -8.730291349692589 40.63445745575011)",,,,
1,,10272,1,10272_1,"LINESTRING (-8.730304506633665 40.634476198462266, -8.730301110992666 40.63447607924897, -8.730298406405854 40.63447448720876, -8.730295994569143 40.63447249829668, -8.73029394109645 40.63447020597161, -8.730292311601692 40.63446770369245, -8.730291171698793 40.634465084918176, -8.730290587001665 40.63446244310768, -8.730290623124233 40.634459871719905, -8.730291345680415 40.634457464213874)",,,,
1,,10273,1,10273_1,"LINESTRING (-8.73033799555541 40.63448526928949, -8.730332812069191 40.634485401999406, -8.730327835966689 40.63448499614394, -8.730322693928471 40.63448490785062, -8.73031750650914 40.634484947309296, -8.730312394263299 40.63448492470995, -8.730307477745553 40.634484650242484, -8.730302877510505 40.63448393409681, -8.730298714112763 40.63448258646284, -8.73029510810693 40.63448041753042, -8.73029302860964 40.63447839178883, -8.730291423942214 40.63447609398873, -8.730290268666389 40.63447358441585, -8.730289537343907 40.63447092335587, -8.73028920453651 40.63446817109453, -8.730289244805938 40.634465387917565, -8.730289632713934 40.63446263411065, -8.730290342822236 40.63445996995958, -8.730291349692589 40.63445745575011)",,,,
1,,10274,1,10274_1,"LINESTRING (-8.730259854738007 40.63446410402407, -8.730263480987977 40.634466631134586, -8.730267082912846 40.63446899326367, -8.730270373158447 40.63447183810157, -8.73027348834725 40.63447491543111, -8.730276565101716 40.63447797503515, -8.730279740044312 40.63448076669655, -8.7302831497975 40.634483040198276, -8.730286930983752 40.63448454532324, -8.730291220225526 40.634485031854446, -8.730295409210367 40.634484570554754, -8.730299417500934 40.634483447683664, -8.730303207145521 40.6344817586283, -8.73030674019242 40.634479598775826, -8.730309978689922 40.634477063513344, -8.730312884686322 40.63447424822807, -8.730315420229914 40.634471248307065, -8.730317547368989 40.634468159137576, -8.73031922815184 40.63446507610677)",,,,
1,,10275,1,10275_1,"LINESTRING (-8.730293343659751 40.63447317485292, -8.73029607520774 40.634474704229206, -8.730299497076182 40.634474784010365, -8.730303026322304 40.63447441597462, -8.730306533935996 40.634473640551214, -8.730309890907142 40.63447249816941, -8.73031296822563 40.63447102925842, -8.730315636881347 40.63446927424753, -8.730317767864179 40.63446727356597, -8.730319232164014 40.634465067642985)",,,,
1,,10276,1,10276_1,"LINESTRING (-8.730332414068451 40.634483757485036, -8.730328993464093 40.634483691139735, -8.730326288877281 40.634482099099706, -8.730323877040568 40.634480110187845, -8.730321823567875 40.63447781786303, -8.73032019407312 40.634475315584154, -8.730319054170218 40.634472696810185, -8.730318469473092 40.634470054999966, -8.73031850559566 40.634467483612525, -8.73031922815184 40.63446507610677)",,,,
1,,10277,1,10277_1,"LINESTRING (-8.730365902990194 40.63449282831124, -8.730360694540616 40.63449301388907, -8.730355718438116 40.63449260803368, -8.730350576399896 40.63449251974034, -8.730345388980563 40.63449255919904, -8.730340276734724 40.634492536599694, -8.730335360216978 40.63449226213228, -8.730330759981932 40.63449154598668, -8.73032659658419 40.634490198352864, -8.730322990578356 40.634488029420666, -8.730320911081066 40.634486003679314, -8.730319306413639 40.63448370587947, -8.730318151137814 40.63448119630689, -8.730317419815332 40.63447853524722, -8.730317087007935 40.63447578298618, -8.730317127277365 40.63447299980952, -8.730317515185359 40.634470246002934, -8.730318225293662 40.63446758185217, -8.730319232164014 40.634465067642985)",,,,
1,,10278,1,10278_1,"LINESTRING (-8.730287762172793 40.63447166304821, -8.730291363459402 40.63447424302641, -8.730294965384271 40.634476605155214, -8.730298255629874 40.63447944999281, -8.730301370818676 40.63448252732198, -8.730304447573142 40.634485586925685, -8.730307622515737 40.634488378586774, -8.730311032268927 40.634490652088225, -8.730314813455177 40.63449215721303, -8.730319102696951 40.63449264374416, -8.730323291681794 40.634492182444546, -8.73032729997236 40.63449105957356, -8.730331089616946 40.634489370518395, -8.730334622663845 40.63448721066618, -8.730337861161349 40.63448467540398, -8.730340767157749 40.63448186011901, -8.730343302701339 40.634478860198385, -8.730345429840414 40.63447577102923, -8.730347110623265 40.63447268799875)",,,,
1,,10279,1,10279_1,"LINESTRING (-8.730321251094535 40.63448073387602, -8.730323957679165 40.63448231612012, -8.730327379547607 40.63448239590125, -8.73033090879373 40.63448202786556, -8.730334416407421 40.63448125244223, -8.730337773378569 40.63448011006055, -8.730340850697056 40.63447864114974, -8.730343519352774 40.634476886139055, -8.730345650335604 40.63447488545772, -8.730347114635439 40.63447267953499)",,,,
1,,10280,1,10280_1,"LINESTRING (-8.730360321503237 40.63449131650694, -8.730356875935518 40.634491303029606, -8.730354171348706 40.63448971098975, -8.730351759511993 40.63448772207812, -8.7303497060393 40.63448542975359, -8.730348076544544 40.63448292747502, -8.730346936641643 40.63448030870133, -8.730346351944517 40.634477666891414, -8.730346388067085 40.63447509550422, -8.730347110623265 40.63447268799875)",,,,
1,,10281,1,10281_1,"LINESTRING (-8.730393810424982 40.634500387332125, -8.730388577012043 40.6345006257779, -8.73038360090954 40.634500219922536, -8.730378458871321 40.63450013162922, -8.73037327145199 40.634500171087915, -8.730368159206149 40.63450014848857, -8.730363242688405 40.63449987402115, -8.730358642453357 40.63449915787566, -8.730354479055615 40.634497810241996, -8.730350873049781 40.63449564131005, -8.730348793552492 40.63449361556893, -8.730347188885066 40.63449131776936, -8.730346033609239 40.63448880819704, -8.730345302286759 40.6344861471377, -8.730344969479361 40.634483394876995, -8.73034500974879 40.63448061170063, -8.730345397656786 40.63447785789436, -8.730346107765088 40.634475193743874, -8.730347114635439 40.63447267953499)",,,,
1,,10282,1,10282_1,"LINESTRING (-8.73031566960758 40.634479222071484, -8.73031924593083 40.634481854917375, -8.730322847855698 40.6344842170459, -8.730326138101299 40.63448706188316, -8.730329253290101 40.634490139212, -8.730332330044567 40.63449319881535, -8.730335504987162 40.63449599047613, -8.730338914740353 40.63449826397731, -8.730342695926602 40.63449976910196, -8.730346985168376 40.634500255633036, -8.730351174153219 40.63449979433345, -8.730355182443786 40.634498671462616, -8.730358972088371 40.634496982407626, -8.73036250513527 40.63449482255564, -8.730365743632774 40.634492287293746, -8.730368649629174 40.63448947200911, -8.730371185172766 40.63448647208881, -8.73037331231184 40.63448338292002, -8.73037499309469 40.634480299889894)",,,,
1,,10283,1,10283_1,"LINESTRING (-8.730349158529323 40.634488292898276, -8.730351840150592 40.63448992801014, -8.730355262019033 40.63449000779128, -8.730358791265157 40.63448963975563, -8.730362298878848 40.634488864332404, -8.730365655849994 40.63448772195085, -8.730368733168483 40.634486253040194, -8.730371401824199 40.634484498029714, -8.73037353280703 40.63448249734861, -8.730374997106864 40.63448029142613)",,,,
1,,10284,1,10284_1,"LINESTRING (-8.730388228938025 40.634498875527996, -8.730384758406943 40.63449891491863, -8.730382053820131 40.63449732287896, -8.73037964198342 40.634495333967536, -8.730377588510725 40.63449304164325, -8.73037595901597 40.63449053936496, -8.730374819113068 40.63448792059155, -8.730374234415944 40.63448527878197, -8.730374270538512 40.63448270739511, -8.73037499309469 40.634480299889894)",,,,
1,,10285,1,10285_1,"LINESTRING (-8.730421717859768 40.63450794635214, -8.730416459483468 40.634508237665834, -8.730411483380967 40.634507831810545, -8.730406341342746 40.634507743517226, -8.730401153923415 40.6345077829759, -8.730396041677574 40.634507760376586, -8.73039112515983 40.6345074859092, -8.730386524924784 40.634506769763775, -8.73038236152704 40.63450542213026, -8.730378755521206 40.634503253198574, -8.730376676023917 40.634501227457676, -8.730375071356491 40.63449892965836, -8.730373916080666 40.63449642008635, -8.730373184758184 40.634493759027286, -8.730372851950786 40.634491006766886, -8.730372892220215 40.634488223590864, -8.73037328012821 40.63448546978491, -8.730373990236513 40.63448280563473, -8.730374997106864 40.63448029142613)",,,,
1,,10286,1,10286_1,"LINESTRING (-8.730343577042367 40.6344867810939, -8.730347128402254 40.63448946680747, -8.730350730327123 40.634491828935715, -8.730354020572724 40.63449467377268, -8.730357135761526 40.63449775110116, -8.730360212515993 40.634500810704154, -8.730363387458587 40.6345036023646, -8.73036679721178 40.63450587586554, -8.730370578398029 40.634507380989994, -8.730374867639803 40.63450786752102, -8.730379056624644 40.63450740622149, -8.730383064915213 40.63450628335078, -8.730386854559798 40.634504594296, -8.730390387606697 40.634502434444265, -8.730393626104199 40.63449989918268, -8.7303965321006 40.63449708389832, -8.730399067644191 40.634494083978375, -8.730401194783266 40.63449099480994, -8.730402875566117 40.63448791178017)",,,,
1,,10287,1,10287_1,"LINESTRING (-8.73037706596411 40.634495851919695, -8.730379722622015 40.63449753989932, -8.730383144490458 40.63449761968046, -8.730386673736582 40.63449725164482, -8.730390181350273 40.63449647622169, -8.730393538321419 40.63449533384026, -8.730396615639908 40.63449386492981, -8.730399284295624 40.634492109919506, -8.730401415278457 40.634490109238634, -8.73040287957829 40.63448790331638)",,,,
1,,10288,1,10288_1,"LINESTRING (-8.73041613637281 40.63450643454819, -8.730412640878368 40.634506526806774, -8.730409936291558 40.6345049347673, -8.730407524454845 40.634502945856106, -8.730405470982152 40.63450065353208, -8.730403841487394 40.63449815125407, -8.730402701584495 40.63449553248096, -8.730402116887369 40.63449289067169, -8.730402153009937 40.634490319285085, -8.730402875566117 40.63448791178017)",,,,
1,,10289,1,10289_1,"LINESTRING (-8.730449625294554 40.63451550537132, -8.730444341954893 40.63451584955293, -8.730439365852392 40.634515443697666, -8.730434223814173 40.634515355404375, -8.730429036394842 40.63451539486305, -8.730423924149001 40.63451537226371, -8.730419007631255 40.63451509779637, -8.730414407396209 40.63451438165102, -8.730410243998467 40.634513034017665, -8.730406637992632 40.634510865086256, -8.730404558495344 40.634508839345564, -8.730402953827916 40.63450654154651, -8.73040179855209 40.63450403197477, -8.73040106722961 40.63450137091601, -8.730400734422213 40.63449861865594, -8.73040077469164 40.63449583548022, -8.730401162599636 40.634493081674584, -8.730401872707938 40.63449041752473, -8.73040287957829 40.63448790331638)",,,,
1,,10290,1,10290_1,"LINESTRING (-8.73014822499886 40.634433867918965, -8.730152390547623 40.63443525653761, -8.730157149906304 40.63443517703214, -8.73016207422084 40.6344345747621, -8.730167058760344 40.63443370865114, -8.730171998793942 40.634432837622875, -8.730176789590748 40.63443222060107, -8.730181326419881 40.63443211650938, -8.730185504550462 40.63443278427144, -8.730189219251608 40.63443448281092, -8.730192061018315 40.634436863501364, -8.730194208146413 40.634439666798265, -8.73019571145394 40.6344428008269, -8.730196621758916 40.63444617371245, -8.730196989879376 40.63444969358013, -8.73019686663335 40.63445326855524, -8.730196302838863 40.63445680676304, -8.730195349313949 40.634460216328804, -8.730194056876634 40.634463405377886)",,,,
1,,10291,1,10291_1,"LINESTRING (-8.730181713920604 40.63444293875194, -8.730184292139826 40.63444479075107, -8.730186996797102 40.634446383506976, -8.730189408306297 40.634448373364776, -8.730191461160496 40.63445066679213, -8.730193089852783 40.63445317025669, -8.73019422887624 40.63445579022621, -8.73019481272395 40.634458433168405, -8.730194775888997 40.63446100555096, -8.73019405286446 40.63446341384167)",,,,
1,,10292,1,10292_1,"LINESTRING (-8.730220784329305 40.63445352138883, -8.730217210609997 40.63445377721456, -8.730213789396089 40.63445369691627, -8.730210260690717 40.63445406406542, -8.73020675352493 40.63445483834098, -8.730203396929785 40.634455979421865, -8.73020031993633 40.63445744698705, -8.730197651575617 40.63445920071548, -8.730195520878702 40.63446120028612, -8.730194056876634 40.634463405377886)",,,,
1,,10293,1,10293_1,"LINESTRING (-8.730254273251049 40.63446259221913, -8.730249472758894 40.6344619163723, -8.730245296326565 40.63445982359305, -8.73024125856206 40.63445740580736, -8.730237293057327 40.634454867607325, -8.730233333404316 40.63445241358512, -8.730229313194982 40.63445024833288, -8.730225166021276 40.634448576442736, -8.730220825475147 40.634447602506974, -8.730216225148546 40.634447531117694, -8.730212921704451 40.63444808732119, -8.73020975589592 40.63444908278579, -8.730206758720959 40.63445045874362, -8.73020396117757 40.63445215642667, -8.730201394263766 40.63445411706695, -8.730199088977546 40.63445628189656, -8.730197076316918 40.63445859214749, -8.730195387279887 40.63446098905187, -8.73019405286446 40.63446341384167)",,,,
1,,10294,1,10294_1,"LINESTRING (-8.730181713920604 40.63444293875194, -8.730185849513333 40.634444390811986, -8.730190608872014 40.63444431130652, -8.73019553318655 40.63444370903655, -8.730200517726056 40.634442842925715, -8.730205457759652 40.63444197189759, -8.730210248556459 40.63444135487588, -8.730214785385593 40.634441250784185, -8.730218963516174 40.634441918546145, -8.73022267821732 40.634443617085395, -8.730225519984025 40.63444599777551, -8.730227667112125 40.634448801072054, -8.73022917041965 40.63445193510026, -8.730230080724626 40.63445530798533, -8.730230448845086 40.63445882785255, -8.73023032559906 40.634462402827154, -8.730229761804573 40.63446594103447, -8.730228808279659 40.63446935059977, -8.730227515842346 40.63447253964842)",,,,
1,,10295,1,10295_1,"LINESTRING (-8.730215202842349 40.63445200958366, -8.730217751105537 40.63445392502415, -8.730220455762812 40.63445551777985, -8.730222867272008 40.63445750763737, -8.730224920126208 40.63445980106439, -8.730226548818495 40.634462304528626, -8.730227687841952 40.63446492449777, -8.730228271689661 40.6344675674396, -8.730228234854707 40.63447013982182, -8.730227511830172 40.63447254811218)",,,,
1,,10296,1,10296_1,"LINESTRING (-8.730254273251049 40.63446259221913, -8.730250669575707 40.634462911486395, -8.730247248361799 40.634462831188124, -8.730243719656428 40.63446319833724, -8.730240212490642 40.634463972612686, -8.730236855895495 40.63446511369342, -8.73023377890204 40.63446658125842, -8.730231110541327 40.63446833498661, -8.730228979844412 40.63447033455696, -8.730227515842346 40.63447253964842)",,,,
1,,10297,1,10297_1,"LINESTRING (-8.730287762172793 40.63447166304821, -8.730282931724606 40.63447105064304, -8.730278755292277 40.634468957864065, -8.73027471752777 40.634466540078684, -8.730270752023037 40.63446400187903, -8.730266792370028 40.63446154785716, -8.730262772160694 40.6344593826052, -8.730258624986986 40.63445771071531, -8.730254284440857 40.63445673677967, -8.730249684114256 40.63445666539039, -8.730246380670161 40.634457221593806, -8.73024321486163 40.63445821705829, -8.730240217686669 40.63445959301591, -8.730237420143283 40.63446129069873, -8.730234853229476 40.63446325133876, -8.730232547943256 40.63446541616806, -8.730230535282628 40.634467726418684, -8.730228846245597 40.63447012332271, -8.730227511830172 40.63447254811218)",,,,
1,,10298,1,10298_1,"LINESTRING (-8.730215202842349 40.63445200958366, -8.730219308479045 40.63445352508512, -8.730224067837725 40.63445344557967, -8.73022899215226 40.63445284330979, -8.730233976691766 40.63445197719905, -8.730238916725362 40.63445110617107, -8.73024370752217 40.634450489149415, -8.730248244351303 40.634450385057754, -8.730252422481886 40.63445105281961, -8.73025613718303 40.63445275135865, -8.730258978949735 40.63445513204844, -8.730261126077837 40.63445793534458, -8.73026262938536 40.63446106937235, -8.730263539690336 40.634464442256956, -8.730263907810798 40.63446796212369, -8.73026378456477 40.63447153709782, -8.730263220770283 40.63447507530465, -8.730262267245369 40.6344784848695, -8.730260974808056 40.63448167391768)",,,,
1,,10299,1,10299_1,"LINESTRING (-8.730248691764091 40.63446108041417, -8.730251210071247 40.63446305929598, -8.730253914728522 40.634464652051456, -8.730256326237718 40.6344666419087, -8.730258379091918 40.63446893533541, -8.730260007784205 40.63447143879931, -8.730261146807662 40.6344740587681, -8.730261730655371 40.63447670170958, -8.730261693820419 40.63447927409142, -8.730260970795882 40.63448168238147)",,,,
1,,10300,1,10300_1,"LINESTRING (-8.730287762172793 40.63447166304821, -8.730284128541417 40.634472045757, -8.73028070732751 40.63447196545874, -8.730277178622138 40.63447233260779, -8.730273671456354 40.63447310688312, -8.730270314861206 40.6344742479637, -8.73026723786775 40.6344757155285, -8.730264569507039 40.63447746925645, -8.730262438810124 40.63447946882653, -8.730260974808056 40.63448167391768)",,,,
1,,10301,1,10301_1,"LINESTRING (-8.730321251094535 40.63448073387602, -8.730316390690318 40.63448018491251, -8.730312214257989 40.63447809213384, -8.73030817649348 40.63447567434879, -8.730304210988749 40.63447313614949, -8.730300251335738 40.63447068212795, -8.730296231126404 40.6344685168763, -8.730292083952698 40.63446684498663, -8.730287743406567 40.6344658710511, -8.730283143079967 40.63446579966184, -8.730279839635873 40.634466355865186, -8.73027667382734 40.63446735132954, -8.730273676652379 40.63446872728696, -8.730270879108993 40.63447042496954, -8.730268312195188 40.6344723856093, -8.730266006908966 40.63447455043832, -8.73026399424834 40.634476860688636, -8.730262305211308 40.63447925759233, -8.730260970795882 40.63448168238147)",,,,
1,,10302,1,10302_1,"LINESTRING (-8.730248691764091 40.63446108041417, -8.730252767444757 40.634462659357006, -8.730257526803436 40.63446257985156, -8.730262451117971 40.63446197758175, -8.730267435657476 40.63446111147114, -8.730272375691074 40.63446024044329, -8.73027716648788 40.63445962342173, -8.730281703317015 40.63445951933004, -8.730285881447596 40.63446018709185, -8.730289596148742 40.634461885630614, -8.730292437915447 40.634464266320094, -8.730294585043547 40.63446706961585, -8.730296088351071 40.63447020364319, -8.730296998656048 40.63447357652736, -8.730297366776508 40.63447709639359, -8.730297243530481 40.63448067136723, -8.730296679735995 40.63448420957358, -8.73029572621108 40.63448761913797, -8.730294433773766 40.634490808185724)",,,,
1,,10303,1,10303_1,"LINESTRING (-8.730282180685835 40.63447015124343, -8.730284669036957 40.63447219356654, -8.730287373694233 40.63447378632181, -8.73028978520343 40.6344757761788, -8.730291838057628 40.63447806960518, -8.730293466749917 40.63448057306873, -8.730294605773372 40.63448319303716, -8.730295189621083 40.63448583597828, -8.730295152786129 40.63448840835979, -8.730294429761592 40.63449081664949)",,,,
1,,10304,1,10304_1,"LINESTRING (-8.730321251094535 40.63448073387602, -8.730317587507129 40.63448118002634, -8.730314166293223 40.6344810997281, -8.730310637587849 40.63448146687711, -8.730307130422064 40.634482241152334, -8.730303773826916 40.63448338223276, -8.730300696833462 40.63448484979735, -8.730298028472749 40.634486603525055, -8.730295897775834 40.63448860309487, -8.730294433773766 40.634490808185724)",,,,
1,,10305,1,10305_1,"LINESTRING (-8.73035474001628 40.63448980470263, -8.730349849656028 40.63448931918076, -8.730345673223699 40.63448722640234, -8.73034163545919 40.63448480861764, -8.730337669954459 40.63448227041868, -8.73033371030145 40.634479816397466, -8.730329690092114 40.63447765114611, -8.730325542918408 40.634475979256685, -8.730321202372277 40.6344750053213, -8.730316602045677 40.63447493393205, -8.730313298601583 40.63447549013529, -8.730310132793052 40.634476485599514, -8.73030713561809 40.63447786155678, -8.730304338074703 40.63447955923911, -8.730301771160898 40.63448151987861, -8.730299465874678 40.63448368470733, -8.73029745321405 40.634485994957316, -8.73029576417702 40.6344883918607, -8.730294429761592 40.63449081664949)",,,,
1,,10306,1,10306_1,"LINESTRING (-8.730282180685835 40.63447015124343, -8.730286226410467 40.63447179362764, -8.730290985769146 40.63447171412219, -8.730295910083681 40.63447111185249, -8.730300894623188 40.63447024574198, -8.730305834656784 40.63446937471423, -8.73031062545359 40.63446875769275, -8.730315162282725 40.63446865360111, -8.730319340413306 40.634469321362815, -8.730323055114452 40.634471019901355, -8.730325896881158 40.6344734005905, -8.730328044009257 40.6344762038859, -8.730329547316781 40.63447933791281, -8.73033045762176 40.6344827107965, -8.730330825742218 40.63448623066227, -8.730330702496191 40.6344898056354, -8.730330138701705 40.634493343841264, -8.730329185176792 40.63449675340517, -8.730327892739478 40.63449994245249)",,,,
1,,10307,1,10307_1,"LINESTRING (-8.73031566960758 40.634479222071484, -8.730318128002668 40.63448132783588, -8.730320832659945 40.634482920590926, -8.73032324416914 40.63448491044763, -8.73032529702334 40.63448720387371, -8.730326925715627 40.6344897073369, -8.730328064739084 40.634492327305, -8.730328648586793 40.63449497024574, -8.730328611751839 40.63449754262689, -8.730327888727304 40.63449995091628)",,,,
1,,10308,1,10308_1,"LINESTRING (-8.73035474001628 40.63448980470263, -8.730351046472839 40.63449031429444, -8.730347625258933 40.634490233996196, -8.73034409655356 40.63449060114515, -8.730340589387774 40.634491375420296, -8.730337232792628 40.63449251650057, -8.730334155799172 40.63449398406494, -8.73033148743846 40.634495737792435, -8.730329356741544 40.63449773736195, -8.730327892739478 40.63449994245249)",,,,
1,,10309,1,10309_1,"LINESTRING (-8.730388228938025 40.634498875527996, -8.730383308621738 40.634498453447726, -8.73037913218941 40.634496360669615, -8.730375094424902 40.63449394288526, -8.73037112892017 40.63449140468664, -8.730367169267161 40.63448895066576, -8.730363149057826 40.634486785414694, -8.73035900188412 40.63448511352549, -8.730354661337989 40.634484139590235, -8.730350061011388 40.634484068201004, -8.730346757567293 40.634484624404166, -8.730343591758762 40.634485619868265, -8.7303405945838 40.634486995825334, -8.730337797040413 40.634488693507436, -8.730335230126608 40.63449065414665, -8.730332924840388 40.63449281897506, -8.730330912179761 40.634495129224746, -8.73032922314273 40.6344975261278, -8.730327888727304 40.63449995091628)",,,,
1,,10310,1,10310_1,"LINESTRING (-8.73031566960758 40.634479222071484, -8.730319685376177 40.634480927897, -8.730324444734858 40.63448084839158, -8.730329369049393 40.63448024612195, -8.7303343535889 40.63447938001158, -8.730339293622496 40.63447850898395, -8.730344084419302 40.634477891962554, -8.730348621248435 40.634477787870935, -8.730352799379016 40.63447845563254, -8.730356514080162 40.634480154170845, -8.730359355846868 40.634482534859664, -8.730361502974969 40.634485338154654, -8.730363006282493 40.634488472181154, -8.73036391658747 40.63449184506439, -8.73036428470793 40.63449536492968, -8.730364161461901 40.63449893990232, -8.730363597667417 40.634502478107706, -8.730362644142502 40.63450588767115, -8.730361351705188 40.63450907671802)",,,,
1,,10311,1,10311_1,"LINESTRING (-8.730349158529323 40.634488292898276, -8.73035158696838 40.63449046210395, -8.730354291625655 40.63449205485879, -8.73035670313485 40.63449404471522, -8.730358755989052 40.634496338140984, -8.730360384681337 40.63449884160384, -8.730361523704794 40.63450146157157, -8.730362107552503 40.63450410451195, -8.73036207071755 40.63450667689275, -8.730361347693014 40.634509085181804)",,,,
1,,10312,1,10312_1,"LINESTRING (-8.730388228938025 40.634498875527996, -8.730384505438549 40.63449944856128, -8.730381084224645 40.634499368263064, -8.73037755551927 40.63449973541197, -8.730374048353484 40.634500509686994, -8.73037069175834 40.63450165076711, -8.730367614764884 40.6345031183313, -8.73036494640417 40.63450487205852, -8.730362815707256 40.63450687162778, -8.730361351705188 40.63450907671802)",,,,
1,,10313,1,10313_1,"LINESTRING (-8.730421717859768 40.63450794635214, -8.730416767587448 40.63450758771348, -8.73041259115512 40.634505494935624, -8.730408553390614 40.63450307715162, -8.73040458788588 40.63450053895334, -8.730400628232871 40.63449808493279, -8.730396608023536 40.634495919682024, -8.73039246084983 40.63449424779305, -8.7303881203037 40.63449327385792, -8.7303835199771 40.63449320246869, -8.730380216533005 40.6344937586718, -8.730377050724474 40.63449475413575, -8.730374053549513 40.634496130092636, -8.730371256006125 40.63449782777451, -8.73036868909232 40.63449978841347, -8.730366383806098 40.63450195324158, -8.730364371145471 40.63450426349096, -8.73036268210844 40.634506660393654, -8.730361347693014 40.634509085181804)",,,,
1,,10314,1,10314_1,"LINESTRING (-8.730349158529323 40.634488292898276, -8.730353144341887 40.63449006216515, -8.73035790370057 40.63448998265976, -8.730362828015103 40.63448938039018, -8.73036781255461 40.63448851427992, -8.730372752588208 40.63448764325243, -8.730377543385012 40.634487026231106, -8.730382080214147 40.63448692213949, -8.730386258344728 40.634487589900985, -8.730389973045874 40.63448928843909, -8.73039281481258 40.63449166912758, -8.730394961940679 40.63449447242219, -8.730396465248203 40.63449760644826, -8.73039737555318 40.63450097933103, -8.73039774367364 40.634504499195806, -8.730397620427613 40.634508074168, -8.730397056633127 40.634511612372876, -8.730396103108212 40.63451502193586, -8.730394810670898 40.63451821098232)",,,,
1,,10315,1,10315_1,"LINESTRING (-8.730382647451068 40.634497363723874, -8.73038504593409 40.634499596370766, -8.730387750591365 40.6345011891254, -8.730390162100562 40.634503178981554, -8.730392214954762 40.63450547240699, -8.730393843647049 40.63450797586952, -8.730394982670504 40.634510595836886, -8.730395566518215 40.63451323877691, -8.73039552968326 40.63451581115735, -8.730394806658724 40.63451821944608)",,,,
1,,10316,1,10316_1,"LINESTRING (-8.730421717859768 40.63450794635214, -8.730417964404259 40.63450858282688, -8.730414543190355 40.63450850252866, -8.730411014484982 40.634508869677546, -8.730407507319196 40.63450964395244, -8.73040415072405 40.63451078503241, -8.730401073730594 40.634512252596394, -8.730398405369883 40.63451400632338, -8.730396274672966 40.63451600589236, -8.730394810670898 40.63451821098232)",,,,
1,,10317,1,10317_1,"LINESTRING (-8.730455206781512 40.634517017175064, -8.73045022655316 40.63451672197796, -8.73044605012083 40.63451462920041, -8.730442012356324 40.634512211416705, -8.73043804685159 40.63450967321879, -8.730434087198581 40.63450721919859, -8.730430066989248 40.634505053948104, -8.73042591981554 40.63450338205936, -8.73042157926941 40.63450240812438, -8.73041697894281 40.63450233673515, -8.730413675498715 40.634502892938166, -8.730410509690184 40.63450388840199, -8.730407512515223 40.634505264358665, -8.730404714971836 40.634506962040334, -8.73040214805803 40.634508922679025, -8.73039984277181 40.63451108750682, -8.730397830111182 40.634513397755896, -8.730396141074152 40.63451579465826, -8.730394806658724 40.63451821944608)",,,,
1,,10318,1,10318_1,"LINESTRING (-8.718965695289752 40.64331778610504, -8.718990856225536 40.64333700842451, -8.719025526336136 40.64334938781969, -8.719063274839838 40.64335326744788, -8.719097670954929 40.643346990463876)",,,,
1,,10319,1,10319_1,"LINESTRING (-8.72663824638987 40.65265435408197, -8.729671082408633 40.65240747994333)",,,,
1,,10320,1,10320_1,"LINESTRING (-8.72510414871183 40.647510931922234, -8.726209052059891 40.64815316993232)",,,,
1,,10321,1,10321_1,"LINESTRING (-8.728812027791836 40.646318303525284, -8.728770242697538 40.646332038953744)",,,,
1,,10322,1,10322_1,"LINESTRING (-8.729154717737622 40.646509256407676, -8.729140539731192 40.64650395464835, -8.729122825374077 40.6465052051462, -8.729104243653605 40.646510368792626, -8.72908750210035 40.64651677862452)",,,,
1,,10323,1,10323_1,"LINESTRING (-8.731328989817861 40.64913672989502, -8.731349864038059 40.64915542530806, -8.731378327149796 40.649170284453284, -8.731409378252646 40.64917747546605, -8.73143801644618 40.64917316648143)",,,,
1,,10324,1,10324_1,"LINESTRING (-8.717452281341124 40.65432649645792, -8.717440539407674 40.65432781822904)",,,,
1,,10325,1,10325_1,"LINESTRING (-8.715955831053614 40.654163622841295, -8.715944367671108 40.65416128458996)",,,,
1,,10326,1,10326_1,"LINESTRING (-8.716956705775743 40.65468609803168, -8.716947648396452 40.65467745541449, -8.716920812485364 40.65467777422773, -8.716887058905709 40.654687246263016, -8.716868465067837 40.65470382514575)",,,,
1,,10326,2,10326_2,"LINESTRING (-8.716984430186374 40.65466924549572, -8.716964508721237 40.65465023629233, -8.71691421770197 40.65465083375702, -8.716866102666927 40.65466433594748, -8.716841492614773 40.65468627908107)",,,,
1,,10327,1,10327_1,"LINESTRING (-8.72256306186846 40.64339993391273, -8.722526273650978 40.64340234106231, -8.722488756880074 40.64338893058359, -8.722455536467109 40.64336594376842, -8.72243146875206 40.64333937324182)",,,,
1,,10328,1,10328_1,"LINESTRING (-8.722364742615603 40.64340625605002, -8.722402513940807 40.643433450394284, -8.72245850597292 40.64344478258008, -8.722520438020794 40.643442810182655, -8.72257602939328 40.6434300907686)",,,,
1,,10329,1,10329_1,"LINESTRING (-8.721451156212447 40.64199017041875, -8.721449771339314 40.6419888926202, -8.721448587117496 40.64198871913677, -8.721445044790013 40.64198881365844, -8.72143993409139 40.641989592209995, -8.721433849808042 40.641991130952555, -8.72142728299047 40.64199336938025, -8.721420639875523 40.641996191829065, -8.721414277167463 40.641999454370406, -8.721408525863417 40.64200298731475, -8.721403702410798 40.6420065830151, -8.721400100866205 40.64200996840648, -8.721397935433181 40.642012764243994, -8.721397154748557 40.64201448672317, -8.721397128128224 40.64201484123939, -8.721397936629073 40.64201688132711)",,,,
1,,10329,2,10329_2,"LINESTRING (-8.721478505850238 40.64197297109812, -8.72147263772824 40.64196755668469, -8.721462173754672 40.64196319886759, -8.721451350113998 40.641961613250714, -8.721440919390144 40.64196189157893, -8.721430834583797 40.64196342787412, -8.721420986869218 40.64196591840524, -8.721411371156512 40.641969196108064, -8.721402067169429 40.6419731490766, -8.721393204164228 40.6419776936693, -8.72138493710433 40.64198277200568, -8.721377435502763 40.64198836416261, -8.721370891263375 40.64199451563522, -8.721365576142883 40.64200137809839, -8.721362027464693 40.64200920778696, -8.721361361873305 40.64201807173603, -8.721363984274284 40.642024688841374)",,,,
1,,10330,1,10330_1,"LINESTRING (-8.719576374546714 40.64342805053966, -8.719579596612885 40.643426130247384, -8.719581735367754 40.64342343862937, -8.719582877842715 40.6434201124649, -8.719583111069163 40.64341628853319, -8.719582522078493 40.643412103613485, -8.719581197902102 40.643407694485084, -8.719579225571383 40.64340319792728, -8.719576692117732 40.64339875071944, -8.719573684572545 40.643394489640954, -8.719570289967217 40.64339055147122, -8.719566595333143 40.64338707298968, -8.719562687701721 40.64338419097586, -8.719558654104343 40.643382042209176, -8.719554581572407 40.643380763469125, -8.719550557137303 40.64338049153516, -8.719546667830434 40.64338136318668)",,,,
1,,10331,1,10331_1,"LINESTRING (-8.713925429590812 40.64801286022438, -8.713932864322597 40.64800021807609, -8.713926057914964 40.64798156619825, -8.71391116246567 40.64796606069867, -8.713893765961043 40.647962849267095)",,,,
1,,10331,2,10331_2,"LINESTRING (-8.713957799450982 40.6480239040113, -8.713970463188078 40.64800237034989, -8.713958500025003 40.64796958725185, -8.713932125809276 40.6479421328775, -8.713902120496009 40.6479365938351)",,,,
1,,10332,1,10332_1,"LINESTRING (-8.705612037204817 40.64976809197616, -8.705607231346692 40.64975985688212)",,,,
1,,10332,2,10332_2,"LINESTRING (-8.70564444943338 40.64975711907433, -8.705639643572058 40.649748883981616)",,,,
1,,10333,1,10333_1,"LINESTRING (-8.705547826444873 40.64977218395579, -8.705552804345748 40.6497803600062)",,,,
1,,10333,2,10333_2,"LINESTRING (-8.705515648071579 40.649783549135755, -8.705520625969369 40.649791725187555)",,,,
1,,10334,1,10334_1,"LINESTRING (-8.709310559738745 40.65282139024437, -8.709301078358514 40.65281597161753)",,,,
1,,10335,1,10335_1,"LINESTRING (-8.713907842233844 40.65492553271945, -8.713919527897202 40.65492711568299)",,,,
1,,10336,1,10336_1,"LINESTRING (-8.713919922460448 40.65488102215208, -8.713908232613583 40.654879457066315)",,,,
1,,10337,1,10337_1,"LINESTRING (-8.730146983658917 40.649484899374045, -8.730227602524266 40.64944732689299)",,,,
1,,10337,2,10337_2,"LINESTRING (-8.730165496552628 40.649507943228805, -8.730246115435328 40.64947037073497)",,,,
1,,10338,1,10338_1,"LINESTRING (-8.732482977725324 40.64865467351137, -8.732493013788256 40.64865568455652, -8.732504320618828 40.648644051840805, -8.732511778986582 40.64862747069727, -8.732510269661061 40.64861363646355)",,,,
1,,10339,1,10339_1,"LINESTRING (-8.727865408101152 40.64637424470689, -8.727924183816507 40.6464203067695, -8.72800421023725 40.64644920406884, -8.728090975183441 40.64645792403384, -8.728171244103025 40.64644188974828)",,,,
1,,10339,2,10339_2,"LINESTRING (-8.727839973887194 40.64639307368086, -8.72790320886454 40.64644263044253, -8.727994049097525 40.64647543257985, -8.728093238051814 40.646485401169684, -8.728180241563585 40.64646802160409)",,,,
1,,10340,1,10340_1,"LINESTRING (-8.70597563924799 40.65066066888998, -8.705942755193833 40.65072475505223)",,,,
1,,10340,2,10340_2,"LINESTRING (-8.705942602306921 40.650650835144994, -8.705909718225982 40.650714921297975)",,,,
1,,10354,1,10354_1,"LINESTRING (-8.730769446400354 40.63496843996261, -8.73076903851667 40.63496459472739, -8.730769135352782 40.63496098284612, -8.730768550927522 40.63495722376273, -8.730767621692495 40.634953407846126, -8.730766684099311 40.63494962546521, -8.730766074599574 40.63494596698893, -8.730766129644895 40.63494252278619, -8.730767185686878 40.63493938322598, -8.730769579177132 40.63493663867731, -8.73077283379344 40.63493458486379, -8.730776615381648 40.6349330756138, -8.730780805135705 40.634932068507524, -8.730785284249553 40.63493152112518, -8.730789933917139 40.63493139104696, -8.730794635332407 40.63493163585303, -8.730799269689301 40.63493221312358, -8.730803718181772 40.63493308043873, -8.730807862003758 40.63493419537869)",,,,
1,,10355,1,10355_1,"LINESTRING (-8.730782847361963 40.63494344551907, -8.730782941481628 40.63494081081314, -8.730785152938166 40.63493882759476, -8.730787874787433 40.634937083452385, -8.730790981115973 40.63493562409288, -8.730794346010331 40.63493449522311, -8.730797843557056 40.63493374254999, -8.730801347842691 40.63493341178034, -8.73080473295378 40.634933548621085, -8.730807872976872 40.63493419877906)",,,,
1,,10356,1,10356_1,"LINESTRING (-8.730798481817173 40.63491428532312, -8.730796166362277 40.63491623270833, -8.730795915792983 40.63491882325263, -8.730796249759488 40.634921514240844, -8.730797120640243 40.63492420613515, -8.730798480813709 40.634926799397874, -8.730800282658338 40.63492919449129, -8.730802478552587 40.6349312918777, -8.730805020874907 40.63493299201939, -8.730807862003758 40.63493419537869)",,,,
1,,10357,1,10357_1,"LINESTRING (-8.730811882778783 40.63488929085932, -8.73080824793564 40.634892116339266, -8.730805315858541 40.63489519427992, -8.730801961765419 40.63489815332273, -8.730798452200368 40.63490105248023, -8.730795053707487 40.63490395076488, -8.730792032830875 40.634906907189155, -8.73078965611463 40.63490998076555, -8.730788190102851 40.634913230506484, -8.730787901339633 40.634916715424396, -8.730788493743006 40.634919243625305, -8.73078967028305 40.634921686069674, -8.730791354901271 40.63492401676676, -8.730793471539181 40.63492620972593, -8.73079594413829 40.63492823895648, -8.730798696640104 40.63493007846774, -8.730801652986134 40.63493170226904, -8.730804737117886 40.63493308436969, -8.730807872976872 40.63493419877906)",,,,
1,,10358,1,10358_1,"LINESTRING (-8.730782847361963 40.63494344551907, -8.730782480880364 40.63493961308907, -8.730782577716479 40.63493600120647, -8.730781993291217 40.634932242121664, -8.730781064056192 40.63492842620363, -8.730780126463006 40.634924643821314, -8.730779516963269 40.63492098534363, -8.73077957200859 40.63491754113962, -8.730780628050573 40.63491440157824, -8.730783021540827 40.634911657028525, -8.730786276157135 40.63490960321425, -8.730790057745343 40.63490809396367, -8.7307942474994 40.634907086857034, -8.730798726613248 40.63490653947449, -8.730803376280834 40.634906409396244, -8.730808077696102 40.63490665420239, -8.730812712052998 40.63490723147314, -8.730817160545467 40.63490809878862, -8.730821304367453 40.63490921372902)",,,,
1,,10359,1,10359_1,"LINESTRING (-8.730796248323573 40.63491845106619, -8.730796383845323 40.634915829165934, -8.730798595301861 40.63491384594681, -8.73080131715113 40.63491210180378, -8.730804423479668 40.63491064244372, -8.730807788374028 40.63490951357354, -8.730811285920751 40.63490876090014, -8.730814790206386 40.63490843013039, -8.730818175317475 40.634908566971156, -8.730821315340568 40.63490921712936)",,,,
1,,10360,1,10360_1,"LINESTRING (-8.730811882778783 40.63488929085932, -8.730809608725973 40.63489125105191, -8.730809358156678 40.63489384159721, -8.730809692123183 40.63489653258639, -8.730810563003939 40.63489922448174, -8.730811923177406 40.63490181774542, -8.730813725022033 40.634904212839736, -8.730815920916282 40.6349063102269, -8.730818463238602 40.63490801036926, -8.730821304367453 40.63490921372902)",,,,
1,,10361,1,10361_1,"LINESTRING (-8.730825283740392 40.63486429638616, -8.730821690299335 40.63486713467385, -8.730818758222238 40.63487021261564, -8.730815404129116 40.63487317165955, -8.730811894564063 40.63487607081814, -8.730808496071182 40.63487896910386, -8.730805475194572 40.63488192552926, -8.730803098478326 40.634884999106795, -8.730801632466546 40.634888248848924, -8.73080134370333 40.63489173376813, -8.730801936106701 40.63489426197003, -8.730803112646745 40.63489670441532, -8.730804797264966 40.63489903511327, -8.730806913902878 40.63490122807326, -8.730809386501987 40.63490325730455, -8.730812139003799 40.63490509681652, -8.73081509534983 40.6349067206184, -8.730818179481581 40.634908102719585, -8.730821315340568 40.63490921712936)",,,,
1,,10362,1,10362_1,"LINESTRING (-8.730796248323573 40.63491845106619, -8.73079592324406 40.63491463144143, -8.730796020080174 40.63491101955743, -8.730795435654914 40.63490726047125, -8.730794506419887 40.634903444551796, -8.730793568826702 40.63489966216805, -8.730792959326966 40.63489600368902, -8.730793014372285 40.63489255948372, -8.730794070414268 40.634889419921166, -8.730796463904523 40.6348866753704, -8.73079971852083 40.634884621555365, -8.73080350010904 40.63488311230423, -8.730807689863097 40.634882105197214, -8.730812168976945 40.63488155781447, -8.730816818644529 40.63488142773614, -8.730821520059797 40.63488167254241, -8.730826154416693 40.634882249813344, -8.730830602909162 40.634883117129185, -8.73083474673115 40.63488423206998)",,,,
1,,10363,1,10363_1,"LINESTRING (-8.730809649285181 40.63489345660394, -8.73080982620902 40.63489084750937, -8.730812037665558 40.63488886428951, -8.730814759514825 40.63488712014581, -8.730817865843365 40.634885660785216, -8.730821230737725 40.634884531914636, -8.730824728284446 40.63488377924092, -8.730828232570081 40.63488344847105, -8.73083161768117 40.6348835853119, -8.730834757704264 40.634884235470324)",,,,
1,,10364,1,10364_1,"LINESTRING (-8.730825283740392 40.63486429638616, -8.730823051089668 40.63486626938616, -8.730822800520375 40.634868859932425, -8.730823134486878 40.63487155092262, -8.730824005367635 40.63487424281897, -8.7308253655411 40.63487683608364, -8.730827167385728 40.63487923117882, -8.730829363279977 40.6348813285668, -8.730831905602297 40.63488302870976, -8.73083474673115 40.63488423206998)",,,,
1,,10365,1,10365_1,"LINESTRING (-8.730838684702002 40.63483930190364, -8.73083513266303 40.63484215299906, -8.730832200585933 40.634845230942, -8.73082884649281 40.63484818998705, -8.73082533692776 40.634851089146686, -8.730821938434879 40.63485398743353, -8.730818917558267 40.634856943860015, -8.730816540842023 40.6348600174387, -8.730815074830243 40.63486326718205, -8.730814786067027 40.63486675210258, -8.730815378470398 40.634869280305395, -8.73081655501044 40.634871722751605, -8.730818239628661 40.634874053450424, -8.730820356266573 40.634876246411245, -8.730822828865682 40.6348782756433, -8.730825581367496 40.63488011515593, -8.730828537713524 40.634881738958455, -8.730831621845278 40.63488312106014, -8.730834757704264 40.634884235470324)",,,,
1,,10366,1,10366_1,"LINESTRING (-8.730809649285181 40.63489345660394, -8.730809365607755 40.634889649784434, -8.730809462443869 40.63488603789908, -8.730808878018609 40.63488227881148, -8.730807948783582 40.6348784628906, -8.730807011190397 40.634874680505455, -8.73080640169066 40.63487102202505, -8.730806456735982 40.63486757781845, -8.730807512777965 40.63486443825472, -8.730809906268219 40.634861693702945, -8.730813160884527 40.63485963988712, -8.730816942472735 40.63485813063542, -8.730821132226792 40.63485712352805, -8.73082561134064 40.634856576145076, -8.730830261008226 40.63485644606672, -8.730834962423494 40.63485669087307, -8.730839596780388 40.63485726814423, -8.730844045272857 40.63485813546038, -8.730848189094845 40.634859250401604)",,,,
1,,10367,1,10367_1,"LINESTRING (-8.73082305024679 40.63486846213234, -8.730823268572713 40.634865865843466, -8.730825480029255 40.63486388262287, -8.730828201878522 40.63486213847851, -8.73083130820706 40.63486067911738, -8.73083467310142 40.63485955024634, -8.730838170648143 40.63485879757237, -8.730841674933778 40.63485846680237, -8.730845060044867 40.634858603643266, -8.730848200067959 40.63485925380195)",,,,
1,,10368,1,10368_1,"LINESTRING (-8.730838684702002 40.63483930190364, -8.730836493453365 40.63484128771104, -8.73083624288407 40.63484387825828, -8.730836576850574 40.63484656924949, -8.73083744773133 40.634849261146854, -8.730838807904796 40.63485185441247, -8.730840609749425 40.634854249508585, -8.730842805643672 40.63485634689733, -8.730845347965994 40.63485804704093, -8.730848189094845 40.634859250401604)",,,,
1,,10369,1,10369_1,"LINESTRING (-8.730852085663612 40.63481430741175, -8.730848575026727 40.634817171314936, -8.73084564294963 40.63482024925902, -8.730842288856506 40.634823208305164, -8.730838779291455 40.63482610746592, -8.730835380798574 40.63482900575383, -8.730832359921962 40.63483196218144, -8.730829983205718 40.63483503576124, -8.730828517193938 40.634838285505815, -8.730828228430722 40.63484177042767, -8.730828820834095 40.63484429863143, -8.730829997374135 40.634846741078526, -8.730831681992358 40.634849071778255, -8.73083379863027 40.63485126473987, -8.730836271229377 40.63485329397269, -8.73083902373119 40.634855133486, -8.73084198007722 40.634856757289135, -8.730845064208973 40.63485813939133, -8.730848200067959 40.63485925380195)",,,,
1,,10370,1,10370_1,"LINESTRING (-8.73082305024679 40.63486846213234, -8.730822807971451 40.63486466811807, -8.730822904807566 40.63486105623137, -8.730822320382304 40.63485729714237, -8.730821391147279 40.634853481220055, -8.730820453554093 40.63484969883346, -8.730819844054357 40.63484604035172, -8.730819899099677 40.634842596143834, -8.73082095514166 40.63483945657892, -8.730823348631915 40.63483671202613, -8.730826603248222 40.63483465820953, -8.730830384836432 40.63483314895728, -8.730834574590487 40.6348321418495, -8.730839053704335 40.63483159446634, -8.73084370337192 40.63483146438794, -8.730848404787189 40.63483170919437, -8.730853039144083 40.63483228646576, -8.730857487636554 40.63483315378223, -8.73086163145854 40.634834268723864)",,,,
1,,10371,1,10371_1,"LINESTRING (-8.7308364512084 40.634843467651365, -8.73083671093641 40.63484088416822, -8.73083892239295 40.63483890094688, -8.730841644242217 40.634837156801865, -8.730844750570757 40.634835697440174, -8.730848115465117 40.63483456856873, -8.730851613011838 40.63483381589448, -8.730855117297473 40.634833485124354, -8.730858502408562 40.6348336219653, -8.730861642431654 40.63483427212424)",,,,
1,,10372,1,10372_1,"LINESTRING (-8.730852085663612 40.63481430741175, -8.730849935817062 40.634816306026615, -8.730849685247765 40.63481889657479, -8.73085001921427 40.63482158756702, -8.730850890095027 40.63482427946538, -8.730852250268493 40.634826872731985, -8.730854052113122 40.63482926782897, -8.730856248007369 40.6348313652185, -8.73085879032969 40.63483306536276, -8.73086163145854 40.634834268723864)",,,,
1,,10373,1,10373_1,"LINESTRING (-8.73086548662522 40.6347893129105, -8.730862017390422 40.63479218962147, -8.730859085313325 40.6347952675667, -8.7308557312202 40.634798226613945, -8.730852221655152 40.634801125775795, -8.73084882316227 40.63480402406477, -8.730845802285659 40.6348069804935, -8.730843425569413 40.63481005407447, -8.730841959557633 40.634813303820266, -8.730841670794419 40.63481678874339, -8.73084226319779 40.63481931694812, -8.730843439737832 40.63482175939613, -8.730845124356055 40.6348240900967, -8.730847240993965 40.63482628305913, -8.730849713593074 40.63482831229273, -8.730852466094888 40.63483015180674, -8.730855422440916 40.63483177561046, -8.73085850657267 40.634833157713196, -8.730861642431654 40.63483427212424)",,,,
1,,10374,1,10374_1,"LINESTRING (-8.7308364512084 40.634843467651365, -8.730836250335146 40.63483968644237, -8.73083634717126 40.63483607455432, -8.730835762746 40.63483231546392, -8.730834833510976 40.634828499540184, -8.730833895917788 40.63482471715216, -8.730833286418052 40.63482105866905, -8.730833341463372 40.63481761445986, -8.730834397505356 40.63481447489381, -8.730836790995609 40.63481173033997, -8.730840045611918 40.63480967652261, -8.730843827200127 40.634808167269796, -8.730848016954182 40.634807160161635, -8.73085249606803 40.63480661277828, -8.730857145735616 40.634806482699794, -8.730861847150885 40.63480672750635, -8.73086648150778 40.634807304777944, -8.730870930000249 40.63480817209475, -8.730875073822236 40.634809287036795)",,,,
1,,10375,1,10375_1,"LINESTRING (-8.730849852170008 40.634818473161054, -8.730850153300107 40.63481590248361, -8.730852364756645 40.63481391926151, -8.730855086605912 40.63481217511588, -8.730858192934452 40.63481071575363, -8.730861557828812 40.63480958688175, -8.730865055375535 40.63480883420723, -8.730868559661168 40.63480850343697, -8.73087194477226 40.63480864027797, -8.73087508479535 40.63480929043716)",,,,
1,,10376,1,10376_1,"LINESTRING (-8.73086548662522 40.6347893129105, -8.730863378180757 40.634791324332795, -8.730863127611462 40.63479391488196, -8.730863461577966 40.63479660587521, -8.730864332458722 40.634799297774556, -8.730865692632188 40.63480189104214, -8.730867494476817 40.63480428614001, -8.730869690371064 40.63480638353035, -8.730872232693386 40.634808083675225, -8.730875073822236 40.634809287036795)",,,,
1,,10377,1,10377_1,"LINESTRING (-8.73087888758683 40.63476431839994, -8.730875459754117 40.63476720791865, -8.73087252767702 40.634770285865024, -8.730869173583898 40.63477324491338, -8.730865664018847 40.6347761440763, -8.730862265525966 40.6347790423664, -8.730859244649354 40.63478199879619, -8.73085686793311 40.634785072378335, -8.73085540192133 40.63478832212535, -8.730855113158112 40.63479180704978, -8.730855705561485 40.63479433525544, -8.730856882101527 40.63479677770437, -8.73085856671975 40.634799108405836, -8.730860683357662 40.63480130136908, -8.730863155956769 40.63480333060342, -8.730865908458583 40.634805170118135, -8.730868864804611 40.63480679392244, -8.730871948936365 40.63480817602571, -8.73087508479535 40.63480929043716)",,,,
1,,10378,1,10378_1,"LINESTRING (-8.730849852170008 40.634818473161054, -8.730849692698843 40.634814704757304, -8.730849789534956 40.63481109286793, -8.730849205109697 40.6348073337761, -8.73084827587467 40.63480351785095, -8.730847338281485 40.63479973546153, -8.73084672878175 40.63479607697703, -8.730846783827069 40.634792632766555, -8.730847839869053 40.6347894931993, -8.730850233359305 40.634786748644466, -8.730853487975613 40.634784694826344, -8.730857269563822 40.63478318557295, -8.730861459317879 40.634782178464434, -8.730865938431727 40.63478163108084, -8.730870588099311 40.63478150100234, -8.730875289514579 40.63478174580897, -8.730879923871477 40.63478232308079, -8.730884372363944 40.634783190397904, -8.730888516185932 40.634784305340354)",,,,
1,,10379,1,10379_1,"LINESTRING (-8.73086325313162 40.63479347866138, -8.730863595663802 40.63479092078967, -8.73086580712034 40.63478893756683, -8.730868528969609 40.634787193420536, -8.730871635298149 40.63478573405776, -8.730875000192507 40.634784605185466, -8.73087849773923 40.63478385251064, -8.730882002024863 40.634783521740275, -8.730885387135954 40.63478365858133, -8.730888527159046 40.63478430874072)",,,,
1,,10380,1,10380_1,"LINESTRING (-8.73087888758683 40.63476431839994, -8.730876820544452 40.63476634262964, -8.730876569975157 40.6347689331798, -8.730876903941663 40.634771624174036, -8.73087777482242 40.634774316074406, -8.730879134995883 40.634776909342925, -8.730880936840512 40.634779304441736, -8.730883132734759 40.634781401832846, -8.730885675057081 40.63478310197836, -8.730888516185932 40.634784305340354)",,,,
1,,10381,1,10381_1,"LINESTRING (-8.730892288548437 40.634739323879984, -8.730888902117812 40.634742226206484, -8.730885970040717 40.63474530415403, -8.730882615947593 40.634748263203484, -8.730879106382542 40.63475116236749, -8.730875707889663 40.634754060658636, -8.730872687013049 40.634757017089555, -8.730870310296805 40.63476009067287, -8.730868844285025 40.634763340421074, -8.730868555521809 40.63476682534682, -8.730869147925182 40.6347693535534, -8.730870324465224 40.63477179600325, -8.730872009083447 40.6347741267056, -8.730874125721357 40.63477631966966, -8.730876598320465 40.63477834890477, -8.730879350822278 40.63478018842017, -8.730882307168308 40.634781812225114, -8.730885391300061 40.63478319432889, -8.730888527159046 40.63478430874072)",,,,
1,,10382,1,10382_1,"LINESTRING (-8.73086325313162 40.63479347866138, -8.73086313506254 40.63478972306292, -8.73086323189865 40.634786111172176, -8.730862647473392 40.63478235207895, -8.730861718238366 40.63477853615237, -8.73086078064518 40.634774753761526, -8.730860171145444 40.63477109527563, -8.730860226190764 40.63476765106391, -8.730861282232746 40.63476451149548, -8.730863675723002 40.634761766939604, -8.730866930339308 40.634759713120694, -8.730870711927519 40.63475820386677, -8.730874901681574 40.63475719675784, -8.730879380795423 40.634756649374076, -8.730884030463008 40.63475651929552, -8.730888731878276 40.63475676410223, -8.730893366235172 40.634757341374275, -8.73089781472764 40.634758208691714, -8.730901958549628 40.6347593236346)",,,,
1,,10383,1,10383_1,"LINESTRING (-8.730876654093228 40.634768484152346, -8.730877038027497 40.634765939086385, -8.730879249484037 40.63476395586281, -8.730881971333304 40.63476221171583, -8.730885077661844 40.63476075235251, -8.730888442556202 40.63475962347979, -8.730891940102927 40.6347588708047, -8.73089544438856 40.63475854003419, -8.73089882949965 40.63475867687529, -8.73090196952274 40.63475932703497)",,,,
1,,10384,1,10384_1,"LINESTRING (-8.730892288548437 40.634739323879984, -8.730890262908149 40.63474136091717, -8.730890012338854 40.63474395146827, -8.730890346305356 40.634746642463526, -8.730891217186114 40.63474933436489, -8.73089257735958 40.6347519276344, -8.730894379204209 40.6347543227341, -8.730896575098456 40.634756420125974, -8.730899117420776 40.63475812027212, -8.730901958549628 40.6347593236346)",,,,
1,,10385,1,10385_1,"LINESTRING (-8.730905689510049 40.634714329350665, -8.730902344481509 40.63471724448496, -8.730899412404412 40.63472032243367, -8.73089605831129 40.63472328148422, -8.730892548746239 40.6347261806493, -8.730889150253358 40.63472907894156, -8.730886129376746 40.634732035373595, -8.7308837526605 40.634735108958004, -8.73088228664872 40.63473835870746, -8.730881997885504 40.63474184363451, -8.730882590288877 40.634744371842054, -8.730883766828919 40.63474681429282, -8.730885451447142 40.63474914499601, -8.730887568085052 40.63475133796091, -8.73089004068416 40.63475336719678, -8.730892793185975 40.63475520671284, -8.730895749532005 40.63475683051839, -8.730898833663757 40.63475821262268, -8.73090196952274 40.63475932703497)",,,,
1,,10386,1,10386_1,"LINESTRING (-8.730876654093228 40.634768484152346, -8.730876577426235 40.634764741359156, -8.730876674262348 40.634761129467066, -8.730876089837087 40.634757370372434, -8.73087516060206 40.63475355444443, -8.730874223008877 40.63474977205219, -8.73087361350914 40.634746113564944, -8.730873668554459 40.634742669351894, -8.730874724596443 40.6347395297823, -8.730877118086697 40.63473678522541, -8.730880372703005 40.634734731405736, -8.730884154291214 40.63473322215122, -8.73088834404527 40.634732215041936, -8.730892823159119 40.63473166765797, -8.730897472826703 40.63473153757936, -8.730902174241972 40.63473178238615, -8.730906808598867 40.63473235965842, -8.730911257091336 40.634733226976195, -8.730915400913323 40.63473434191948)",,,,
1,,10387,1,10387_1,"LINESTRING (-8.730890055054838 40.63474348963395, -8.730890480391192 40.63474095737374, -8.730892691847732 40.6347389741494, -8.730895413696999 40.63473723000181, -8.730898520025539 40.63473577063793, -8.730901884919898 40.63473464176478, -8.730905382466622 40.63473388908941, -8.730908886752255 40.6347335583188, -8.730912271863346 40.63473369515992, -8.730915411886437 40.63473434531983)",,,,
1,,10388,1,10388_1,"LINESTRING (-8.730905689510049 40.634714329350665, -8.730903705271844 40.63471637919531, -8.730903454702549 40.634718969747404, -8.730903788669053 40.63472166074366, -8.73090465954981 40.63472435264603, -8.730906019723275 40.634726945916505, -8.730907821567904 40.634729341017106, -8.73091001746215 40.634731438409766, -8.730912559784473 40.63473313855657, -8.730915400913323 40.63473434191948)",,,,
1,,10389,1,10389_1,"LINESTRING (-8.730919090471657 40.63468933481199, -8.730915786845205 40.63469226275409, -8.730912854768109 40.63469534070395, -8.730909500674986 40.63469829975562, -8.730905991109934 40.634701198921796, -8.730902592617053 40.63470409721512, -8.730899571740443 40.634707053648256, -8.730897195024196 40.63471012723383, -8.730895729012415 40.634713376984486, -8.730895440249201 40.63471686191283, -8.730896032652572 40.63471939012134, -8.730897209192614 40.63472183257299, -8.730898893810837 40.634724163277106, -8.730901010448749 40.634726356242815, -8.730903483047856 40.63472838547942, -8.730906235549671 40.6347302249962, -8.7309091918957 40.63473184880234, -8.730912276027452 40.63473323090716, -8.730915411886437 40.63473434531983)",,,,
1,,10390,1,10390_1,"LINESTRING (-8.730890055054838 40.63474348963395, -8.73089001978993 40.634739759646074, -8.730890116626044 40.63473614775263, -8.730889532200784 40.63473238865661, -8.730888602965758 40.63472857272715, -8.730887665372572 40.63472479033351, -8.730887055872836 40.63472113184489, -8.730887110918156 40.63471768763055, -8.730888166960138 40.63471454805978, -8.730890560450392 40.634711803501844, -8.7308938150667 40.634709749681406, -8.73089759665491 40.63470824042633, -8.730901786408966 40.63470723331667, -8.730906265522814 40.63470668593249, -8.7309109151904 40.63470655585384, -8.730915616605667 40.63470680066072, -8.730920250962564 40.6347073779332, -8.730924699455032 40.63470824525128, -8.73092884327702 40.634709360195004)",,,,
1,,10391,1,10391_1,"LINESTRING (-8.730903456016446 40.634718495106185, -8.730903922754889 40.63471597565172, -8.730906134211429 40.634713992426676, -8.730908856060694 40.634712248278426, -8.730911962389236 40.634710788913985, -8.730915327283594 40.63470966004042, -8.730918824830317 40.63470890736478, -8.730922329115952 40.634708576594036, -8.730925714227043 40.634708713435245, -8.730928854250134 40.63470936359538)",,,,
1,,10392,1,10392_1,"LINESTRING (-8.730919090471657 40.63468933481199, -8.73091714763554 40.63469139746414, -8.730916897066246 40.634693988017204, -8.730917231032748 40.634696679014446, -8.730918101913506 40.634699370917836, -8.730919462086971 40.63470196418928, -8.730921263931599 40.634704359290744, -8.730923459825847 40.63470645668422, -8.730926002148168 40.63470815683166, -8.73092884327702 40.634709360195004)",,,,
1,,10393,1,10393_1,"LINESTRING (-8.730932491433265 40.634664340263974, -8.7309292292089 40.63466728101389, -8.730926297131804 40.6346703589649, -8.730922943038681 40.63467331801768, -8.73091943347363 40.634676217184925, -8.73091603498075 40.634679115479344, -8.730913014104138 40.63468207191357, -8.730910637387892 40.63468514550032, -8.730909171376112 40.63468839525219, -8.730908882612896 40.63469188018183, -8.730909475016269 40.63469440839129, -8.73091065155631 40.63469685084386, -8.730912336174534 40.63469918154881, -8.730914452812444 40.63470137451533, -8.730916925411552 40.63470340375273, -8.730919677913366 40.63470524327019, -8.730922634259395 40.63470686707694, -8.730925718391148 40.63470824918227, -8.730928854250134 40.63470936359538)",,,,
1,,10394,1,10394_1,"LINESTRING (-8.730903456016446 40.634718495106185, -8.730903462153625 40.634714777923634, -8.73090355898974 40.63471116602884, -8.73090297456448 40.63470740693139, -8.730902045329453 40.63470359100053, -8.730901107736267 40.63469980860544, -8.730900498236531 40.634696150115474, -8.730900553281852 40.63469270589986, -8.730901609323835 40.63468956632792, -8.73090400281409 40.634686821768945, -8.730907257430397 40.63468476794774, -8.730911039018606 40.63468325869211, -8.730915228772663 40.63468225158206, -8.73091970788651 40.63468170419768, -8.730924357554096 40.63468157411898, -8.730929058969362 40.63468181892597, -8.730933693326259 40.63468239619865, -8.730938141818728 40.63468326351706, -8.730942285640715 40.63468437846119)",,,,
1,,10395,1,10395_1,"LINESTRING (-8.730916856978055 40.63469350056911, -8.730917365118586 40.6346909939204, -8.730919576575124 40.634689010694586, -8.73092229842439 40.634687266545676, -8.73092540475293 40.6346858071807, -8.730928769647289 40.63468467830673, -8.730932267194014 40.63468392563078, -8.730935771479649 40.634683594859915, -8.730939156590738 40.63468373170117, -8.73094229661383 40.63468438186156)",,,,
1,,10396,1,10396_1,"LINESTRING (-8.730932491433265 40.634664340263974, -8.730930589999234 40.63466641572361, -8.730930339429941 40.63466900627763, -8.730930673396445 40.63467169727589, -8.730931544277203 40.63467438918028, -8.730932904450666 40.63467698245272, -8.730934706295296 40.63467937755507, -8.730936902189542 40.63468147494931, -8.730939444511865 40.634683175097386, -8.730942285640715 40.63468437846119)",,,,
1,,10397,1,10397_1,"LINESTRING (-8.730945892394875 40.63463934570662, -8.730942671572597 40.63464229926432, -8.730939739495499 40.63464537721647, -8.730936385402376 40.63464833627035, -8.730932875837325 40.63465123543872, -8.730929477344445 40.63465413373421, -8.730926456467833 40.63465709016955, -8.730924079751588 40.63466016375742, -8.730922613739809 40.634663413510516, -8.730922324976591 40.63466689844148, -8.730922917379964 40.634669426651875, -8.730924093920006 40.63467186910536, -8.730925778538229 40.6346741998112, -8.730927895176139 40.634676392778566, -8.730930367775247 40.6346784220167, -8.730933120277061 40.634680261534825, -8.730936076623092 40.63468188534221, -8.730939160754843 40.63468326744802, -8.73094229661383 40.63468438186156)",,,,
1,,10398,1,10398_1,"LINESTRING (-8.730916856978055 40.63469350056911, -8.730916904517322 40.63468979619185, -8.730917001353435 40.63468618429571, -8.730916416928174 40.634682425196836, -8.730915487693148 40.634678609264526, -8.730914550099964 40.634674826868064, -8.730913940600226 40.63467116837672, -8.730913995645547 40.63466772415981, -8.73091505168753 40.6346645845867, -8.730917445177784 40.6346618400267, -8.730920699794092 40.63465978620474, -8.730924481382301 40.63465827694852, -8.730928671136358 40.634657269838115, -8.730933150250205 40.634656722453514, -8.730937799917792 40.63465659237478, -8.73094250133306 40.63465683718184, -8.730947135689956 40.634657414454736, -8.730951584182424 40.6346582817735, -8.73095572800441 40.634659396718035)",,,,
1,,10399,1,10399_1,"LINESTRING (-8.730930257939663 40.634668506022614, -8.730930807482281 40.634666012179714, -8.730933018938819 40.63466402895319, -8.730935740788087 40.63466228480361, -8.730938847116626 40.63466082543808, -8.730942212010985 40.63465969656368, -8.730945709557709 40.63465894388745, -8.730949213843344 40.63465861311646, -8.730952598954433 40.63465874995776, -8.730955738977524 40.6346594001184)",,,,
1,,10400,1,10400_1,"LINESTRING (-8.730945892394875 40.63463934570662, -8.730944032362931 40.634641433973705, -8.730943781793636 40.634644024528704, -8.73094411576014 40.63464671552798, -8.730944986640896 40.634649407433386, -8.730946346814363 40.63465200070679, -8.73094814865899 40.63465439581005, -8.73095034455324 40.634656493205085, -8.730952886875562 40.63465819335377, -8.73095572800441 40.634659396718035)",,,,
1,,10401,1,10401_1,"LINESTRING (-8.730959293356484 40.634614351139874, -8.730956113936292 40.634617317505416, -8.730953181859196 40.63462039545871, -8.730949827766072 40.634623354513714, -8.730946318201022 40.634626253683145, -8.73094291970814 40.63462915197973, -8.73093989883153 40.63463210841619, -8.730937522115283 40.634635182005205, -8.730936056103504 40.63463843175952, -8.730935767340288 40.634641916691784, -8.730936359743659 40.634644444903124, -8.730937536283703 40.63464688735755, -8.730939220901925 40.634649218064204, -8.730941337539836 40.63465141103241, -8.730943810138942 40.63465344027131, -8.730946562640757 40.63465527979014, -8.730949518986787 40.63465690359811, -8.730952603118538 40.63465828570446, -8.730955738977524 40.6346594001184)",,,,
1,,10402,1,10402_1,"LINESTRING (-8.730930257939663 40.634668506022614, -8.730930346881017 40.63466481445073, -8.730930443717131 40.63466120255322, -8.730929859291871 40.634657443452966, -8.730928930056844 40.63465362751921, -8.73092799246366 40.634649845121345, -8.730927382963923 40.63464618662861, -8.730927438009243 40.63464274241042, -8.730928494051225 40.63463960283612, -8.730930887541481 40.6346368582751, -8.730934142157789 40.634634804452375, -8.730937923745998 40.63463329519559, -8.730942113500053 40.63463228808481, -8.730946592613902 40.6346317407, -8.730951242281487 40.63463161062122, -8.730955943696754 40.63463185542836, -8.73096057805365 40.6346324327015, -8.73096502654612 40.634633300020546, -8.730969170368107 40.63463441496552)",,,,
1,,10403,1,10403_1,"LINESTRING (-8.730943658901273 40.63464351146681, -8.730944249845978 40.63464103042969, -8.730946461302516 40.6346390472024, -8.730949183151782 40.63463730305219, -8.73095228948032 40.63463584368612, -8.730955654374682 40.63463471481129, -8.730959151921406 40.63463396213478, -8.730962656207039 40.634633631363656, -8.73096604131813 40.63463376820501, -8.730969181341221 40.634634418365884)",,,,
1,,10404,1,10404_1,"LINESTRING (-8.730959293356484 40.634614351139874, -8.730957474726626 40.634616452214495, -8.730957224157333 40.63461904277046, -8.730957558123835 40.63462173377073, -8.730958429004591 40.634624425677124, -8.730959789178058 40.63462701895152, -8.730961591022686 40.63462941405565, -8.730963786916934 40.634631511451474, -8.730966329239255 40.63463321160082, -8.730969170368107 40.63463441496552)",,,,
1,,10405,1,10405_1,"LINESTRING (-8.730972694318094 40.634589356563765, -8.730969556299987 40.634592335737175, -8.73096662422289 40.63459541369161, -8.730963270129768 40.63459837274773, -8.730959760564717 40.634601271918235, -8.730956362071836 40.634604170215916, -8.730953341195224 40.63460712665347, -8.73095096447898 40.63461020024366, -8.7309494984672 40.634613449999165, -8.730949209703983 40.63461693493273, -8.730949802107355 40.63461946314501, -8.730950978647398 40.63462190560032, -8.730952663265619 40.63462423630789, -8.73095477990353 40.63462642927691, -8.73095725250264 40.634628458516545, -8.730960005004453 40.63463029803607, -8.730962961350484 40.63463192184468, -8.730966045482235 40.63463330395153, -8.730969181341221 40.634634418365884)",,,,
1,,10406,1,10406_1,"LINESTRING (-8.730943658901273 40.63464351146681, -8.730943789244712 40.634639832700245, -8.730943886080826 40.63463622080139, -8.730943301655566 40.63463246169971, -8.73094237242054 40.63462864576455, -8.730941434827354 40.63462486336524, -8.730940825327618 40.63462120487115, -8.73094088037294 40.634617760651665, -8.730941936414922 40.634614621076196, -8.730944329905176 40.634611876514164, -8.730947584521484 40.63460982269067, -8.730951366109693 40.634608313433326, -8.73095555586375 40.63460730632217, -8.730960034977597 40.63460675893715, -8.730964684645183 40.63460662885829, -8.730969386060451 40.63460687366556, -8.730974020417348 40.63460745093891, -8.730978468909814 40.63460831825828, -8.730982612731802 40.634609433203686)",,,,
1,,10407,1,10407_1,"LINESTRING (-8.730957059862883 40.63461851690165, -8.730957692209673 40.6346160486703, -8.730959903666212 40.63461406544227, -8.730962625515478 40.6346123212914, -8.730965731844018 40.6346108619248, -8.730969096738377 40.63460973304956, -8.7309725942851 40.63460898037275, -8.730976098570734 40.634608649601525, -8.730979483681825 40.634608786442904, -8.730982623704916 40.63460943660405)",,,,
1,,10408,1,10408_1,"LINESTRING (-8.730972694318094 40.634589356563765, -8.730970917090323 40.634591470445926, -8.73097066652103 40.63459406100285, -8.730971000487532 40.634596752004136, -8.730971871368288 40.634599443911526, -8.730973231541753 40.63460203718689, -8.730975033386382 40.63460443229194, -8.73097722928063 40.63460652968855, -8.730979771602952 40.634608229838506, -8.730982612731802 40.634609433203686)",,,,
1,,10409,1,10409_1,"LINESTRING (-8.730986095279702 40.63456436197832, -8.730982998663684 40.63456735395957, -8.730980066586588 40.63457043191518, -8.730976712493463 40.63457339097239, -8.730973202928412 40.63457629014398, -8.730969804435532 40.634579188442736, -8.73096678355892 40.634582144881385, -8.730964406842675 40.634585218472736, -8.730962940830896 40.634588468229474, -8.73096265206768 40.63459195316433, -8.73096324447105 40.634594481377555, -8.730964421011093 40.63459692383381, -8.730966105629316 40.634599254542216, -8.730968222267228 40.634601447512075, -8.730970694866334 40.634603476752474, -8.730973447368148 40.63460531627269, -8.730976403714177 40.63460694008188, -8.73097948784593 40.634608322189266, -8.730982623704916 40.63460943660405)",,,,
1,,10410,1,10410_1,"LINESTRING (-8.730957059862883 40.63461851690165, -8.730957231608409 40.6346148509404, -8.730957328444523 40.63461123904022, -8.730956744019261 40.634607479937145, -8.730955814784236 40.63460366400056, -8.730954877191051 40.63459988159982, -8.730954267691315 40.63459622310436, -8.730954322736634 40.6345927788836, -8.730955378778617 40.63458963930696, -8.730957772268873 40.63458689474388, -8.73096102688518 40.6345848409196, -8.73096480847339 40.6345833316617, -8.730968998227445 40.63458232455015, -8.730973477341294 40.63458177716494, -8.730978127008878 40.63458164708605, -8.730982828424146 40.6345818918934, -8.73098746278104 40.63458246916697, -8.730991911273511 40.63458333648668, -8.730996055095497 40.63458445143246)",,,,
1,,10411,1,10411_1,"LINESTRING (-8.730970460824492 40.634593522327116, -8.730971134573368 40.63459106690157, -8.730973346029907 40.63458908367281, -8.730976067879174 40.634587339521275, -8.730979174207715 40.63458588015411, -8.730982539102072 40.63458475127847, -8.730986036648796 40.63458399860137, -8.73098954093443 40.63458366783002, -8.73099292604552 40.63458380467148, -8.730996066068613 40.634584454832854)",,,,
1,,10412,1,10412_1,"LINESTRING (-8.730986095279702 40.63456436197832, -8.73098435945402 40.634566488667986, -8.730984108884723 40.634569079225884, -8.730984442851227 40.634571770228185, -8.730985313731985 40.63457446213662, -8.73098667390545 40.63457705541292, -8.73098847575008 40.63457945051886, -8.730990671644326 40.634581547916255, -8.730993213966647 40.63458324806685, -8.730996055095497 40.63458445143246)",,,,
1,,10413,1,10413_1,"LINESTRING (-8.730999496241312 40.63453936738353, -8.73099644102738 40.63454237217262, -8.730993508950283 40.63454545012937, -8.730990154857158 40.63454840918769, -8.730986645292107 40.63455130836037, -8.730983246799228 40.63455420666021, -8.730980225922615 40.634557163099984, -8.73097784920637 40.63456023669249, -8.73097638319459 40.63456348645042, -8.730976094431375 40.6345669713866, -8.730976686834747 40.63456949960076, -8.73097786337479 40.63457194205791, -8.730979547993012 40.63457427276723, -8.730981664630923 40.63457646573788, -8.730984137230031 40.634578494979046, -8.730986889731845 40.63458033449994, -8.730989846077874 40.63458195830974, -8.730992930209627 40.63458334041764, -8.730996066068613 40.634584454832854)",,,,
1,,10414,1,10414_1,"LINESTRING (-8.730970460824492 40.634593522327116, -8.730970673972104 40.63458986917124, -8.730970770808218 40.63458625726968, -8.730970186382958 40.63458249816521, -8.730969257147933 40.63457868222718, -8.730968319554746 40.63457489982504, -8.73096771005501 40.6345712413282, -8.73096776510033 40.63456779710615, -8.730968821142314 40.63456465752833, -8.730971214632568 40.63456191296424, -8.730974469248874 40.634559859139195, -8.730978250837085 40.634558349880734, -8.73098244059114 40.63455734276881, -8.730986919704987 40.63455679538339, -8.730991569372573 40.63455666530445, -8.730996270787843 40.6345569101119, -8.731000905144738 40.63455748738568, -8.731005353637206 40.63455835470569, -8.731009497459194 40.63455946965193)",,,,
1,,10415,1,10415_1,"LINESTRING (-8.730983861786102 40.63456852774322, -8.730984576937063 40.63456608512351, -8.730986788393603 40.63456410189398, -8.73098951024287 40.63456235774181, -8.73099261657141 40.63456089837412, -8.73099598146577 40.63455976949801, -8.730999479012493 40.63455901682066, -8.731002983298126 40.63455868604918, -8.731006368409215 40.63455882289069, -8.731009508432308 40.6345594730523)",,,,
1,,10416,1,10416_1,"LINESTRING (-8.730999496241312 40.63453936738353, -8.730997801817715 40.63454150688074, -8.73099755124842 40.63454409743957, -8.730997885214924 40.6345467884429, -8.73099875609568 40.63454948035232, -8.731000116269145 40.63455207362959, -8.731001918113774 40.63455446873645, -8.731004114008021 40.634556566134606, -8.731006656330344 40.63455826628586, -8.731009497459194 40.63455946965193)",,,,
1,,10417,1,10417_1,"LINESTRING (-8.731012897202922 40.63451437277936, -8.731009883391074 40.63451739037634, -8.731006951313978 40.63452046833424, -8.731003597220855 40.63452342739367, -8.731000087655804 40.634526326567425, -8.730996689162923 40.63452922486836, -8.730993668286311 40.634532181309226, -8.730991291570067 40.63453525490287, -8.730989825558286 40.63453850466202, -8.730989536795072 40.6345419895995, -8.730990129198442 40.63454451781463, -8.730991305738485 40.634546960272694, -8.730992990356707 40.63454929098286, -8.73099510699462 40.63455148395432, -8.730997579593726 40.63455351319627, -8.73100033209554 40.634555352717854, -8.731003288441569 40.634556976528245, -8.731006372573322 40.634558358636674, -8.731009508432308 40.6345594730523)",,,,
1,,10418,1,10418_1,"LINESTRING (-8.730983861786102 40.63456852774322, -8.7309841163358 40.63456488739272, -8.730984213171915 40.634561275489816, -8.730983628746655 40.634557516383914, -8.730982699511628 40.63455370044448, -8.730981761918443 40.63454991804092, -8.730981152418707 40.63454625954273, -8.730981207464025 40.63454281531938, -8.730982263506009 40.63453967574037, -8.730984656996263 40.63453693117526, -8.730987911612571 40.63453487734945, -8.73099169320078 40.63453336809041, -8.730995882954836 40.63453236097812, -8.731000362068684 40.634531813592496, -8.731005011736269 40.63453168351349, -8.731009713151538 40.63453192832103, -8.731014347508435 40.63453250559502, -8.731018796000903 40.634533372915385, -8.73102293982289 40.634534487862005)",,,,
1,,10419,1,10419_1,"LINESTRING (-8.73099726274771 40.63454353314999, -8.73099801930076 40.634541103336076, -8.731000230757298 40.634539120105835, -8.731002952606566 40.63453737595301, -8.731006058935106 40.63453591658475, -8.731009423829464 40.63453478770824, -8.731012921376188 40.63453403503061, -8.73101642566182 40.63453370425898, -8.731019810772912 40.63453384110054, -8.731022950796003 40.6345344912624)",,,,
1,,10420,1,10420_1,"LINESTRING (-8.731012897202922 40.63451437277936, -8.73101124418141 40.634516525084095, -8.731010993612115 40.634519115643926, -8.731011327578619 40.63452180664824, -8.731012198459377 40.63452449855868, -8.73101355863284 40.634527091836944, -8.73101536047747 40.634529486944665, -8.731017556371716 40.63453158434364, -8.731020098694039 40.634533284495504, -8.73102293982289 40.634534487862005)",,,,
1,,10421,1,10421_1,"LINESTRING (-8.731026298164531 40.634489378165824, -8.73102332575477 40.634492408570694, -8.731020393677674 40.63449548652974, -8.73101703958455 40.63449844559028, -8.7310135300195 40.634501344765134, -8.73101013152662 40.63450424306714, -8.731007110650006 40.63450719950912, -8.731004733933762 40.63451027310391, -8.731003267921983 40.63451352286429, -8.731002979158767 40.63451700780306, -8.73100357156214 40.634519536019134, -8.731004748102182 40.63452197847811, -8.731006432720402 40.63452430918917, -8.731008549358314 40.63452650216144, -8.731011021957423 40.634528531404136, -8.731013774459235 40.634530370926406, -8.731016730805266 40.63453199473743, -8.731019814937019 40.63453337684637, -8.731022950796003 40.6345344912624)",,,,
1,,10422,1,10422_1,"LINESTRING (-8.73099726274771 40.63454353314999, -8.730997558699496 40.63453990560486, -8.730997655535608 40.63453629370058, -8.73099707111035 40.634532534593276, -8.730996141875323 40.63452871865242, -8.730995204282138 40.63452493624746, -8.730994594782402 40.63452127774787, -8.730994649827721 40.63451783352325, -8.730995705869706 40.63451469394307, -8.73099809935996 40.63451194937694, -8.731001353976266 40.634509895550345, -8.731005135564477 40.63450838629074, -8.731009325318531 40.634507379178075, -8.73101380443238 40.634506831792244, -8.731018454099965 40.63450670171321, -8.731023155515233 40.63450694652084, -8.73102778987213 40.634507523795044, -8.731032238364596 40.634508391115716, -8.731036382186586 40.63450950606277)",,,,
1,,10423,1,10423_1,"LINESTRING (-8.73101066370932 40.63451853854737, -8.731011461664455 40.63451612153931, -8.731013673120994 40.63451413830831, -8.731016394970261 40.63451239415484, -8.731019501298801 40.63451093478605, -8.731022866193161 40.63450980590911, -8.731026363739884 40.63450905323117, -8.731029868025518 40.634508722459444, -8.731033253136607 40.63450885930105, -8.731036393159698 40.63450950946314)",,,,
1,,10424,1,10424_1,"LINESTRING (-8.731026298164531 40.634489378165824, -8.731024686545105 40.634491543278116, -8.731024435975812 40.63449413383894, -8.731024769942316 40.63449682484427, -8.731025640823072 40.63449951675571, -8.731027000996535 40.63450211003491, -8.731028802841166 40.634504505143575, -8.731030998735413 40.63450660254331, -8.731033541057734 40.634508302695814, -8.731036382186586 40.63450950606277)",,,,
1,,10425,1,10425_1,"LINESTRING (-8.73103969912614 40.63446438354297, -8.731036768118466 40.634467426755705, -8.73103383604137 40.63447050471592, -8.731030481948247 40.63447346377754, -8.731026972383196 40.634476362953485, -8.731023573890315 40.63447926125658, -8.731020553013703 40.634482217699684, -8.731018176297457 40.6344852912956, -8.731016710285678 40.63448854105719, -8.731016421522462 40.63449202599729, -8.731017013925834 40.6344945542143, -8.731018190465878 40.63449699667417, -8.7310198750841 40.634499327386116, -8.73102199172201 40.63450152035921, -8.731024464321118 40.63450354960266, -8.731027216822932 40.63450538912562, -8.731030173168962 40.634507012937256, -8.731033257300714 40.6345083950467, -8.731036393159698 40.63450950946314)",,,,
1,,10426,1,10426_1,"LINESTRING (-8.73101066370932 40.63451853854737, -8.731011001063193 40.634514923807636, -8.731011097899305 40.63451131190203, -8.731010513474045 40.63450755279331, -8.731009584239018 40.63450373685102, -8.731008646645835 40.634499954444635, -8.731008037146097 40.634496295943705, -8.731008092191416 40.63449285171775, -8.731009148233401 40.63448971213643, -8.731011541723655 40.63448696756926, -8.731014796339963 40.6344849137419, -8.731018577928172 40.634483404481735, -8.731022767682228 40.634482397368686, -8.731027246796076 40.634481849982656, -8.73103189646366 40.63448171990357, -8.73103659787893 40.63448196471129, -8.731041232235825 40.63448254198571, -8.731045680728293 40.63448340930674, -8.731049824550281 40.63448452425418)",,,,
1,,10427,1,10427_1,"LINESTRING (-8.73102406467093 40.634493543935406, -8.73102490402815 40.63449113973321, -8.73102711548469 40.634489156501466, -8.731029837333956 40.63448741234731, -8.731032943662496 40.63448595297799, -8.731036308556856 40.63448482410061, -8.73103980610358 40.63448407142242, -8.731043310389213 40.63448374065056, -8.731046695500304 40.63448387749222, -8.731049835523395 40.63448452765454)",,,,
1,,10428,1,10428_1,"LINESTRING (-8.73103969912614 40.63446438354297, -8.731038128908802 40.63446656146283, -8.731037878339507 40.63446915202459, -8.73103821230601 40.634471843030916, -8.731039083186767 40.63447453494337, -8.731040443360232 40.63447712822354, -8.731042245204861 40.63447952333309, -8.731044441099108 40.63448162073362, -8.73104698342143 40.63448332088676, -8.731049824550281 40.63448452425418)",,,,
1,,10429,1,10429_1,"LINESTRING (-8.731053100087749 40.634439388910735, -8.731050210482163 40.63444244493136, -8.731047278405066 40.63444552289274, -8.731043924311942 40.63444848195545, -8.731040414746891 40.63445138113249, -8.73103701625401 40.63445427943666, -8.7310339953774 40.63445723588086, -8.731031618661152 40.63446030947794, -8.731030152649373 40.63446355924075, -8.731029863886159 40.63446704418215, -8.73103045628953 40.63446957240011, -8.731031632829572 40.63447201486089, -8.731033317447794 40.6344743455737, -8.731035434085705 40.63447653854763, -8.731037906684813 40.634478567791845, -8.731040659186629 40.63448040731549, -8.731043615532657 40.63448203112771, -8.73104669966441 40.634483413237696, -8.731049835523395 40.63448452765454)",,,,
1,,10430,1,10430_1,"LINESTRING (-8.73102406467093 40.634493543935406, -8.731024443426888 40.634489942001046, -8.731024540263002 40.63448633009409, -8.731023955837742 40.634482570984, -8.731023026602715 40.63447875504026, -8.73102208900953 40.634474972632475, -8.731021479509794 40.63447131413017, -8.731021534555113 40.63446786990295, -8.731022590597096 40.634464730320424, -8.73102498408735 40.63446198575221, -8.731028238703658 40.63445993192411, -8.731032020291867 40.634458422663364, -8.731036210045923 40.63445741554996, -8.731040689159771 40.634456868163724, -8.731045338827357 40.63445673808459, -8.731050040242625 40.63445698289239, -8.73105467459952 40.634457560167036, -8.73105912309199 40.63445842748837, -8.731063266913978 40.63445954243624)",,,,
1,,10431,1,10431_1,"LINESTRING (-8.731037465632538 40.63446854931411, -8.731038346391847 40.63446615791774, -8.731040557848386 40.634464174685256, -8.731043279697651 40.63446243053047, -8.731046386026193 40.634460971160586, -8.731049750920551 40.6344598422828, -8.731053248467274 40.634459089604306, -8.73105675275291 40.634458758832345, -8.731060137864 40.63445889567406, -8.731063277887092 40.634459545836634)",,,,
1,,10432,1,10432_1,"LINESTRING (-8.731053100087749 40.634439388910735, -8.731051571272499 40.63444157963815, -8.731051320703203 40.6344441702009, -8.731051654669706 40.63444686120822, -8.731052525550464 40.63444955312169, -8.731053885723929 40.63445214640286, -8.731055687568556 40.63445454151327, -8.731057883462805 40.634456638914585, -8.731060425785126 40.63445833906839, -8.731063266913978 40.63445954243624)",,,,
1,,10433,1,10433_1,"LINESTRING (-8.731066501049359 40.63441439426913, -8.731063652845858 40.63441746309767, -8.731060720768761 40.63442054106017, -8.731057366675639 40.63442350012406, -8.731053857110588 40.63442639930214, -8.731050458617707 40.634429297607404, -8.731047437741095 40.6344322540527, -8.73104506102485 40.63443532765095, -8.73104359501307 40.63443857741498, -8.731043306249854 40.63444206235768, -8.731043898653224 40.63444459057657, -8.731045075193268 40.6344470330383, -8.731046759811491 40.63444936375195, -8.731048876449401 40.63445155672672, -8.73105134904851 40.63445358597167, -8.731054101550324 40.63445542549601, -8.731057057896352 40.63445704930886, -8.731060142028106 40.634458431419354, -8.731063277887092 40.634459545836634)",,,,
1,,10434,1,10434_1,"LINESTRING (-8.731037465632538 40.63446854931411, -8.731037885790583 40.63446496018514, -8.731037982626697 40.634461348276844, -8.731037398201437 40.63445758916532, -8.73103646896641 40.634453773220166, -8.731035531373225 40.63444999081095, -8.731034921873489 40.63444633230727, -8.73103497691881 40.63444288807878, -8.731036032960793 40.63443974849508, -8.731038426451045 40.634437003925854, -8.731041681067355 40.63443495009697, -8.731045462655562 40.63443344083566, -8.73104965240962 40.63443243372187, -8.731054131523468 40.634431886335435, -8.731058781191052 40.63443175625624, -8.73106348260632 40.63443200106415, -8.731068116963216 40.634432578338995, -8.731072565455685 40.63443344566066, -8.731076709277673 40.634434560608966)",,,,
1,,10435,1,10435_1,"LINESTRING (-8.731050866594147 40.63444355468342, -8.731051788755542 40.634441176092906, -8.731054000212081 40.63443919285969, -8.731056722061348 40.63443744870426, -8.731059828389888 40.634435989333824, -8.731063193284246 40.63443486045563, -8.731066690830971 40.634434107776855, -8.731070195116605 40.63443377700474, -8.731073580227696 40.6344339138465, -8.731076720250787 40.63443456400933)",,,,
1,,10436,1,10436_1,"LINESTRING (-8.731066501049359 40.63441439426913, -8.731065013636192 40.634416597804154, -8.731064763066898 40.63441918836785, -8.731065097033403 40.63442187937621, -8.731065967914159 40.63442457129065, -8.731067328087624 40.634427164572784, -8.731069129932251 40.634429559684115, -8.7310713258265 40.63443165708622, -8.731073868148822 40.63443335724063, -8.731076709277673 40.634434560608966)",,,,
1,,10437,1,10437_1,"LINESTRING (-8.731079902010967 40.63438939961819, -8.731077095209553 40.63439248125464, -8.731074163132458 40.6343955592183, -8.731070809039334 40.63439851828327, -8.731067299474283 40.63440141746248, -8.731063900981404 40.634404315768805, -8.73106088010479 40.63440727221521, -8.731058503388546 40.63441034581459, -8.731057037376766 40.634413595579844, -8.731056748613549 40.63441708052384, -8.731057341016921 40.6344196087437, -8.731058517556963 40.634422051206315, -8.731060202175186 40.63442438192086, -8.731062318813096 40.634426574896445, -8.731064791412205 40.63442860414216, -8.731067543914019 40.63443044366718, -8.731070500260047 40.634432067480645, -8.731073584391801 40.63443344959165, -8.731076720250787 40.63443456400933)",,,,
1,,10438,1,10438_1,"LINESTRING (-8.731050866594147 40.63444355468342, -8.73105132815428 40.63443997835988, -8.731051424990392 40.63443636645023, -8.731050840565132 40.63443260733731, -8.731049911330105 40.634428791390725, -8.731048973736922 40.63442500898009, -8.731048364237184 40.63442135047506, -8.731048419282505 40.63441790624525, -8.731049475324488 40.634414766660385, -8.731051868814742 40.63441202209013, -8.73105512343105 40.634409968260485, -8.731058905019259 40.634408458998614, -8.731063094773315 40.63440745188444, -8.731067573887163 40.6344069044978, -8.731072223554749 40.634406774418565, -8.731076924970017 40.63440701922657, -8.731081559326913 40.63440759650162, -8.731086007819382 40.63440846382362, -8.731090151641368 40.63440957877233)",,,,
1,,10439,1,10439_1,"LINESTRING (-8.731064267555757 40.63441856004337, -8.731065231119238 40.63441619425876, -8.731067442575776 40.634414211024804, -8.731070164425043 40.634412466868696, -8.731073270753583 40.63441100749772, -8.731076635647943 40.634409878619095, -8.731080133194666 40.63440912594004, -8.731083637480301 40.63440879516782, -8.73108702259139 40.634408932009634, -8.731090162614482 40.634409582172694)",,,,
1,,10440,1,10440_1,"LINESTRING (-8.731079902010967 40.63438939961819, -8.731078455999889 40.6343916159608, -8.731078205430594 40.63439420652549, -8.731078539397098 40.63439689753482, -8.731079410277856 40.6343995894503, -8.731080770451321 40.634402182733396, -8.731082572295948 40.63440457784562, -8.731084768190197 40.63440667524851, -8.731087310512518 40.63440837540356, -8.731090151641368 40.63440957877233)",,,,
1,,10441,1,10441_1,"LINESTRING (-8.731093302972576 40.634364404957886, -8.73109053757325 40.63436749940226, -8.731087605496153 40.63437057736708, -8.73108425140303 40.63437353643315, -8.73108074183798 40.63437643561345, -8.731077343345097 40.63437933392087, -8.731074322468487 40.63438229036838, -8.731071945752241 40.63438536396889, -8.731070479740461 40.63438861373537, -8.731070190977245 40.63439209868066, -8.731070783380616 40.63439462690146, -8.73107195992066 40.634397069365, -8.731073644538883 40.63439940008043, -8.731075761176792 40.63440159305683, -8.7310782337759 40.63440362230328, -8.731080986277716 40.63440546182901, -8.731083942623744 40.63440708564306, -8.731087026755496 40.634408467754604, -8.731090162614482 40.634409582172694)",,,,
1,,10442,1,10442_1,"LINESTRING (-8.731064267555757 40.63441856004337, -8.731064770517976 40.63441499652528, -8.731064867354089 40.63441138461428, -8.731064282928827 40.63440762549993, -8.731063353693802 40.63440380955193, -8.731062416100617 40.63440002713989, -8.73106180660088 40.63439636863348, -8.7310618616462 40.6343929244024, -8.731062917688183 40.63438978481634, -8.731065311178439 40.63438704024507, -8.731068565794745 40.63438498641463, -8.731072347382955 40.634383477152205, -8.73107653713701 40.63438247003766, -8.731081016250858 40.63438192265084, -8.731085665918444 40.63438179257152, -8.731090367333712 40.63438203737962, -8.731095001690608 40.63438261465488, -8.731099450183077 40.63438348197721, -8.731103594005065 40.634384596926324)",,,,
1,,10443,1,10443_1,"LINESTRING (-8.731077668517365 40.634393565394014, -8.731078673482935 40.63439121241525, -8.731080884939473 40.634389229180535, -8.73108360678874 40.634387485023815, -8.731086713117278 40.634386025652276, -8.73109007801164 40.63438489677324, -8.731093575558363 40.63438414409391, -8.731097079843996 40.63438381332157, -8.731100464955086 40.63438395016343, -8.731103604978179 40.63438460032672)",,,,
1,,10444,1,10444_1,"LINESTRING (-8.731093302972576 40.634364404957886, -8.731091898363584 40.634366634108105, -8.73109164779429 40.63436922467376, -8.731091981760793 40.634371915684085, -8.731092852641549 40.634374607600584, -8.731094212815016 40.63437720088464, -8.731096014659643 40.634379595997764, -8.731098210553892 40.634381693401416, -8.731100752876214 40.63438339355712, -8.731103594005065 40.634384596926324)",,,,
1,,10445,1,10445_1,"LINESTRING (-8.731106703934186 40.63433941028822, -8.731103979936945 40.63434251754053, -8.731101047859848 40.634345595506495, -8.731097693766726 40.634348554573684, -8.731094184201675 40.63435145375505, -8.731090785708794 40.634354352063546, -8.731087764832182 40.63435730851217, -8.731085388115938 40.634360382113854, -8.731083922104157 40.634363631881556, -8.73108363334094 40.634367116828145, -8.731084225744313 40.63436964504989, -8.731085402284355 40.634372087514336, -8.731087086902578 40.634374418230614, -8.731089203540488 40.63437661120785, -8.731091676139597 40.63437864045509, -8.731094428641411 40.63438047998149, -8.731097384987441 40.63438210379615, -8.731100469119193 40.634383485908195, -8.731103604978179 40.63438460032672)",,,,
1,,10446,1,10446_1,"LINESTRING (-8.731077668517365 40.634393565394014, -8.73107821288167 40.63439001468134, -8.731078309717784 40.63438640276897, -8.731077725292524 40.63438264365322, -8.731076796057497 40.634378827703785, -8.731075858464314 40.63437504529033, -8.731075248964576 40.63437138678255, -8.731075304009895 40.634367942550185, -8.73107636005188 40.634364802962956, -8.731078753542134 40.63436205839065, -8.731082008158442 40.63436000455947, -8.73108578974665 40.63435849529648, -8.731089979500707 40.63435748818155, -8.731094458614555 40.634356940794476, -8.73109910828214 40.63435681071516, -8.731103809697409 40.634357055523346, -8.731108444054305 40.63435763279883, -8.731112892546772 40.63435850012146, -8.731117036368762 40.634359615071034)",,,,
1,,10447,1,10447_1,"LINESTRING (-8.731091069478975 40.63436857073526, -8.73109211584663 40.63436623056241, -8.73109432730317 40.63436424732695, -8.731097049152435 40.63436250316957, -8.731100155480975 40.63436104379747, -8.731103520375335 40.63435991491801, -8.73110701792206 40.63435916223842, -8.731110522207691 40.634358831465924, -8.731113907318782 40.634358968307836, -8.731117047341874 40.63435961847141)",,,,
1,,10448,1,10448_1,"LINESTRING (-8.731106703934186 40.63433941028822, -8.73110534072728 40.63434165224605, -8.731105090157987 40.63434424281267, -8.73110542412449 40.634346933824034, -8.731106295005246 40.6343496257415, -8.731107655178711 40.63435221902656, -8.73110945702334 40.63435461414056, -8.731111652917587 40.63435671154501, -8.73111419523991 40.63435841170135, -8.731117036368762 40.634359615071034)",,,,
1,,10449,1,10449_1,"LINESTRING (-8.731120104895794 40.63431441560922, -8.731117422300642 40.63431753566947, -8.731114490223543 40.634320613636575, -8.731111136130421 40.634323572704886, -8.73110762656537 40.63432647188732, -8.731104228072489 40.63432937019691, -8.731101207195879 40.63433232664663, -8.731098830479633 40.634335400249455, -8.731097364467853 40.63433865001835, -8.731097075704637 40.63434213496627, -8.731097668108008 40.634344663188976, -8.73109884464805 40.63434710565434, -8.731100529266273 40.63434943637148, -8.731102645904185 40.63435162934953, -8.731105118503292 40.63435365859754, -8.731107871005106 40.63435549812462, -8.731110827351136 40.63435712193989, -8.731113911482888 40.63435850405245, -8.731117047341874 40.63435961847141)",,,,
1,,10450,1,10450_1,"LINESTRING (-8.731091069478975 40.63436857073526, -8.731091655245367 40.634365032828036, -8.73109175208148 40.63436142091431, -8.731091167656219 40.63435766179717, -8.731090238421194 40.634353845846306, -8.731089300828007 40.63435006343142, -8.731088691328273 40.63434640492227, -8.731088746373592 40.63434296068861, -8.731089802415575 40.63433982110021, -8.73109219590583 40.63433707652688, -8.731095450522137 40.63433502269492, -8.731099232110347 40.63433351343137, -8.731103421864402 40.634332506316056, -8.731107900978252 40.63433195892881, -8.731112550645836 40.63433182884944, -8.731117252061104 40.6343320736577, -8.731121886418 40.634332650933416, -8.731126334910469 40.63433351825635, -8.731130478732455 40.63433463320633)",,,,
1,,10451,1,10451_1,"LINESTRING (-8.731104470440584 40.634343576067145, -8.731105558210325 40.634341248700196, -8.731107769666865 40.63433926546401, -8.731110491516132 40.63433752130596, -8.731113597844672 40.634336061933354, -8.73111696273903 40.63433493305345, -8.731120460285753 40.634334180373564, -8.731123964571388 40.634333849600964, -8.731127349682478 40.63433398644293, -8.73113048970557 40.634334636606724)",,,,
1,,10452,1,10452_1,"LINESTRING (-8.731120104895794 40.63431441560922, -8.731118783090976 40.63431667037466, -8.731118532521682 40.63431926094224, -8.731118866488185 40.634321951954604, -8.731119737368942 40.63432464387311, -8.731121097542408 40.634327237159106, -8.731122899387037 40.63432963227403, -8.731125095281284 40.63433172967926, -8.731127637603604 40.63433342983622, -8.731130478732455 40.63433463320633)",,,,
1,,10453,1,10453_1,"LINESTRING (-8.731133505857404 40.63428942092082, -8.731130864664337 40.63429255378904, -8.73112793258724 40.63429563175732, -8.731124578494118 40.634298590826695, -8.731121068929065 40.63430149001025, -8.731117670436186 40.634304388320906, -8.731114649559572 40.63430734477175, -8.731112272843328 40.63431041837575, -8.731110806831548 40.634313668145865, -8.731110518068332 40.63431715309505, -8.731111110471705 40.6343196813187, -8.731112287011747 40.63432212378498, -8.73111397162997 40.63432445450301, -8.73111608826788 40.63432664748188, -8.731118560866989 40.634328676730625, -8.731121313368803 40.634330516258416, -8.731124269714831 40.63433214007427, -8.731127353846585 40.63433352218736, -8.73113048970557 40.634334636606724)",,,,
1,,10454,1,10454_1,"LINESTRING (-8.731104470440584 40.634343576067145, -8.731105097609062 40.63434005096539, -8.731105194445176 40.63433643905032, -8.731104610019916 40.634332679931774, -8.73110368078489 40.63432886397947, -8.731102743191704 40.63432508156318, -8.731102133691968 40.634321423052654, -8.731102188737287 40.634317978817705, -8.731103244779272 40.63431483922816, -8.731105638269526 40.63431209465379, -8.731108892885832 40.634310040821056, -8.731112674474042 40.63430853155695, -8.731116864228097 40.634307524441255, -8.731121343341947 40.6343069770538, -8.731125993009531 40.634306846974354, -8.7311306944248 40.634307091782716, -8.731135328781695 40.634307669058636, -8.731139777274164 40.63430853638193, -8.73114392109615 40.634309651332316)",,,,
1,,10455,1,10455_1,"LINESTRING (-8.731117871402192 40.63431858138969, -8.73111900057402 40.63431626682865, -8.73112121203056 40.63431428359172, -8.731123933879827 40.63431253943301, -8.731127040208367 40.634311080059845, -8.731130405102727 40.63430995117954, -8.73113390264945 40.634309198499366, -8.731137406935083 40.634308867726645, -8.731140792046173 40.63430900456866, -8.731143932069266 40.63430965473271)",,,,
1,,10456,1,10456_1,"LINESTRING (-8.731133505857404 40.63428942092082, -8.731132225454672 40.634291688493924, -8.731131974885377 40.63429427906245, -8.731132308851882 40.63429697007583, -8.731133179732637 40.63429966199536, -8.731134539906103 40.634302255282314, -8.731136341750732 40.63430465039813, -8.73113853764498 40.63430674780415, -8.731141079967301 40.63430844796174, -8.73114392109615 40.634309651332316)",,,,
1,,10457,1,10457_1,"LINESTRING (-8.731146906819014 40.63426442622311, -8.731144307028034 40.63426757189927, -8.731141374950935 40.6342706498687, -8.731138020857811 40.634273608939196, -8.731134511292762 40.63427650812382, -8.731131112799881 40.634279406435596, -8.731128091923269 40.634282362887525, -8.731125715207025 40.63428543649265, -8.731124249195245 40.634288686263986, -8.73112396043203 40.63429217121449, -8.7311245528354 40.63429469943906, -8.731125729375442 40.63429714190629, -8.731127413993665 40.63429947262518, -8.731129530631575 40.63430166560486, -8.731132003230684 40.634303694854395, -8.731134755732498 40.63430553438285, -8.731137712078526 40.63430715819931, -8.73114079621028 40.634308540312915, -8.731143932069266 40.63430965473271)",,,,
1,,10458,1,10458_1,"LINESTRING (-8.731117871402192 40.63431858138969, -8.731118539972758 40.63431506909338, -8.731118636808873 40.63431145717696, -8.731118052383612 40.63430769805702, -8.731117123148586 40.63430388210329, -8.731116185555399 40.63430009968558, -8.731115576055664 40.63429644117368, -8.731115631100982 40.634292996937454, -8.731116687142967 40.63428985734674, -8.73111908063322 40.634287112771325, -8.731122335249529 40.634285058937834, -8.731126116837737 40.634283549673164, -8.731130306591792 40.63428254255709, -8.731134785705642 40.63428199516943, -8.731139435373228 40.63428186508993, -8.731144136788496 40.63428210989839, -8.73114877114539 40.63428268717454, -8.73115321963786 40.63428355449814, -8.731157363459847 40.63428466944896)",,,,
1,,10459,1,10459_1,"LINESTRING (-8.731131272363802 40.634293586702874, -8.731132442937717 40.634291284947764, -8.731134654394257 40.63428930171007, -8.731137376243522 40.63428755755073, -8.731140482572064 40.63428609817703, -8.731143847466422 40.63428496929629, -8.731147345013145 40.63428421661584, -8.73115084929878 40.63428388584298, -8.73115423440987 40.63428402268505, -8.73115737443296 40.63428467284933)",,,,
1,,10460,1,10460_1,"LINESTRING (-8.731146906819014 40.63426442622311, -8.731145667818367 40.634266706603825, -8.731145417249072 40.63426929717335, -8.731145751215577 40.63427198818771, -8.731146622096333 40.634274680108234, -8.731147982269798 40.63427727339619, -8.731149784114427 40.634279668512896, -8.731151980008674 40.63428176591968, -8.731154522330996 40.63428346607793, -8.731157363459847 40.63428466944896)",,,,
1,,10461,1,10461_1,"LINESTRING (-8.731160307780623 40.634239431516015, -8.731157749391727 40.63424259000017, -8.731154817314632 40.63424566797074, -8.731151463221508 40.63424862704236, -8.731147953656457 40.63425152622805, -8.731144555163578 40.63425442454089, -8.731141534286964 40.634257380993944, -8.73113915757072 40.63426045460021, -8.73113769155894 40.63426370437274, -8.731137402795724 40.634267189324575, -8.731137995199095 40.63426971755011, -8.73113917173914 40.63427216001823, -8.73114085635736 40.63427449073801, -8.731142972995272 40.634276683718475, -8.73114544559438 40.63427871296877, -8.731148198096193 40.63428055249791, -8.731151154442223 40.63428217631502, -8.731154238573977 40.634283558429125, -8.73115737443296 40.63428467284933)",,,,
1,,10462,1,10462_1,"LINESTRING (-8.731131272363802 40.634293586702874, -8.731131982336453 40.634290087212044, -8.731132079172568 40.634286475294275, -8.731131494747308 40.634282716172905, -8.73113056551228 40.634278900217744, -8.731129627919096 40.63427511779864, -8.73112901841936 40.63427145928539, -8.731129073464679 40.634268015047866, -8.731130129506663 40.634264875455955, -8.731132522996917 40.63426213087952, -8.731135777613224 40.63426007704524, -8.731139559201432 40.63425856778001, -8.731143748955489 40.63425756066358, -8.731148228069337 40.63425701327569, -8.731152877736923 40.63425688319617, -8.73115757915219 40.63425712800471, -8.731162213509087 40.63425770528109, -8.731166662001556 40.63425857260501, -8.731170805823544 40.634259687556245)",,,,
1,,10463,1,10463_1,"LINESTRING (-8.731144673325412 40.63426859200672, -8.731145885301412 40.634266303057515, -8.731148096757952 40.63426431981911, -8.731150818607219 40.63426257565908, -8.731153924935759 40.63426111628484, -8.731157289830119 40.634259987403674, -8.731160787376842 40.63425923472294, -8.731164291662475 40.63425890394996, -8.731167676773564 40.63425904079208, -8.731170816796656 40.63425969095661)",,,,
1,,10464,1,10464_1,"LINESTRING (-8.731160307780623 40.634239431516015, -8.731159110182062 40.63424172470437, -8.73115885961277 40.634244315274884, -8.731159193579273 40.634247006290266, -8.73116006446003 40.634249698211775, -8.731161424633493 40.6342522915007, -8.731163226478122 40.63425468661829, -8.73116542237237 40.634256784025894, -8.731167964694691 40.634258484184755, -8.731170805823544 40.634259687556245)",,,,
1,,10465,1,10465_1,"LINESTRING (-8.731173708742231 40.63421443679956, -8.731171191755424 40.6342176080917, -8.731168259678327 40.634220686063415, -8.731164905585205 40.63422364513615, -8.731161396020154 40.634226544322914, -8.731157997527273 40.63422944263685, -8.73115497665066 40.634232399091026, -8.731152599934415 40.634235472698435, -8.731151133922635 40.63423872247221, -8.73115084515942 40.63424220742532, -8.731151437562792 40.6342447356518, -8.731152614102834 40.63424717812082, -8.731154298721057 40.63424950884147, -8.731156415358967 40.634251701822784, -8.731158887958076 40.63425373107384, -8.73116164045989 40.63425557060367, -8.731164596805918 40.63425719442136, -8.731167680937672 40.634258576536006, -8.731170816796656 40.63425969095661)",,,,
1,,10466,1,10466_1,"LINESTRING (-8.728639272097725 40.646392085319626, -8.728635052541104 40.64639344443652, -8.728630365741056 40.64639407760221, -8.728625381564894 40.64639422297717, -8.728620269879936 40.64639411872192, -8.728615200553497 40.64639400299688, -8.728610343452889 40.646394113962515, -8.72860586844543 40.64639468977934, -8.728601945398431 40.646395968607735, -8.72859874417921 40.64639818860822, -8.728596575810888 40.646400946857064, -8.728595198140535 40.6464040155768, -8.72859453750493 40.646407312300454, -8.72859452024086 40.646410754561096, -8.728595072685097 40.64641425989181, -8.728596121174427 40.64641774582572, -8.72859759204563 40.646421129895955, -8.728599411635484 40.646424329635636, -8.728601506280773 40.6464272625779)",,,,
1,,10467,1,10467_1,"LINESTRING (-8.728608838482428 40.64640603827541, -8.728606249584265 40.64640755674127, -8.728604011182767 40.64640952213629, -8.728602163231887 40.64641183298854, -8.728600745685567 40.646414387826034, -8.728599798497761 40.64641708517686, -8.728599361622415 40.64641982356907, -8.728599475013477 40.64642250153077, -8.728600178624896 40.646425017590026, -8.72860151233212 40.646427270310696)",,,,
1,,10468,1,10468_1,"LINESTRING (-8.728573332597914 40.64642231672011, -8.728576307526957 40.64642128404838, -8.72857964091652 40.646420694169755, -8.728583195799255 40.64642052683841, -8.728586835207814 40.64642076180853, -8.728590422174848 40.646421378834354, -8.728593819733009 40.646422357670005, -8.728596890914949 40.6464236780697, -8.72859949875332 40.6464253197876, -8.728601506280773 40.6464272625779)",,,,
1,,10469,1,10469_1,"LINESTRING (-8.728542898982617 40.64643626966956, -8.728546789076201 40.64643408272599, -8.728550340685864 40.64643140728723, -8.728553672008196 40.646428433981285, -8.72855690123979 40.64642535343629, -8.728560146577234 40.64642235628036, -8.728563526217119 40.6464196331416, -8.728567158356038 40.64641737464822, -8.728571161190583 40.646415771428465, -8.728575652917343 40.64641501411043, -8.728579036006426 40.6464150657549, -8.728582398137053 40.646415568546786, -8.7285856936687 40.64641646951055, -8.728588876960844 40.6464177156707, -8.728591902372955 40.6464192540518, -8.728594724264514 40.64642103167824, -8.728597296994995 40.646422995574596, -8.728599574923871 40.64642509276536, -8.72860151233212 40.646427270310696)",,,,
1,,10470,1,10470_1,"LINESTRING (-8.728608838482428 40.64640603827541, -8.728604618925806 40.646407397392, -8.728599932125757 40.64640803055756, -8.728594947949597 40.6464081759325, -8.72858983626464 40.64640807167725, -8.7285847669382 40.64640795595223, -8.728579909837592 40.646408066917864, -8.728575434830132 40.64640864273457, -8.728571511783134 40.64640992156271, -8.728568310563913 40.6464121415627, -8.728566142195591 40.64641489981099, -8.728564764525236 40.646417968530066, -8.728564103889633 40.64642126525303, -8.72856408662556 40.64642470751296, -8.728564639069798 40.64642821284294, -8.72856568755913 40.646431698776134, -8.728567158430332 40.646435082845656, -8.728568978020187 40.646438282584654, -8.728571072665474 40.64644121552634)",,,,
1,,10471,1,10471_1,"LINESTRING (-8.72857840486713 40.64641999122824, -8.728575815968968 40.6464215096938, -8.72857357756747 40.64642347508843, -8.728571729616588 40.64642578594018, -8.728570312070271 40.64642834077716, -8.728569364882464 40.646431038127396, -8.728568928007117 40.64643377651905, -8.72856904139818 40.64643645448017, -8.7285697450096 40.64643897053891, -8.728571078577545 40.646441223320885)",,,,
1,,10472,1,10472_1,"LINESTRING (-8.728542898982617 40.64643626966956, -8.72854587391166 40.64643523699806, -8.728549207301223 40.646434647119534, -8.728552762183957 40.64643447978824, -8.728556401592517 40.64643471475831, -8.72855998855955 40.646435331783984, -8.728563386117711 40.64643631061943, -8.728566457299653 40.64643763101887, -8.728569065138023 40.64643927273644, -8.728571072665474 40.64644121552634)",,,,
1,,10473,1,10473_1,"LINESTRING (-8.72851246536732 40.64645022261608, -8.728516355460904 40.64644803567297, -8.728519907070567 40.64644536023477, -8.7285232383929 40.64644238692946, -8.72852646762449 40.646439306385105, -8.728529712961937 40.646436309229806, -8.728533092601822 40.64643358609161, -8.72853672474074 40.64643132759871, -8.728540727575286 40.64642972437926, -8.728545219302045 40.646428967061404, -8.728548602391129 40.64642901870588, -8.728551964521756 40.64642952149763, -8.728555260053403 40.64643042246122, -8.728558443345545 40.64643166862112, -8.72856146875766 40.646433207001884, -8.728564290649217 40.646434984627966, -8.728566863379696 40.64643694852392, -8.728569141308574 40.646439045714224, -8.728571078577545 40.646441223320885)",,,,
1,,10474,1,10474_1,"LINESTRING (-8.72857840486713 40.64641999122824, -8.728574185310508 40.646421350344575, -8.72856949851046 40.64642198350999, -8.7285645143343 40.64642212888489, -8.728559402649342 40.64642202462967, -8.728554333322903 40.646421908904685, -8.728549476222295 40.64642201987029, -8.728545001214835 40.646422595686865, -8.728541078167838 40.64642387451475, -8.728537876948616 40.64642609451426, -8.728535708580292 40.64642885276199, -8.72853433090994 40.64643192148043, -8.728533670274336 40.64643521820271, -8.728533653010263 40.646438660461904, -8.728534205454503 40.646442165791164, -8.728535253943832 40.646445651723624, -8.728536724815035 40.64644903579243, -8.728538544404888 40.64645223553077, -8.728540639050177 40.64645516847184)",,,,
1,,10475,1,10475_1,"LINESTRING (-8.728547971251833 40.64643394417818, -8.72854538235367 40.6464354626434, -8.728543143952173 40.64643742803762, -8.728541296001291 40.646439738888915, -8.728539878454974 40.646442293725336, -8.728538931267167 40.646444991075015, -8.72853849439182 40.64644772946608, -8.728538607782884 40.64645040742666, -8.728539311394302 40.6464529234849, -8.728540644973076 40.646455176261654)",,,,
1,,10476,1,10476_1,"LINESTRING (-8.72851246536732 40.64645022261608, -8.728515440296363 40.64644918994481, -8.728518773685924 40.646448600066414, -8.728522328568658 40.64644843273514, -8.728525967977218 40.64644866770519, -8.728529554944254 40.64644928473071, -8.728532952502414 40.64645026356595, -8.728536023684354 40.64645158396511, -8.728538631522724 40.64645322568235, -8.728540639050177 40.64645516847184)",,,,
1,,10477,1,10477_1,"LINESTRING (-8.728482031752023 40.6464641755597, -8.728485921845607 40.64646198861707, -8.72848947345527 40.646459313179406, -8.728492804777602 40.64645633987471, -8.728496034009193 40.64645325933102, -8.728499279346638 40.6464502621763, -8.728502658986525 40.64644753903869, -8.728506291125445 40.646445280546274, -8.728510293959987 40.646443677327156, -8.728514785686748 40.646442920009456, -8.72851816877583 40.646442971653926, -8.728521530906459 40.646443474445576, -8.728524826438106 40.64644437540896, -8.728528009730248 40.64644562156863, -8.72853103514236 40.64644715994904, -8.72853385703392 40.64644893757477, -8.7285364297644 40.64645090147029, -8.728538707693277 40.64645299866019, -8.728540644973076 40.646455176261654)",,,,
1,,10478,1,10478_1,"LINESTRING (-8.728547971251833 40.64643394417818, -8.728543751695213 40.646435303294226, -8.728539064895163 40.64643593645951, -8.728534080719003 40.646436081834395, -8.728528969034045 40.64643597757917, -8.728523899707604 40.64643586185423, -8.728519042606997 40.646435972819816, -8.728514567599538 40.64643654863627, -8.72851064455254 40.64643782746387, -8.728507443333319 40.64644004746292, -8.728505274964995 40.646442805710066, -8.728503897294644 40.64644587442787, -8.728503236659039 40.64644917114946, -8.728503219394966 40.646452613407945, -8.728503771839204 40.64645611873647, -8.728504820328535 40.64645960466819, -8.728506291199736 40.64646298873628, -8.728508110789592 40.64646618847396, -8.72851020543488 40.64646912141442)",,,,
1,,10479,1,10479_1,"LINESTRING (-8.728517537636536 40.646447897125206, -8.728514948738372 40.646449415590126, -8.728512710336876 40.64645138098392, -8.728510862385995 40.6464536918347, -8.728509444839675 40.64645624667062, -8.72850849765187 40.64645894401973, -8.728508060776523 40.64646168241021, -8.728508174167585 40.64646436037023, -8.728508877779005 40.64646687642794, -8.728510211555653 40.64646912911566)",,,,
1,,10480,1,10480_1,"LINESTRING (-8.728482031752023 40.6464641755597, -8.728485006681064 40.646463142888635, -8.728488340070626 40.646462553010366, -8.728491894953363 40.64646238567912, -8.728495534361922 40.64646262064911, -8.728499121328957 40.64646323767453, -8.728502518887117 40.64646421650957, -8.728505590069057 40.64646553690845, -8.728508197907429 40.646467178625336, -8.72851020543488 40.64646912141442)",,,,
1,,10481,1,10481_1,"LINESTRING (-8.728451598136726 40.6464781285004, -8.72845548823031 40.6464759415582, -8.728459039839974 40.64647326612112, -8.728462371162305 40.64647029281706, -8.728465600393898 40.646467212273976, -8.72846884573134 40.64646421511993, -8.728472225371226 40.646461491982876, -8.728475857510146 40.646459233490916, -8.728479860344692 40.64645763027215, -8.728484352071451 40.6464568729546, -8.728487735160535 40.64645692459905, -8.72849109729116 40.6464574273906, -8.728494392822808 40.64645832835381, -8.72849757611495 40.646459574513194, -8.728500601527063 40.6464611128933, -8.728503423418621 40.64646289051864, -8.728505996149103 40.646464854413786, -8.72850827407798 40.646466951603195, -8.728510211555653 40.64646912911566)",,,,
1,,10482,1,10482_1,"LINESTRING (-8.728517537636536 40.646447897125206, -8.728513318079914 40.64644925624095, -8.728508631279865 40.64644988940611, -8.728503647103706 40.64645003478097, -8.728498535418746 40.6464499305258, -8.728493466092306 40.64644981480083, -8.7284886089917 40.64644992576641, -8.72848413398424 40.646450501582734, -8.728480210937242 40.64645178041009, -8.728477009718022 40.64645400040868, -8.728474841349698 40.64645675865524, -8.728473463679345 40.646459827372404, -8.728472803043744 40.64646312409329, -8.728472785779669 40.64646656635105, -8.728473338223909 40.64647007167884, -8.728474386713238 40.64647355760985, -8.72847585758444 40.646476941677236, -8.728477677174295 40.646480141414244, -8.728479771819583 40.64648307435407)",,,,
1,,10483,1,10483_1,"LINESTRING (-8.728487104021239 40.64646185006931, -8.728484515123075 40.6464633685339, -8.728482276721579 40.64646533392728, -8.728480428770697 40.64646764477761, -8.728479011224378 40.64647019961296, -8.72847806403657 40.64647289696152, -8.728477627161226 40.64647563535144, -8.728477740552288 40.6464783133109, -8.728478444163706 40.64648082936807, -8.728479778009728 40.64648308202333)",,,,
1,,10484,1,10484_1,"LINESTRING (-8.728451598136726 40.6464781285004, -8.728454573065767 40.64647709582956, -8.728457906455331 40.64647650595142, -8.728461461338066 40.6464763386202, -8.728465100746623 40.646476573590135, -8.728468687713658 40.64647719061541, -8.72847208527182 40.64647816945024, -8.728475156453761 40.64647948984884, -8.728477764292132 40.646481131565395, -8.728479771819583 40.64648307435407)",,,,
1,,10485,1,10485_1,"LINESTRING (-8.728421164521428 40.64649208143819, -8.728425054615013 40.646489894496426, -8.728428606224675 40.64648721905991, -8.728431937547008 40.646484245756454, -8.728435166778599 40.64648116521406, -8.728438412116043 40.64647816806062, -8.72844179175593 40.64647544492416, -8.728445423894849 40.64647318643266, -8.728449426729393 40.6464715832142, -8.728453918456154 40.64647082589683, -8.728457301545236 40.64647087754125, -8.728460663675863 40.64647138033272, -8.728463959207511 40.64647228129572, -8.728467142499653 40.64647352745486, -8.728470167911768 40.64647506583463, -8.728472989803326 40.64647684345962, -8.728475562533806 40.64647880735433, -8.728477840462682 40.64648090454333, -8.728479778009728 40.64648308202333)",,,,
1,,10486,1,10486_1,"LINESTRING (-8.728487104021239 40.64646185006931, -8.728482884464617 40.64646320918478, -8.728478197664568 40.64646384234981, -8.728473213488408 40.646463987724616, -8.72846810180345 40.646463883469465, -8.728463032477011 40.64646376774456, -8.728458175376403 40.64646387871009, -8.728453700368943 40.64646445452628, -8.728449777321945 40.646465733353374, -8.728446576102725 40.64646795335149, -8.728444407734402 40.64647071159749, -8.72844303006405 40.64647378031399, -8.728442369428445 40.64647707703421, -8.728442352164372 40.646480519291266, -8.72844290460861 40.64648402461832, -8.72844395309794 40.64648751054859, -8.728445423969141 40.646490894615255, -8.728447243558998 40.64649409435161, -8.728449338204287 40.64649702729082)",,,,
1,,10487,1,10487_1,"LINESTRING (-8.728456670405942 40.64647580301049, -8.728454081507778 40.64647732147475, -8.728451843106281 40.64647928686775, -8.7284499951554 40.64648159771757, -8.72844857760908 40.64648415255241, -8.728447630421275 40.646486849900384, -8.728447193545929 40.64648958828975, -8.72844730693699 40.64649226624862, -8.72844801054841 40.64649478230528, -8.728449344486775 40.64649703491672)",,,,
1,,10488,1,10488_1,"LINESTRING (-8.728421164521428 40.64649208143819, -8.728424139450471 40.64649104876753, -8.728427472840032 40.64649045888952, -8.728431027722769 40.64649029155835, -8.728434667131326 40.64649052652824, -8.72843825409836 40.646491143553405, -8.728441651656523 40.64649212238804, -8.728444722838463 40.64649344278636, -8.728447330676834 40.646495084502554, -8.728449338204287 40.64649702729082)",,,,
1,,10489,1,10489_1,"LINESTRING (-8.72839073090613 40.64650603437303, -8.728394620999715 40.64650384743175, -8.728398172609378 40.64650117199577, -8.72840150393171 40.64649819869298, -8.728404733163304 40.64649511815119, -8.728407978500746 40.64649212099839, -8.728411358140633 40.64648939786248, -8.728414990279552 40.646487139371466, -8.728418993114095 40.646485536153364, -8.728423484840855 40.64648477883615, -8.72842686792994 40.64648483048057, -8.728430230060567 40.64648533327191, -8.728433525592214 40.646486234234736, -8.728436708884358 40.646487480393596, -8.728439734296469 40.64648901877306, -8.728442556188028 40.646490796397664, -8.728445128918509 40.64649276029197, -8.728447406847383 40.64649485748052, -8.728449344486775 40.64649703491672)",,,,
1,,10490,1,10490_1,"LINESTRING (-8.728456670405942 40.64647580301049, -8.72845245084932 40.64647716212568, -8.728447764049271 40.64647779529055, -8.72844277987311 40.64647794066536, -8.728437668188151 40.64647783641021, -8.728432598861712 40.646477720685326, -8.728427741761104 40.646477831650834, -8.728423266753646 40.64647840746692, -8.728419343706648 40.646479686293745, -8.728416142487427 40.64648190629139, -8.728413974119103 40.646484664536835, -8.72841259644875 40.646487733252705, -8.728411935813147 40.64649102997221, -8.728411918549074 40.646494472228525, -8.728412470993312 40.646497977554866, -8.728413519482643 40.6465014634844, -8.728414990353846 40.64650484755038, -8.7284168099437 40.64650804728602, -8.728418904588988 40.64651098022465)",,,,
1,,10491,1,10491_1,"LINESTRING (-8.728426236790645 40.64648975594874, -8.72842364789248 40.64649127441272, -8.728421409490982 40.64649323980527, -8.728419561540102 40.64649555065462, -8.728418143993784 40.64649810548891, -8.728417196805978 40.64650080283637, -8.728416759930631 40.64650354122512, -8.728416873321693 40.646506219183465, -8.728417576933111 40.64650873523959, -8.728418910796375 40.64651098788587)",,,,
1,,10492,1,10492_1,"LINESTRING (-8.72839073090613 40.64650603437303, -8.728393705835172 40.64650500170263, -8.728397039224737 40.64650441182474, -8.72840059410747 40.64650424449358, -8.728404233516029 40.64650447946341, -8.728407820483064 40.646505096488454, -8.728411218041225 40.64650607532288, -8.728414289223165 40.646507395720924, -8.728416897061535 40.646509037436786, -8.728418904588988 40.64651098022465)",,,,
1,,10493,1,10493_1,"LINESTRING (-8.728360297290834 40.646519987305005, -8.728364187384418 40.64651780036418, -8.728367738994082 40.646515124928754, -8.728371070316411 40.64651215162655, -8.728374299548005 40.646509071085404, -8.728377544885449 40.64650607393323, -8.728380924525336 40.646503350797914, -8.728384556664254 40.64650109230735, -8.7283885594988 40.646499489089585, -8.728393051225558 40.646498731772546, -8.728396434314641 40.64649878341692, -8.728399796445268 40.64649928620818, -8.728403091976915 40.6465001871708, -8.728406275269059 40.646501433329426, -8.728409300681172 40.646502971708564, -8.728412122572731 40.64650474933279, -8.728414695303211 40.646506713226685, -8.728416973232088 40.6465088104148, -8.728418910796375 40.64651098788587)",,,,
1,,10494,1,10494_1,"LINESTRING (-8.728426236790645 40.64648975594874, -8.728422017234022 40.64649111506365, -8.728417330433974 40.6464917482284, -8.728412346257814 40.646491893603184, -8.728407234572856 40.64649178934806, -8.728402165246417 40.646491673623196, -8.728397308145809 40.646491784588676, -8.728392833138347 40.64649236040464, -8.72838891009135 40.6464936392312, -8.72838570887213 40.646495859228374, -8.728383540503808 40.64649861747323, -8.728382162833453 40.646501686188465, -8.72838150219785 40.64650498290728, -8.728381484933777 40.646508425162914, -8.728382037378015 40.64651193048849, -8.728383085867344 40.64651541641728, -8.728384556738549 40.646518800482575, -8.728386376328404 40.64652200021756, -8.728388470973691 40.64652493315557)",,,,
1,,10495,1,10495_1,"LINESTRING (-8.728395803175347 40.6465037088841, -8.728393214277183 40.646505227347745, -8.728390975875687 40.646507192739904, -8.728389127924805 40.64650950358878, -8.728387710378486 40.64651205842253, -8.72838676319068 40.64651475576941, -8.728386326315334 40.64651749415758, -8.728386439706396 40.64652017211536, -8.728387143317814 40.64652268817095, -8.728388477381195 40.64652494072135)",,,,
1,,10496,1,10496_1,"LINESTRING (-8.728360297290834 40.646519987305005, -8.728363272219877 40.64651895463478, -8.72836660560944 40.64651836475702, -8.728370160492174 40.6465181974259, -8.728373799900732 40.64651843239569, -8.728377386867766 40.6465190494206, -8.728380784425928 40.64652002825483, -8.728383855607868 40.646521348652584, -8.728386463446238 40.64652299036812, -8.728388470973691 40.64652493315557)",,,,
1,,10497,1,10497_1,"LINESTRING (-8.728329863675537 40.64653394023402, -8.728333753769121 40.64653175329366, -8.728337305378783 40.64652907785879, -8.728340636701116 40.64652610455722, -8.728343865932708 40.64652302401674, -8.728347111270152 40.646520026865176, -8.728350490910039 40.64651730373041, -8.728354123048957 40.64651504524034, -8.728358125883501 40.6465134420229, -8.72836261761026 40.64651268470599, -8.728366000699344 40.64651273635041, -8.728369362829973 40.64651323914153, -8.72837265836162 40.646514140103996, -8.728375841653762 40.64651538626234, -8.728378867065874 40.64651692464115, -8.728381688957434 40.64651870226501, -8.728384261687912 40.6465206661585, -8.72838653961679 40.646522763346184, -8.728388477381195 40.64652494072135)",,,,
1,,10542,1,10542_1,"LINESTRING (-8.728817963962575 40.64662777993126, -8.728813642371225 40.64662895649128, -8.728810563158662 40.646631711142845, -8.728807889927063 40.6466349062059, -8.728805436873772 40.64663831047237, -8.728803018196146 40.646641692734164, -8.728800448091528 40.646644821783326, -8.728797540757272 40.64664746641185, -8.728794110390725 40.64664939541182, -8.728789971189238 40.646650377575305, -8.728785738568407 40.64665041167848, -8.728781550136175 40.64664977110426, -8.72877746276141 40.646648545645576, -8.728773533312985 40.64664682509523, -8.728769818659776 40.646644699246146, -8.728766375670652 40.64664225789115, -8.728763261214485 40.64663959082313, -8.728760532160145 40.64663678783497, -8.728758245376508 40.64663393871958)",,,,
1,,10543,1,10543_1,"LINESTRING (-8.728786712406169 40.64664064994812, -8.728783076945438 40.646640742865756, -8.72877971215584 40.64664122179139, -8.728776150331898 40.6466412708858, -8.728772527152655 40.646640915003104, -8.728768978297158 40.64664017899746, -8.72876563944445 40.64663908772297, -8.728762646273575 40.646637666033726, -8.728760134463577 40.646635938783916, -8.728758239693502 40.646633930827555)",,,,
1,,10544,1,10544_1,"LINESTRING (-8.728750252257033 40.64665566496467, -8.72875237692527 40.64665346986295, -8.728754725903313 40.64665158088651, -8.728756705034593 40.64664933408134, -8.728758268467974 40.64664682944516, -8.728759370352316 40.64664416697569, -8.72875996483648 40.64664144667063, -8.728760006069326 40.64663876852774, -8.728759448199716 40.6466362325448, -8.728758245376508 40.64663393871958)",,,,
1,,10545,1,10545_1,"LINESTRING (-8.728719000700629 40.646668534976165, -8.72872294774453 40.64666638630309, -8.728727781984585 40.64666540352413, -8.728732844666304 40.64666471505394, -8.728737978129972 40.646664147480315, -8.728743024715872 40.646663527391034, -8.728747826764284 40.64666268137389, -8.728752226615493 40.646661436016664, -8.728756066609783 40.646659617907105, -8.728759189087436 40.646657053632964, -8.728760832370297 40.64665480930465, -8.72876195124795 40.64665235173768, -8.728762583097152 40.646649737512334, -8.728762765294666 40.64664702320883, -8.728762535217248 40.64664426540737, -8.728761930241664 40.64664152068824, -8.728760987744671 40.646638845631735, -8.72875974510303 40.64663629681809, -8.728758239693502 40.646633930827555)",,,,
1,,10546,1,10546_1,"LINESTRING (-8.728786712406169 40.64664064994812, -8.728782438025474 40.64664189228634, -8.728779358812913 40.64664464693737, -8.72877668558131 40.64664784199984, -8.728774232528023 40.64665124626562, -8.728771813850393 40.646654628526754, -8.728769243745777 40.646657757575284, -8.728766336411521 40.64666040220332, -8.728762906044974 40.64666233120291, -8.728758766843487 40.64666331336621, -8.728754534222656 40.64666334746937, -8.728750345790424 40.6466627068953, -8.72874625841566 40.646661481436816, -8.728742328967234 40.646659760886834, -8.728738614314025 40.64665763503815, -8.728735171324901 40.64665519368364, -8.728732056868733 40.64665252661613, -8.728729327814396 40.6466497236285, -8.728727041030757 40.64664687451367)",,,,
1,,10547,1,10547_1,"LINESTRING (-8.728755460849767 40.64665351996251, -8.728751872599688 40.64665367865855, -8.728748507810089 40.64665415758409, -8.728744945986145 40.64665420667847, -8.728741322806904 40.64665385079585, -8.728737773951407 40.64665311479033, -8.7287344350987 40.64665202351604, -8.728731441927824 40.646650601827105, -8.728728930117827 40.6466488745776, -8.72872703534775 40.64664686662167)",,,,
1,,10548,1,10548_1,"LINESTRING (-8.728719000700629 40.646668534976165, -8.728721172579519 40.64666640565328, -8.72872352155756 40.6466645166772, -8.728725500688842 40.64666226987246, -8.728727064122223 40.64665976523676, -8.728728166006565 40.6466571027678, -8.728728760490728 40.64665438246327, -8.728728801723575 40.64665170432092, -8.728728243853965 40.64664916833846, -8.728727041030757 40.64664687451367)",,,,
1,,10549,1,10549_1,"LINESTRING (-8.728687749144225 40.646681404985166, -8.728691743398779 40.6466793220909, -8.728696577638834 40.64667833931212, -8.728701640320553 40.64667765084208, -8.728706773784221 40.64667708326856, -8.728711820370119 40.646676463179375, -8.728716622418533 40.646675617162416, -8.728721022269742 40.64667437180544, -8.72872486226403 40.64667255369621, -8.728727984741683 40.64666998942258, -8.728729628024547 40.646667745094675, -8.728730746902198 40.64666528752821, -8.728731378751402 40.646662673303375, -8.728731560948914 40.646659959000374, -8.728731330871497 40.646657201199474, -8.728730725895913 40.64665445648089, -8.72872978339892 40.646651781424886, -8.72872854075728 40.64664923261172, -8.72872703534775 40.64664686662167)",,,,
1,,10550,1,10550_1,"LINESTRING (-8.728755460849767 40.64665351996251, -8.728751233679723 40.64665482807888, -8.72874815446716 40.646657582729404, -8.728745481235562 40.646660777791226, -8.72874302818227 40.646664182056355, -8.728740609504642 40.64666756431686, -8.728738039400026 40.64667069336477, -8.72873513206577 40.64667333799227, -8.728731701699223 40.64667526699151, -8.728727562497735 40.64667624915461, -8.728723329876905 40.64667628325779, -8.728719141444671 40.646675642683796, -8.728715054069907 40.64667441722559, -8.728711124621483 40.646672696675935, -8.728707409968274 40.646670570827666, -8.728703966979149 40.64666812947361, -8.728700852522982 40.64666546240663, -8.728698123468643 40.64666265941954, -8.728695836685006 40.646659810305245)",,,,
1,,10551,1,10551_1,"LINESTRING (-8.728724209293363 40.64666638997441, -8.728720668253937 40.646666614448804, -8.728717303464338 40.64666709337426, -8.728713741640394 40.646667142468644, -8.728710118461153 40.646666786586074, -8.728706569605656 40.646666050580706, -8.728703230752947 40.64666495930665, -8.728700237582073 40.64666353761797, -8.728697725772076 40.64666181036879, -8.728695831002 40.64665980241325)",,,,
1,,10552,1,10552_1,"LINESTRING (-8.728687749144225 40.646681404985166, -8.728689968233768 40.64667934144106, -8.72869231721181 40.64667745246536, -8.728694296343091 40.646675205661055, -8.728695859776472 40.64667270102584, -8.728696961660814 40.64667003855741, -8.728697556144978 40.64666731825339, -8.728697597377824 40.646664640111545, -8.728697039508212 40.646662104129604, -8.728695836685006 40.646659810305245)",,,,
1,,10553,1,10553_1,"LINESTRING (-8.72865649758782 40.646694274991695, -8.728660539053026 40.64669225787621, -8.728665373293083 40.64669127509761, -8.728670435974802 40.6466905866277, -8.72867556943847 40.646690019054276, -8.728680616024368 40.64668939896522, -8.728685418072782 40.64668855294841, -8.728689817923991 40.64668730759169, -8.728693657918281 40.64668548948283, -8.728696780395932 40.64668292520967, -8.728698423678795 40.64668068088223, -8.728699542556447 40.64667822331622, -8.728700174405649 40.64667560909189, -8.728700356603161 40.64667289478943, -8.728700126525746 40.64667013698904, -8.728699521550162 40.646667392271006, -8.72869857905317 40.64666471721552, -8.728697336411528 40.64666216840286, -8.728695831002 40.64665980241325)",,,,
1,,10554,1,10554_1,"LINESTRING (-8.728724209293363 40.64666638997441, -8.728720029333973 40.646667763868926, -8.72871695012141 40.64667051851892, -8.728714276889809 40.64667371358011, -8.728711823836521 40.6466771178446, -8.728709405158892 40.64668050010441, -8.728706835054275 40.64668362915174, -8.728703927720018 40.64668627377873, -8.728700497353472 40.64668820277759, -8.728696358151984 40.646689184940506, -8.728692125531154 40.64668921904366, -8.728687937098922 40.64668857846982, -8.728683849724156 40.64668735301185, -8.728679920275733 40.64668563246252, -8.728676205622524 40.646683506614636, -8.7286727626334 40.64668106526106, -8.728669648177231 40.646678398194595, -8.728666919122892 40.64667559520806, -8.728664632339255 40.646672746094325)",,,,
1,,10555,1,10555_1,"LINESTRING (-8.728692957736959 40.64667925998385, -8.728689463908186 40.646679550236584, -8.728686099118587 40.646680029161914, -8.728682537294643 40.646680078256296, -8.7286789141154 40.646679722373804, -8.728675365259905 40.64667898636859, -8.728672026407198 40.64667789509473, -8.728669033236322 40.64667647340633, -8.728666521426323 40.64667474615749, -8.728664626656249 40.64667273820233)",,,,
1,,10556,1,10556_1,"LINESTRING (-8.72865649758782 40.646694274991695, -8.728658763888017 40.64669227722635, -8.728661112866059 40.646690388251, -8.72866309199734 40.64668814144716, -8.72866465543072 40.64668563681243, -8.728665757315062 40.64668297434451, -8.728666351799227 40.64668025404102, -8.728666393032073 40.64667757589971, -8.728665835162463 40.64667503991823, -8.728664632339255 40.646672746094325)",,,,
1,,10557,1,10557_1,"LINESTRING (-8.728625246031417 40.64670714499574, -8.728629334707277 40.64670519365898, -8.72863416894733 40.64670421088061, -8.728639231629051 40.646703522410796, -8.728644365092718 40.64670295483751, -8.728649411678617 40.646702334748575, -8.72865421372703 40.64670148873195, -8.72865861357824 40.64670024337543, -8.728662453572529 40.64669842526694, -8.728665576050181 40.64669586099427, -8.728667219333044 40.64669361666726, -8.728668338210696 40.64669115910174, -8.728668970059898 40.6466885448779, -8.728669152257412 40.64668583057597, -8.728668922179995 40.646683072776135, -8.728668317204411 40.646680328058615, -8.728667374707419 40.646677653003636, -8.728666132065776 40.64667510419146, -8.728664626656249 40.64667273820233)",,,,
1,,10558,1,10558_1,"LINESTRING (-8.728692957736959 40.64667925998385, -8.728688824988222 40.64668069965648, -8.728685745775659 40.64668345430591, -8.728683072544058 40.64668664936649, -8.728680619490769 40.646690053630316, -8.72867820081314 40.64669343588949, -8.728675630708523 40.64669656493621, -8.728672723374268 40.64669920956267, -8.72866929300772 40.64670113856115, -8.728665153806233 40.64670212072389, -8.728660921185403 40.64670215482704, -8.72865673275317 40.64670151425333, -8.728652645378405 40.646700288795586, -8.728648715929982 40.64669856824659, -8.728645001276773 40.64669644239913, -8.728641558287647 40.64669400104604, -8.72863844383148 40.64669133398009, -8.728635714777141 40.64668853099409, -8.728633427993504 40.64668568188089)",,,,
1,,10559,1,10559_1,"LINESTRING (-8.728661706180555 40.64669212999076, -8.728658259562435 40.64669248602183, -8.728654894772836 40.64669296494708, -8.728651332948893 40.64669301404145, -8.728647709769652 40.64669265815904, -8.728644160914152 40.646691922153956, -8.728640822061445 40.6466908308803, -8.72863782889057 40.64668940919218, -8.728635317080572 40.64668768194367, -8.728633422310498 40.64668567398889)",,,,
1,,10560,1,10560_1,"LINESTRING (-8.728625246031417 40.64670714499574, -8.728627559542266 40.64670521300914, -8.728629908520308 40.646703324034156, -8.728631887651588 40.64670107723074, -8.728633451084969 40.64669857259649, -8.728634552969313 40.64669591012908, -8.728635147453476 40.64669318982613, -8.728635188686322 40.64669051168533, -8.72863463081671 40.64668797570435, -8.728633427993504 40.64668568188089)",,,,
1,,10561,1,10561_1,"LINESTRING (-8.728593994475013 40.64672001499728, -8.728598130361524 40.64671812943928, -8.72860296460158 40.64671714666106, -8.7286080272833 40.646716458191406, -8.728613160746967 40.64671589061822, -8.728618207332865 40.64671527052941, -8.728623009381279 40.646714424512936, -8.72862740923249 40.64671317915667, -8.728631249226778 40.64671136104854, -8.72863437170443 40.64670879677635, -8.728636014987293 40.6467065524498, -8.728637133864945 40.64670409488474, -8.728637765714147 40.646701480661406, -8.72863794791166 40.64669876636001, -8.728637717834244 40.64669600856069, -8.728637112858658 40.646693263843694, -8.728636170361666 40.646690588789255, -8.728634927720025 40.64668803997759, -8.728633422310498 40.64668567398889)",,,,
1,,10562,1,10562_1,"LINESTRING (-8.728661706180555 40.64669212999076, -8.72865762064247 40.64669363544149, -8.728654541429908 40.646696390090405, -8.728651868198307 40.64669958515038, -8.728649415145018 40.64670298941355, -8.72864699646739 40.64670637167203, -8.728644426362772 40.64670950071817, -8.728641519028516 40.64671214534412, -8.72863808866197 40.646714074342235, -8.728633949460482 40.646715056504775, -8.728629716839652 40.6467150906079, -8.728625528407417 40.64671445003432, -8.728621441032653 40.6467132245768, -8.72861751158423 40.64671150402814, -8.72861379693102 40.646709378181114, -8.728610353941896 40.64670693682849, -8.728607239485727 40.646704269763056, -8.72860451043139 40.64670146677762, -8.728602223647751 40.64669861766498)",,,,
1,,10563,1,10563_1,"LINESTRING (-8.72863045462415 40.64670499999523, -8.728627055216684 40.64670542180457, -8.728623690427083 40.64670590072972, -8.728620128603142 40.646705949824074, -8.728616505423899 40.64670559394173, -8.728612956568403 40.646704857936804, -8.728609617715692 40.64670376666338, -8.72860662454482 40.64670234497551, -8.728604112734821 40.646700617727355, -8.728602217964747 40.646698609772955)",,,,
1,,10564,1,10564_1,"LINESTRING (-8.728593994475013 40.64672001499728, -8.728596355196515 40.64671814878942, -8.728598704174557 40.646716259814816, -8.728600683305837 40.64671401301183, -8.728602246739218 40.64671150837807, -8.72860334862356 40.646708845911164, -8.728603943107725 40.64670612560875, -8.72860398434057 40.646703447468454, -8.728603426470958 40.64670091148796, -8.728602223647751 40.64669861766498)",,,,
1,,10565,1,10565_1,"LINESTRING (-8.72856274291861 40.64673288499636, -8.728566926015775 40.64673106521704, -8.728571760255829 40.64673008243905, -8.728576822937548 40.646729393969494, -8.728581956401216 40.646728826396426, -8.728587002987116 40.646728206307756, -8.728591805035528 40.64672736029143, -8.728596204886738 40.646726114935426, -8.728600044881027 40.64672429682762, -8.72860316735868 40.646721732555946, -8.728604810641542 40.64671948822982, -8.728605929519194 40.64671703066524, -8.728606561368396 40.646714416442414, -8.72860674356591 40.64671170214153, -8.728606513488494 40.64670894434277, -8.72860590851291 40.646706199626315, -8.728604966015917 40.64670352457238, -8.728603723374274 40.6467009757612, -8.728602217964747 40.646698609772955)",,,,
1,,10566,1,10566_1,"LINESTRING (-8.72863045462415 40.64670499999523, -8.728626416296718 40.64670657122403, -8.728623337084157 40.646709325872386, -8.728620663852555 40.64671252093175, -8.728618210799267 40.64671592519423, -8.728615792121639 40.6467193074521, -8.728613222017021 40.646722436497605, -8.728610314682765 40.646725081123066, -8.728606884316218 40.646727010120784, -8.728602745114731 40.64672799228314, -8.728598512493901 40.64672802638627, -8.728594324061667 40.64672738581281, -8.728590236686903 40.64672616035553, -8.72858630723848 40.646724439807215, -8.728582592585271 40.646722313960574, -8.728579149596145 40.64671987260843, -8.728576035139978 40.64671720554351, -8.728573306085638 40.64671440255861, -8.728571019302 40.64671155344653)",,,,
1,,10567,1,10567_1,"LINESTRING (-8.728599203067747 40.64671786999721, -8.728595850870933 40.64671835758482, -8.728592486081334 40.64671883650989, -8.72858892425739 40.64671888560422, -8.728585301078148 40.64671852972196, -8.72858175222265 40.64671779371715, -8.728578413369943 40.646716702443904, -8.728575420199068 40.64671528075635, -8.72857290838907 40.64671355350852, -8.728571013618996 40.64671154555453)",,,,
1,,10568,1,10568_1,"LINESTRING (-8.72856274291861 40.64673288499636, -8.728565150850764 40.6467310845672, -8.728567499828806 40.646729195592954, -8.728569478960086 40.6467269487904, -8.728571042393467 40.64672444415712, -8.72857214427781 40.64672178169076, -8.728572738761972 40.64671906138887, -8.728572779994819 40.646716383249085, -8.728572222125209 40.646713847269076, -8.728571019302 40.64671155344653)",,,,
1,,10569,1,10569_1,"LINESTRING (-8.728531491362206 40.64674575499297, -8.728535721670022 40.64674400099233, -8.728540555910078 40.646743018214494, -8.728545618591797 40.64674232974509, -8.728550752055465 40.64674176217213, -8.728555798641363 40.64674114208358, -8.728560600689775 40.64674029606741, -8.728565000540986 40.64673905071163, -8.728568840535276 40.64673723260421, -8.728571963012929 40.64673466833301, -8.728573606295791 40.646732424007325, -8.728574725173443 40.646729966443225, -8.728575357022645 40.646727352220914, -8.728575539220158 40.64672463792056, -8.728575309142743 40.64672188012231, -8.728574704167157 40.646719135406386, -8.728573761670164 40.646716460352984, -8.728572519028523 40.646713911542285, -8.728571013618996 40.64671154555453)",,,,
1,,10570,1,10570_1,"LINESTRING (-8.728599203067747 40.64671786999721, -8.728595211950969 40.64671950700405, -8.728592132738406 40.6467222616519, -8.728589459506804 40.6467254567106, -8.728587006453516 40.646728860972445, -8.728584587775888 40.646732243229636, -8.72858201767127 40.64673537227454, -8.728579110337014 40.64673801689948, -8.728575679970467 40.64673994589683, -8.72857154076898 40.64674092805899, -8.728567308148149 40.64674096216214, -8.728563119715915 40.64674032158879, -8.72855903234115 40.64673909613175, -8.728555102892729 40.646737375583754, -8.728551388239518 40.646735249737546, -8.728547945250394 40.646732808385856, -8.728544830794226 40.64673014132147, -8.728542101739889 40.64672733833713, -8.72853981495625 40.646724489225555)",,,,
1,,10571,1,10571_1,"LINESTRING (-8.728567951511343 40.6467307399967, -8.72856464652518 40.64673129336255, -8.728561281735582 40.646731772287524, -8.72855771991164 40.64673182138185, -8.728554096732397 40.64673146549964, -8.7285505478769 40.64673072949499, -8.72854720902419 40.64672963822197, -8.728544215853317 40.64672821653469, -8.72854170404332 40.64672648928719, -8.728539809273244 40.646724481333585)",,,,
1,,10572,1,10572_1,"LINESTRING (-8.728531491362206 40.64674575499297, -8.728533946505014 40.64674402034247, -8.728536295483053 40.64674213136857, -8.728538274614335 40.64673988456645, -8.728539838047716 40.64673737993368, -8.728540939932058 40.6467347174678, -8.728541534416221 40.646731997166455, -8.728541575649068 40.6467293190272, -8.728541017779456 40.6467267830477, -8.72853981495625 40.646724489225555)",,,,
1,,10573,1,10573_1,"LINESTRING (-8.728500239805802 40.646758624987086, -8.728504517324271 40.64675693676507, -8.728509351564327 40.64675595398744, -8.728514414246046 40.64675526551819, -8.728519547709714 40.646754697945326, -8.728524594295612 40.64675407785688, -8.728529396344026 40.64675323184089, -8.728533796195235 40.64675198648536, -8.728537636189523 40.646750168378276, -8.728540758667178 40.64674760410759, -8.728542401950039 40.64674535978233, -8.728543520827692 40.6467429022187, -8.728544152676895 40.64674028799691, -8.728544334874407 40.646737573697074, -8.728544104796992 40.64673481589935, -8.728543499821406 40.64673207118396, -8.728542557324413 40.64672939613107, -8.728541314682772 40.646726847320885, -8.728539809273244 40.646724481333585)",,,,
1,,10574,1,10574_1,"LINESTRING (-8.728567951511343 40.6467307399967, -8.728564007605216 40.646732442781556, -8.728560928392655 40.646735197428846, -8.728558255161053 40.64673839248695, -8.728555802107763 40.64674179674814, -8.728553383430135 40.64674517900469, -8.72855081332552 40.64674830804899, -8.728547905991261 40.64675095267339, -8.728544475624716 40.646752881670395, -8.72854033642323 40.646753863832345, -8.7285361038024 40.646753897935476, -8.728531915370166 40.64675325736227, -8.7285278279954 40.646752031905464, -8.728523898546978 40.6467503113578, -8.728520183893767 40.646748185511996, -8.728516740904642 40.64674574416079, -8.728513626448477 40.646743077096914, -8.728510897394136 40.64674027411311, -8.728508610610499 40.646737425002115)",,,,
1,,10575,1,10575_1,"LINESTRING (-8.72853669995494 40.64674360999371, -8.72853344217943 40.64674422913776, -8.72853007738983 40.646744708062634, -8.728526515565887 40.64674475715696, -8.728522892386644 40.64674440127483, -8.728519343531149 40.64674366527033, -8.72851600467844 40.646742573997514, -8.728513011507566 40.64674115231048, -8.728510499697569 40.646739425063345, -8.728508604927493 40.64673741711012)",,,,
1,,10576,1,10576_1,"LINESTRING (-8.728500239805802 40.646758624987086, -8.728502742159261 40.64675695611521, -8.728505091137304 40.6467550671417, -8.728507070268584 40.64675282034001, -8.728508633701965 40.64675031570773, -8.728509735586307 40.64674765324237, -8.72851033007047 40.64674493294154, -8.728510371303315 40.646742254802824, -8.728509813433707 40.6467397188238, -8.728508610610499 40.646737425002115)",,,,
1,,10577,1,10577_1,"LINESTRING (-8.728468988249398 40.64677149497871, -8.72847331297852 40.64676987253532, -8.728478147218576 40.646768889757894, -8.728483209900295 40.646768201288765, -8.728488343363964 40.64676763371601, -8.728493389949861 40.646767013627695, -8.728498191998273 40.64676616761188, -8.728502591849484 40.64676492225658, -8.728506431843774 40.64676310414983, -8.728509554321427 40.646760539879644, -8.728511197604288 40.646758295554825, -8.72851231648194 40.64675583799169, -8.728512948331144 40.646753223770396, -8.728513130528656 40.64675050947106, -8.72851290045124 40.6467477516739, -8.728512295475655 40.64674500695905, -8.728511352978662 40.646742331906665, -8.728510110337021 40.64673978309696, -8.728508604927493 40.64673741711012)",,,,
1,,10578,1,10578_1,"LINESTRING (-8.706187375708318 40.651386358507345, -8.7061836640818 40.65138839952307, -8.706180530940307 40.65139111874725, -8.70617779505728 40.65139428290676, -8.70617527520617 40.65139765872854, -8.70617279016042 40.65140101293957, -8.706170158693473 40.65140411226688, -8.706167199578775 40.651406723437525, -8.70616373158977 40.65140861317862, -8.706159573499908 40.65140954821722, -8.706155340680128 40.651409534309515, -8.706151165336715 40.65140884634913, -8.70614710256306 40.651407574757435, -8.706143207452552 40.651405809955854, -8.706139535098579 40.65140364236586, -8.70613614059453 40.651401162408774, -8.706133079033798 40.65139846050607, -8.706130405509764 40.65139562707919, -8.706128175115825 40.65139275254954)",,,,
1,,10579,1,10579_1,"LINESTRING (-8.706108759016693 40.651456479959236, -8.706114609753294 40.651454211568684, -8.70612074744016 40.65145189964939, -8.70612695174077 40.651449478142396, -8.7061330023186 40.65144688098872, -8.706138678837128 40.65144404212943, -8.706143760959831 40.65144089550546, -8.706148028350189 40.65143737505788, -8.70615126067168 40.65143341472762, -8.70615323758778 40.65142894845562, -8.70615360020287 40.65142458714864, -8.706152488946671 40.651420384425485, -8.706150198263929 40.651416308700966, -8.70614702259939 40.65141232838975, -8.7061432563978 40.65140841190665, -8.706139194103903 40.65140452766636, -8.706135130162444 40.6514006440836, -8.70613135901817 40.6513967295731, -8.706128175115825 40.65139275254954)",,,,
1,,10580,1,10580_1,"LINESTRING (-8.70612917438398 40.65144825902317, -8.706132838743551 40.65144638563018, -8.706135783810883 40.65144405408961, -8.706138057229762 40.65144131696852, -8.706139706643976 40.65143822683398, -8.70614077969731 40.65143483625305, -8.706141324033553 40.65143119779282, -8.706141387296489 40.6514273640204, -8.706141017129905 40.65142338750285, -8.706140261177591 40.651419320807314, -8.706139167083329 40.65141521650088, -8.706137782490908 40.65141112715074, -8.706136155044113 40.651407105323976, -8.706134332386734 40.65140320358783, -8.706132362162556 40.6513994745094, -8.706130292015365 40.65139597065589, -8.706128169588945 40.65139274459452)",,,,
1,,10581,1,10581_1,"LINESTRING (-8.706119221639602 40.65141361413265, -8.706121922511558 40.651412213560334, -8.70612430844434 40.6514103515708, -8.706126331621741 40.651408127623384, -8.706127944227559 40.65140564117746, -8.706129098445595 40.65140299169246, -8.706129746459641 40.65140027862772, -8.706129840453498 40.65139760144273, -8.706129332610962 40.65139505959684, -8.706128175115825 40.65139275254954)",,,,
1,,10582,1,10582_1,"LINESTRING (-8.706187279660098 40.651424860968774, -8.706183212855196 40.65142609938049, -8.706179058337176 40.65142662288434, -8.7061748455523 40.651426491955206, -8.706170603946832 40.65142576706801, -8.706166362967041 40.65142450869766, -8.706162152059191 40.65142277731898, -8.706158000669548 40.651420633406914, -8.706153938244375 40.65141813743627, -8.706149994229941 40.65141534988192, -8.706146198072508 40.65141233121879, -8.706142579218342 40.65140914192176, -8.706139167113712 40.65140584246568, -8.70613599120488 40.65140249332549, -8.706133080938109 40.65139915497612, -8.70613046575967 40.651395887892484, -8.706128175115825 40.65139275254954)",,,,
1,,10583,1,10583_1,"LINESTRING (-8.706194922336055 40.651421783386226, -8.70619057052094 40.65142314983186, -8.706186039934886 40.65142386101879, -8.706181374022195 40.65142396646342, -8.706176616227166 40.65142351568198, -8.706171809994094 40.651422558190774, -8.706166998767282 40.651421143506056, -8.706162225991022 40.6514193211441, -8.706157535109618 40.65141714062115, -8.706152969567366 40.651414651453486, -8.706148572808566 40.65141190315735, -8.706144388277513 40.65140894524903, -8.706140459418512 40.651405827244794, -8.706136829675854 40.651402598660965, -8.706133542493843 40.65139930901374, -8.706130641316774 40.6513960078195, -8.706128169588945 40.65139274459452)",,,,
1,,10584,1,10584_1,"LINESTRING (-8.706155919984296 40.65139893802809, -8.706152208357777 40.651400979043466, -8.706149075216283 40.65140369826711, -8.706146339333257 40.65140686242603, -8.706143819482147 40.65141023824718, -8.706141334436397 40.65141359245757, -8.706138702969449 40.6514166917843, -8.706135743854752 40.65141930295445, -8.706132275865748 40.65142119269519, -8.706128117775886 40.65142212773361, -8.706123884956105 40.65142211382591, -8.706119709612691 40.65142142586565, -8.706115646839038 40.651420154274184, -8.706111751728528 40.651418389472965, -8.706108079374555 40.65141622188335, -8.706104684870509 40.65141374192675, -8.706101623309774 40.651411040024556, -8.706098949785742 40.651408206598205, -8.706096719391804 40.651405332069096)",,,,
1,,10585,1,10585_1,"LINESTRING (-8.70607735589596 40.651469125482805, -8.706083206667438 40.65146685709808, -8.706089344441503 40.651464545192724, -8.706095548855469 40.65146212370373, -8.706101599546654 40.65145952656811, -8.70610727615238 40.65145668772284, -8.706112358309964 40.65145354110491, -8.706116625656723 40.65145002065122, -8.706119857829977 40.651446060298746, -8.706121834467044 40.65144159398438, -8.70612219731736 40.65143722449759, -8.706121083332375 40.651433014036385, -8.706118787575694 40.65142893091679, -8.70611560511092 40.651424943454806, -8.706111831001659 40.65142101996646, -8.706107760311513 40.65141712876773, -8.706103688104085 40.65141323817462, -8.706099909442981 40.65140931650307, -8.706096719391804 40.651405332069096)",,,,
1,,10586,1,10586_1,"LINESTRING (-8.706097771263245 40.651460904548266, -8.70610143943938 40.651459028915504, -8.70610438640673 40.651456694597165, -8.706106660016792 40.65145395422168, -8.706108308121058 40.65145086041757, -8.706109378571028 40.65144746581334, -8.706109919218198 40.651443823037475, -8.706109977914062 40.65143998471844, -8.706109602510116 40.65143600348476, -8.706108840857857 40.65143193196499, -8.70610774080878 40.65142782278765, -8.70610635021438 40.65142372858126, -8.706104716926157 40.651419701974426, -8.706102888795602 40.65141579559572, -8.706100913674216 40.65141206207367, -8.70609883941349 40.65140855403694, -8.706096713864923 40.651405324114066)",,,,
1,,10587,1,10587_1,"LINESTRING (-8.706087765915578 40.651426193648284, -8.706090466787535 40.651424793076245, -8.706092852720316 40.65142293108705, -8.706094875897717 40.65142070714006, -8.706096488503537 40.651418220694616, -8.706097642721572 40.65141557121008, -8.70609829073562 40.65141285814587, -8.706098384729474 40.65141018096134, -8.706097876886938 40.65140763911596, -8.706096719391804 40.651405332069096)",,,,
1,,10588,1,10588_1,"LINESTRING (-8.706155876539363 40.65143750649832, -8.706151804769565 40.651438746223704, -8.706147645653122 40.65143926961497, -8.706143428605687 40.65143913729725, -8.706139183042916 40.65143840989564, -8.706134938380464 40.65143714803528, -8.706130724033985 40.6514354123412, -8.706126569419135 40.651433263438534, -8.706122503951567 40.651430761952376, -8.706118557046937 40.65142796850779, -8.7061147581209 40.651424943729886, -8.706111136589112 40.65142174824375, -8.706107721867225 40.65141844267449, -8.706104543370898 40.65141508764727, -8.70610163051578 40.651411743787186, -8.706099012717532 40.65140847171943, -8.706096719391804 40.651405332069096)",,,,
1,,10589,1,10589_1,"LINESTRING (-8.706163519215322 40.65143442891636, -8.706159162646268 40.6514357965765, -8.70615462760305 40.651436507555225, -8.706149957508265 40.65143661152115, -8.706145195784508 40.65143615814285, -8.706140385854376 40.651435197088944, -8.706135571140468 40.65143377802793, -8.706130795065379 40.651431950628435, -8.706126101051705 40.65142976455903, -8.706121532522046 40.6514272694882, -8.706117132898996 40.65142451508457, -8.70611294560515 40.65142155101671, -8.706109014063111 40.651418426953185, -8.706105381695473 40.65141519256255, -8.70610209192483 40.65141189751342, -8.70609918817378 40.651408591474386, -8.706096713864923 40.651405324114066)",,,,
1,,10590,1,10590_1,"LINESTRING (-8.706124464260274 40.6514115175465, -8.706120752633755 40.651413558561465, -8.706117619492261 40.6514162777846, -8.706114883609235 40.65141944194291, -8.706112363758125 40.651422817763425, -8.706109878712372 40.651426171973206, -8.706107247245425 40.65142927129935, -8.706104288130728 40.65143188246899, -8.706100820141724 40.65143377220937, -8.706096662051863 40.651434707247645, -8.706092429232081 40.651434693339944, -8.70608825388867 40.651434005379784, -8.706084191115014 40.6514327337886, -8.706080296004506 40.65143096898771, -8.706076623650533 40.651428801398474, -8.706073229146485 40.65142632144236, -8.706070167585752 40.65142361954067, -8.70606749406172 40.65142078611486, -8.706065263667782 40.65141791158628)",,,,
1,,10591,1,10591_1,"LINESTRING (-8.706045952775225 40.65148177100396, -8.706051803581454 40.65147950262505, -8.706057941442387 40.65147719073357, -8.706064145969286 40.651474769262535, -8.706070196773405 40.651472172144885, -8.706075873466002 40.65146933331361, -8.706080955658333 40.651466186701626, -8.706085222961658 40.651462666241905, -8.706088454987231 40.6514587058673, -8.70609043134631 40.65145423951077, -8.706090794431862 40.65144986184411, -8.706089677718104 40.65144564364486, -8.706087376887497 40.651441553130205, -8.7060841876225 40.651437558517486, -8.706080405605574 40.651433628023916, -8.706076326519177 40.651429729866784, -8.706072246045773 40.65142583226331, -8.706068459867822 40.651421903430744, -8.706065263667782 40.65141791158628)",,,,
1,,10592,1,10592_1,"LINESTRING (-8.70606636814251 40.651473550070996, -8.706070040137016 40.65147167219782, -8.706072989005849 40.65146933510141, -8.706075262808232 40.65146659147156, -8.706076909603397 40.65146349399813, -8.706077977450569 40.65146009537101, -8.706078514408974 40.65145644827997, -8.70607856853784 40.651452605414924, -8.706078187896395 40.65144861946571, -8.706077420543867 40.65144454312226, -8.70607631453948 40.65144042907442, -8.706074917942466 40.65143633001214, -8.706073278812047 40.65143229862529, -8.706071445207455 40.651428387603836, -8.706069465187916 40.651424649637704, -8.706067386812656 40.65142113741687, -8.706065258140901 40.651417903631284)",,,,
1,,10593,1,10593_1,"LINESTRING (-8.706056310191556 40.65143877316155, -8.706059011063513 40.65143737258977, -8.706061396996292 40.65143551060092, -8.706063420173694 40.651433286654346, -8.706065032779515 40.65143080020936, -8.70606618699755 40.65142815072533, -8.706066835011596 40.65142543766163, -8.706066929005452 40.65142276047764, -8.706066421162916 40.65142021863271, -8.706065263667782 40.65141791158628)",,,,
1,,10594,1,10594_1,"LINESTRING (-8.706124473418628 40.651450152025475, -8.706120396682902 40.65145139306501, -8.706116232967345 40.65145191634419, -8.706112011656957 40.651451782638304, -8.70610776213674 40.651451052722685, -8.706103513791698 40.65144978737264, -8.706099296006828 40.65144804736349, -8.70609513816713 40.65144589347046, -8.706091069657608 40.65144338646894, -8.70608711986326 40.65144058713415, -8.706083318169089 40.651437556241405, -8.706079693960092 40.651434354566064, -8.706076276621273 40.65143104288337, -8.706073095537633 40.65142768196872, -8.70607018009417 40.65142433259742, -8.706067559675885 40.651421055544816, -8.706065263667782 40.65141791158628)",,,,
1,,10595,1,10595_1,"LINESTRING (-8.706132116094587 40.6514470744441, -8.70612775477012 40.65144844331947, -8.70612321526875 40.65144915409062, -8.706118540991309 40.65144925657847, -8.706113775338624 40.6514488006039, -8.706108961711534 40.65144783598777, -8.706104143510869 40.651446412550925, -8.706099364137463 40.651444580114244, -8.70609466699215 40.65144238849854, -8.706090095475762 40.65143988752468, -8.706085692989129 40.651437127013516, -8.70608150293309 40.65143415678589, -8.706077568708473 40.65143102666264, -8.706073933716114 40.6514277864647, -8.706070641356842 40.6514244860129, -8.706067735031494 40.6514211751281, -8.706065258140901 40.651417903631284)",,,,
1,,10596,1,10596_1,"LINESTRING (-8.706093008536248 40.65142409706252, -8.706089296909731 40.6514261380771, -8.706086163768237 40.65142885729973, -8.706083427885213 40.65143202145745, -8.706080908034101 40.651435397277325, -8.70607842298835 40.651438751486474, -8.706075791521403 40.651441850812034, -8.706072832406706 40.65144446198119, -8.706069364417703 40.65144635172122, -8.70606520632784 40.65144728675931, -8.706060973508059 40.651447272851605, -8.706056798164646 40.6514465848916, -8.706052735390992 40.65144531330062, -8.706048840280484 40.65144354850006, -8.706045167926511 40.65144138091126, -8.706041773422463 40.651438900955604, -8.706038711861728 40.65143619905442, -8.706036038337698 40.65143336562912, -8.706033807943758 40.6514304911011)",,,,
1,,10597,1,10597_1,"LINESTRING (-8.70601454965449 40.651494416522716, -8.706020400495339 40.651492148149586, -8.706026538442819 40.65148983627195, -8.706032743082227 40.651487414818774, -8.706038793998857 40.65148481771904, -8.706044470778 40.6514819789017, -8.706049553004952 40.6514788322957, -8.706053820265002 40.65147531182993, -8.706057052143446 40.65147135143331, -8.706059028225576 40.65146688503474, -8.706059391546379 40.651462499188234, -8.706058272103862 40.651458273250874, -8.70605596619934 40.65145417534122, -8.706052770134129 40.65145017357776, -8.706048980209543 40.651446236079025, -8.706044892726897 40.65144233096348, -8.706040803987507 40.65143842634967, -8.70603701029269 40.65143449035605, -8.706033807943758 40.6514304911011)",,,,
1,,10598,1,10598_1,"LINESTRING (-8.706034965021777 40.6514861955913, -8.706038640836454 40.65148431547714, -8.706041591608226 40.65148197560237, -8.706043865604071 40.65147922871813, -8.706045511090972 40.651476127575634, -8.706046576335906 40.65147272492598, -8.706047109605855 40.651469073520325, -8.706047159167802 40.65146522610984, -8.70604677328872 40.651461235445716, -8.706046000235599 40.651457154279115, -8.706044888275414 40.651453035361264, -8.706043485675146 40.65144893144332, -8.706041840701774 40.651444895276555, -8.706040001622283 40.651440979612204, -8.706038016703648 40.65143723720149, -8.706035934212853 40.65143372079571, -8.70603380241688 40.6514304831461)",,,,
1,,10599,1,10599_1,"LINESTRING (-8.706024854467532 40.651451352672424, -8.70602755533949 40.651449952100926, -8.70602994127227 40.65144809011241, -8.706031964449672 40.65144586616624, -8.706033577055491 40.65144337972174, -8.706034731273526 40.651440730238214, -8.706035379287574 40.651438017175025, -8.70603547328143 40.651435339991544, -8.706034965438892 40.6514327981471, -8.706033807943758 40.6514304911011)",,,,
1,,10600,1,10600_1,"LINESTRING (-8.706093070297895 40.65146279755024, -8.706088988595209 40.65146403990441, -8.706084820279848 40.65146456307195, -8.706080594706117 40.65146442797835, -8.706076341228318 40.65146369554909, -8.706072089200754 40.65146242670975, -8.706067867977728 40.65146068238578, -8.706063706913543 40.65145852350267, -8.706059635362504 40.65145601098592, -8.706055682678913 40.65145320576101, -8.70605187821707 40.651450168753435, -8.706048251331282 40.651446960888705, -8.706044831375852 40.65144364309233, -8.70604164770508 40.65144027628983, -8.706038729673272 40.65143692140676, -8.70603610663473 40.651433639368676, -8.706033807943758 40.6514304911011)",,,,
1,,10601,1,10601_1,"LINESTRING (-8.706100712973852 40.651459719969424, -8.706096346892506 40.65146109006071, -8.706091802931999 40.651461800624965, -8.706087124471336 40.651461901635386, -8.706082354889528 40.65146144306513, -8.706077537565578 40.65146047488729, -8.706072715878497 40.65145904707504, -8.706067933207287 40.65145720960148, -8.706063232930958 40.651455012439726, -8.706058658428518 40.65145250556289, -8.706054253078973 40.651449738944116, -8.706050060261328 40.65144676255652, -8.706046123354593 40.65144362637324, -8.706042485737774 40.651440380367404, -8.706039190789877 40.65143707451215, -8.706036281889908 40.65143375878066, -8.70603380241688 40.6514304831461)",,,,
1,,10602,1,10602_1,"LINESTRING (-8.706061552812226 40.65143667657616, -8.706057841185709 40.651438717590366, -8.706054708044215 40.65144143681248, -8.70605197216119 40.651444600969626, -8.70604945231008 40.651447976788866, -8.706046967264328 40.651451330997354, -8.706044335797381 40.651454430322325, -8.706041376682684 40.651457041491, -8.706037908693679 40.65145893123067, -8.706033750603817 40.65145986626858, -8.706029517784037 40.65145985236088, -8.706025342440624 40.651459164401, -8.706021279666968 40.65145789281028, -8.70601738455646 40.651456128010025, -8.706013712202488 40.651453960421655, -8.706010317698441 40.65145148046645, -8.706007256137706 40.651448778565786, -8.706004582613673 40.65144594514104, -8.706002352219734 40.65144307061355)",,,,
1,,10603,1,10603_1,"LINESTRING (-8.705983146533757 40.65150706203908, -8.705988997409094 40.651504793671734, -8.705995135442798 40.65150248180785, -8.706001340194298 40.65150006037249, -8.706007391223022 40.651497463290596, -8.706013068088389 40.65149462448715, -8.706018150349827 40.651491477887056, -8.706022417566766 40.65148795741527, -8.70602564929863 40.65148399699675, -8.706027625104841 40.65147953055633, -8.706027988660907 40.65147513652994, -8.706026866489642 40.65147090285449, -8.70602455551122 40.65146679754982, -8.706021352645806 40.651462788635655, -8.706017554813567 40.65145884413176, -8.706013458934672 40.65145493205785, -8.706009361929292 40.6514510204337, -8.706005560717589 40.651447077279045, -8.706002352219734 40.65144307061355)",,,,
1,,10604,1,10604_1,"LINESTRING (-8.706003561901042 40.65149884110922, -8.706007241537687 40.65149695875343, -8.706010194213851 40.651494616100024, -8.706012468404293 40.65149186596144, -8.706014112583764 40.65148876115006, -8.706015175227025 40.651485354478304, -8.706015704808824 40.651481698758545, -8.706015749803923 40.651477846803196, -8.706015358687075 40.651473851424704, -8.706014579933035 40.65146976543552, -8.70601346201656 40.65146564164806, -8.706012053412403 40.651461532874805, -8.706010402595322 40.65145749192823, -8.706008558040072 40.6514535716208, -8.706006568221406 40.65144982476505, -8.706004481614082 40.651446304173454, -8.706002346692854 40.65144306265853)",,,,
1,,10605,1,10605_1,"LINESTRING (-8.70599339874351 40.65146393218094, -8.705996099615467 40.65146253160969, -8.705998485548248 40.65146066962156, -8.70600050872565 40.651458445675814, -8.706002121331467 40.651455959231775, -8.706003275549504 40.65145330974874, -8.70600392356355 40.651450596686075, -8.706004017557406 40.65144791950308, -8.70600350971487 40.651445377659094, -8.706002352219734 40.65144307061355)",,,,
1,,10606,1,10606_1,"LINESTRING (-8.70606166717716 40.651475443072584, -8.70605758050649 40.65147668674191, -8.706053407590643 40.65147720979827, -8.706049177753176 40.651477073317366, -8.706044920317654 40.65147633837491, -8.706040664607638 40.65147506604661, -8.706036439946693 40.651473317408154, -8.70603227565838 40.651471153535155, -8.706028201066259 40.65146863550332, -8.706024245493895 40.65146582438836, -8.706020438264849 40.6514627812659, -8.706016808702682 40.65145956721166, -8.70601338613096 40.65145624330134, -8.70601019987324 40.65145287061062, -8.706007279253088 40.651449510215265, -8.706004653594066 40.65144622319101, -8.706002352219734 40.65144307061355)",,,,
1,,10607,1,10607_1,"LINESTRING (-8.706069309853119 40.65147236549238, -8.706064939013427 40.65147373680026, -8.7060603905928 40.65147444715827, -8.706055707948362 40.6514745466919, -8.70605093443723 40.65147408552648, -8.706046113416521 40.65147311378746, -8.706041288243357 40.65147168160023, -8.706036502274856 40.65146983909012, -8.706031798868135 40.65146763638252, -8.70602722138032 40.651465123602826, -8.706022813168522 40.65146235087642, -8.706018617589866 40.65145936832865, -8.70601467800147 40.65145622608492, -8.706011037760451 40.65145297427065, -8.70600774022393 40.6514496630112, -8.706004828749025 40.65144634243204, -8.706002346692854 40.65144306265853)",,,,
1,,10608,1,10608_1,"LINESTRING (-8.706030097088204 40.651449256087446, -8.706026385461685 40.65145129710127, -8.706023252320191 40.65145401632285, -8.706020516437166 40.651457180479404, -8.706017996586056 40.65146055629801, -8.706015511540306 40.65146391050586, -8.706012880073358 40.65146700983027, -8.70600992095866 40.65146962099844, -8.706006452969657 40.65147151073775, -8.706002294879795 40.65147244577546, -8.705998062060013 40.65147243186779, -8.705993886716602 40.65147174390803, -8.705989823942947 40.65147047231754, -8.705985928832437 40.651468707517644, -8.705982256478464 40.65146653992968, -8.705978861974417 40.651464059974934, -8.705975800413682 40.651461358074776, -8.705973126889651 40.651458524650565, -8.705970896495712 40.651455650123644)",,,,
1,,10609,1,10609_1,"LINESTRING (-8.705951743413022 40.65151970755306, -8.70595759432272 40.65151743919146, -8.70596373244233 40.65151512734132, -8.705969937305504 40.65151270592367, -8.7059759884459 40.65151010885953, -8.705981665397172 40.6515072700699, -8.705986747692974 40.65150412347573, -8.70599101486696 40.65150060299797, -8.705994246452786 40.651496642557596, -8.705996221984108 40.65149217607552, -8.705996585775447 40.6514877738692, -8.705995460875451 40.65148353245569, -8.70599314482314 40.65147941975603, -8.70598993515753 40.651475403691165, -8.705986129417646 40.651471452182115, -8.7059820251425 40.651467533149884, -8.705977919871119 40.65146361451538, -8.705974111142515 40.65145966419965, -8.705970896495712 40.651455650123644)",,,,
1,,10610,1,10610_1,"LINESTRING (-8.705972158780307 40.65151148662478, -8.705975842240706 40.65150960202674, -8.705978796822713 40.65150725659443, -8.70598107120888 40.65150450320147, -8.705982714081758 40.651501394721464, -8.705983774123899 40.651497984027976, -8.705984300017857 40.651494323994605, -8.705984340446184 40.65149046749501, -8.705983944091432 40.651486467402755, -8.705983159636155 40.65148237659149, -8.7059820357629 40.65147824793491, -8.705980621154223 40.651474134306596, -8.705978964492678 40.65147008858028, -8.705977114460813 40.65146616362963, -8.705975119741183 40.65146241232833, -8.705973029016338 40.65145888755008, -8.705970890968832 40.651455642168614)",,,,
1,,10611,1,10611_1,"LINESTRING (-8.705961943019487 40.65147651168711, -8.705964643891443 40.651475111116085, -8.705967029824224 40.65147324912831, -8.705969053001626 40.65147102518298, -8.705970665607445 40.65146853873942, -8.70597181982548 40.65146588925689, -8.705972467839528 40.65146317619472, -8.705972561833383 40.651460499012224, -8.705972053990847 40.65145795716875, -8.705970896495712 40.651455650123644)",,,,
1,,10612,1,10612_1,"LINESTRING (-8.706030264056425 40.651488088592544, -8.706026172416752 40.651489333577466, -8.70602199489973 40.65148985652312, -8.70601776079814 40.65148971865536, -8.706013499404758 40.651488981200124, -8.706009240012362 40.65148770538321, -8.706005011913732 40.65148595243052, -8.706000844401643 40.65148378356789, -8.705996766768878 40.65148126002116, -8.705992808308212 40.65147844301616, -8.705988998312423 40.651475393778796, -8.705985366074291 40.65147217353492, -8.705981940886595 40.65146884351037, -8.705978752042109 40.65146546493105, -8.705975828833616 40.6514620990229, -8.70597320055389 40.651458807011764, -8.705970896495712 40.651455650123644)",,,,
1,,10613,1,10613_1,"LINESTRING (-8.706037906732384 40.65148501101292, -8.706033531132885 40.651486383538064, -8.706028978251165 40.651487093690534, -8.706024291422393 40.651487191747954, -8.706019513981738 40.651486727988015, -8.706014689264371 40.6514857526883, -8.70600986060546 40.651484316126485, -8.706005071340176 40.65148246858013, -8.706000364803689 40.65148026032694, -8.705995784331169 40.65147774164447, -8.705991373257783 40.65147496281033, -8.705987174918704 40.65147197410221, -8.705983232649098 40.651468825797686, -8.70597958978414 40.6514655681744, -8.705976289658997 40.65146225151004, -8.705973375608837 40.65145892608221, -8.705970890968832 40.651455642168614)",,,,
1,,10614,1,10614_1,"LINESTRING (-8.705998641364182 40.651461835596365, -8.705994929737663 40.651463876609775, -8.70599179659617 40.651466595830875, -8.705989060713144 40.651469759986824, -8.705986540862034 40.65147313580479, -8.70598405581628 40.65147649001203, -8.705981424349334 40.65147958933583, -8.705978465234637 40.651482200503516, -8.705974997245633 40.65148409024247, -8.705970839155771 40.651485025280024, -8.70596660633599 40.65148501137233, -8.705962430992578 40.6514843234127, -8.705958368218923 40.65148305182246, -8.705954473108415 40.6514812870229, -8.705950800754442 40.651479119435336, -8.705947406250395 40.651476639481054, -8.70594434468966 40.65147393758141, -8.705941671165629 40.65147110415773, -8.70593944077169 40.651468229631334)",,,,
1,,10615,1,10615_1,"LINESTRING (-8.705920340292288 40.65153235306462, -8.70592619123622 40.65153008470874, -8.705932329441413 40.65152777287229, -8.705938534415848 40.6515253514723, -8.705944585667504 40.65152275442587, -8.70595026270436 40.651519915650006, -8.705955345034395 40.651516769061715, -8.70595961216559 40.651513248578, -8.705962843605922 40.651509288115896, -8.705964818863373 40.6515048215923, -8.705965182889999 40.651500411206044, -8.705964055261283 40.65149616205446, -8.705961734135096 40.6514920419598, -8.705958517669306 40.65148801874428, -8.705954704021778 40.65148406023012, -8.705950591350383 40.65148013423955, -8.705946477812992 40.65147620859477, -8.705942661567471 40.65147225111796, -8.70593944077169 40.651468229631334)",,,,
1,,10616,1,10616_1,"LINESTRING (-8.705940755659574 40.65152413213789, -8.705944442945508 40.65152224529703, -8.705947399434798 40.65151989708554, -8.705949674017814 40.651517140438244, -8.70595131558493 40.65151402828979, -8.705952373026511 40.651510613574985, -8.705952895232933 40.65150694922855, -8.705952931094563 40.65150308818521, -8.705952529501774 40.65149908337978, -8.705951739344934 40.65149498774703, -8.705950609514417 40.65149085422173, -8.705949188900592 40.6514867357387, -8.705947526393826 40.65148268523272, -8.705945670884496 40.65147875563866, -8.70594367126297 40.65147499989135, -8.705941576419617 40.65147147092561, -8.70593943524481 40.65146822167634)",,,,
1,,10617,1,10617_1,"LINESTRING (-8.705930487295465 40.651489091190854, -8.705933188167421 40.651487690620144, -8.7059355741002 40.651485828632694, -8.705937597277602 40.65148360468777, -8.705939209883423 40.651481118244675, -8.705940364101458 40.651478468762654, -8.705941012115504 40.651475755701014, -8.70594110610936 40.651473078519004, -8.705940598266825 40.65147053667601, -8.70593944077169 40.651468229631334)",,,,
1,,10618,1,10618_1,"LINESTRING (-8.705998860935692 40.65150073411011, -8.705994764325997 40.65150198041112, -8.705990582207122 40.651502503246526, -8.705986343841017 40.65150236399235, -8.705982078489637 40.6515016240247, -8.705977815414931 40.65150034471955, -8.705973583878848 40.65149858745294, -8.705969413143341 40.65149641360086, -8.705965332470363 40.65149388453937, -8.705961371121864 40.65149106164445, -8.705957558359794 40.651488006292126, -8.705953923446108 40.65148477985846, -8.705950495642753 40.65148144371943, -8.705947304211684 40.65147805925115, -8.705944378414848 40.65147468782965, -8.7059417475142 40.65147139083102, -8.70593944077169 40.651468229631334)",,,,
1,,10619,1,10619_1,"LINESTRING (-8.70600650361165 40.65149765653107, -8.706002123250892 40.65149903027419, -8.705997565907104 40.65149974022173, -8.705992874893443 40.651499836803595, -8.70598809352307 40.65149937044965, -8.705983265109142 40.651498391589755, -8.70597843296482 40.65149695065378, -8.70597364040326 40.651495098071564, -8.705968930737622 40.65149288427297, -8.705964347281068 40.65149035968779, -8.705959933346753 40.65148757474594, -8.705955732247837 40.65148457987721, -8.70595178729748 40.65148142551152, -8.70594814180884 40.65147816207868, -8.705944839095075 40.65147484000863, -8.705941922469345 40.651471509731195, -8.70593943524481 40.65146822167634)",,,,
1,,10620,1,10620_1,"LINESTRING (-8.705967185640157 40.65147441510289, -8.70596347401364 40.651476456115944, -8.705960340872146 40.65147917533654, -8.705957604989122 40.65148233949187, -8.70595508513801 40.65148571530918, -8.705952600092258 40.651489069515804, -8.705949968625312 40.65149216883902, -8.705947009510615 40.651494780006225, -8.705943541521611 40.651496669744795, -8.70593938343175 40.65149760478217, -8.705935150611968 40.6514975908745, -8.705930975268556 40.651496902915, -8.7059269124949 40.65149563132499, -8.705923017384393 40.651493866525755, -8.70591934503042 40.65149169893861, -8.705915950526371 40.65148921898481, -8.705912888965637 40.65148651708569, -8.705910215441607 40.65148368366252, -8.705907985047666 40.651480809136665)",,,,
1,,10621,1,10621_1,"LINESTRING (-8.705888937171554 40.65154499857381, -8.705894788149593 40.65154273022361, -8.705900926440053 40.65154041840077, -8.705907131525336 40.651537997018416, -8.705913182887839 40.65153539998959, -8.70591886000996 40.65153256122744, -8.705923942374103 40.651529414645026, -8.705928209462664 40.65152589415541, -8.705931440758043 40.651521933671624, -8.705933415742638 40.6515174671067, -8.705933780004564 40.65151304854047, -8.705932649647144 40.651508791650826, -8.705930323447092 40.65150466416117, -8.705927100181126 40.651500633795, -8.705923278625963 40.65149666827579, -8.70591915755832 40.651492735326904, -8.705915035754913 40.6514888026718, -8.705911211992456 40.65148483803393, -8.705907985047666 40.651480809136665)",,,,
1,,10622,1,10622_1,"LINESTRING (-8.70590935253884 40.65153677764863, -8.705913043652084 40.65153488856431, -8.705916002050095 40.6515325375734, -8.705918276831085 40.651529777671705, -8.705919917093263 40.65152666185508, -8.705920971934841 40.65152324311934, -8.705921490454028 40.6515195744603, -8.705921521749037 40.651515708873866, -8.705921114918075 40.651511699355844, -8.705920319059357 40.65150759890211, -8.70591918327109 40.65150346050855, -8.705917756651488 40.65149933717105, -8.705916088298757 40.651495281885516, -8.705914227311112 40.65149134764789, -8.705912222786761 40.65148758745406, -8.705910123823916 40.65148405430001, -8.705907979520788 40.65148080118166)",,,,
1,,10623,1,10623_1,"LINESTRING (-8.705899031571441 40.65150167069227, -8.7059017324434 40.65150027012178, -8.705904118376179 40.65149840813469, -8.70590614155358 40.65149618419023, -8.7059077541594 40.65149369774758, -8.705908908377435 40.651491048266074, -8.705909556391482 40.65148833520492, -8.705909650385339 40.65148565802342, -8.7059091425428 40.651483116180906, -8.705907985047666 40.651480809136665)",,,,
1,,10624,1,10624_1,"LINESTRING (-8.705967457814957 40.65151337962528, -8.705963356234228 40.65151462724286, -8.705959169512822 40.651515149968446, -8.70595492688182 40.651515009328314, -8.705950657572302 40.651514266848636, -8.705946390815352 40.65151298405559, -8.70594215584205 40.65151122247536, -8.705937981883482 40.651509043634086, -8.705933898170722 40.651506509057974, -8.705929933934856 40.65150368027317, -8.705926118406966 40.65150061880589, -8.705922480818131 40.65149738618227, -8.705919050399435 40.651494043928544, -8.70591585638196 40.65149065357087, -8.705912927996785 40.65148727663553, -8.705910294474993 40.6514839746487, -8.705907985047666 40.651480809136665)",,,,
1,,10625,1,10625_1,"LINESTRING (-8.705975100490916 40.65151030204683, -8.705970715367448 40.651511677008585, -8.705966153560622 40.651512386751875, -8.705961458361518 40.65151248185878, -8.70595667306123 40.65151201291144, -8.705951840950842 40.65151103049184, -8.70594700532144 40.65150958518215, -8.70594220946411 40.65150772756435, -8.705937496669941 40.651505508220545, -8.705932910230022 40.65150297773279, -8.705928493435433 40.65150018668314, -8.705924289577268 40.65149718565367, -8.705920341946609 40.65149402522643, -8.705916693834544 40.6514907559835, -8.705913388532162 40.65148742850699, -8.705910469330547 40.651484093379004, -8.705907979520788 40.65148080118166)",,,,
1,,10626,1,10626_1,"LINESTRING (-8.705935729916135 40.65148699460707, -8.705932018289618 40.65148903561972, -8.705928885148124 40.65149175483978, -8.705926149265098 40.65149491899453, -8.705923629413988 40.651498294811226, -8.705921144368236 40.65150164901719, -8.70591851290129 40.65150474833982, -8.705915553786593 40.65150735950654, -8.705912085797587 40.65150924924478, -8.705907927707726 40.65151018428198, -8.705903694887946 40.65151017037431, -8.705899519544532 40.65150948241494, -8.705895456770877 40.651508210825156, -8.70589156166037 40.651506446026275, -8.705887889306396 40.6515042784395, -8.70588449480235 40.651501798486166, -8.705881433241615 40.65149909658756, -8.705878759717582 40.65149626316495, -8.705876529323643 40.65149338863963)",,,,
1,,10627,1,10627_1,"LINESTRING (-8.70585753405082 40.65155764408058, -8.70586338506284 40.65155537573608, -8.705869523438253 40.65155306392681, -8.705875728633972 40.65155064256196, -8.705881780106912 40.65154804555071, -8.705887457313986 40.65154520680223, -8.705892539712108 40.651542060225665, -8.705896806758194 40.65153853973015, -8.705900037909155 40.65153457922479, -8.705902012621905 40.651530112618694, -8.705902377119141 40.651525685872485, -8.705901244033027 40.65152142124475, -8.705898912759125 40.65151728636013, -8.705895682692995 40.651513248843365, -8.705891853230204 40.65150927631906, -8.70588772376631 40.65150533641189, -8.705883593696877 40.65150139674651, -8.705879762417467 40.651497424947536, -8.705876529323643 40.65149338863963)",,,,
1,,10628,1,10628_1,"LINESTRING (-8.705877949418104 40.65154942315696, -8.705881644360428 40.65154753182862, -8.705884604668594 40.65154517805798, -8.705886879648673 40.65154241490192, -8.705888518606741 40.65153929541732, -8.705889570848868 40.651535872661036, -8.705890085681123 40.651532199689946, -8.705890112409584 40.65152832956094, -8.705889700340318 40.65152431533089, -8.705888898779401 40.65152021005673, -8.705887757032903 40.65151606679532, -8.705886324406897 40.65151193860368, -8.705884650207453 40.651507878538666, -8.705882783740647 40.6515039396573, -8.705880774312549 40.6515001750165, -8.705878671229229 40.65149663767328, -8.705876523796762 40.65149338068463)",,,,
1,,10629,1,10629_1,"LINESTRING (-8.705867575847419 40.65151425019128, -8.705870276719375 40.65151284962108, -8.705872662652157 40.651510987634346, -8.705874685829558 40.65150876369029, -8.705876298435376 40.65150627724813, -8.705877452653413 40.6515036277671, -8.705878100667459 40.65150091470645, -8.705878194661315 40.65149823752549, -8.705877686818779 40.65149569568344, -8.705876529323643 40.65149338863963)",,,,
1,,10630,1,10630_1,"LINESTRING (-8.705936054694224 40.651526025138054, -8.705931948141451 40.65152727407265, -8.705927756816836 40.651527796688924, -8.70592350992055 40.65152765466324, -8.705919236652761 40.651526909671944, -8.705914966213637 40.65152562339133, -8.70591072780335 40.65152385749778, -8.705906550622066 40.65152167366754, -8.705902463869956 40.651519133576954, -8.70589849674719 40.65151629890238, -8.705894678453935 40.65151323132006, -8.705891038190362 40.65150999250637, -8.70588760515664 40.65150664413763, -8.705884408552938 40.65150324789025, -8.705881477579425 40.65149986544052, -8.70587884143627 40.65149655846485, -8.705876529323643 40.65149338863963)",,,,
1,,10631,1,10631_1,"LINESTRING (-8.70594369737018 40.651522947560196, -8.705939307482561 40.65152432374127, -8.705934741211726 40.65152503328096, -8.705930041826633 40.65152512691354, -8.705925252596233 40.65152465537331, -8.705920416789482 40.65152366939456, -8.705915577675333 40.651522219711524, -8.705910778522739 40.65152035705851, -8.705906062600654 40.65151813216972, -8.70590147317803 40.65151559577947, -8.705897053523827 40.65151279862195, -8.705892846906993 40.651509791431494, -8.705888896596484 40.65150662494235, -8.705885245861252 40.651503349888806, -8.705881937970252 40.65150001700512, -8.705879016192439 40.65149667702562, -8.705876523796762 40.65149338068463)",,,,
1,,10632,1,10632_1,"LINESTRING (-8.705904274192113 40.65149957410886, -8.705900562565594 40.651501615121134, -8.7058974294241 40.65150433434068, -8.705894693541074 40.65150749849482, -8.705892173689966 40.65151087431088, -8.705889688644215 40.651514228516234, -8.705887057177266 40.65151732783828, -8.705884098062569 40.65151993900449, -8.705880630073565 40.651521828742375, -8.705876471983704 40.6515227637794, -8.705872239163922 40.651522749871724, -8.70586806382051 40.65152206191248, -8.705864001046855 40.65152079032295, -8.705860105936345 40.65151902552438, -8.705856433582372 40.65151685793804, -8.705853039078326 40.65151437798518, -8.705849977517591 40.65151167608706, -8.70584730399356 40.65150884266499, -8.70584507359962 40.65150596814022)",,,,
1,,10633,1,10633_1,"LINESTRING (-8.705826130930086 40.65157028958497, -8.70583198197596 40.65156802124611, -8.705838120436011 40.651565709450374, -8.70584432574176 40.65156328810298, -8.70585037732473 40.65156069110922, -8.705856054616442 40.651557852374374, -8.705861137048421 40.65155470580361, -8.705865404052187 40.65155118530221, -8.705868635059263 40.6515472247754, -8.70587060950117 40.65154275812829, -8.705870974233731 40.651538323202054, -8.705869838418936 40.65153405083623, -8.705867502071195 40.6515299085567, -8.705864265204912 40.651525863889304, -8.705860427834496 40.65152188435997, -8.705856289974353 40.65151793749456, -8.705852151638888 40.651513990818884, -8.705848312842509 40.65151001185882, -8.70584507359962 40.65150596814022)",,,,
1,,10634,1,10634_1,"LINESTRING (-8.705846546297371 40.65156206866292, -8.705850245070534 40.65156017508989, -8.705853207290282 40.6515578185393, -8.705855482470566 40.65155505212887, -8.705857120125344 40.65155192897653, -8.70585816976857 40.65154850220007, -8.705858680914197 40.65154482491743, -8.705858703076181 40.651540950246435, -8.70585828576848 40.651536931304946, -8.705857478505047 40.651532821210864, -8.705856330799836 40.65152867308211, -8.705854892166803 40.65152454003657, -8.705853212119905 40.65152047519217, -8.705851340173092 40.65151653166689, -8.705849325840324 40.65151276257866, -8.705847218635556 40.65150922104545, -8.70584506807274 40.6515059601852)",,,,
1,,10635,1,10635_1,"LINESTRING (-8.705836120123395 40.65152682968794, -8.705838820995352 40.65152542911801, -8.705841206928133 40.65152356713161, -8.705843230105534 40.65152134318796, -8.705844842711354 40.651518856746286, -8.705845996929389 40.651516207265736, -8.705846644943437 40.65151349420562, -8.705846738937293 40.65151081702517, -8.705846231094755 40.65150827518357, -8.70584507359962 40.65150596814022)",,,,
1,,10636,1,10636_1,"LINESTRING (-8.705904651573489 40.65153867064844, -8.705900540047669 40.65153992090052, -8.705896344119173 40.651540443407924, -8.705892092957221 40.651540299997116, -8.705887815731021 40.65153955249458, -8.705883541609792 40.65153826272679, -8.705879299762747 40.65153649252017, -8.705875119359103 40.6515343037012, -8.70587102956807 40.65153175809632, -8.705867059558866 40.65152891753196, -8.705863238500703 40.651525843834605, -8.705859595562798 40.65152259883072, -8.705856159914362 40.651519244346765, -8.705852960724613 40.65151584220923, -8.705850027162764 40.651512454244624, -8.705847388398027 40.65150914227942, -8.70584507359962 40.65150596814022)",,,,
1,,10637,1,10637_1,"LINESTRING (-8.705912294249448 40.651535593071145, -8.705907899596234 40.65153697047223, -8.705903328860428 40.651537679808975, -8.705898625288794 40.65153777196783, -8.705893832128089 40.65153729783532, -8.705888992625074 40.651536308297864, -8.705884150026506 40.65153485424195, -8.705879347579149 40.65153298655399, -8.705874628529761 40.65153075612045, -8.705870036125104 40.65152821382775, -8.705865613611934 40.65152541056238, -8.705861404237012 40.651522397210755, -8.7058574512471 40.65151922465934, -8.705853797888958 40.65151594379459, -8.705850487409343 40.651512605503, -8.705847563055018 40.65150926067104, -8.70584506807274 40.6515059601852)",,,,
1,,10638,1,10638_1,"LINESTRING (-8.705872818468091 40.65151215360829, -8.705869106841572 40.65151419462018, -8.705865973700078 40.65151691383922, -8.705863237817052 40.65152007799277, -8.705860717965942 40.651523453808196, -8.705858232920189 40.65152680801289, -8.705855601453242 40.65152990733435, -8.705852642338545 40.651532518500076, -8.705849174349542 40.6515344082376, -8.70584501625968 40.651535343274446, -8.705840783439898 40.65153532936677, -8.705836608096487 40.65153464140768, -8.705832545322831 40.65153336981838, -8.705828650212323 40.65153160502014, -8.70582497785835 40.65152943743421, -8.705821583354304 40.65152695748181, -8.705818521793569 40.6515242555842, -8.705815848269538 40.65152142216266, -8.705813617875599 40.65151854763843)",,,,
1,,10639,1,10639_1,"LINESTRING (-8.705794727809351 40.65158293508696, -8.705800578888956 40.65158066675375, -8.705806717433333 40.65157835497145, -8.705812922848706 40.65157593364148, -8.705818974541298 40.65157333666512, -8.705824651917338 40.651570497943844, -8.705829734383046 40.65156735137888, -8.70583400134465 40.65156383087166, -8.70583723220837 40.65155987032342, -8.705839206380436 40.6515554036355, -8.705839571348331 40.651550960529235, -8.705838432804871 40.65154668042533, -8.705836091383302 40.651542530750845, -8.705832847716877 40.65153847893288, -8.705829002438842 40.65153449239854, -8.705824856182447 40.65153053857486, -8.705820709580943 40.65152658488891, -8.705816863267577 40.65152259876777, -8.705813617875599 40.65151854763843)",,,,
1,,10640,1,10640_1,"LINESTRING (-8.705815143176636 40.651574714166465, -8.705818845782398 40.65157281834822, -8.705821809915149 40.651570459017336, -8.705824085296749 40.65156768935256, -8.705825721649054 40.65156456253269, -8.705826768693928 40.65156113173649, -8.705827276153226 40.651557450142775, -8.705827293748811 40.651553570930325, -8.70582687120254 40.65154954727798, -8.705826058236275 40.65154543236452, -8.705824904571871 40.651541279368836, -8.705823459931192 40.65153714146971, -8.705821774036096 40.65153307184603, -8.70581989660844 40.65152912367669, -8.705817877370086 40.65152535014052, -8.70581576604289 40.651521804416475, -8.705813612348718 40.65151853968343)",,,,
1,,10641,1,10641_1,"LINESTRING (-8.705804664399373 40.65153940918222, -8.70580736527133 40.651538008612555, -8.705809751204109 40.65153614662653, -8.70581177438151 40.651533922683285, -8.705813386987332 40.651531436242074, -8.705814541205367 40.651528786762036, -8.705815189219413 40.65152607370243, -8.70581528321327 40.65152339652246, -8.705814775370733 40.65152085468137, -8.705813617875599 40.65151854763843)",,,,
1,,10642,1,10642_1,"LINESTRING (-8.705873248452754 40.651551316156414, -8.705869131952884 40.65155256772649, -8.705864931419837 40.65155309012547, -8.705860675991834 40.651552945329954, -8.705856394807093 40.65155219531659, -8.705852117003825 40.651550902061935, -8.705847871720255 40.651549127542566, -8.705843688094598 40.65154693373508, -8.70583959526507 40.65154438261604, -8.70583562236989 40.65154153616201, -8.705831798547273 40.65153845634956, -8.705828152935437 40.65153520515533, -8.705824714672602 40.651531844555876, -8.705821512896984 40.651528436527826, -8.705818576746797 40.651525043047805, -8.705815935360263 40.65152172609247, -8.705813617875599 40.65151854763843)",,,,
1,,10643,1,10643_1,"LINESTRING (-8.705880891128713 40.6515482385797, -8.705876491708471 40.65154961720148, -8.705871916506736 40.651550326335915, -8.705867208748014 40.651550417021674, -8.705862411656806 40.65154994029744, -8.705857568457626 40.65154894720178, -8.705852722374972 40.651547488773375, -8.705847916633353 40.65154561605082, -8.705843194457273 40.65154338007273, -8.705838599071239 40.65154083187772, -8.705834173699754 40.651538022504404, -8.705829961567327 40.65153500299138, -8.70582600589846 40.651531824377344, -8.70582234991766 40.65152853770086, -8.705819036849434 40.6515251940006, -8.705816109918285 40.65152184431524, -8.705813612348718 40.65151853968343)",,,,
1,,10644,1,10644_1,"LINESTRING (-8.705841362744065 40.651524733105326, -8.705837651117548 40.651526774116824, -8.705834517976054 40.65152949333536, -8.70583178209303 40.65153265748833, -8.705829262241918 40.65153603330309, -8.705826777196167 40.65153938750718, -8.70582414572922 40.65154248682805, -8.705821186614523 40.65154509799329, -8.70581771862552 40.65154698773046, -8.705813560535658 40.65154792276713, -8.705809327715876 40.651547908859456, -8.705805152372465 40.65154722090049, -8.70580108959881 40.65154594931142, -8.705797194488301 40.65154418451353, -8.705793522134329 40.65154201692801, -8.70579012763028 40.651539536976074, -8.705787066069545 40.65153683507899, -8.705784392545516 40.651534001657964, -8.705782162151575 40.65153112713429)",,,,
1,,10645,1,10645_1,"LINESTRING (-8.705763324688617 40.65159558058656, -8.705769175801828 40.65159331225895, -8.705775314430221 40.651591000490086, -8.705781519954813 40.65158857917739, -8.705787571756629 40.651585982218435, -8.705793249216683 40.65158314351064, -8.705798331715998 40.65157999695148, -8.705802598635593 40.65157647643846, -8.705805829356487 40.65157251586892, -8.705807803259702 40.651568049140316, -8.705808168462944 40.65156359785399, -8.70580702719083 40.65155931001197, -8.705804680695447 40.65155515294258, -8.705801430228888 40.651551093974085, -8.705797577043239 40.65154710043474, -8.705793422390595 40.65154313965285, -8.705789267523043 40.651539178956625, -8.705785413692674 40.65153518567435, -8.705782162151575 40.65153112713429)",,,,
1,,10646,1,10646_1,"LINESTRING (-8.705783740055901 40.65158735966759, -8.70578744649601 40.651585461603545, -8.705790412543184 40.65158309949212, -8.705792688127202 40.651580326572976, -8.705794323177852 40.651577196085796, -8.705795367624921 40.65157376127024, -8.705795871398191 40.65157007536596, -8.705795884427449 40.65156619161267, -8.705795456642477 40.65156216325002, -8.705794637973062 40.65155804351772, -8.70579347834899 40.6515538856555, -8.705792027700046 40.651549742903086, -8.705790335956012 40.6515456685002, -8.705788453046676 40.65154171568661, -8.70578642890182 40.65153793770209, -8.705784313451232 40.651534387786356, -8.705782156624696 40.65153111917927)",,,,
1,,10647,1,10647_1,"LINESTRING (-8.70577320867535 40.65155198867414, -8.705775909547308 40.651550588104726, -8.705778295480087 40.65154872611904, -8.705780318657489 40.65154650217625, -8.705781931263308 40.65154401573549, -8.705783085481343 40.65154136625596, -8.705783733495391 40.651538653196845, -8.705783827489247 40.651535976017406, -8.70578331964671 40.65153343417678, -8.705782162151575 40.65153112713429)",,,,
1,,10648,1,10648_1,"LINESTRING (-8.705841845332019 40.65156396166199, -8.705837723857101 40.65156521455052, -8.705833518718835 40.65156573684152, -8.705829259024403 40.65156559066175, -8.705824973880981 40.65156483813793, -8.705820692395747 40.65156354139678, -8.70581644367588 40.65156176256494, -8.705812256828558 40.65155956376917, -8.70580816096096 40.651557007136084, -8.705804185180261 40.651554154792436, -8.705800358593644 40.651551068864904, -8.705796710308283 40.65154781148016, -8.705793269431357 40.651544444764994, -8.705790065070046 40.65154103084604, -8.705787126331526 40.651537631850104, -8.705784482322976 40.65153430990394, -8.705782162151575 40.65153112713429)",,,,
1,,10649,1,10649_1,"LINESTRING (-8.705849488007978 40.65156088408586, -8.705845083819279 40.65156226392898, -8.705840504150656 40.65156297286177, -8.705835792204299 40.651563062075056, -8.7058309911824 40.65156258275961, -8.70582614428715 40.65156158610626, -8.705821294720739 40.651560123305806, -8.705816485685354 40.65155824554897, -8.705811760383192 40.651556004026546, -8.705807162016441 40.65155344992928, -8.705802733787289 40.65155063444798, -8.705798518897932 40.65154760877341, -8.705794560550558 40.65154442409635, -8.705790901947354 40.651541131607594, -8.705787586290516 40.65153778249796, -8.705784656782233 40.65153442795824, -8.705782156624696 40.65153111917927)",,,,
1,,10650,1,10650_1,"LINESTRING (-8.705809907020043 40.65153731260001, -8.705806195393526 40.65153935361114, -8.705803062252032 40.65154207282914, -8.705800326369006 40.6515452369815, -8.705797806517896 40.651548612795644, -8.705795321472145 40.651551966999094, -8.705792690005199 40.65155506631938, -8.705789730890501 40.651557677484114, -8.705786262901496 40.651559567220936, -8.705782104811634 40.651560502257446, -8.705777871991854 40.65156048834977, -8.705773696648441 40.65155980039091, -8.705769633874786 40.65155852880212, -8.705765738764278 40.65155676400454, -8.705762066410305 40.65155459641942, -8.705758671906258 40.65155211646797, -8.705755610345523 40.65154941457137, -8.705752936821492 40.651546581150896, -8.705750706427551 40.65154370662776)",,,,
1,,10651,1,10651_1,"LINESTRING (-8.705731921567882 40.65160822608374, -8.705737772714576 40.65160595776176, -8.705743911426676 40.65160364600622, -8.70575011706009 40.65160122471081, -8.705756168970723 40.65159862776913, -8.705761846514484 40.65159578907482, -8.70576692904728 40.651592642521436, -8.705771195925022 40.651589122002584, -8.705774426503616 40.65158516141182, -8.705776400138967 40.65158069464272, -8.70577676557757 40.65157623517631, -8.705775621576814 40.6515719395962, -8.70577327000763 40.651567775131895, -8.705770012740945 40.651563709012876, -8.70576615164769 40.65155970846858, -8.705761988598793 40.6515557407285, -8.705757825465186 40.65155177302203, -8.705753964117797 40.65154777257862, -8.705750706427551 40.65154370662776)",,,,
1,,10652,1,10652_1,"LINESTRING (-8.705752336935168 40.65160000516635, -8.705756047211368 40.651598104855864, -8.705759015174372 40.651595739963646, -8.705761290961913 40.65159296379015, -8.705762924711722 40.651589829635896, -8.70576396656153 40.65158639080132, -8.70576446664907 40.651582700587, -8.705764475112073 40.65157881229339, -8.705764042088271 40.65157477922104, -8.705763217715393 40.65157065467043, -8.705762052131176 40.65156649194214, -8.705760595473349 40.65156234433671, -8.705758897879642 40.6515582651547, -8.70575700948779 40.65155430769671, -8.705754980435524 40.651550525263325, -8.705752860860574 40.65154697115512, -8.705750700900671 40.65154369867276)",,,,
1,,10653,1,10653_1,"LINESTRING (-8.705741752951328 40.65156456816367, -8.705744453823284 40.65156316759453, -8.705746839756065 40.6515613056092, -8.705748862933467 40.65155908166682, -8.705750475539284 40.65155659522652, -8.705751629757321 40.6515539457475, -8.705752277771367 40.65155123268892, -8.705752371765223 40.65154855550993, -8.705751863922687 40.651546013669815, -8.705750706427551 40.65154370662776)",,,,
1,,10654,1,10654_1,"LINESTRING (-8.705810442211286 40.65157660716518, -8.705806315760325 40.651577861372594, -8.705802106016176 40.651578383556085, -8.705797842054933 40.651578235992474, -8.705793552952697 40.651577480958615, -8.705789267785564 40.65157618073127, -8.705785015629626 40.65157439758728, -8.70578082556099 40.65157219380341, -8.705776726655742 40.65156963165649, -8.705772747989986 40.65156677342327, -8.705768918639816 40.6515636813806, -8.70576526768133 40.65156041780525, -8.705761824190624 40.651557044974055, -8.705758617243797 40.65155362516385, -8.705755675916945 40.6515502206515, -8.705753029286164 40.651546893713856, -8.705750706427551 40.65154370662776)",,,,
1,,10655,1,10655_1,"LINESTRING (-8.705818084887243 40.65157352958966, -8.705813675928663 40.65157491065477, -8.705809091792197 40.65157561938655, -8.705804375657666 40.651575707127925, -8.70579957070488 40.651575225221904, -8.705794720113657 40.65157422501135, -8.705789867063812 40.65157275783921, -8.705785054735165 40.65157087504842, -8.705780326307526 40.65156862798185, -8.705775724960713 40.65156606798247, -8.705771293874543 40.65156324639313, -8.705767076228828 40.65156021455679, -8.70576311520339 40.651557023816366, -8.705759453978038 40.6515537255148, -8.70575613573259 40.651550370995025, -8.705753203646863 40.651547011600044, -8.705750700900671 40.65154369867276)",,,,
1,,10656,1,10656_1,"LINESTRING (-8.705778451296021 40.65154989209232, -8.705774739669502 40.651551933103036, -8.705771606528009 40.65155465232058, -8.705768870644983 40.65155781647232, -8.705766350793875 40.65156119228583, -8.705763865748123 40.65156454648865, -8.705761234281175 40.65156764580835, -8.705758275166477 40.651570256972605, -8.705754807177474 40.651572146709064, -8.705750649087612 40.651573081745376, -8.705746416267832 40.651573067837695, -8.705742240924419 40.651572379878985, -8.705738178150764 40.651571108290426, -8.705734283040254 40.65156934349318, -8.705730610686281 40.65156717590847, -8.705727216182234 40.6515646959575, -8.7057241546215 40.6515619940614, -8.705721481097468 40.65155916064145, -8.70571925070353 40.65155628611887)",,,,
1,,10657,1,10657_1,"LINESTRING (-8.705700518447149 40.65162087157856, -8.705706369627203 40.65161860326212, -8.705712508422703 40.651616291519915, -8.705718714164535 40.651613870241704, -8.70572476618359 40.65161127331725, -8.705730443810753 40.65160843463632, -8.705735526376909 40.65160528808869, -8.70573979321295 40.65160176756406, -8.705743023649763 40.65159780695219, -8.705744997018234 40.651593340142746, -8.705745362692205 40.65158887249621, -8.705744215962822 40.65158456917801, -8.705741859319847 40.65158039731884, -8.705738595253047 40.6515763240493, -8.705734726252192 40.65157231650007, -8.705730554807046 40.65156834180178, -8.705726383407375 40.65156436708506, -8.705722514542947 40.65156035948054, -8.70571925070353 40.65155628611887)",,,,
1,,10658,1,10658_1,"LINESTRING (-8.705720933814433 40.65161265066271, -8.705724647928463 40.65161074810521, -8.705727617808707 40.65160838043191, -8.705729893800868 40.65160560100408, -8.705731526250643 40.65160246318295, -8.705732565503736 40.651599020329776, -8.70573306190584 40.65159532580591, -8.705733065802663 40.651591432972545, -8.705732627539899 40.65158739519103, -8.705731797463248 40.65158326582264, -8.705730625918411 40.65157909822871, -8.705729163251087 40.65157494577056, -8.705727459806974 40.6515708618095, -8.705725565931775 40.651566899706935, -8.705723531971188 40.651563112824235, -8.705721408270914 40.651559554522734, -8.705719245176649 40.651556278163866)",,,,
1,,10659,1,10659_1,"LINESTRING (-8.705710297227304 40.65157714765083, -8.70571299809926 40.65157574708198, -8.705715384032041 40.651573885097, -8.705717407209443 40.651571661155, -8.705719019815263 40.651569174715206, -8.705720174033297 40.651566525236646, -8.705720822047345 40.651563812178594, -8.705720916041201 40.65156113500013, -8.705720408198664 40.651558593160495, -8.70571925070353 40.65155628611887)",,,,
1,,10660,1,10660_1,"LINESTRING (-8.705779039090553 40.65158925266598, -8.705774907662558 40.65159050819276, -8.70577069331186 40.65159103026918, -8.705766425083432 40.65159088132218, -8.70576213202225 40.65159012377861, -8.70575784317328 40.65158882006548, -8.705753587581505 40.65158703260958, -8.705749394291894 40.65158482383785, -8.705745292349421 40.65158225617721, -8.705741310799063 40.65157939205449, -8.70573747868579 40.65157629389665, -8.70573382505458 40.65157302413054, -8.705730378950404 40.65156964518311, -8.705727169418237 40.65156621948125, -8.705724225503053 40.65156280945197, -8.705721576249827 40.65155947752219, -8.70571925070353 40.65155628611887)",,,,
1,,10661,1,10661_1,"LINESTRING (-8.70578668176651 40.65158617509101, -8.705782268036627 40.651587557378804, -8.70577767943137 40.651588265910235, -8.705772959108117 40.65158835218036, -8.705768150224252 40.651587867684256, -8.705763295937155 40.651586863917, -8.705758439404207 40.651585392373605, -8.705753623782787 40.651583504549166, -8.705748892230277 40.651581251938694, -8.705744287904057 40.65157868603722, -8.70573985396151 40.65157585833981, -8.705735633560016 40.651572820341514, -8.705731669856954 40.65156962353738, -8.705728006009705 40.65156631942244, -8.705724685175651 40.651562959491834, -8.705721750512172 40.651559595240606, -8.705719245176649 40.651556278163866)",,,,
1,,10662,1,10662_1,"LINESTRING (-8.70570052058741 40.6516208707167, -8.70570422451818 40.65161882167671, -8.705707347414092 40.65161609568627, -8.7057100713788 40.651612925624036, -8.70571257851596 40.651609544368696, -8.705715050929227 40.651606184799014, -8.705717670722255 40.65160307979375, -8.705720619998697 40.65160046223178, -8.705724080862211 40.65159856499188, -8.705728235416448 40.65159762095297, -8.705732468271313 40.65159762569197, -8.7057366461866 40.6515983046035, -8.70574071372887 40.65159956738607, -8.705744615464694 40.65160132373821, -8.705748295960639 40.65160348335836, -8.70575169978327 40.65160595594505, -8.705754771499159 40.65160865119675, -8.705757455674867 40.65161147881197, -8.705759696876965 40.65161434848927)",,,,
1,,10663,1,10663_1,"LINESTRING (-8.705778453439867 40.651549891234964, -8.705772592366534 40.65155214665532, -8.705766441443844 40.65155444455565, -8.705760222127058 40.65155685168521, -8.705754155871443 40.65155943479322, -8.705748464132261 40.65156226062891, -8.705743368364779 40.651565395941475, -8.70573909002426 40.65156890748015, -8.705735850565967 40.651572861994055, -8.705733871445165 40.65157732623236, -8.705733504026567 40.65158179294799, -8.705734652649335 40.65158609464034, -8.705737014393353 40.651590264198134, -8.705740286338498 40.651594334510165, -8.705744165564653 40.65159833846514, -8.705748349151698 40.65160230895182, -8.705752534179508 40.65160627885891, -8.705756417727972 40.65161028107516, -8.705759696876965 40.65161434848927)",,,,
1,,10664,1,10664_1,"LINESTRING (-8.705758007219254 40.65155806790369, -8.70575429260153 40.651559960102006, -8.705751321511379 40.65156231921078, -8.70574904378057 40.6515650916302, -8.705747409240864 40.6515682237604, -8.705746367724034 40.651571662001565, -8.705745869061841 40.6515753527538, -8.705745863086056 40.65157924241735, -8.705746299628444 40.6515832773924, -8.70574712852077 40.6515874040791, -8.705748299594804 40.65159156887767, -8.70574976268231 40.65159571818837, -8.705751467615054 40.65159979841144, -8.705753364224805 40.65160375594706, -8.705755402343328 40.651607537195595, -8.70575753180239 40.6516110885572, -8.705759702433758 40.651614356432255)",,,,
1,,10665,1,10665_1,"LINESTRING (-8.705768571811692 40.651593467659985, -8.705765876221292 40.6515948740731, -8.705763497305158 40.65159674121803, -8.705761482505023 40.65159896953245, -8.705759879262615 40.651601459454064, -8.70575873501966 40.651604111420525, -8.70575809721789 40.65160682586958, -8.705758013299032 40.65160950323888, -8.705758530704815 40.65161204396619, -8.705759696876965 40.65161434848927)",,,,
1,,10666,1,10666_1,"LINESTRING (-8.70569981412981 40.65158133995535, -8.705703956457983 40.65158009056503, -8.705708179375005 40.65157957403994, -8.705712454193083 40.65157972797828, -8.70571675222442 40.651580489978166, -8.705721044781221 40.65158179763773, -8.70572530317569 40.65158358855505, -8.705729498720029 40.65158580032824, -8.705733602726443 40.651588370555395, -8.705737586507137 40.651591236834605, -8.705741421374315 40.651594336764006, -8.70574507864018 40.651597607941675, -8.705748529616939 40.651600987965786, -8.70575174561679 40.651604414434416, -8.705754697951944 40.6516078249458, -8.705757357934601 40.651611157098, -8.705759696876965 40.65161434848927)",,,,
1,,10667,1,10667_1,"LINESTRING (-8.705692159903633 40.651584400963365, -8.705696585941961 40.65158302498361, -8.705701184278984 40.651582322444064, -8.705705912146977 40.65158224184173, -8.70571072677821 40.65158273167369, -8.705715585404963 40.65158374043686, -8.705720445259507 40.65158521662829, -8.705725263574116 40.651587108744906, -8.705729997581063 40.65158936528374, -8.705734604512624 40.65159193474176, -8.705739041601072 40.651594765615904, -8.705743266078684 40.65159780640325, -8.70574723517773 40.65160100560072, -8.705750906130486 40.65160431170533, -8.705754236169227 40.6516076732141, -8.705757182526227 40.65161103862407, -8.705759702433758 40.651614356432255)",,,,
1,,10668,1,10668_1,"LINESTRING (-8.705731928844772 40.65160822315345, -8.705735632775541 40.651606174113084, -8.705738755671453 40.65160344812213, -8.705741479636162 40.65160027805931, -8.705743986773323 40.65159689680334, -8.705746459186589 40.65159353723299, -8.705749078979617 40.651590432227174, -8.70575202825606 40.651587814664666, -8.705755489119571 40.651585917424434, -8.705759643673808 40.65158497338535, -8.705763876528675 40.651584978124326, -8.70576805444396 40.65158565703598, -8.705772121986232 40.65158691981881, -8.705776023722056 40.65158867617128, -8.705779704218001 40.65159083579183, -8.705783108040633 40.65159330837898, -8.70578617975652 40.65159600363119, -8.705788863932229 40.65159883124697, -8.705791105134328 40.6516017009248)",,,,
1,,10669,1,10669_1,"LINESTRING (-8.705809914309121 40.651537309685025, -8.70580405326823 40.651539565110824, -8.705797902426637 40.65154186302416, -8.705791683215281 40.651544270170476, -8.705785617065095 40.651546853295315, -8.705779925407011 40.65154967914408, -8.70577482967197 40.65155281446226, -8.7057705512909 40.651556325995315, -8.70576731169474 40.65156028048862, -8.705765332314419 40.65156474468758, -8.705764965146757 40.65156920322191, -8.705766111054333 40.65157349717286, -8.705768467735007 40.65157765933132, -8.705771732886639 40.65158172248807, -8.705775604207092 40.65158571943394, -8.705779779394227 40.65158968295976, -8.705783956145902 40.651593645856316, -8.705787832159983 40.65159764091441, -8.705791105134328 40.6516017009248)",,,,
1,,10670,1,10670_1,"LINESTRING (-8.705789468088508 40.6515454863553, -8.705785757316832 40.651547376315065, -8.705782788151515 40.65154973264826, -8.705780510632174 40.651552501816184, -8.705778874798428 40.65155563028015, -8.705777830689895 40.65155906450152, -8.705777328346196 40.651562750941544, -8.705777317806948 40.651566636061574, -8.705777749111771 40.65157066632294, -8.70577857230028 40.651574788187055, -8.705779737412099 40.65157894811521, -8.705781194486844 40.65158309256884, -8.705782893564136 40.6515871680093, -8.705784784683589 40.651591120898, -8.705786817884825 40.651594897696356, -8.705788943207462 40.65159844486581, -8.70579111069112 40.651601708867794)",,,,
1,,10671,1,10671_1,"LINESTRING (-8.705799980069054 40.651580820091574, -8.705797284478653 40.65158222650494, -8.70579490556252 40.651584093650236, -8.705792890762385 40.65158632196506, -8.705791287519975 40.65158881188715, -8.705790143277023 40.65159146385413, -8.705789505475252 40.65159417830369, -8.705789421556393 40.651596855673496, -8.705789938962175 40.65159939640129, -8.705791105134328 40.6516017009248)",,,,
1,,10672,1,10672_1,"LINESTRING (-8.705731274999064 40.65156875841134, -8.705735412343651 40.65156751033026, -8.70573963065082 40.651566993689705, -8.705743901201124 40.65156714623784, -8.705748195275126 40.65156790572279, -8.705752484153379 40.65156920989268, -8.705756739116442 40.651570996495586, -8.705760931444875 40.65157320327961, -8.705765032419233 40.65157576799285, -8.705769013320074 40.65157862838343, -8.705772845427955 40.65158172219945, -8.705776500023436 40.651584987189004, -8.705779948387073 40.651588361100245, -8.705783161799422 40.651591781681255, -8.705786111541043 40.651595186680254, -8.705788768892491 40.6515985138454, -8.705791105134328 40.6516017009248)",,,,
1,,10673,1,10673_1,"LINESTRING (-8.705723620772886 40.651571819419914, -8.705728042033023 40.65157044465352, -8.705732635897661 40.65156974190587, -8.705737359576112 40.65156965982605, -8.705742170277691 40.65157014706311, -8.705747025211714 40.6515711522661, -8.705751881587496 40.65157262408398, -8.705756696614348 40.65157451116583, -8.705761427501585 40.65157676216061, -8.705766031458525 40.65157932571735, -8.705770465694478 40.65158215048511, -8.70577468741876 40.651585185112836, -8.705778653840687 40.65158837824959, -8.705782322169572 40.65159167854442, -8.70578564961473 40.651595034646355, -8.705788593385474 40.65159839520448, -8.70579111069112 40.651601708867794)",,,,
1,,10674,1,10674_1,"LINESTRING (-8.705763337102134 40.65159557558784, -8.705767041032903 40.651593526547096, -8.705770163928815 40.65159080055561, -8.705772887893524 40.65158763049217, -8.705775395030683 40.65158424923556, -8.70577786744395 40.65158088966458, -8.705780487236977 40.65157778465818, -8.705783436513421 40.65157516709516, -8.705786897376932 40.65157326985457, -8.70579105193117 40.65157232581531, -8.705795284786037 40.65157233055428, -8.705799462701322 40.65157300946607, -8.705803530243593 40.65157427224913, -8.705807431979418 40.65157602860193, -8.705811112475361 40.651578188222906, -8.705814516297993 40.651580660810545, -8.70581758801388 40.65158335606327, -8.705820272189591 40.651586183679555, -8.705822513391688 40.651589053357945)",,,,
1,,10675,1,10675_1,"LINESTRING (-8.705841375178377 40.65152472813269, -8.705835514170042 40.65152698356396, -8.70582936340985 40.65152928149034, -8.70582314430431 40.65153168865351, -8.70581707825994 40.65153427179522, -8.705811386683255 40.65153709765711, -8.705806290980773 40.65154023298095, -8.705802012559005 40.651543744508345, -8.705798772824467 40.65154769898096, -8.705796793183675 40.651552163140444, -8.705796426266938 40.65155661349346, -8.705797569459307 40.65156089970305, -8.705799921076625 40.65156505446211, -8.705803179434735 40.651569110463576, -8.705807042849482 40.65157310040034, -8.705811209636707 40.65157705696528, -8.705815378112256 40.65158101285128, -8.705819246591968 40.65158500075122, -8.705822513391688 40.651589053357945)",,,,
1,,10676,1,10676_1,"LINESTRING (-8.705820928957761 40.65153290480452, -8.705817222030392 40.65153479252634, -8.705814254788494 40.651537146084216, -8.70581197747952 40.651539912000665, -8.70581034035092 40.65154303679819, -8.705809293650141 40.651546466999314, -8.705808787624635 40.65155014912661, -8.70580877252185 40.65155402970257, -8.705809198589236 40.651558055249765, -8.705810016074246 40.65156217229073, -8.705811175224325 40.651566327348036, -8.705812626286924 40.6515704669443, -8.705814319509495 40.651574537602066, -8.705816205139486 40.651578485844, -8.705818233424349 40.65158225819271, -8.70582035461153 40.65158580117081, -8.705822518948482 40.65158906130093)",,,,
1,,10677,1,10677_1,"LINESTRING (-8.705831388326414 40.65156817252075, -8.705828692736015 40.6515695789344, -8.705826313819882 40.65157144608004, -8.705824299019746 40.6515736743953, -8.705822695777337 40.65157616431785, -8.705821551534385 40.65157881628534, -8.705820913732612 40.65158153073538, -8.705820829813755 40.651584208105696, -8.705821347219537 40.651586748834, -8.705822513391688 40.651589053357945)",,,,
1,,10678,1,10678_1,"LINESTRING (-8.70576273586832 40.65155617686496, -8.705766868230311 40.651554930092665, -8.705771081928287 40.651554413336214, -8.705775348211198 40.6515545644937, -8.705779638327995 40.65155532146333, -8.705783923527633 40.651556622143175, -8.705788175059064 40.65155840443139, -8.705792364171243 40.65156060622604, -8.70579646211312 40.651563165425245, -8.70580044013365 40.65156601992712, -8.705804269481789 40.65156910762978, -8.705807921406482 40.651572366431346, -8.70581136715669 40.651575734229965, -8.705814577981359 40.65157914892375, -8.705817525129447 40.65158254841092, -8.705820179849905 40.65158587058957, -8.705822513391688 40.651589053357945)",,,,
1,,10679,1,10679_1,"LINESTRING (-8.70575508164214 40.65155923787412, -8.705759498125506 40.65155786432038, -8.705764087518705 40.65155716136401, -8.705768807008157 40.651557077806075, -8.705773613780273 40.65155756244773, -8.705778465021469 40.651558564089996, -8.70578331791816 40.651560031533954, -8.705788129656758 40.65156191358068, -8.705792857423681 40.65156415903121, -8.705797458405343 40.651566716686624, -8.705801889788159 40.651569535347974, -8.705806108758539 40.651572563816316, -8.705810072502905 40.65157575089276, -8.705813738207667 40.65157904537833, -8.705817063059241 40.651582396074154, -8.70582000424404 40.651585751781326, -8.705822518948482 40.65158906130093)",,,,
1,,10680,1,10680_1,"LINESTRING (-8.705794745359494 40.65158292801981, -8.705798449290263 40.651580878978656, -8.705801572186175 40.651578152986666, -8.705804296150886 40.65157498292265, -8.705806803288045 40.651571601665395, -8.705809275701313 40.65156824209378, -8.705811895494339 40.65156513708676, -8.705814844770783 40.65156251952329, -8.705818305634294 40.65156062228232, -8.70582246018853 40.651559678242876, -8.705826693043397 40.651559682981876, -8.705830870958682 40.65156036189377, -8.705834938500955 40.65156162467708, -8.705838840236778 40.65156338103021, -8.705842520732721 40.651565540651596, -8.705845924555355 40.65156801323969, -8.705848996271243 40.65157070849292, -8.705851680446953 40.651573536109744, -8.70585392164905 40.651576405788695)",,,,
1,,10681,1,10681_1,"LINESTRING (-8.70587283604763 40.651512146578014, -8.705866975071975 40.65151440201478, -8.705860824393481 40.65151669995424, -8.705854605394148 40.651519107134305, -8.705848539455987 40.65152169029293, -8.705842847961 40.65152451616806, -8.705837752291195 40.65152765149752, -8.705833473828578 40.65153116301927, -8.705830233955155 40.65153511747112, -8.705828254052928 40.65153958159093, -8.705827887387105 40.65154402376265, -8.705829027864256 40.651548302230864, -8.705831374418208 40.65155244959056, -8.705834625982787 40.65155649843672, -8.705838481491822 40.651560481364335, -8.705842639879139 40.651564430968385, -8.705846800078564 40.65156837984381, -8.705850661023925 40.65157236058559, -8.70585392164905 40.651576405788695)",,,,
1,,10682,1,10682_1,"LINESTRING (-8.705852389827015 40.651520323251376, -8.705848686742202 40.65152220873584, -8.70584572142231 40.65152455951864, -8.705843444322596 40.6515273221836, -8.705841805898324 40.65153044331445, -8.705840756604752 40.651533869495026, -8.705840246897136 40.651537547309076, -8.70584022723074 40.651541423340404, -8.705840648060821 40.651545444172804, -8.705841459842642 40.65154955639009, -8.705842613031457 40.651553706576124, -8.705844058082533 40.65155784131474, -8.705845745451123 40.65156190718977, -8.70584762559249 40.65156585078509, -8.705849648961893 40.65156961868459, -8.70585176601459 40.65157315747214, -8.705853927205842 40.65157641373168)",,,,
1,,10683,1,10683_1,"LINESTRING (-8.705862796583776 40.65155552494753, -8.705860100993375 40.651556931361434, -8.705857722077244 40.65155879850743, -8.705855707277108 40.651561026823124, -8.7058541040347 40.65156351674616, -8.705852959791745 40.651566168714126, -8.705852321989974 40.6515688831647, -8.705852238071115 40.65157156053553, -8.705852755476897 40.651574101264316, -8.70585392164905 40.651576405788695)",,,,
1,,10684,1,10684_1,"LINESTRING (-8.705794196737573 40.65154359531621, -8.705798324117968 40.65154234985224, -8.705802533207416 40.65154183297941, -8.70580679522331 40.65154198274588, -8.705811081383038 40.65154273719978, -8.705815362903992 40.65154403438927, -8.705819611003562 40.651545812362464, -8.705823796899137 40.65154800916751, -8.705827891808113 40.65155056285252, -8.705831866947873 40.651553411465635, -8.705835693535812 40.65155649305497, -8.70583934278932 40.651559745668706, -8.705842785925785 40.65156310735493, -8.705845994162601 40.651566516161864, -8.705848938717157 40.65156991013767, -8.705851590806843 40.65157322733056, -8.70585392164905 40.651576405788695)",,,,
1,,10685,1,10685_1,"LINESTRING (-8.705786542511394 40.65154665632593, -8.70579095421941 40.65154528398421, -8.705795539142127 40.65154458081846, -8.70580025444312 40.65154449578183, -8.705805057285964 40.651544977827484, -8.705809904834235 40.65154597590857, -8.705814754251506 40.6515474389782, -8.705819562701356 40.65154931598949, -8.705824287347356 40.65155155589556, -8.705828885353084 40.65155410764954, -8.705833313882113 40.651556920204555, -8.70583753009802 40.651559942513714, -8.70584149116438 40.65156312353014, -8.705845154244766 40.65156641220699, -8.705848476502755 40.65156975749743, -8.705851415101924 40.651573108354604, -8.705853927205842 40.65157641373168)",,,,
1,,10686,1,10686_1,"LINESTRING (-8.705826153616856 40.6515702804494, -8.705829857547625 40.65156823140786, -8.705832980443537 40.65156550541535, -8.705835704408246 40.651562335350725, -8.705838211545407 40.65155895409281, -8.705840683958673 40.65155559452059, -8.705843303751701 40.65155248951296, -8.705846253028144 40.651549871949, -8.705849713891654 40.651547974707675, -8.705853868445892 40.651547030668056, -8.705858101300759 40.651547035407035, -8.705862279216044 40.65154771431907, -8.705866346758315 40.651548977102614, -8.70587024849414 40.65155073345608, -8.705873928990083 40.65155289307787, -8.705877332812717 40.65155536566642, -8.705880404528605 40.65155806092019, -8.705883088704313 40.65156088853757, -8.705885329906412 40.65156375821702)",,,,
1,,10687,1,10687_1,"LINESTRING (-8.705904296916884 40.65149956502098, -8.70589843597403 40.65150182046324, -8.705892285377534 40.65150411841583, -8.705886066484803 40.65150652561286, -8.70588000065324 40.65150910878851, -8.705874309240253 40.65151193467684, -8.705869213603249 40.651515070012, -8.705864935099632 40.65151858152805, -8.705861695086806 40.65152253595904, -8.705859714922182 40.65152700003906, -8.705859348507262 40.65153143402952, -8.705860486269183 40.65153570475637, -8.705862827759756 40.651539844716645, -8.705866072530796 40.651543886407474, -8.705869920134113 40.651547862325934, -8.70587407012152 40.651551804969046, -8.705878222044833 40.651555746833914, -8.705882075455857 40.651559720417566, -8.705885329906412 40.65156375821702)",,,,
1,,10688,1,10688_1,"LINESTRING (-8.705883850696269 40.65150774169586, -8.705880151452257 40.65150962494353, -8.705877188052948 40.65151197295156, -8.705874911161386 40.65151473236503, -8.705873271440622 40.651517849829006, -8.705872219553704 40.65152127198859, -8.70587170616368 40.651524945488895, -8.705871681933596 40.65152881697504, -8.705872097526505 40.6515328330921, -8.705872903605451 40.651536940485194, -8.705874050833485 40.651541085799515, -8.705875489873652 40.65154521568017, -8.705877171389004 40.651549276772364, -8.705879046042586 40.65155321572125, -8.705881064497447 40.651556979172014, -8.70588317741664 40.65156051376986, -8.705885335463204 40.65156376616002)",,,,
1,,10689,1,10689_1,"LINESTRING (-8.705894204841137 40.65154287737192, -8.705891509250737 40.65154428378607, -8.705889130334604 40.65154615093243, -8.705887115534468 40.65154837924856, -8.705885512292062 40.65155086917205, -8.705884368049107 40.65155352114053, -8.705883730247335 40.65155623559161, -8.705883646328477 40.65155891296295, -8.70588416373426 40.65156145369222, -8.705885329906412 40.65156375821702)",,,,
1,,10690,1,10690_1,"LINESTRING (-8.705825657606828 40.65153101376507, -8.70582978000662 40.651529769609, -8.705833984488212 40.651529252619326, -8.70583824223747 40.65152940099431, -8.705842524440262 40.6515301529321, -8.705846802282464 40.651531446630884, -8.705851046949942 40.651533220288805, -8.705855229628568 40.65153541210402, -8.705859321504212 40.65153796027471, -8.705863293762741 40.651540802998994, -8.705867117590032 40.65154387847504, -8.705870764171948 40.65154712490104, -8.705874204694362 40.651550480475166, -8.705877410343147 40.65155388339563, -8.705880352304169 40.6515572718606, -8.7058830017633 40.651560584068335, -8.705885329906412 40.65156375821702)",,,,
1,,10691,1,10691_1,"LINESTRING (-8.70581800338065 40.65153407477538, -8.705822410314743 40.651532703644996, -8.705826990767934 40.65153200026922, -8.705831701881014 40.651531913753274, -8.705836500794778 40.6515323932024, -8.705841344650024 40.6515333877218, -8.705846190587549 40.651534846416695, -8.705850995748147 40.65153671839223, -8.705855717272614 40.65153895275365, -8.70586031230175 40.65154149860609, -8.705864737976345 40.6515443050548, -8.7058689514372 40.65154732120496, -8.705872909825107 40.65155049616179, -8.705876570280866 40.65155377903046, -8.70587988994527 40.65155711891622, -8.705882825959119 40.65156046492435, -8.705885335463204 40.65156376616002)",,,,
1,,10692,1,10692_1,"LINESTRING (-8.705857561874216 40.65155763287658, -8.705861265804986 40.651555583834636, -8.705864388700897 40.65155285784162, -8.705867112665606 40.65154968777639, -8.705869619802767 40.65154630651784, -8.705872092216035 40.65154294694498, -8.705874712009063 40.65153984193679, -8.705877661285506 40.6515372243723, -8.705881122149016 40.65153532713064, -8.705885276703253 40.65153438309084, -8.70588950955812 40.65153438782982, -8.705893687473404 40.651535066741985, -8.705897755015677 40.651536329525754, -8.705901656751502 40.65153808587957, -8.705905337247446 40.65154024550175, -8.705908741070077 40.65154271809079, -8.705911812785965 40.65154541334506, -8.705914496961675 40.65154824096295, -8.705916738163772 40.65155111064299)",,,,
1,,10693,1,10693_1,"LINESTRING (-8.70593575778614 40.65148698346152, -8.705929896876205 40.65148923890933, -8.705923746362012 40.6514915368751, -8.705917527576275 40.651493944089175, -8.705911461851706 40.6514965272819, -8.705905770521024 40.65149935318354, -8.705900674916942 40.65150248852437, -8.705896396372172 40.6515060000347, -8.705893156219433 40.65150995444477, -8.705891175791438 40.65151441848479, -8.705890809627409 40.65151884429403, -8.705891944674086 40.65152310727948, -8.705894281101271 40.651527239840384, -8.705897519078759 40.651531274375856, -8.705901358776353 40.65153524328511, -8.705905500363853 40.65153917896731, -8.705909644011054 40.65154311382158, -8.705913489887763 40.6515470802471, -8.705916738163772 40.65155111064299)",,,,
1,,10694,1,10694_1,"LINESTRING (-8.705915311565525 40.65149516013795, -8.705911616160552 40.65149704114946, -8.705908654680396 40.65149938638296, -8.705906377995873 40.651502142544935, -8.705904736977795 40.65150525634181, -8.705903682496979 40.651508674480056, -8.705903165424244 40.65151234366613, -8.7059031366304 40.65151621060647, -8.705903546986264 40.6515202220076, -8.705904347362655 40.651524324576, -8.705905488630384 40.65152846501814, -8.705906921660267 40.65153259004057, -8.705908597323125 40.65153664634984, -8.705910466489767 40.651540580652444, -8.70591248003101 40.65154433965493, -8.705914588817672 40.65154787006394, -8.705916743720566 40.65155111858596)",,,,
1,,10695,1,10695_1,"LINESTRING (-8.705925613098499 40.65153022979392, -8.705922917508097 40.651531636208354, -8.705920538591966 40.65153350335504, -8.70591852379183 40.6515357316716, -8.705916920549422 40.651538221595544, -8.705915776306467 40.651540873564535, -8.705915138504697 40.651543588016125, -8.705915054585837 40.65154626538797, -8.70591557199162 40.651548806117695, -8.705916738163772 40.65155111064299)",,,,
1,,10696,1,10696_1,"LINESTRING (-8.705857118476082 40.65151843221157, -8.705861235896279 40.651517189362885, -8.705865435770681 40.651516672255966, -8.705869689253685 40.651516819239035, -8.705873967499679 40.65151756866034, -8.705878241663058 40.65151885886807, -8.705882482898213 40.65152062821041, -8.705886662359536 40.65152281503559, -8.705890751201421 40.65152535769176, -8.705894720578259 40.65152819452715, -8.705898541644443 40.65153126388995, -8.705902185554363 40.65153450412838, -8.705905623462415 40.65153785359066, -8.70590882652299 40.65154125062499, -8.70591176589048 40.65154463357966, -8.705914412719277 40.651547940802885, -8.705916738163772 40.65155111064299)",,,,
1,,10697,1,10697_1,"LINESTRING (-8.705849464249903 40.65152149322246, -8.705853866411513 40.651520123302745, -8.705858442396133 40.651519419716294, -8.705863149321845 40.65151933172045, -8.705867944306723 40.65151980857246, -8.705872784468847 40.65152079952969, -8.705877626926291 40.651522253849414, -8.705882428797139 40.65152412078888, -8.705887147199464 40.6515263496054, -8.705891739251344 40.65152888955626, -8.705896162070855 40.65153168989871, -8.705900372776078 40.651534699890064, -8.705904328485088 40.651537868787635, -8.705907986315966 40.65154114584866, -8.705911303386785 40.651544480330514, -8.705914236815627 40.65154782149051, -8.705916743720566 40.65155111858596)",,,,
1,,10698,1,10698_1,"LINESTRING (-8.705888970131578 40.651544985301356, -8.705892674062348 40.65154293625905, -8.70589579695826 40.6515402102655, -8.705898520922968 40.651537040199656, -8.70590102806013 40.6515336589405, -8.705903500473395 40.651530299366996, -8.705906120266423 40.6515271943582, -8.705909069542866 40.65152457679322, -8.705912530406378 40.651522679551185, -8.705916684960615 40.65152173551121, -8.705920917815481 40.65152174025019, -8.705925095730764 40.65152241916251, -8.705929163273037 40.65152368194651, -8.705933065008862 40.65152543830063, -8.705936745504808 40.65152759792326, -8.70594014932744 40.651530070512756, -8.705943221043325 40.65153276576751, -8.705945905219036 40.651535593385965, -8.705948146421134 40.651538463066515)",,,,
1,,10699,1,10699_1,"LINESTRING (-8.705967218655394 40.65147440189972, -8.705961357778502 40.65147665735307, -8.705955207346918 40.651478955332074, -8.705948988668572 40.65148136256325, -8.705942923051396 40.65148394577313, -8.70593723180332 40.6514867716881, -8.705932136232281 40.65148990703466, -8.705927857646207 40.65149341853923, -8.705924617353034 40.65149737292826, -8.705922636660691 40.651501836928155, -8.705922270747543 40.65150625455617, -8.705923403078964 40.65151050980028, -8.705925734442747 40.651514634961735, -8.705928965626677 40.65151866234185, -8.705932797418543 40.6515226242419, -8.705936930606134 40.65152655296311, -8.705941065977237 40.65153048080683, -8.70594490431964 40.651534440074194, -8.705948146421134 40.651538463066515)",,,,
1,,10700,1,10700_1,"LINESTRING (-8.705946772434778 40.651482578577706, -8.70594308086708 40.65148445735362, -8.705940121304646 40.65148679981288, -8.70593784482604 40.65148955272336, -8.705936202509825 40.651492662852874, -8.705935145434559 40.65149607696937, -8.705934624678806 40.65149974184071, -8.705934591321126 40.65150360423471, -8.70593499644008 40.65150761091934, -8.70593579111423 40.65151170866248, -8.705936926422138 40.65151584423204, -8.705938353442365 40.65151996439598, -8.705940023253472 40.6515240159222, -8.705941886934019 40.6515279455787, -8.70594389556257 40.65153170013343, -8.705946000217686 40.651535226354355, -8.705948151977926 40.6515384710095)",,,,
1,,10701,1,10701_1,"LINESTRING (-8.70595702135586 40.65151758221349, -8.70595432576546 40.65151898862819, -8.705951946849327 40.65152085577525, -8.705949932049192 40.65152308409222, -8.705948328806784 40.65152557401665, -8.70594718456383 40.65152822598615, -8.705946546762057 40.65153094043825, -8.7059464628432 40.65153361781061, -8.705946980248982 40.651536158540814, -8.705948146421134 40.651538463066515)",,,,
1,,10702,1,10702_1,"LINESTRING (-8.705888579345336 40.6515058506557, -8.70589269178694 40.651504609113964, -8.70589688705483 40.651504091889315, -8.705901136271963 40.65150423748005, -8.705905410561293 40.65150498438446, -8.70590968104578 40.65150627110078, -8.70591391884838 40.65150803612726, -8.70591809509205 40.65151021796215, -8.705922180899746 40.651512755103695, -8.705926147394427 40.65151558605013, -8.705929965699049 40.651518649299696, -8.705933606936568 40.651521883350696, -8.705937042229944 40.65152522670135, -8.70594024270213 40.651528617849976, -8.705943179476085 40.65153199529483, -8.705945823674769 40.65153529753423, -8.705948146421134 40.651538463066515)",,,,
1,,10703,1,10703_1,"LINESTRING (-8.705880925119157 40.65150891166717, -8.705885322509717 40.65150754295745, -8.705889894026733 40.6515068391597, -8.705894596765626 40.65150674968329, -8.70589938782181 40.651507223937664, -8.705904224290713 40.651508211332235, -8.705909063267748 40.65150966127636, -8.705913861848341 40.65151152317945, -8.705918577127907 40.65151374645086, -8.705923166201869 40.65151628050002, -8.705927586165643 40.65151907473626, -8.705931794114655 40.651522078569016, -8.70593574714432 40.65152524140768, -8.70593940235006 40.65152851266163, -8.705942716827293 40.6515318417403, -8.705945647671443 40.65153517805313, -8.705948151977926 40.6515384710095)",,,,
1,,10704,1,10704_1,"LINESTRING (-8.705920378388939 40.65153233772376, -8.705924082319708 40.651530288681045, -8.705927205215621 40.651527562686994, -8.70592992918033 40.65152439262056, -8.70593243631749 40.65152101136074, -8.705934908730757 40.65151765178658, -8.705937528523783 40.65151454677722, -8.705940477800228 40.651511929211736, -8.70594393866374 40.651510031969345, -8.705948093217975 40.651509087929185, -8.705952326072842 40.651509092668164, -8.705956503988126 40.65150977158061, -8.705960571530397 40.651511034364866, -8.705964473266222 40.651512790719316, -8.705968153762168 40.65151495034233, -8.705971557584801 40.65151742293231, -8.705974629300687 40.65152011818758, -8.705977313476396 40.65152294580656, -8.705979554678496 40.65152581548767)",,,,
1,,10705,1,10705_1,"LINESTRING (-8.705998679524647 40.65146182033553, -8.705992818680922 40.65146407579446, -8.705986668332255 40.65146637378676, -8.705980449761698 40.65146878103512, -8.705974384252311 40.651471364262164, -8.70596869308715 40.65147419019052, -8.705963597549278 40.65147732554283, -8.705959318921748 40.65148083704165, -8.705956078487619 40.651484791409565, -8.705954097529945 40.65148925536916, -8.705953731867666 40.651493664815995, -8.70595486148382 40.65149791231871, -8.705957187784188 40.65150203008075, -8.705960412174548 40.65150605030548, -8.70596423606068 40.65151000519627, -8.705968360848363 40.651513926956525, -8.705972487943374 40.651517847789606, -8.705976318751492 40.651521799898866, -8.705979554678496 40.65152581548767)",,,,
1,,10706,1,10706_1,"LINESTRING (-8.705978233304032 40.65146999701506, -8.70597454557183 40.65147187355599, -8.705971587925683 40.65147421324127, -8.705969311651875 40.65147696290023, -8.705967668036692 40.65148006936224, -8.705966608366422 40.65148347945659, -8.705966083927345 40.65148714001264, -8.705966046005754 40.65149099785975, -8.70596644588793 40.65149499982731, -8.70596723486016 40.65149909274466, -8.70596836420873 40.651503223441196, -8.705969785219924 40.65150733874632, -8.705971449180032 40.65151138548942, -8.705973307375336 40.6515153105, -8.705975311092121 40.6515190606074, -8.70597741161668 40.651522582641164, -8.705979560235287 40.65152582343066)",,,,
1,,10707,1,10707_1,"LINESTRING (-8.705988429613221 40.65150493463071, -8.70598573402282 40.65150634104565, -8.705983355106689 40.65150820819306, -8.705981340306552 40.65151043651045, -8.705979737064144 40.651512926435366, -8.70597859282119 40.651515578405345, -8.705977955019419 40.651518292857986, -8.70597787110056 40.65152097023085, -8.705978388506342 40.65152351096154, -8.705979554678496 40.65152581548767)",,,,
1,,10708,1,10708_1,"LINESTRING (-8.70592004021459 40.651493269097465, -8.705924147678614 40.65149202886217, -8.705928338340666 40.65149151151933, -8.70593258329231 40.65149165571731, -8.705936853625113 40.65149240010445, -8.705941120430639 40.65149368332901, -8.70594535480045 40.65149544403935, -8.705949527826114 40.651497620883745, -8.705953610599192 40.65150015251049, -8.705957574211249 40.65150297756791, -8.705961389753853 40.6515060347043, -8.70596502831856 40.65150926256798, -8.705968460996946 40.65151259980729, -8.705971658880566 40.65151598507056, -8.705974593060988 40.65151935700611, -8.705977234629776 40.651522654262365, -8.705979554678496 40.65152581548767)",,,,
1,,10709,1,10709_1,"LINESTRING (-8.70591238598841 40.65149633010947, -8.705916778609367 40.65149496260912, -8.705921345659744 40.6514942585994, -8.705926044212367 40.65149416764184, -8.705930831340055 40.651494639298, -8.705935664115634 40.651495623129385, -8.705940499611929 40.65149706869752, -8.705945294901758 40.65149892556389, -8.705950007057952 40.65150114329002, -8.705954593153328 40.65150367143736, -8.705959010260711 40.65150645956745, -8.705963215452927 40.651509457241815, -8.705967165802797 40.651512614021925, -8.705970818383145 40.65151587946935, -8.705974130266792 40.65151920314558, -8.705977058526566 40.65152253461216, -8.705979560235287 40.65152582343066)",,,,
1,,10710,1,10710_1,"LINESTRING (-8.7059517866463 40.65151969014374, -8.70595549057707 40.651517641100654, -8.705958613472982 40.65151491510606, -8.70596133743769 40.651511745039016, -8.705963844574852 40.65150836377856, -8.705966316988118 40.65150500420379, -8.705968936781145 40.651501899193825, -8.705971886057588 40.651499281627856, -8.7059753469211 40.6514973843851, -8.705979501475337 40.65149644034477, -8.705983734330204 40.651496445083744, -8.705987912245488 40.65149712399632, -8.70599197978776 40.6514983867808, -8.705995881523585 40.651500143135614, -8.70599956201953 40.651502302759035, -8.706002965842162 40.65150477534947, -8.706006037558048 40.651507470605274, -8.706008721733758 40.65151029822479, -8.706010962935856 40.65151316790644)",,,,
1,,10711,1,10711_1,"LINESTRING (-8.706030140393901 40.651449238769, -8.706024279583469 40.6514514942335, -8.706018129318021 40.65145379223914, -8.706011910855656 40.65145619950474, -8.706005845454461 40.65145878274907, -8.706000154372527 40.65146160869086, -8.705995058867941 40.651464744048916, -8.705990780198798 40.65146825554194, -8.705987539623187 40.65147220988866, -8.705985558399199 40.651476673807764, -8.705985192987775 40.65148107507343, -8.70598631988865 40.6514853148348, -8.705988641125593 40.65148942519739, -8.705991858722376 40.65149343826671, -8.70599567470277 40.65149738614825, -8.705999791090543 40.651501300947515, -8.706003909909468 40.65150521476997, -8.706007733183316 40.65150915972112, -8.706010962935856 40.65151316790644)",,,,
1,,10712,1,10712_1,"LINESTRING (-8.706009694173288 40.65145741545006, -8.706006010274804 40.65145928975661, -8.7060030545435 40.651461626668166, -8.706000778473362 40.65146437307563, -8.70599913355838 40.65146747586985, -8.705998071292544 40.65147088194166, -8.705997543169842 40.65147453818196, -8.705997500684262 40.65147839148161, -8.705997895329793 40.65148238873149, -8.705998678600421 40.65148647682251, -8.705999801990139 40.65149060264558, -8.706001216992933 40.6514947130916, -8.706002875102792 40.651498755051534, -8.706004727813704 40.65150267541631, -8.706006726619659 40.65150642107691, -8.706008823014644 40.65150993892428, -8.706010968492649 40.65151317584943)",,,,
1,,10713,1,10713_1,"LINESTRING (-8.706019837870583 40.65149228704548, -8.706017142280182 40.65149369346073, -8.706014763364049 40.65149556060849, -8.706012748563914 40.65149778892629, -8.706011145321504 40.651500278851664, -8.706010001078551 40.651502930822176, -8.70600936327678 40.65150564527532, -8.706009279357922 40.6515083226487, -8.706009796763704 40.65151086337985, -8.706010962935856 40.65151316790644)",,,,
1,,10714,1,10714_1,"LINESTRING (-8.705951501083845 40.65148068753683, -8.705955603571299 40.65147944860753, -8.705959789628192 40.651478931146066, -8.705964030314739 40.65147907395086, -8.70596829669115 40.6514798158203, -8.705972559817644 40.65148109555276, -8.705976790754434 40.65148285194666, -8.705980960561735 40.65148502380033, -8.705985040299762 40.65148754991215, -8.70598900102873 40.65149036908048, -8.70599281380885 40.65149342010371, -8.705996449700342 40.65149664178021, -8.705999879763418 40.65149997290844, -8.706003075058293 40.65150335228672, -8.70600600664518 40.65150671871352, -8.706008645584296 40.65151001098727, -8.706010962935856 40.65151316790644)",,,,
1,,10715,1,10715_1,"LINESTRING (-8.705943846857664 40.65148374854945, -8.705948234710466 40.65148238225774, -8.705952797295174 40.651481678035374, -8.705957491662076 40.651481585596066, -8.705962274861463 40.65148205465343, -8.70596710394362 40.65148303492117, -8.705971935958837 40.651484476112884, -8.7059767279574 40.65148632794222, -8.705981436989601 40.65148854012281, -8.705986020105724 40.651491062368294, -8.70599043435606 40.65149384439228, -8.705994636790894 40.651496835908425, -8.705998584460518 40.65149998663039, -8.706002234415216 40.65150324627178, -8.70600554370528 40.65150656454631, -8.706008469380993 40.651509891167635, -8.706010968492649 40.65151317584943)",,,,
1,,10716,1,10716_1,"LINESTRING (-8.705983194903661 40.65150704256134, -8.705986898834432 40.65150499351784, -8.705990021730344 40.651502267522766, -8.705992745695053 40.651499097455115, -8.705995252832214 40.65149571619402, -8.70599772524548 40.65149235661859, -8.706000345038506 40.65148925160806, -8.706003294314948 40.65148663404158, -8.706006755178462 40.65148473679845, -8.706010909732697 40.651483792757965, -8.706015142587564 40.651483797496944, -8.70601932050285 40.65148447640964, -8.706023388045121 40.65148573919438, -8.706027289780945 40.651487495549496, -8.70603097027689 40.65148965517333, -8.706034374099524 40.65149212776422, -8.70603744581541 40.65149482302053, -8.706040129991118 40.651497650640586, -8.706042371193217 40.651500520322784)",,,,
1,,10717,1,10717_1,"LINESTRING (-8.706061601263155 40.65143665720007, -8.706055740486136 40.651438912670166, -8.706049590304223 40.65144121068922, -8.706043371950454 40.65144361797213, -8.706037306657851 40.65144620123378, -8.706031615659452 40.65144902718908, -8.706026520188281 40.651452162552914, -8.70602224147737 40.651455674040115, -8.706019000759753 40.65145962836556, -8.706017019268453 40.65146409224403, -8.706016654107875 40.65146848532854, -8.706017778293457 40.65147271734855, -8.706020094466963 40.651476820311665, -8.706023305270158 40.65148082622556, -8.706027113344806 40.65148476709781, -8.706031221332672 40.65148867493607, -8.706035331875519 40.65149258174789, -8.706039147615114 40.65149651954094, -8.706042371193217 40.651500520322784)",,,,
1,,10718,1,10718_1,"LINESTRING (-8.70604115504254 40.651444833882664, -8.706037474975988 40.65144670595544, -8.70603452115808 40.65144904009359, -8.706032245290482 40.651451783249534, -8.70603059907487 40.65145488237575, -8.70602953421291 40.65145828442465, -8.706029002406273 40.65146193634865, -8.706028955356627 40.651465785100235, -8.706029344765646 40.65146977763188, -8.706030122334996 40.65147386089604, -8.706031239766348 40.651477981845176, -8.70603264876137 40.651482087431816, -8.706034301021736 40.651486124608475, -8.706036148249114 40.65149004032766, -8.706038142145172 40.651493781541895, -8.706040234411581 40.651497295203754, -8.70604237675001 40.65150052826578)",,,,
1,,10719,1,10719_1,"LINESTRING (-8.706051246127945 40.65147963945788, -8.706048550537544 40.65148104587339, -8.706046171621411 40.6514829130215, -8.706044156821276 40.65148514133974, -8.706042553578866 40.651487631265596, -8.706041409335912 40.65149028323657, -8.706040771534141 40.65149299769022, -8.706040687615284 40.651495675064105, -8.706041205021066 40.65149821579576, -8.706042371193217 40.651500520322784)",,,,
1,,10720,1,10720_1,"LINESTRING (-8.705982961953099 40.65146810597384, -8.705987059465004 40.65146686835006, -8.705991240917418 40.651466350769496, -8.705995477339252 40.651466492180646, -8.705999739759411 40.65146723153203, -8.706003999206802 40.651468507772066, -8.706008226710336 40.651470259849184, -8.70601239329892 40.651472426711905, -8.70601647000146 40.651474947308614, -8.706020427846866 40.6514777605878, -8.706024237864046 40.651480805497904, -8.706027871081908 40.65148402098742, -8.706031298529359 40.65148734600478, -8.706034491235307 40.6514907194985, -8.706037420228661 40.65149408041704, -8.70604005653833 40.65149736770897, -8.706042371193217 40.651500520322784)",,,,
1,,10721,1,10721_1,"LINESTRING (-8.70597530772692 40.651471166987015, -8.705979690813017 40.6514698019033, -8.705984248933028 40.65146909746767, -8.705988939114768 40.65146900354596, -8.705993718386047 40.651469470004, -8.705998543774681 40.651470446707556, -8.706003372308487 40.65147188352245, -8.706008161015275 40.6514737303144, -8.706012866922864 40.65147593694927, -8.706017447059063 40.65147845329277, -8.70602185845169 40.65148122921069, -8.706026058128558 40.651484214568825, -8.70603000311748 40.65148735923298, -8.706033650446273 40.651490613068944, -8.70603695714275 40.65149392594251, -8.706039880234723 40.65149724771952, -8.70604237675001 40.65150052826578)",,,,
1,,10722,1,10722_1,"LINESTRING (-8.706014603161023 40.65149439497652, -8.706018307091792 40.65149234593266, -8.706021429987704 40.65148961993705, -8.706024153952415 40.65148644986881, -8.706026661089574 40.651483068607064, -8.706029133502842 40.651479709031015, -8.706031753295868 40.651476604019855, -8.70603470257231 40.65147398645292, -8.706038163435823 40.65147208920943, -8.706042317990061 40.65147114516874, -8.706046550844926 40.651471149907714, -8.70605072876021 40.65147182882055, -8.706054796302483 40.65147309160554, -8.706058698038307 40.65147484796098, -8.706062378534252 40.65147700758522, -8.706065782356886 40.6514794801766, -8.70606885407277 40.651482175433394, -8.70607153824848 40.651485003054006, -8.706073779450579 40.651487872736745)",,,,
1,,10723,1,10723_1,"LINESTRING (-8.70609306213241 40.65142407562878, -8.706087201388927 40.65142633110453, -8.706081051290862 40.651428629137015, -8.706074833046092 40.65143103643727, -8.706068767862492 40.65143361971633, -8.706063076947936 40.65143644568519, -8.706057981510305 40.6514395810548, -8.70605370275747 40.65144309253618, -8.706050461897314 40.65144704684025, -8.706048480137708 40.6514515106779, -8.706048115227963 40.65145589558132, -8.70604923669824 40.651460119859955, -8.706051547808295 40.6514642154236, -8.706054751817893 40.65146821418201, -8.706058551986791 40.65147214804496, -8.706062651574749 40.65147604892218, -8.706066753841526 40.65147994872339, -8.706070562046884 40.65148387935834, -8.706073779450579 40.651487872736745)",,,,
1,,10724,1,10724_1,"LINESTRING (-8.706072615911795 40.65143225231292, -8.70606893967538 40.6514341221525, -8.706065987769414 40.651436453517476, -8.706063712103223 40.65143919342196, -8.706062064586142 40.651442288879906, -8.706060997127496 40.65144568690547, -8.706060461636616 40.6514493345127, -8.70606041002283 40.651453178715684, -8.70606079419547 40.65145716652847, -8.70606156606386 40.65146124496525, -8.706062677537336 40.65146536104001, -8.706064080525223 40.65146946176697, -8.706065726936853 40.65147349416025, -8.706067568681554 40.65147740523402, -8.706069557668654 40.651481142002375, -8.706071645807484 40.651484651479564, -8.706073785007373 40.65148788067976)",,,,
1,,10725,1,10725_1,"LINESTRING (-8.706082654385305 40.6514669918679, -8.706079958794904 40.651468398283654, -8.706077579878771 40.651470265432124, -8.706075565078637 40.65147249375077, -8.706073961836227 40.65147498367711, -8.706072817593274 40.65147763564859, -8.706072179791503 40.65148035010278, -8.706072095872644 40.65148302747715, -8.706072613278426 40.65148556820929, -8.706073779450579 40.651487872736745)",,,,
1,,10726,1,10726_1,"LINESTRING (-8.706014422822353 40.651455524408476, -8.70601851535973 40.651454288089724, -8.706022692208352 40.651453770389615, -8.706026924365862 40.651453910406715, -8.706031182829904 40.65145464723961, -8.706035438598123 40.65145591998684, -8.706039662668164 40.651457667746946, -8.706043826037673 40.65145982961846, -8.706047899704291 40.65146234469994, -8.706051854665667 40.65146515208991, -8.70605566191944 40.65146819088694, -8.706059292463259 40.651471400189536, -8.706062717294767 40.651474719096306, -8.706065907411608 40.65147808670582, -8.706068833811427 40.65148144211666, -8.70607146749187 40.65148472442741, -8.706073779450579 40.651487872736745)",,,,
1,,10727,1,10727_1,"LINESTRING (-8.706006768596174 40.65145858542224, -8.706011146917028 40.65145722154581, -8.706015700573317 40.65145651689624, -8.706020386570447 40.65145642149153, -8.706025161913818 40.65145688534966, -8.706029983608829 40.651457858488556, -8.706034808660887 40.65145929092616, -8.706039594075389 40.65146113268047, -8.706044296857742 40.65146333376934, -8.706048874013346 40.6514658442108, -8.706053282547602 40.65146861402272, -8.706057479465912 40.65147159322304, -8.706061421773681 40.65147473182977, -8.70606506647631 40.651477979860815, -8.7060683705792 40.65148128733418, -8.706071291087753 40.65148460426784, -8.706073785007373 40.65148788067976)",,,,
1,,10728,1,10728_1,"LINESTRING (-8.706046011418385 40.651481747389326, -8.706049715349154 40.651479698345064, -8.706052838245066 40.651476972348924, -8.706055562209775 40.6514738022801, -8.706058069346936 40.65147042101771, -8.706060541760202 40.65146706144103, -8.706063161553228 40.6514639564293, -8.706066110829672 40.651461338861836, -8.706069571693183 40.651459441618016, -8.706073726247421 40.651458497577124, -8.706077959102288 40.651458502316125, -8.706082137017573 40.65145918122906, -8.706086204559844 40.651460444014276, -8.706090106295667 40.651462200370084, -8.706093786791612 40.651464359994726, -8.706097190614246 40.651466832586586, -8.706100262330132 40.65146952784389, -8.706102946505842 40.65147235546504, -8.706105187707939 40.65147522514831)",,,,
1,,10729,1,10729_1,"LINESTRING (-8.706124523001664 40.651411494055125, -8.706118662291846 40.651413749536495, -8.706112512277942 40.651416047582515, -8.706106294142577 40.65141845490021, -8.706100229068385 40.651421038196716, -8.706094538237991 40.65142386417919, -8.706089442834024 40.65142699955463, -8.70608516403911 40.65143051103013, -8.706081923035882 40.65143446531272, -8.706079941006962 40.65143892910941, -8.706079576348039 40.651443305831705, -8.706080695102996 40.651447522369, -8.706083001149594 40.65145161053317, -8.706086198365583 40.651455602136096, -8.706089990628724 40.65145952898971, -8.706094081816774 40.65146342290586, -8.706098175807488 40.65146731569646, -8.706101976478624 40.65147123917329, -8.706105187707939 40.65147522514831)",,,,
1,,10730,1,10730_1,"LINESTRING (-8.706104076781049 40.65141967074079, -8.706100404372972 40.6514215383478, -8.706097454377488 40.651423866939915, -8.706095178911568 40.65142660359285, -8.706093530092177 40.65142969538235, -8.706092460036281 40.651433089384206, -8.706091920860848 40.65143673267412, -8.706091864682845 40.6514405723279, -8.70609224361924 40.651444555421286, -8.706093009786999 40.6514486290301, -8.706094115303088 40.65145274023006, -8.706095512284476 40.65145683609706, -8.706097152848129 40.65146086370689, -8.706098989111014 40.65146477013537, -8.706100973190098 40.65146850245835, -8.706103057202348 40.65147200775171, -8.706105193264733 40.6514752330913)",,,,
1,,10731,1,10731_1,"LINESTRING (-8.706114062642667 40.65145434427549, -8.706111367052266 40.65145575069153, -8.706108988136133 40.65145761784036, -8.706106973335999 40.65145984615943, -8.706105370093589 40.65146233608623, -8.706104225850636 40.65146498805822, -8.706103588048864 40.65146770251292, -8.706103504130006 40.6514703798878, -8.706104021535788 40.65147292062042, -8.706105187707939 40.65147522514831)",,,,
1,,10732,1,10732_1,"LINESTRING (-8.706045883691608 40.651442942840724, -8.706049971255482 40.65144170782656, -8.706054143500996 40.65144119000643, -8.706058371394573 40.65144132862905, -8.706062625902637 40.65144206294305, -8.706066877991613 40.651443332197104, -8.706071098627927 40.651445075639884, -8.706075258778 40.651447232519985, -8.70607932940826 40.65144974208607, -8.706083281485128 40.65145254358678, -8.706087085975032 40.65145557627073, -8.706090713844395 40.65145877938659, -8.706094136059638 40.65146209218303, -8.706097323587192 40.65146545390875, -8.706100247393477 40.65146880381237, -8.706102878444918 40.65147208114268, -8.706105187707939 40.65147522514831)",,,,
1,,10733,1,10733_1,"LINESTRING (-8.706038229465427 40.65144600385507, -8.706042603022503 40.65144464118524, -8.706047152216053 40.6514439363211, -8.706051834029129 40.65144383943278, -8.706056605444786 40.65144430069041, -8.706061423446075 40.65144527026413, -8.706066245016045 40.65144669832407, -8.706071027137751 40.65144853504036, -8.706075726794243 40.65145073058308, -8.706080300968575 40.65145323512237, -8.706084706643797 40.65145599882828, -8.70608890080296 40.65145897187103, -8.70609284042912 40.65146210442069, -8.706096482505325 40.65146534664739, -8.706099784014626 40.6514686487213, -8.706102701940079 40.65147196081255, -8.706105193264733 40.6514752330913)",,,,
1,,10734,1,10734_1,"LINESTRING (-8.706077419675745 40.651469099799726, -8.706081123606515 40.65146705075508, -8.706084246502426 40.65146432475843, -8.706086970467137 40.651461154688995, -8.706089477604296 40.65145777342597, -8.706091950017564 40.651454413848654, -8.70609456981059 40.65145130883634, -8.706097519087033 40.651448691268385, -8.706100979950547 40.65144679402416, -8.706105134504783 40.65144584998312, -8.706109367359648 40.65144585472212, -8.706113545274933 40.6514465336352, -8.706117612817206 40.651447796420655, -8.706121514553029 40.65144955277676, -8.706125195048974 40.65145171240184, -8.706128598871606 40.65145418499416, -8.706131670587494 40.65145688025196, -8.706134354763202 40.65145970787365, -8.706136595965301 40.65146257755745)",,,,
1,,10735,1,10735_1,"LINESTRING (-8.706155983870918 40.651398912479074, -8.70615012319489 40.65140116796612, -8.706143973265462 40.65140346602568, -8.706137755239917 40.6514058733609, -8.706131690275543 40.65140845667497, -8.706125999529624 40.651411282671056, -8.706120904159446 40.65141441805235, -8.706116625322295 40.65141792952194, -8.706113384175456 40.65142188378298, -8.706111401876216 40.65142634753855, -8.706111037468103 40.65143071607977, -8.70611215350773 40.651434924875694, -8.706114454490852 40.65143900564038, -8.706117644913226 40.651442990087816, -8.706121429270604 40.651446909932076, -8.706125512058748 40.65145079688713, -8.706129597773407 40.65145468266707, -8.70613339091034 40.651458598985826, -8.706136595965301 40.65146257755745)",,,,
1,,10736,1,10736_1,"LINESTRING (-8.706135537650303 40.6514070891663, -8.706131869068757 40.65140895454134, -8.706128920982295 40.65141128036083, -8.706126645715502 40.65141401376227, -8.706124995592956 40.651417101883084, -8.706123922939245 40.651420491860804, -8.70612338007895 40.65142413083291, -8.706123319336651 40.65142796593691, -8.706123693036936 40.651431944310275, -8.706124453504387 40.651436013090574, -8.706125553063583 40.65144011941531, -8.70612694403911 40.65144421042204, -8.70612857875555 40.65144823324834, -8.706130409537485 40.651452135031704, -8.706132388709499 40.6514558629098, -8.706134468596174 40.65145936402019, -8.706136601522095 40.65146258550047)",,,,
1,,10737,1,10737_1,"LINESTRING (-8.70614547090003 40.6514416966807, -8.706142775309626 40.651443103096994, -8.706140396393495 40.651444970246175, -8.70613838159336 40.651447198565684, -8.70613677835095 40.65144968849294, -8.706135634107996 40.65145234046543, -8.706134996306226 40.65145505492064, -8.706134912387368 40.65145773229605, -8.706135429793148 40.65146027302916, -8.706136595965301 40.65146257755745)",,,,
1,,10738,1,10738_1,"LINESTRING (-8.70607734456086 40.65143036127063, -8.706081427152263 40.65142912756054, -8.706085594795358 40.651428609619906, -8.706089818425395 40.651428746847586, -8.70609406897762 40.65142947864233, -8.706098317387283 40.651430744402894, -8.706102534589629 40.651432483528026, -8.70610669151991 40.65143463541649, -8.706110759113368 40.65143713946702, -8.706114708305257 40.65143993507838, -8.706118510030823 40.6514429616493, -8.706122135225312 40.65144615857857, -8.706125554823974 40.651449465264946, -8.706128739762056 40.65145282110722, -8.706131660974807 40.65145616550421, -8.706134289397472 40.65145943785466, -8.706136595965301 40.65146257755745)",,,,
1,,10739,1,10739_1,"LINESTRING (-8.706069690334683 40.651433422285535, -8.706074059129445 40.65143206082165, -8.706078603861238 40.65143135574225, -8.706083281490821 40.651431257369644, -8.706088048978964 40.651431716026245, -8.706092863286425 40.65143268203428, -8.706097681373974 40.65143410571613, -8.706102460202366 40.65143593739406, -8.706107156732372 40.651438127390406, -8.706111727924755 40.651440626027416, -8.706116130740277 40.65144338362746, -8.7061203221397 40.651446350512785, -8.70612425908379 40.65144947700577, -8.706127898533312 40.651452713428675, -8.706131197449027 40.651456010103885, -8.7061341127917 40.6514593173537, -8.706136601522095 40.65146258550047)",,,,
1,,10740,1,10740_1,"LINESTRING (-8.706108827933107 40.651456452207725, -8.706112531863877 40.6514544031627, -8.706115654759788 40.65145167716554, -8.706118378724497 40.651448507095495, -8.706120885861658 40.651445125831835, -8.706123358274924 40.65144176625385, -8.706125978067952 40.65143866124096, -8.706128927344395 40.651436043672525, -8.706132388207907 40.65143414642797, -8.706136542762144 40.65143320238672, -8.70614077561701 40.65143320712572, -8.706144953532295 40.65143388603893, -8.706149021074566 40.65143514882461, -8.706152922810391 40.65143690518107, -8.706156603306336 40.65143906480656, -8.706160007128968 40.65144153739931, -8.706163078844854 40.65144423265768, -8.706165763020564 40.65144706027987, -8.706168004222663 40.65144992996424)",,,,
1,,10741,1,10741_1,"LINESTRING (-8.706187444740172 40.651386330900664, -8.706181584098061 40.65138858639343, -8.706175434253426 40.65139088446658, -8.706169216338113 40.65139329181935, -8.706163151483967 40.65139587515103, -8.706157460822842 40.651398701160836, -8.706152365486583 40.651401836547976, -8.706148086607035 40.651405348011664, -8.706144845316048 40.651409302251054, -8.706142862745471 40.65141376596531, -8.706142498588155 40.651418126325474, -8.706143611912436 40.651422327380054, -8.706145907832074 40.651426400745216, -8.706149091460821 40.65143037803711, -8.706152867912433 40.65143429087199, -8.706156942300668 40.651438170865966, -8.70616101973928 40.65144204963525, -8.706164805342025 40.65144595879595, -8.706168004222663 40.65144992996424)",,,,
1,,10742,1,10742_1,"LINESTRING (-8.706166998519558 40.65139450758944, -8.706163333762731 40.65139637073313, -8.706160387583822 40.651398693780266, -8.706158112515006 40.65140142393019, -8.706156461088462 40.65140450838209, -8.706155385836366 40.65140789433529, -8.706154839290898 40.651411528989065, -8.70615477398423 40.65141535954269, -8.706155142448537 40.65141933319547, -8.706155897216004 40.65142339714672, -8.706156990818801 40.65142749859577, -8.706158375789107 40.65143158474195, -8.706160004659099 40.65143560278457, -8.706161829960953 40.65143949992303, -8.706163804226845 40.651443223356715, -8.706165879988955 40.65144672028499, -8.706168009779455 40.65144993790723)",,,,
1,,10743,1,10743_1,"LINESTRING (-8.70617687915739 40.65142904908351, -8.70617418356699 40.65143045550008, -8.706171804650856 40.6514323226496, -8.70616978985072 40.65143455096953, -8.706168186608311 40.65143704089728, -8.706167042365358 40.651439692870284, -8.706166404563588 40.651442407326, -8.706166320644728 40.65144508470189, -8.706166838050512 40.65144762543548, -8.706168004222663 40.65144992996424)",,,,
1,,10744,1,10744_1,"LINESTRING (-8.706108805430116 40.65141777969814, -8.706112883050078 40.651416547291625, -8.706117046091448 40.65141602923008, -8.706121265458338 40.651416165062386, -8.706125512054863 40.651416894337444, -8.706129756785138 40.65141815660413, -8.706133970553282 40.651419891411344, -8.706138124263406 40.65142203830794, -8.706142188819626 40.65142453684277, -8.706146135126057 40.65142732656471, -8.706149934086815 40.65143034702263, -8.706153556606015 40.65143353776545, -8.70615697358777 40.65143683834202, -8.706160155936198 40.651440188301265, -8.706163074555413 40.65144352719208, -8.706165700349528 40.651446794563434, -8.706168004222663 40.65144992996424)",,,,
1,,10745,1,10745_1,"LINESTRING (-8.706101151203937 40.651420840713634, -8.706105515237862 40.651419480454976, -8.706110055508882 40.65141877515965, -8.706114728955535 40.65141867530219, -8.706119492516361 40.651419131357144, -8.706124303129895 40.65142009379902, -8.706129117734678 40.651421513102335, -8.706133893269246 40.65142333974158, -8.706138586672138 40.65142552419132, -8.70614315488189 40.65142801692601, -8.706147554837042 40.65143076842018, -8.706151743476129 40.6514337291483, -8.706155677737694 40.651436849584954, -8.70615931456027 40.651440080204615, -8.706162610882398 40.65144337148189, -8.706165523642612 40.65144667389123, -8.706168009779455 40.65144993790723)",,,,
1,,10746,1,10746_1,"LINESTRING (-8.705426463977437 40.65372223625588, -8.70543083063651 40.653721178039355, -8.705435574390533 40.65372087526915, -8.705440555017445 40.6537210789493, -8.705445632295191 40.65372154008401, -8.705450666001715 40.65372200967734, -8.70545551591496 40.6537222387334, -8.705460041812863 40.65372197825636, -8.705464103473375 40.65372097925029, -8.705467560674434 40.65371899271929, -8.705470054784378 40.65371639808647, -8.70547179926428 40.653713439063225, -8.705472857449061 40.653710202905984, -8.705473292673638 40.65370677687128, -8.705473168272933 40.653703248215606, -8.705472547581866 40.65369970419553, -8.70547149393536 40.65369623206757, -8.70547007066833 40.65369291908833, -8.7054683411157 40.65368985251435)",,,,
1,,10747,1,10747_1,"LINESTRING (-8.705458462591446 40.653710471656574, -8.7054612248809 40.65370914079407, -8.705463692440617 40.653707340450715, -8.7054658131637 40.65370516886268, -8.705467534943255 40.65370272426614, -8.705468805672382 40.653700104897254, -8.705469573244185 40.653697408992215, -8.705469785551767 40.65369473478723, -8.705469390488231 40.653692180518526, -8.70546833594668 40.6536898444223)",,,,
1,,10748,1,10748_1,"LINESTRING (-8.705495794307788 40.65369674628813, -8.705492706625353 40.65369756649086, -8.705489315780921 40.65369792077397, -8.705485755700467 40.65369783886975, -8.705482160309957 40.65369735051036, -8.705478663535374 40.653696485428064, -8.705475399302681 40.65369527335511, -8.705472501537857 40.653693744023684, -8.705470104166873 40.653691927166044, -8.7054683411157 40.65368985251435)",,,,
1,,10749,1,10749_1,"LINESTRING (-8.705527792921798 40.653684981684336, -8.705523653791333 40.65368688714887, -8.70551979238111 40.65368930263929, -8.705516114147576 40.65369203009645, -8.705512524547181 40.65369487146131, -8.705508929036384 40.653697628674756, -8.705505233071626 40.65370010367781, -8.705501342109368 40.65370209841145, -8.705497161606054 40.65370341481665, -8.705492597018141 40.653703854834504, -8.705489234593287 40.65370356691912, -8.705485947825832 40.6537028312898, -8.705482775728706 40.653701703881374, -8.705479757314832 40.65370024062875, -8.705476931597138 40.65369849746675, -8.70547433758855 40.653696530330215, -8.705472014301993 40.65369439515407, -8.705470000750395 40.65369214787313, -8.70546833594668 40.6536898444223)",,,,
1,,10750,1,10750_1,"LINESTRING (-8.705458462591446 40.653710471656574, -8.70546282925052 40.6537094134399, -8.70546757300454 40.65370911066959, -8.705472553631454 40.65370931434982, -8.7054776309092 40.65370977548457, -8.705482664615722 40.653710245078, -8.705487514528967 40.653710474134094, -8.705492040426872 40.65371021365702, -8.705496102087382 40.653709214650775, -8.705499559288441 40.65370722811945, -8.705502053398387 40.65370463348617, -8.70550379787829 40.65370167446239, -8.705504856063069 40.653698438304566, -8.705505291287647 40.65369501226928, -8.705505166886942 40.65369148361299, -8.705504546195876 40.65368793959228, -8.705503492549367 40.653684467463705, -8.705502069282339 40.653681154483856, -8.705500339729708 40.65367808790934)",,,,
1,,10751,1,10751_1,"LINESTRING (-8.705490461205454 40.65369870705523, -8.705493223494907 40.653697376192476, -8.705495691054624 40.653695575848786, -8.70549781177771 40.65369340426037, -8.705499533557262 40.6536909596634, -8.705500804286391 40.65368834029405, -8.705501571858195 40.65368564438855, -8.705501784165776 40.65368297018309, -8.70550138910224 40.653680415913946, -8.70550033456069 40.6536780798173)",,,,
1,,10752,1,10752_1,"LINESTRING (-8.705527792921798 40.653684981684336, -8.705524705239363 40.65368580188723, -8.705521314394929 40.653686156170416, -8.705517754314474 40.65368607426614, -8.705514158923968 40.65368558590668, -8.705510662149381 40.653684720824224, -8.705507397916689 40.65368350875107, -8.705504500151866 40.65368197941937, -8.705502102780882 40.65368016256139, -8.705500339729708 40.65367808790934)",,,,
1,,10753,1,10753_1,"LINESTRING (-8.705559791535805 40.65367321707849, -8.705555652405343 40.653675122543355, -8.705551790995118 40.65367753803418, -8.705548112761585 40.65368026549186, -8.705544523161192 40.6536831068572, -8.705540927650391 40.65368586407114, -8.705537231685636 40.65368833907463, -8.705533340723376 40.65369033380858, -8.705529160220063 40.65369165021406, -8.70552459563215 40.653692090231964, -8.705521233207294 40.65369180231655, -8.705517946439842 40.65369106668708, -8.705514774342715 40.65368993927846, -8.70551175592884 40.65368847602557, -8.705508930211147 40.65368673286327, -8.705506336202559 40.6536847657264, -8.705504012916002 40.65368263054987, -8.705501999364403 40.65368038326853, -8.70550033456069 40.6536780798173)",,,,
1,,10754,1,10754_1,"LINESTRING (-8.705490461205454 40.65369870705523, -8.705494827864527 40.653697648838325, -8.70549957161855 40.65369734606799, -8.705504552245463 40.653697549748244, -8.70550962952321 40.653698010883105, -8.705514663229733 40.653698480476585, -8.705519513142976 40.653698709532755, -8.705524039040881 40.653698449055604, -8.705528100701391 40.65369745004921, -8.70553155790245 40.6536954635175, -8.705534052012394 40.65369286888379, -8.705535796492297 40.653689909859445, -8.705536854677078 40.65368667370108, -8.705537289901654 40.653683247665164, -8.70553716550095 40.65367971900826, -8.705536544809885 40.65367617498694, -8.705535491163378 40.65367270285776, -8.705534067896346 40.65366938987735, -8.705532338343717 40.65366632330225)",,,,
1,,10755,1,10755_1,"LINESTRING (-8.705522459819463 40.6536869424518, -8.705525222108916 40.65368561158879, -8.705527689668633 40.6536838112448, -8.705529810391717 40.653681639656, -8.705531532171273 40.653679195058594, -8.7055328029004 40.65367657568879, -8.705533570472204 40.65367387978281, -8.705533782779785 40.653671205576885, -8.705533387716248 40.653668651307264, -8.705532333174697 40.65366631521023)",,,,
1,,10756,1,10756_1,"LINESTRING (-8.705559791535805 40.65367321707849, -8.70555670385337 40.65367403728151, -8.705553313008938 40.65367439156474, -8.705549752928484 40.653674309660474, -8.705546157537976 40.653673821300934, -8.70554266076339 40.65367295621835, -8.705539396530698 40.653671744144944, -8.705536498765873 40.65367021481298, -8.70553410139489 40.65366839795468, -8.705532338343717 40.65366632330225)",,,,
1,,10757,1,10757_1,"LINESTRING (-8.705591790149814 40.65366145247056, -8.70558765101935 40.653663357935756, -8.705583789609127 40.653665773427036, -8.705580111375594 40.65366850088514, -8.7055765217752 40.653671342250995, -8.7055729262644 40.65367409946543, -8.705569230299645 40.653676574469344, -8.705565339337385 40.65367856920368, -8.705561158834072 40.65367988560938, -8.705556594246158 40.65368032562736, -8.705553231821304 40.65368003771188, -8.70554994505385 40.6536793020823, -8.705546772956723 40.65367817467347, -8.70554375454285 40.65367671142034, -8.705540928825155 40.653674968257704, -8.705538334816568 40.65367300112051, -8.705536011530011 40.653670865943596, -8.705533997978412 40.65366861866187, -8.705532333174697 40.65366631521023)",,,,
1,,10758,1,10758_1,"LINESTRING (-8.705522459819463 40.6536869424518, -8.705526826478536 40.65368588423472, -8.705531570232557 40.65368558146433, -8.70553655085947 40.65368578514461, -8.705541628137217 40.65368624627955, -8.70554666184374 40.6536867158731, -8.705551511756983 40.6536869449293, -8.705556037654889 40.653686684452126, -8.705560099315399 40.653685685445545, -8.70556355651646 40.65368369891351, -8.705566050626404 40.653681104279315, -8.705567795106306 40.65367814525446, -8.705568853291085 40.65367490909552, -8.705569288515663 40.65367148305901, -8.705569164114959 40.65366795440147, -8.705568543423892 40.65366441037952, -8.705567489777385 40.65366093824972, -8.705566066510356 40.65365762526871, -8.705564336957725 40.65365455869312)",,,,
1,,10759,1,10759_1,"LINESTRING (-8.70555445843347 40.65367517784628, -8.705557220722925 40.65367384698305, -8.70555968828264 40.65367204663875, -8.705561809005726 40.653669875049566, -8.70556353078528 40.653667430451705, -8.705564801514408 40.65366481108147, -8.705565569086211 40.653662115175, -8.705565781393794 40.653659440968596, -8.705565386330258 40.65365688669851, -8.705564331788706 40.653654550601075)",,,,
1,,10760,1,10760_1,"LINESTRING (-8.705591790149814 40.65366145247056, -8.705588702467379 40.65366227267371, -8.705585311622947 40.653662626957015, -8.705581751542491 40.65366254505275, -8.705578156151985 40.6536620566931, -8.7055746593774 40.65366119161037, -8.705571395144707 40.653659979536755, -8.705568497379883 40.65365845020454, -8.705566100008898 40.65365663334588, -8.705564336957725 40.65365455869312)",,,,
1,,10761,1,10761_1,"LINESTRING (-8.705623788763821 40.653649687860536, -8.70561964963336 40.65365159332609, -8.705615788223135 40.65365400881778, -8.705612109989602 40.653656736276396, -8.705608520389207 40.653659577642756, -8.705604924878408 40.65366233485767, -8.705601228913654 40.65366480986202, -8.705597337951394 40.65366680459668, -8.70559315744808 40.65366812100262, -8.705588592860167 40.65366856102068, -8.705585230435311 40.65366827310514, -8.705581943667857 40.653667537475435, -8.705578771570732 40.65366641006643, -8.705575753156857 40.65366494681302, -8.705572927439164 40.653663203650076, -8.705570333430575 40.65366123651253, -8.705568010144018 40.65365910133525, -8.705565996592421 40.653656854053125, -8.705564331788706 40.653654550601075)",,,,
1,,10762,1,10762_1,"LINESTRING (-8.70555445843347 40.65367517784628, -8.705558825092544 40.653674119629024, -8.705563568846566 40.653673816858564, -8.70556854947348 40.653674020538894, -8.705573626751226 40.6536744816739, -8.70557866045775 40.65367495126756, -8.705583510370992 40.65367518032381, -8.705588036268898 40.65367491984656, -8.70559209792941 40.6536739208398, -8.705595555130467 40.653671934307404, -8.705598049240413 40.65366933967278, -8.705599793720314 40.65366638064742, -8.705600851905094 40.653663144487886, -8.705601287129673 40.65365971845077, -8.705601162728968 40.65365618979263, -8.705600542037901 40.65365264577003, -8.705599488391393 40.65364917363963, -8.705598065124365 40.653645860658024, -8.705596335571736 40.653642794081904)",,,,
1,,10763,1,10763_1,"LINESTRING (-8.70558645704748 40.65366341323868, -8.705589219336932 40.65366208237521, -8.70559168689665 40.653660282030586, -8.705593807619733 40.65365811044102, -8.705595529399288 40.653655665842756, -8.705596800128417 40.65365304647204, -8.70559756770022 40.65365035056511, -8.705597780007801 40.65364767635825, -8.705597384944266 40.6536451220877, -8.705596330402715 40.65364278598986)",,,,
1,,10764,1,10764_1,"LINESTRING (-8.705623788763821 40.653649687860536, -8.705620701081388 40.65365050806386, -8.705617310236955 40.65365086234722, -8.7056137501565 40.65365078044293, -8.705610154765992 40.653650292083206, -8.705606657991407 40.653649427000325, -8.705603393758716 40.653648214926505, -8.705600495993892 40.65364668559399, -8.705598098622907 40.65364486873505, -8.705596335571736 40.653642794081904)",,,,
1,,10765,1,10765_1,"LINESTRING (-8.705655787377832 40.65363792324846, -8.705651648247368 40.65363982871434, -8.705647786837144 40.653642244206466, -8.70564410860361 40.653644971665564, -8.705640519003216 40.65364781303241, -8.705636923492417 40.653650570247805, -8.705633227527661 40.65365304525258, -8.705629336565401 40.653655039987626, -8.705625156062089 40.653656356393796, -8.705620591474174 40.65365679641193, -8.70561722904932 40.65365650849634, -8.705613942281866 40.65365577286651, -8.705610770184741 40.6536546454573, -8.705607751770867 40.653653182203634, -8.705604926053171 40.65365143904039, -8.705602332044583 40.653649471902476, -8.705600008758028 40.65364733672482, -8.70559799520643 40.653645089442314, -8.705596330402715 40.65364278598986)",,,,
1,,10766,1,10766_1,"LINESTRING (-8.720020016849178 40.65524322561787, -8.720015433675993 40.65524315846174, -8.720010814827786 40.65524228397499, -8.720006187142369 40.65524087215387, -8.72000157745756 40.65523919299463, -8.719997012611179 40.65523751649347, -8.719992519441044 40.65523611264673, -8.719988124784969 40.65523525145066, -8.719983855480773 40.65523520290158, -8.719979738366277 40.65523623699576, -8.719976274247076 40.65523808238397, -8.71997336471537 40.65524045614592, -8.719970986929003 40.65524326019124, -8.71996911804581 40.65524639642942, -8.719967735223635 40.65524976677004, -8.719966815620317 40.655253273122675, -8.719966336393698 40.65525681739692, -8.719966274701617 40.655260301502416, -8.719966607701913 40.65526362734875)",,,,
1,,10767,1,10767_1,"LINESTRING (-8.719984726346503 40.6552465290398, -8.719981545810077 40.65524711262304, -8.719978444595432 40.65524821270932, -8.719975513798408 40.65524974907099, -8.719972844514846 40.65525164148029, -8.719970527840585 40.655253809709606, -8.719968654871469 40.65525617353118, -8.719967316703332 40.65525865271742, -8.719966604432022 40.65526116704058, -8.719966609153373 40.655263636273055)",,,,
1,,10768,1,10768_1,"LINESTRING (-8.719943554093382 40.65525038303187, -8.719946825463644 40.65525036243302, -8.719950185651495 40.655250857030296, -8.719953520536018 40.65525180590281, -8.719956715996297 40.6552531481297, -8.719959657911414 40.65525482279006, -8.71996223216045 40.65525676896302, -8.719964324622492 40.65525892572771, -8.719965821176618 40.65526123216325, -8.719966607701913 40.65526362734875)",,,,
1,,10769,1,10769_1,"LINESTRING (-8.719908263590709 40.65525368645344, -8.719912991696072 40.65525289599637, -8.719917673821483 40.65525155482338, -8.71992231522986 40.65524987353846, -8.719926921184122 40.655248062745734, -8.719931496947185 40.655246333049185, -8.719936047781966 40.65524489505294, -8.719940578951382 40.65524395936107, -8.719945095718352 40.655243736577695, -8.719949603345793 40.65524443730695, -8.719952663537 40.655245532792954, -8.719955461724764 40.655247033525214, -8.719957984768731 40.65524887701233, -8.719960219528557 40.655251000762995, -8.719962152863895 40.655253342285874, -8.719963771634392 40.65525583908964, -8.719965062699705 40.65525842868296, -8.71996601291948 40.65526104857453, -8.719966609153373 40.655263636273055)",,,,
1,,10770,1,10770_1,"LINESTRING (-8.719984726346503 40.6552465290398, -8.71998014317332 40.65524646188366, -8.719975524325111 40.65524558739697, -8.719970896639694 40.655244175575945, -8.719966286954886 40.65524249641676, -8.719961722108504 40.6552408199157, -8.71995722893837 40.655239416069016, -8.719952834282294 40.655238554872994, -8.7199485649781 40.65523850632392, -8.719944447863602 40.65523954041804, -8.7199409837444 40.65524138580614, -8.719938074212696 40.655243759567995, -8.719935696426328 40.65524656361314, -8.719933827543136 40.6552496998512, -8.71993244472096 40.655253070191634, -8.719931525117643 40.65525657654412, -8.719931045891023 40.655260120818184, -8.719930984198943 40.6552636049235, -8.71993131719924 40.655266930769685)",,,,
1,,10771,1,10771_1,"LINESTRING (-8.719949435843828 40.65524983246157, -8.719946255307404 40.65525041604479, -8.719943154092759 40.65525151613102, -8.719940223295735 40.65525305249259, -8.719937554012171 40.655254944901806, -8.719935237337912 40.655257113131, -8.719933364368794 40.655259476952466, -8.71993202620066 40.65526195613858, -8.719931313929347 40.65526447046164, -8.7199313186507 40.655266939693966)",,,,
1,,10772,1,10772_1,"LINESTRING (-8.719908263590709 40.65525368645344, -8.71991153496097 40.655253665854595, -8.71991489514882 40.65525416045184, -8.719918230033343 40.65525510932432, -8.719921425493622 40.655256451551146, -8.719924367408739 40.65525812621143, -8.719926941657777 40.65526007238429, -8.719929034119817 40.655262229148875, -8.719930530673944 40.65526453558428, -8.71993131719924 40.655266930769685)",,,,
1,,10773,1,10773_1,"LINESTRING (-8.719872973088034 40.65525698987486, -8.719877701193397 40.65525619941784, -8.719882383318808 40.6552548582449, -8.719887024727186 40.65525317696008, -8.719891630681447 40.655251366167434, -8.71989620644451 40.655249636470955, -8.71990075727929 40.65524819847479, -8.719905288448707 40.65524726278298, -8.719909805215677 40.65524703999962, -8.719914312843118 40.65524774072882, -8.719917373034326 40.655248836214774, -8.719920171222087 40.655250336946956, -8.719922694266058 40.65525218043398, -8.719924929025884 40.65525430418454, -8.719926862361222 40.65525664570732, -8.719928481131719 40.65525914251096, -8.71992977219703 40.65526173210415, -8.719930722416805 40.65526435199559, -8.7199313186507 40.655266939693966)",,,,
1,,10774,1,10774_1,"LINESTRING (-8.719949435843828 40.65524983246157, -8.719944852670645 40.655249765305435, -8.719940233822436 40.6552488908188, -8.71993560613702 40.65524747899782, -8.719930996452211 40.65524579983874, -8.719926431605831 40.65524412333775, -8.719921938435693 40.65524271949114, -8.719917543779621 40.65524185829515, -8.719913274475426 40.65524180974607, -8.719909157360927 40.65524284384017, -8.719905693241726 40.65524468922818, -8.719902783710022 40.65524706298989, -8.719900405923653 40.65524986703494, -8.719898537040462 40.65525300327279, -8.719897154218286 40.655256373613106, -8.71989623461497 40.655259879965385, -8.71989575538835 40.655263424239294, -8.719895693696268 40.65526690834441, -8.719896026696565 40.65527023419044)",,,,
1,,10775,1,10775_1,"LINESTRING (-8.719914145341153 40.65525313588319, -8.719910964804729 40.65525371946635, -8.719907863590082 40.65525481955254, -8.71990493279306 40.65525635591403, -8.719902263509498 40.65525824832317, -8.719899946835238 40.65526041655226, -8.71989807386612 40.655262780373604, -8.719896735697985 40.65526525955959, -8.719896023426672 40.65526777388252, -8.719896028148025 40.65527024311472)",,,,
1,,10776,1,10776_1,"LINESTRING (-8.719872973088034 40.65525698987486, -8.719876244458295 40.65525696927601, -8.719879604646145 40.655257463873255, -8.71988293953067 40.65525841274567, -8.719886134990947 40.65525975497241, -8.719889076906066 40.65526142963262, -8.719891651155102 40.6552633758054, -8.719893743617142 40.65526553256986, -8.71989524017127 40.65526783900516, -8.719896026696565 40.65527023419044)",,,,
1,,10777,1,10777_1,"LINESTRING (-8.71983768258536 40.6552602932961, -8.719842410690722 40.65525950283913, -8.719847092816133 40.65525816166627, -8.719851734224513 40.655256480381524, -8.719856340178774 40.65525466958895, -8.719860915941835 40.65525293989258, -8.719865466776616 40.65525150189648, -8.719869997946033 40.65525056620472, -8.719874514713002 40.65525034342137, -8.719879022340443 40.655251044150546, -8.719882082531653 40.655252139636445, -8.719884880719414 40.65525364036853, -8.719887403763382 40.65525548385548, -8.71988963852321 40.65525760760593, -8.719891571858547 40.655259949128606, -8.719893190629044 40.655262445932095, -8.719894481694354 40.65526503552516, -8.719895431914132 40.65526765541647, -8.719896028148025 40.65527024311472)",,,,
1,,10778,1,10778_1,"LINESTRING (-8.719914145341153 40.65525313588319, -8.71990956216797 40.655253068727056, -8.719904943319762 40.65525219424044, -8.719900315634344 40.65525078241954, -8.719895705949536 40.65524910326053, -8.719891141103156 40.65524742675965, -8.71988664793302 40.6552460229131, -8.719882253276944 40.655245161717154, -8.71987798397275 40.6552451131681, -8.719873866858252 40.65524614726212, -8.719870402739051 40.655247992650025, -8.719867493207348 40.65525036641164, -8.719865115420978 40.65525317045653, -8.719863246537788 40.655256306694234, -8.719861863715613 40.655259677034365, -8.719860944112295 40.655263183386495, -8.719860464885674 40.655266727660226, -8.719860403193595 40.65527021176519, -8.71986073619389 40.655273537611045)",,,,
1,,10779,1,10779_1,"LINESTRING (-8.71987885483848 40.65525643930464, -8.719875674302054 40.65525702288777, -8.71987257308741 40.655258122973905, -8.719869642290385 40.65525965933532, -8.719866973006823 40.65526155174436, -8.719864656332563 40.65526371997335, -8.719862783363444 40.65526608379459, -8.71986144519531 40.655268562980424, -8.719860732923998 40.655271077303226, -8.719860737645352 40.65527354653533)",,,,
1,,10780,1,10780_1,"LINESTRING (-8.71983768258536 40.6552602932961, -8.719840953955622 40.65526027269728, -8.719844314143472 40.65526076729447, -8.719847649027994 40.65526171616683, -8.719850844488274 40.65526305839352, -8.719853786403391 40.65526473305365, -8.719856360652427 40.65526667922633, -8.719858453114467 40.65526883599069, -8.719859949668594 40.65527114242587, -8.71986073619389 40.655273537611045)",,,,
1,,10781,1,10781_1,"LINESTRING (-8.719802392082686 40.65526359671721, -8.719807120188047 40.65526280626024, -8.71981180231346 40.655261465087456, -8.719816443721838 40.65525978380279, -8.719821049676098 40.65525797301034, -8.71982562543916 40.65525624331405, -8.719830176273941 40.655254805318, -8.719834707443358 40.65525386962629, -8.719839224210329 40.655253646842944, -8.719843731837768 40.65525434757209, -8.719846792028978 40.65525544305794, -8.71984959021674 40.655256943789944, -8.719852113260709 40.655258787276814, -8.719854348020535 40.65526091102717, -8.719856281355872 40.655263252549695, -8.71985790012637 40.65526574935308, -8.71985919119168 40.65526833894602, -8.719860141411457 40.65527095883721, -8.719860737645352 40.65527354653533)",,,,
1,,10782,1,10782_1,"LINESTRING (-8.71987885483848 40.65525643930464, -8.719874271665297 40.65525637214849, -8.719869652817087 40.65525549766193, -8.71986502513167 40.65525408584109, -8.719860415446863 40.65525240668218, -8.719855850600482 40.65525073018138, -8.719851357430345 40.655249326334896, -8.719846962774271 40.655248465139, -8.719842693470076 40.65524841658992, -8.719838576355578 40.6552494506839, -8.719835112236376 40.65525129607172, -8.719832202704673 40.655253669833236, -8.719829824918305 40.65525647387798, -8.719827956035111 40.65525961011555, -8.719826573212938 40.655262980455504, -8.719825653609622 40.655266486807456, -8.719825174383 40.65527003108098, -8.719825112690918 40.65527351518579, -8.719825445691216 40.655276841031466)",,,,
1,,10783,1,10783_1,"LINESTRING (-8.719843564335806 40.655259742725924, -8.71984038379938 40.65526032630903, -8.719837282584734 40.65526142639509, -8.71983435178771 40.65526296275643, -8.719831682504148 40.6552648551654, -8.719829365829888 40.65526702339426, -8.71982749286077 40.65526938721537, -8.719826154692635 40.6552718664011, -8.719825442421325 40.655274380723775, -8.719825447142675 40.655276849955776)",,,,
1,,10784,1,10784_1,"LINESTRING (-8.719802392082686 40.65526359671721, -8.719805663452947 40.65526357611836, -8.719809023640797 40.65526407071553, -8.71981235852532 40.655265019587866, -8.7198155539856 40.65526636181448, -8.719818495900714 40.65526803647451, -8.719821070149752 40.65526998264711, -8.719823162611794 40.655272139411345, -8.71982465916592 40.65527444584642, -8.719825445691216 40.655276841031466)",,,,
1,,10785,1,10785_1,"LINESTRING (-8.71976710158001 40.655266900138145, -8.719771829685374 40.65526610968122, -8.719776511810785 40.65526476850849, -8.719781153219163 40.6552630872239, -8.719785759173424 40.65526127643153, -8.719790334936487 40.655259546735316, -8.719794885771266 40.65525810873937, -8.719799416940685 40.65525717304769, -8.719803933707654 40.65525695026439, -8.719808441335095 40.655257650993455, -8.719811501526301 40.655258746479255, -8.719814299714066 40.65526024721121, -8.719816822758034 40.65526209069798, -8.719819057517862 40.65526421444823, -8.719820990853197 40.655266555970655, -8.719822609623694 40.65526905277391, -8.719823900689006 40.6552716423667, -8.719824850908783 40.655274262257755, -8.719825447142675 40.655276849955776)",,,,
1,,10786,1,10786_1,"LINESTRING (-8.719843564335806 40.655259742725924, -8.719838981162622 40.65525967556979, -8.719834362314412 40.65525880108327, -8.719829734628995 40.6552573892625, -8.719825124944188 40.655255710103646, -8.719820560097807 40.65525403360292, -8.719816066927672 40.65525262975654, -8.719811672271597 40.655251768560674, -8.719807402967401 40.65525172001159, -8.719803285852905 40.65525275410554, -8.719799821733703 40.65525459949326, -8.719796912201998 40.65525697325465, -8.71979453441563 40.65525977729927, -8.719792665532438 40.65526291353666, -8.719791282710263 40.655266283876465, -8.719790363106945 40.65526979022824, -8.719789883880326 40.65527333450161, -8.719789822188245 40.65527681860622, -8.719790155188543 40.65528014445174)",,,,
1,,10787,1,10787_1,"LINESTRING (-8.71980827383313 40.65526304614701, -8.719805093296705 40.65526362973012, -8.719801992082061 40.655264729816125, -8.719799061285036 40.65526626617739, -8.719796392001474 40.65526815858625, -8.719794075327213 40.655270326815014, -8.719792202358096 40.655272690636025, -8.719790864189962 40.65527516982163, -8.71979015191865 40.655277684144174, -8.719790156640002 40.65528015337602)",,,,
1,,10788,1,10788_1,"LINESTRING (-8.71976710158001 40.655266900138145, -8.719770372950272 40.6552668795393, -8.719773733138124 40.655267374136436, -8.719777068022646 40.65526832300872, -8.719780263482924 40.65526966523529, -8.719783205398041 40.655271339895236, -8.71978577964708 40.65527328606772, -8.71978787210912 40.65527544283187, -8.719789368663246 40.65527774926682, -8.719790155188543 40.65528014445174)",,,,
1,,10789,1,10789_1,"LINESTRING (-8.719731811077336 40.6552702035589, -8.7197365391827 40.655269413102005, -8.71974122130811 40.65526807192935, -8.719745862716488 40.65526639064486, -8.71975046867075 40.65526457985256, -8.719755044433812 40.65526285015645, -8.719759595268593 40.655261412160556, -8.71976412643801 40.655260476468925, -8.71976864320498 40.655260253685626, -8.719773150832419 40.655260954414665, -8.719776211023628 40.65526204990044, -8.71977900921139 40.65526355063232, -8.71978153225536 40.65526539411899, -8.719783767015185 40.65526751786911, -8.719785700350522 40.65526985939141, -8.719787319121021 40.655272356194565, -8.719788610186331 40.65527494578723, -8.719789560406108 40.655277565678155, -8.719790156640002 40.65528015337602)",,,,
1,,10790,1,10790_1,"LINESTRING (-8.71980827383313 40.65526304614701, -8.719803690659948 40.6552629789909, -8.719799071811739 40.65526210450444, -8.71979444412632 40.65526069268372, -8.719789834441514 40.65525901352496, -8.719785269595132 40.65525733702434, -8.719780776424997 40.655255933178005, -8.719776381768922 40.6552550719822, -8.719772112464728 40.655255023433114, -8.71976799535023 40.655256057526984, -8.719764531231029 40.655257902914634, -8.719761621699323 40.6552602766759, -8.719759243912955 40.65526308072038, -8.719757375029763 40.65526621695762, -8.719755992207588 40.65526958729725, -8.71975507260427 40.65527309364884, -8.719754593377651 40.655276637922036, -8.71975453168557 40.65528012202649, -8.719754864685868 40.65528344787183)",,,,
1,,10791,1,10791_1,"LINESTRING (-8.719772983330456 40.655266349567974, -8.719769802794032 40.65526693315103, -8.719766701579386 40.65526803323701, -8.719763770782361 40.6552695695982, -8.719761101498799 40.65527146200696, -8.71975878482454 40.65527363023561, -8.719756911855422 40.6552759940565, -8.719755573687287 40.65527847324198, -8.719754861415975 40.655280987564396, -8.719754866137327 40.65528345679614)",,,,
1,,10792,1,10792_1,"LINESTRING (-8.719731811077336 40.6552702035589, -8.719735082447597 40.65527018296005, -8.719738442635448 40.65527067755717, -8.719741777519973 40.655271626429425, -8.71974497298025 40.655272968655915, -8.719747914895366 40.655274643315764, -8.719750489144403 40.65527658948817, -8.719752581606445 40.65527874625219, -8.719754078160571 40.655281052687045, -8.719754864685868 40.65528344787183)",,,,
1,,10793,1,10793_1,"LINESTRING (-8.719696520574661 40.655273506979505, -8.719701248680023 40.65527271652266, -8.719705930805436 40.655271375350054, -8.719710572213813 40.655269694065666, -8.719715178168075 40.655267883273446, -8.719719753931138 40.65526615357741, -8.719724304765919 40.65526471558159, -8.719728835935335 40.655263779890014, -8.719733352702304 40.65526355710671, -8.719737860329746 40.65526425783575, -8.719740920520954 40.65526535332143, -8.719743718708717 40.65526685405323, -8.719746241752686 40.655268697539825, -8.719748476512512 40.65527082128985, -8.719750409847848 40.65527316281204, -8.719752028618345 40.65527565961504, -8.719753319683656 40.6552782492076, -8.719754269903433 40.655280869098405, -8.719754866137327 40.65528345679614)",,,,
1,,10794,1,10794_1,"LINESTRING (-8.719772983330456 40.655266349567974, -8.719768400157273 40.65526628241186, -8.719763781309064 40.65526540792542, -8.719759153623647 40.65526399610481, -8.719754543938839 40.65526231694613, -8.719749979092459 40.655260640445576, -8.71974548592232 40.6552592365993, -8.719741091266249 40.655258375403534, -8.719736821962053 40.65525832685448, -8.719732704847555 40.6552593609483, -8.719729240728354 40.655261206335844, -8.71972633119665 40.65526358009698, -8.71972395341028 40.65526638414131, -8.719722084527088 40.655269520378425, -8.719720701704913 40.655272890717875, -8.719719782101597 40.65527639706929, -8.719719302874978 40.655279941342336, -8.719719241182895 40.655283425446605, -8.719719574183193 40.655286751291776)",,,,
1,,10795,1,10795_1,"LINESTRING (-8.719737692827781 40.65526965298878, -8.719734512291357 40.65527023657181, -8.71973141107671 40.65527133665771, -8.719728480279688 40.65527287301882, -8.719725810996126 40.655274765427485, -8.719723494321865 40.65527693365604, -8.719721621352747 40.655279297476795, -8.719720283184612 40.65528177666218, -8.7197195709133 40.65528429098446, -8.719719575634654 40.65528676021608)",,,,
1,,10796,1,10796_1,"LINESTRING (-8.719696520574661 40.655273506979505, -8.719699791944922 40.65527348638065, -8.719703152132773 40.655273980977746, -8.719706487017296 40.65527492984995, -8.719709682477575 40.655276272076364, -8.719712624392693 40.655277946736135, -8.71971519864173 40.65527989290844, -8.71971729110377 40.65528204967239, -8.719718787657898 40.65528435610711, -8.719719574183193 40.655286751291776)",,,,
1,,10797,1,10797_1,"LINESTRING (-8.719661230071988 40.655276810399926, -8.71966595817735 40.65527601994314, -8.719670640302763 40.6552746787706, -8.719675281711138 40.65527299748629, -8.7196798876654 40.65527118669415, -8.719684463428463 40.65526945699821, -8.719689014263244 40.65526801900248, -8.71969354543266 40.65526708331092, -8.719698062199631 40.65526686052765, -8.71970256982707 40.655267561256636, -8.719705630018279 40.65526865674226, -8.719708428206042 40.655270157474014, -8.719710951250011 40.6552720009605, -8.719713186009837 40.655274124710424, -8.719715119345175 40.655276466232515, -8.719716738115672 40.65527896303539, -8.719718029180983 40.6552815526278, -8.71971897940076 40.65528417251847, -8.719719575634654 40.65528676021608)",,,,
1,,10798,1,10798_1,"LINESTRING (-8.719737692827781 40.65526965298878, -8.719733109654598 40.65526958583266, -8.71972849080639 40.65526871134625, -8.719723863120972 40.65526729952571, -8.719719253436164 40.65526562036711, -8.719714688589784 40.655263943866636, -8.719710195419648 40.65526254002046, -8.719705800763574 40.65526167882472, -8.719701531459378 40.65526163027564, -8.71969741434488 40.65526266436944, -8.71969395022568 40.65526450975688, -8.719691040693975 40.65526688351791, -8.719688662907606 40.65526968756212, -8.719686794024414 40.65527282379905, -8.71968541120224 40.65527619413835, -8.719684491598922 40.65527970048959, -8.719684012372303 40.65528324476245, -8.71968395068022 40.65528672886655, -8.719684283680518 40.655290054711564)",,,,
1,,10799,1,10799_1,"LINESTRING (-8.719702402325108 40.655272956409405, -8.719699221788682 40.655273539992415, -8.719696120574037 40.65527464007824, -8.719693189777013 40.6552761764393, -8.719690520493451 40.65527806884786, -8.719688203819189 40.65528023707631, -8.719686330850072 40.65528260089694, -8.719684992681938 40.655285080082194, -8.719684280410625 40.655287594404356, -8.71968428513198 40.655290063635846)",,,,
1,,10800,1,10800_1,"LINESTRING (-8.719661230071988 40.655276810399926, -8.719664501442248 40.65527678980108, -8.7196678616301 40.65527728439817, -8.719671196514621 40.6552782332703, -8.719674391974902 40.655279575496664, -8.719677333890019 40.65528125015636, -8.719679908139055 40.65528319632856, -8.719682000601095 40.65528535309238, -8.719683497155224 40.655287659527, -8.719684283680518 40.655290054711564)",,,,
1,,10801,1,10801_1,"LINESTRING (-8.719625939569312 40.6552801138202, -8.719630667674675 40.65527932336346, -8.719635349800086 40.655277982190974, -8.719639991208465 40.65527630090675, -8.719644597162727 40.65527449011471, -8.719649172925788 40.655272760418846, -8.719653723760569 40.655271322423175, -8.719658254929985 40.65527038673167, -8.719662771696955 40.65527016394842, -8.719667279324396 40.65527086467737, -8.719670339515606 40.65527196016294, -8.719673137703369 40.65527346089461, -8.719675660747336 40.655275304381, -8.719677895507163 40.65527742813082, -8.7196798288425 40.655279769652786, -8.719681447612997 40.655282266455536, -8.719682738678308 40.65528485604784, -8.719683688898085 40.655287475938366, -8.71968428513198 40.655290063635846)",,,,
1,,10802,1,10802_1,"LINESTRING (-8.720020016849178 40.65524322561787, -8.72001559265151 40.65524413592288, -8.720011392521213 40.65524583592365, -8.720007355983146 40.65524805877266, -8.72000342256217 40.65525053762222, -8.719999531783143 40.6552530056248, -8.719995623170925 40.65525519593289, -8.719991636250379 40.65525684169895, -8.719987510546362 40.655257676075564, -8.719983185583736 40.65525743221521, -8.719979234089482 40.65525628097739, -8.719975651256156 40.65525451494374, -8.719972446355296 40.6552522334749, -8.719969628658436 40.65524953593151, -8.719967207437113 40.65524652167422, -8.71996519196287 40.655243290063694, -8.719963591507241 40.655239940460625, -8.719962415341763 40.65523657222564, -8.719961672737972 40.655233284719536)",,,,
1,,10803,1,10803_1,"LINESTRING (-8.719984726346503 40.6552465290398, -8.719981454217862 40.655246549468224, -8.719978093542021 40.655246054257134, -8.71997475838799 40.65524510442941, -8.719971562824782 40.655243761007945, -8.719968620921408 40.65524208501562, -8.719966046746883 40.6552401374753, -8.719963954370218 40.65523797940987, -8.719962457860422 40.655235671842206, -8.719961671286512 40.65523327579523)",,,,
1,,10804,1,10804_1,"LINESTRING (-8.719943554093382 40.65525038303187, -8.719946733948781 40.65524979975382, -8.71994983488673 40.65524870035293, -8.719952765728356 40.655247164967435, -8.719955435294771 40.65524527373558, -8.719957752407105 40.65524310679558, -8.71995962588647 40.65524074428572, -8.719960964553989 40.65523826634425, -8.719961677230783 40.6552357531094, -8.719961672737972 40.655233284719536)",,,,
1,,10805,1,10805_1,"LINESTRING (-8.719908263590709 40.65525368645344, -8.719913103157007 40.65525358131397, -8.719918074574316 40.6552540188523, -8.719923115469195 40.65525479381029, -8.719928163468197 40.655255700929835, -8.719933156197879 40.65525653495277, -8.719938031284794 40.65525709062099, -8.719942726355505 40.655257162676406, -8.719947179036561 40.65525654586085, -8.719951326954522 40.655255034916216, -8.71995394436581 40.655253407969674, -8.719956177788886 40.65525143624591, -8.719958034500015 40.65524918278516, -8.719959521775456 40.65524671062759, -8.719960646891469 40.65524408281342, -8.71996141712432 40.65524136238286, -8.719961839750269 40.65523861237615, -8.719961922045579 40.655235895833506, -8.719961671286512 40.65523327579523)",,,,
1,,10806,1,10806_1,"LINESTRING (-8.719984726346503 40.6552465290398, -8.719980302148837 40.65524743934478, -8.71997610201854 40.65524913934548, -8.719972065480473 40.655251362194356, -8.719968132059496 40.655253841043766, -8.719964241280469 40.655256309046266, -8.71996033266825 40.655258499354225, -8.719956345747706 40.65526014512022, -8.719952220043687 40.655260979496774, -8.719947895081061 40.655260735636446, -8.719943943586808 40.65525958439868, -8.719940360753482 40.65525781836511, -8.71993715585262 40.65525553689639, -8.71993433815576 40.65525283935313, -8.71993191693444 40.65524982509599, -8.719929901460196 40.65524659348565, -8.719928301004567 40.65524324388271, -8.719927124839087 40.65523987564792, -8.719926382235297 40.655236588141946)",,,,
1,,10807,1,10807_1,"LINESTRING (-8.719949435843828 40.65524983246157, -8.719946163715187 40.655249852889995, -8.719942803039345 40.655249357678926, -8.719939467885316 40.65524840785126, -8.719936272322107 40.655247064429844, -8.719933330418735 40.65524538843763, -8.719930756244207 40.65524344089738, -8.719928663867542 40.65524128283205, -8.71992716735775 40.65523897526452, -8.719926380783837 40.655236579217664)",,,,
1,,10808,1,10808_1,"LINESTRING (-8.719908263590709 40.65525368645344, -8.719911443446106 40.65525310317544, -8.719914544384057 40.6552520037746, -8.71991747522568 40.655250468389184, -8.719920144792098 40.6552485771574, -8.71992246190443 40.65524641021751, -8.719924335383794 40.655244047707775, -8.719925674051316 40.655241569766424, -8.71992638672811 40.655239056531705, -8.719926382235297 40.655236588141946)",,,,
1,,10809,1,10809_1,"LINESTRING (-8.719872973088034 40.65525698987486, -8.719877812654332 40.655256884735365, -8.719882784071643 40.65525732227369, -8.71988782496652 40.65525809723166, -8.719892872965522 40.65525900435115, -8.719897865695204 40.655259838374036, -8.719902740782121 40.65526039404225, -8.71990743585283 40.655260466097644, -8.719911888533888 40.65525984928214, -8.719916036451847 40.65525833833755, -8.719918653863136 40.65525671139112, -8.719920887286213 40.65525473966746, -8.71992274399734 40.65525248620681, -8.719924231272781 40.65525001404934, -8.719925356388796 40.65524738623532, -8.719926126621646 40.65524466580489, -8.719926549247596 40.655241915798335, -8.719926631542906 40.65523919925582, -8.719926380783837 40.655236579217664)",,,,
1,,10810,1,10810_1,"LINESTRING (-8.719949435843828 40.65524983246157, -8.719945011646162 40.6552507427665, -8.719940811515865 40.65525244276712, -8.719936774977798 40.65525466561588, -8.719932841556822 40.65525714446519, -8.719928950777794 40.65525961246753, -8.719925042165578 40.65526180277539, -8.719921055245031 40.6552634485413, -8.719916929541014 40.655264282917834, -8.719912604578388 40.655264039057506, -8.719908653084133 40.655262887819816, -8.719905070250809 40.65526112178632, -8.719901865349946 40.65525884031771, -8.719899047653087 40.655256142774604, -8.719896626431765 40.655253128517614, -8.719894610957521 40.6552498969074, -8.719893010501892 40.65524654730466, -8.719891834336412 40.65524317907002, -8.719891091732624 40.65523989156423)",,,,
1,,10811,1,10811_1,"LINESTRING (-8.719914145341153 40.65525313588319, -8.719910873212514 40.655253156311616, -8.719907512536672 40.655252661100576, -8.71990417738264 40.65525171127293, -8.719900981819432 40.65525036785162, -8.719898039916059 40.65524869185943, -8.719895465741534 40.65524674431931, -8.719893373364867 40.655244586254106, -8.719891876855073 40.65524227868667, -8.719891090281163 40.655239882639925)",,,,
1,,10812,1,10812_1,"LINESTRING (-8.719872973088034 40.65525698987486, -8.719876152943431 40.655256406596884, -8.719879253881382 40.65525530719609, -8.719882184723005 40.65525377181075, -8.719884854289424 40.65525188057907, -8.719887171401755 40.65524971363931, -8.719889044881121 40.655247351129674, -8.719890383548641 40.65524487318843, -8.719891096225435 40.65524235995387, -8.719891091732624 40.65523989156423)",,,,
1,,10813,1,10813_1,"LINESTRING (-8.71983768258536 40.6552602932961, -8.719842522151657 40.65526018815663, -8.719847493568968 40.65526062569493, -8.719852534463845 40.65526140065285, -8.719857582462849 40.65526230777231, -8.719862575192531 40.655263141795174, -8.719867450279446 40.65526369746334, -8.719872145350156 40.65526376951873, -8.719876598031211 40.65526315270323, -8.719880745949173 40.65526164175874, -8.719883363360461 40.65526001481238, -8.719885596783538 40.65525804308883, -8.719887453494666 40.65525578962828, -8.719888940770105 40.65525331747096, -8.719890065886121 40.65525068965704, -8.71989083611897 40.655247969226764, -8.719891258744921 40.65524521922031, -8.719891341040231 40.65524250267795, -8.719891090281163 40.655239882639925)",,,,
1,,10814,1,10814_1,"LINESTRING (-8.719914145341153 40.65525313588319, -8.719909721143488 40.65525404618807, -8.71990552101319 40.655255746188594, -8.719901484475123 40.655257969037244, -8.719897551054148 40.65526044788645, -8.71989366027512 40.65526291588867, -8.719889751662903 40.6552651061964, -8.719885764742356 40.65526675196226, -8.71988163903834 40.655267586338745, -8.719877314075712 40.65526734247842, -8.71987336258146 40.65526619124078, -8.719869779748134 40.65526442520738, -8.719866574847272 40.65526214373887, -8.719863757150412 40.65525944619589, -8.719861335929092 40.65525643193906, -8.719859320454848 40.655253200329014, -8.719857719999217 40.65524985072643, -8.719856543833739 40.65524648249195, -8.719855801229949 40.655243194986305)",,,,
1,,10815,1,10815_1,"LINESTRING (-8.71987885483848 40.65525643930464, -8.71987558270984 40.65525645973303, -8.719872222033997 40.65525596452204, -8.719868886879965 40.65525501469445, -8.719865691316757 40.65525367127319, -8.719862749413386 40.6552519952811, -8.719860175238859 40.655250047741056, -8.719858082862194 40.655247889675955, -8.7198565863524 40.65524558210865, -8.71985579977849 40.65524318606203)",,,,
1,,10816,1,10816_1,"LINESTRING (-8.71983768258536 40.6552602932961, -8.719840862440757 40.65525971001817, -8.719843963378707 40.65525861061744, -8.719846894220332 40.65525707523217, -8.71984956378675 40.655255184000595, -8.71985188089908 40.6552530170609, -8.719853754378446 40.6552506545514, -8.719855093045966 40.65524817661028, -8.71985580572276 40.655245663375844, -8.719855801229949 40.655243194986305)",,,,
1,,10817,1,10817_1,"LINESTRING (-8.719802392082686 40.65526359671721, -8.719807231648984 40.65526349157774, -8.719812203066292 40.65526392911601, -8.719817243961172 40.655264704073886, -8.719822291960174 40.65526561119329, -8.719827284689854 40.65526644521611, -8.719832159776772 40.65526700088425, -8.719836854847482 40.65526707293964, -8.719841307528538 40.65526645612419, -8.7198454554465 40.65526494517978, -8.719848072857786 40.655263318233466, -8.719850306280865 40.65526134651002, -8.719852162991991 40.655259093049594, -8.719853650267432 40.655256620892374, -8.719854775383446 40.65525399307861, -8.719855545616298 40.655251272648464, -8.719855968242246 40.65524852264216, -8.719856050537556 40.65524580609993, -8.71985579977849 40.65524318606203)",,,,
1,,10818,1,10818_1,"LINESTRING (-8.71987885483848 40.65525643930464, -8.719874430640813 40.655257349609464, -8.719870230510516 40.65525904960993, -8.71986619397245 40.65526127245845, -8.719862260551473 40.65526375130754, -8.719858369772446 40.6552662193096, -8.71985446116023 40.65526840961726, -8.719850474239681 40.65527005538301, -8.719846348535665 40.65527088975948, -8.719842023573037 40.65527064589917, -8.719838072078785 40.65526949466155, -8.719834489245459 40.65526772862826, -8.719831284344597 40.65526544715988, -8.719828466647739 40.65526274961703, -8.719826045426418 40.655259735360325, -8.719824029952173 40.65525650375046, -8.719822429496542 40.65525315414803, -8.719821253331064 40.655249785913725, -8.719820510727274 40.65524649840826)",,,,
1,,10819,1,10819_1,"LINESTRING (-8.719843564335806 40.655259742725924, -8.719840292207165 40.655259763154326, -8.719836931531324 40.655259267943336, -8.719833596377292 40.65525831811579, -8.719830400814084 40.65525697469461, -8.71982745891071 40.65525529870261, -8.719824884736186 40.65525335116265, -8.719822792359519 40.65525119309765, -8.719821295849725 40.65524888553045, -8.719820509275815 40.65524648948395)",,,,
1,,10820,1,10820_1,"LINESTRING (-8.719802392082686 40.65526359671721, -8.719805571938082 40.65526301343928, -8.719808672876033 40.6552619140386, -8.719811603717657 40.65526037865341, -8.719814273284076 40.65525848742193, -8.719816590396407 40.65525632048237, -8.719818463875773 40.65525395797297, -8.719819802543292 40.65525148003198, -8.719820515220086 40.655248966797636, -8.719820510727274 40.65524649840826)",,,,
1,,10821,1,10821_1,"LINESTRING (-8.71976710158001 40.655266900138145, -8.719771941146309 40.655266794998674, -8.719776912563619 40.65526723253692, -8.719781953458497 40.65526800749477, -8.719787001457497 40.655268914614105, -8.71979199418718 40.65526974863689, -8.719796869274099 40.655270304305006, -8.719801564344806 40.65527037636039, -8.719806017025864 40.655269759544964, -8.719810164943823 40.655268248600635, -8.719812782355111 40.65526662165443, -8.71981501577819 40.65526464993105, -8.719816872489316 40.65526239647073, -8.719818359764757 40.65525992431367, -8.719819484880771 40.6552572965, -8.719820255113623 40.65525457606998, -8.719820677739573 40.65525182606383, -8.719820760034882 40.655249109521726, -8.719820509275815 40.65524648948395)",,,,
1,,10822,1,10822_1,"LINESTRING (-8.719843564335806 40.655259742725924, -8.71983914013814 40.6552606530307, -8.719834940007841 40.65526235303107, -8.719830903469775 40.65526457587949, -8.719826970048798 40.65526705472845, -8.719823079269771 40.65526952273041, -8.719819170657553 40.65527171303794, -8.719815183737007 40.65527335880362, -8.71981105803299 40.65527419318003, -8.719806733070364 40.65527394931975, -8.71980278157611 40.65527279808221, -8.719799198742784 40.655271032048965, -8.719795993841922 40.65526875058071, -8.719793176145062 40.65526605303799, -8.719790754923741 40.655263038781456, -8.719788739449498 40.655259807171724, -8.719787138993869 40.655256457569465, -8.71978596282839 40.655253089335346, -8.719785220224601 40.65524980183003)",,,,
1,,10823,1,10823_1,"LINESTRING (-8.71980827383313 40.65526304614701, -8.71980500170449 40.655263066575436, -8.71980164102865 40.65526257136447, -8.719798305874617 40.65526162153698, -8.71979511031141 40.65526027811585, -8.719792168408036 40.65525860212393, -8.71978959423351 40.65525665458409, -8.719787501856846 40.65525449651919, -8.71978600534705 40.65525218895212, -8.719785218773142 40.65524979290573)",,,,
1,,10824,1,10824_1,"LINESTRING (-8.71976710158001 40.655266900138145, -8.719770281435409 40.65526631686024, -8.719773382373358 40.65526521745961, -8.719776313214982 40.6552636820745, -8.7197789827814 40.6552617908431, -8.719781299893732 40.65525962390366, -8.719783173373099 40.65525726139436, -8.719784512040617 40.65525478345349, -8.71978522471741 40.65525227021931, -8.719785220224601 40.65524980183003)",,,,
1,,10825,1,10825_1,"LINESTRING (-8.719731811077336 40.6552702035589, -8.719736650643634 40.65527009841943, -8.719741622060944 40.655270535957676, -8.71974666295582 40.655271310915474, -8.719751710954824 40.65527221803478, -8.719756703684507 40.65527305205752, -8.719761578771424 40.655273607725604, -8.719766273842133 40.655273679781, -8.719770726523189 40.6552730629656, -8.71977487444115 40.65527155202131, -8.719777491852438 40.6552699250752, -8.719779725275515 40.65526795335193, -8.719781581986643 40.65526569989174, -8.719783069262082 40.65526322773478, -8.719784194378096 40.65526059992124, -8.719784964610948 40.65525787949137, -8.719785387236897 40.655255129485326, -8.719785469532207 40.65525241294337, -8.719785218773142 40.65524979290573)",,,,
1,,10826,1,10826_1,"LINESTRING (-8.71980827383313 40.65526304614701, -8.719803849635465 40.65526395645176, -8.719799649505168 40.65526565645206, -8.7197956129671 40.655267879300375, -8.719791679546123 40.6552703581492, -8.719787788767096 40.655272826151034, -8.71978388015488 40.65527501645847, -8.719779893234334 40.65527666222407, -8.719775767530315 40.655277496600426, -8.719771442567689 40.65527725274015, -8.719767491073435 40.65527610150266, -8.71976390824011 40.65527433546952, -8.719760703339249 40.655272054001365, -8.71975788564239 40.655269356458795, -8.719755464421068 40.65526634220242, -8.719753448946825 40.655263110592834, -8.719751848491194 40.65525976099076, -8.719750672325716 40.65525639275678, -8.719749929721925 40.65525310525165)",,,,
1,,10827,1,10827_1,"LINESTRING (-8.719772983330456 40.655266349567974, -8.719769711201815 40.6552663699964, -8.719766350525973 40.65526587478543, -8.719763015371942 40.65526492495801, -8.719759819808734 40.65526358153693, -8.719756877905361 40.65526190554512, -8.719754303730836 40.65525995800536, -8.71975221135417 40.655257799940586, -8.719750714844375 40.65525549237361, -8.719749928270465 40.65525309632735)",,,,
1,,10828,1,10828_1,"LINESTRING (-8.719731811077336 40.6552702035589, -8.719734990932734 40.655269620281025, -8.719738091870685 40.65526852088047, -8.719741022712308 40.65526698549543, -8.719743692278726 40.65526509426413, -8.719746009391057 40.65526292732477, -8.719747882870422 40.6552605648156, -8.719749221537942 40.65525808687486, -8.719749934214738 40.65525557364078, -8.719749929721925 40.65525310525165)",,,,
1,,10829,1,10829_1,"LINESTRING (-8.719696520574661 40.655273506979505, -8.71970136014096 40.655273401840034, -8.719706331558271 40.65527383937823, -8.719711372453148 40.65527461433602, -8.71971642045215 40.65527552145528, -8.719721413181832 40.655276355477966, -8.719726288268749 40.65527691114603, -8.719730983339458 40.655276983201425, -8.719735436020516 40.65527636638605, -8.719739583938475 40.65527485544184, -8.719742201349764 40.65527322849581, -8.71974443477284 40.655271256772636, -8.719746291483968 40.65526900331255, -8.719747778759409 40.65526653115571, -8.719748903875423 40.65526390334232, -8.719749674108273 40.65526118291256, -8.719750096734224 40.65525843290669, -8.719750179029534 40.65525571636486, -8.719749928270465 40.65525309632735)",,,,
1,,10830,1,10830_1,"LINESTRING (-8.719772983330456 40.655266349567974, -8.71976855913279 40.65526725987267, -8.719764359002493 40.65526895987286, -8.719760322464426 40.65527118272108, -8.71975638904345 40.65527366156978, -8.719752498264423 40.65527612957151, -8.719748589652205 40.65527831987884, -8.719744602731659 40.65527996564434, -8.719740477027642 40.65528080002068, -8.719736152065014 40.6552805561604, -8.719732200570762 40.65527940492298, -8.719728617737436 40.65527763888994, -8.719725412836574 40.65527535742189, -8.719722595139714 40.65527265987942, -8.719720173918393 40.6552696456232, -8.719718158444149 40.655266414013795, -8.71971655798852 40.65526306441187, -8.71971538182304 40.65525969617808, -8.71971463921925 40.65525640867307)",,,,
1,,10831,1,10831_1,"LINESTRING (-8.719737692827781 40.65526965298878, -8.719734420699142 40.6552696734172, -8.7197310600233 40.65526917820626, -8.719727724869268 40.65526822837887, -8.71972452930606 40.65526688495787, -8.719721587402688 40.65526520896613, -8.719719013228161 40.65526326142647, -8.719716920851495 40.6552611033618, -8.7197154243417 40.65525879579493, -8.71971463776779 40.65525639974879)",,,,
1,,10832,1,10832_1,"LINESTRING (-8.719696520574661 40.655273506979505, -8.71969970043006 40.65527292370165, -8.71970280136801 40.655271824301146, -8.719705732209633 40.655270288916185, -8.719708401776051 40.655268397684964, -8.719710718888384 40.65526623074573, -8.719712592367749 40.65526386823669, -8.719713931035269 40.65526139029605, -8.719714643712063 40.655258877062096, -8.71971463921925 40.65525640867307)",,,,
1,,10833,1,10833_1,"LINESTRING (-8.719661230071988 40.655276810399926, -8.719666069638285 40.65527670526048, -8.719671041055596 40.65527714279865, -8.719676081950473 40.6552779177564, -8.719681129949475 40.65527882487561, -8.719686122679159 40.655279658898266, -8.719690997766076 40.655280214566304, -8.719695692836783 40.65528028662167, -8.719700145517841 40.65527966980635, -8.7197042934358 40.65527815886222, -8.719706910847089 40.65527653191626, -8.719709144270166 40.65527456019319, -8.719711000981293 40.6552723067332, -8.719712488256734 40.655269834576494, -8.719713613372749 40.655267206763234, -8.719714383605599 40.65526448633362, -8.719714806231549 40.65526173632785, -8.719714888526859 40.65525901978618, -8.71971463776779 40.65525639974879)",,,,
1,,10834,1,10834_1,"LINESTRING (-8.719737692827781 40.65526965298878, -8.719733268630115 40.65527056329343, -8.719729068499818 40.65527226329354, -8.719725031961751 40.65527448614163, -8.719721098540775 40.6552769649902, -8.719717207761747 40.65527943299181, -8.719713299149532 40.65528162329903, -8.719709312228984 40.65528326906446, -8.719705186524967 40.65528410344074, -8.71970086156234 40.65528385958049, -8.719696910068087 40.65528270834313, -8.719693327234761 40.65528094231016, -8.7196901223339 40.655278660842214, -8.71968730463704 40.65527596329992, -8.71968488341572 40.65527294904383, -8.719682867941476 40.65526971743458, -8.719681267485845 40.65526636783283, -8.719680091320367 40.65526299959919, -8.719679348716577 40.65525971209436)",,,,
1,,10835,1,10835_1,"LINESTRING (-8.719702402325108 40.655272956409405, -8.719699130196467 40.65527297683781, -8.719695769520625 40.655272481626916, -8.719692434366594 40.65527153179958, -8.719689238803387 40.655270188378644, -8.719686296900013 40.65526851238696, -8.719683722725488 40.6552665648474, -8.719681630348822 40.655264406782834, -8.719680133839027 40.65526209921609, -8.719679347265117 40.65525970317005)",,,,
1,,10836,1,10836_1,"LINESTRING (-8.719661230071988 40.655276810399926, -8.719664409927384 40.65527622712213, -8.719667510865335 40.65527512772167, -8.71967044170696 40.65527359233676, -8.719673111273377 40.65527170110567, -8.719675428385708 40.655269534166514, -8.719677301865074 40.65526717165759, -8.719678640532594 40.655264693717086, -8.719679353209388 40.655262180483284, -8.719679348716577 40.65525971209436)",,,,
1,,10837,1,10837_1,"LINESTRING (-8.719625939569312 40.6552801138202, -8.719630779135612 40.655280008680755, -8.719635750552921 40.6552804462189, -8.7196407914478 40.65528122117662, -8.719645839446802 40.6552821282958, -8.719650832176482 40.65528296231841, -8.7196557072634 40.6552835179864, -8.719660402334108 40.65528359004176, -8.719664855015164 40.65528297322646, -8.719669002933125 40.65528146228241, -8.719671620344414 40.65527983533653, -8.719673853767492 40.65527786361356, -8.719675710478619 40.6552756101537, -8.71967719775406 40.65527313799709, -8.719678322870074 40.65527051018399, -8.719679093102926 40.655267789754504, -8.719679515728874 40.65526503974889, -8.719679598024184 40.65526232320732, -8.719679347265117 40.65525970317005)",,,,
1,,10838,1,10838_1,"LINESTRING (-8.731107846803363 40.64527939594264, -8.731124705892658 40.64525937668126)",,,,
1,,10838,2,10838_2,"LINESTRING (-8.731137700191903 40.64529398235282, -8.731154559275943 40.645273963087156)",,,,
1,,10839,1,10839_1,"LINESTRING (-8.730725934713172 40.645113963658886, -8.730721643062674 40.64512234056658)",,,,
1,,10839,2,10839_2,"LINESTRING (-8.730692894027435 40.64510414254305, -8.730688602373439 40.64511251944953)",,,,
1,,10840,1,10840_1,"LINESTRING (-8.73054879061603 40.64496645338745, -8.730557894119112 40.64497850758824, -8.730566215676024 40.644991007420394, -8.73057363994428 40.645003887871866, -8.730580051581406 40.645017083930625, -8.730585335244914 40.6450305305847, -8.730589375592327 40.645044162822174, -8.730592057281164 40.64505791563112, -8.730593264968942 40.645071723999756)",,,,
1,,10841,1,10841_1,"LINESTRING (-8.730616417199828 40.64493410947537, -8.730641104418634 40.64496031673844, -8.730670322658067 40.644987215886616, -8.730699631652556 40.64501553123465, -8.73072358283356 40.64504560594077, -8.730735743648426 40.64507832387863, -8.730728203879767 40.64510932080671)",,,,
1,,10841,2,10841_2,"LINESTRING (-8.730587600514857 40.64494985899854, -8.730612999489459 40.644976821853575, -8.730642729631768 40.645004192284915, -8.7306704345193 40.645030957920355, -8.730690766032733 40.64505648754481, -8.730699360037708 40.64507960922867, -8.730693330061065 40.6451043991583)",,,,
1,,10842,1,10842_1,"LINESTRING (-8.730709749452902 40.64515941008341, -8.730708840844288 40.64518754530276)",,,,
1,,10842,2,10842_2,"LINESTRING (-8.730674292805299 40.645158745731855, -8.730673384181804 40.64518688095093)",,,,
1,,10843,1,10843_1,"LINESTRING (-8.73067068972727 40.64519070410876, -8.730664136801085 40.64521277072096, -8.730643461632384 40.64523176006712, -8.730615159693023 40.6452475170212, -8.73058572645486 40.64525988645692)",,,,
1,,10844,1,10844_1,"LINESTRING (-8.730868491853867 40.645340277177176, -8.73087987947231 40.645342777155655)",,,,
1,,10844,2,10844_2,"LINESTRING (-8.73085866935941 40.6453662360675, -8.730870056981905 40.64536873604694)",,,,
1,,10845,1,10845_1,"LINESTRING (-8.719207602743936 40.64564791000158, -8.719218789091766 40.64566394312325, -8.719230155560963 40.645679817543844, -8.719241801680468 40.64569552130317, -8.71925379799418 40.64571100240446, -8.719266214243778 40.64572620925942, -8.719279119497049 40.645741090888755, -8.71929258234845 40.64575559714954, -8.719306827744672 40.6457698354215, -8.719321574561471 40.64578424568147, -8.719336403851456 40.6457988480382, -8.719351371146361 40.64581312752325, -8.71936669566445 40.645826753822874, -8.719382574493618 40.64583940335612, -8.719399188678647 40.64585076975681, -8.719416719873438 40.64586057731932, -8.71943573361297 40.64586874000942, -8.71945192125575 40.64587423685934, -8.719469268038011 40.64587920854159, -8.719487036089323 40.64588324614571, -8.71950481356459 40.64588607362325, -8.719522180266987 40.64588744449516, -8.719538731413376 40.64588715736746, -8.719554133820399 40.6458850626879, -8.719569941278063 40.64588052980954)",,,,
1,,10845,2,10845_2,"LINESTRING (-8.71917628314607 40.64566058797999, -8.71918755952718 40.645676750154955, -8.719199144371771 40.64569292956925, -8.719211086275402 40.64570903217719, -8.719223462818762 40.64572500396972, -8.719236352384723 40.64574079052955, -8.719249834029977 40.64575633683035, -8.719263987284602 40.645771587009605, -8.719278735326437 40.645786327682046, -8.719293560713902 40.64580081472542, -8.719308516395381 40.64581554154545, -8.719324036225888 40.645830348180525, -8.719340390374091 40.64584489001472, -8.719357871138907 40.64585881570026, -8.719376786862497 40.64587175667471, -8.719397445277853 40.64588331371552, -8.719419770236852 40.64589289792919, -8.719438443149501 40.64589923870456, -8.71945793904579 40.64590482633484, -8.71947832607282 40.645909459073955, -8.719499346352457 40.6459128023141, -8.719520750358134 40.64591449187777, -8.719542273149608 40.6459141185024, -8.719563578186888 40.645911221083374, -8.719582437645366 40.64590581302648)",,,,
1,,10846,1,10846_1,"LINESTRING (-8.718134732075937 40.644279966252505, -8.718207583456863 40.64428118063696, -8.718272584870418 40.64433057489367, -8.718326050629571 40.644401002495734)",,,,
1,,10847,1,10847_1,"LINESTRING (-8.730680249404712 40.645371365114734, -8.73072243746721 40.64535510825566, -8.730769143724851 40.64534179630881, -8.730818472709938 40.64533531466674, -8.730865019696626 40.64533967541471)",,,,
1,,10847,2,10847_2,"LINESTRING (-8.730696260104821 40.645395471437745, -8.73073670097612 40.645379887845024, -8.730778454514574 40.645367987493216, -8.730819341014326 40.645362615162085, -8.730860690029361 40.64536648893788)",,,,
1,,10848,1,10848_1,"LINESTRING (-8.73103839368315 40.64532549785219, -8.731057554477802 40.64531531289899)",,,,
1,,10848,2,10848_2,"LINESTRING (-8.731058690928782 40.64534765223811, -8.731077851726681 40.64533746728156)",,,,
1,,10849,1,10849_1,"LINESTRING (-8.73108173130793 40.64533832292989, -8.731158735289716 40.64531433683139, -8.731243957722272 40.64530653135655, -8.731331067334178 40.645312209746365, -8.731413732854005 40.64532867523328)",,,,
1,,10850,1,10850_1,"LINESTRING (-8.731149667573675 40.64515956947882, -8.73114816402875 40.64515065199682)",,,,
1,,10850,2,10850_2,"LINESTRING (-8.731184846020223 40.64515612818356, -8.731183342470691 40.64514721070201)",,,,
1,,10851,1,10851_1,"LINESTRING (-8.734428128255733 40.647208622104586, -8.734366539451026 40.647171069140576, -8.734307319511263 40.647142351333294, -8.73425717373848 40.6471066838492, -8.73422608631737 40.64707116068723)",,,,
1,,10852,1,10852_1,"LINESTRING (-8.734329388328636 40.64733693539339, -8.734333989415275 40.64734523783855)",,,,
1,,10853,1,10853_1,"LINESTRING (-8.734427822250352 40.6472085275858, -8.73439491570523 40.64721056489013, -8.73436157659412 40.64723196396988, -8.734336008970766 40.64726509836294, -8.734323108295976 40.64730182860577, -8.734327770030557 40.64733401525013)",,,,
1,,10854,1,10854_1,"LINESTRING (-8.734731963796662 40.64745182967831, -8.73473565053906 40.64744374525417)",,,,
1,,10855,1,10855_1,"LINESTRING (-8.728387306498883 40.64680513308189, -8.728376889439174 40.64680945145785)",,,,
1,,10856,1,10856_1,"LINESTRING (-8.73440603437784 40.647475239461656, -8.734427031655295 40.64749707632188, -8.734459646832137 40.64751203781504, -8.73450052454628 40.64752046543788, -8.734546309435657 40.647522700684966, -8.734593646138185 40.647519085049026, -8.73463917929179 40.64750996002126, -8.734679553534397 40.64749566709169, -8.734711413503925 40.647476547749285, -8.734731403838301 40.64745294348233)",,,,
1,,10857,1,10857_1,"LINESTRING (-8.73143002248753 40.64530001235354, -8.731368644308368 40.64528263603825, -8.731305668222422 40.64526074403222, -8.731249175369495 40.64523322525164, -8.731207246889392 40.6451989686096, -8.731187963921915 40.64515686301514)",,,,
1,,10858,1,10858_1,"LINESTRING (-8.726673933897608 40.6406789470421, -8.726667937662805 40.64067117327828)",,,,
1,,10858,2,10858_2,"LINESTRING (-8.726704511235267 40.640665261048106, -8.72669851499815 40.64065748728586)",,,,
1,,10859,1,10859_1,"LINESTRING (-8.7264968504248 40.6405365045527, -8.726620437515292 40.640696208439564)",,,,
1,,10859,2,10859_2,"LINESTRING (-8.726466298667795 40.640550223581016, -8.72658988571077 40.64070992750021)",,,,
1,,10860,1,10860_1,"LINESTRING (-8.726384322153374 40.64000249817841, -8.726393968640643 40.63998058743605)",,,,
1,,10860,2,10860_2,"LINESTRING (-8.726417946217412 40.6400110883163, -8.726427592694927 40.63998917757115)",,,,
1,,10861,1,10861_1,"LINESTRING (-8.725601893413673 40.639879551762554, -8.72560426193532 40.639896218336276)",,,,
1,,10861,2,10861_2,"LINESTRING (-8.725566634834088 40.6398824593615, -8.72556900334708 40.63989912593593)",,,,
1,,10862,1,10862_1,"LINESTRING (-8.725568855220505 40.63991800752451, -8.725566488777165 40.639961385616445, -8.725538860160336 40.64000089877772, -8.725493087525463 40.64003655951558, -8.725436289027991 40.64006838033639, -8.72537558282336 40.64009637374603, -8.725318087067022 40.64012055224956)",,,,
1,,10863,1,10863_1,"LINESTRING (-8.725616307885126 40.6397816749775, -8.725613166014549 40.63979034293908)",,,,
1,,10863,2,10863_2,"LINESTRING (-8.725582122573245 40.63977448459439, -8.725578980698582 40.639783152555054)",,,,
1,,10864,1,10864_1,"LINESTRING (-8.725422672791927 40.63950513394961, -8.725480436179835 40.6395422219639, -8.725537799435662 40.63958607092531, -8.72558379390918 40.63963413255203, -8.725607450950163 40.63968385856848, -8.72559780190838 40.63973270070625)",,,,
1,,10865,1,10865_1,"LINESTRING (-8.725789811295193 40.639603369068475, -8.725742333374212 40.63963105961863)",,,,
1,,10865,2,10865_2,"LINESTRING (-8.725768252022245 40.63958191857536, -8.725720774107556 40.63960960911674)",,,,
1,,10866,1,10866_1,"LINESTRING (-8.725801315665315 40.63956492451264, -8.725744348409942 40.639578273595646, -8.72568339786415 40.63957439613563, -8.725620909661172 40.6395575021719, -8.725559329434246 40.63953180173847, -8.725501102816605 40.639501504871, -8.725448675441484 40.63947082161102)",,,,
1,,10867,1,10867_1,"LINESTRING (-8.726051630184845 40.63955294039088, -8.725973522290147 40.639553364161394)",,,,
1,,10867,2,10867_2,"LINESTRING (-8.726051377591189 40.63952592547527, -8.725973269727977 40.63952634924561)",,,,
1,,10868,1,10868_1,"LINESTRING (-8.718690947525802 40.64429942408632, -8.718681635439182 40.64428535955164, -8.718672560242394 40.64426994321142, -8.718664041893707 40.6442536365364, -8.718656206202155 40.64423659939575, -8.718649184167406 40.64421899317915, -8.718643110844306 40.64420097940259, -8.71863812516468 40.644182718569944, -8.71863437057686 40.64416436918673, -8.718631996587684 40.64414608694713, -8.718631161452132 40.64412802431367, -8.718632036312986 40.64411033107842, -8.718634810821504 40.644093157157556, -8.718639699068222 40.64407665983339, -8.718646941458745 40.644061018249964, -8.71865679257211 40.644046455661396, -8.718669481882173 40.64403326027897, -8.718685148785886 40.64402178018317, -8.718702470546088 40.64401303796018)",,,,
1,,10868,2,10868_2,"LINESTRING (-8.718722615091602 40.64428725891328, -8.718713667043758 40.644273744215276, -8.71870523336665 40.6442594176577, -8.718697269479005 40.644244172401784, -8.718689924948885 40.64422820321054, -8.718683344153723 40.64421170332664, -8.718677667415779 40.64419486586685, -8.718673031180321 40.644177884960435, -8.718669567376143 40.64416095673536, -8.718667401873502 40.64414428013131, -8.71866665179453 40.644128057319904, -8.718667421373551 40.64411249314371, -8.718669796336393 40.644097792321524, -8.71867383796959 40.64408415220622, -8.718679581244595 40.64407174828915, -8.718687046959364 40.64406071195209, -8.71869628101698 40.64405110961953, -8.718707419397429 40.644042947846756, -8.718722060215212 40.64403555868329)",,,,
1,,10869,1,10869_1,"LINESTRING (-8.726324674220688 40.63966182284375, -8.726298732918805 40.63964006511402)",,,,
1,,10869,2,10869_2,"LINESTRING (-8.726350926935128 40.63964365952346, -8.726324985631752 40.63962190179956)",,,,
1,,10870,1,10870_1,"LINESTRING (-8.71900646438885 40.64423880743094, -8.71894925749871 40.644160364563554, -8.718893454431514 40.64407107045205, -8.71887115991866 40.64398453907776, -8.71892028071647 40.643925276760676)",,,,
1,,10870,2,10870_2,"LINESTRING (-8.719037468706627 40.64422568844402, -8.71898080255986 40.64414798710143, -8.718927397380059 40.644062530073725, -8.718908678783874 40.64398987800814, -8.718950270355837 40.643939699371764)",,,,
1,,10875,1,10875_1,"LINESTRING (-8.727536421353708 40.650080596211694, -8.727873912323306 40.65048829986253, -8.728312734816125 40.6508537946248, -8.728828358821888 40.65111112639118, -8.729448961706911 40.651184471541804)",,,,
1,,10876,1,10876_1,"LINESTRING (-8.715118532024727 40.65249961144861, -8.714962062458952 40.652521455044514, -8.714772777828134 40.652695427404325, -8.714827553629881 40.652875393289186, -8.71495373782803 40.652991327598215, -8.71517694913948 40.653061586558415, -8.715540027755027 40.653165929674266)",,,,
1,,10877,1,10877_1,"LINESTRING (-8.726298345974982 40.63925434161293, -8.726275851545047 40.63929739315702, -8.726248233051523 40.63934099973686, -8.726215848904658 40.6393836757355, -8.726178808612753 40.63942436937953, -8.726137200275634 40.63946201648061, -8.726091088449158 40.63949553092423, -8.726040523230424 40.63952378643672, -8.725985670289425 40.63954555693649, -8.725928427035583 40.63955977058445)",,,,
1,,10877,2,10877_2,"LINESTRING (-8.726265395854508 40.63924435102556, -8.72624336537147 40.63928651459394, -8.726216867145876 40.6393283523619, -8.726185874662562 40.639369194394526, -8.726150610308423 40.63940793691847, -8.726111317878878 40.639443488580376, -8.726068264713234 40.63947477995683, -8.726021732609576 40.63950078178675, -8.725971887793044 40.63952056461792, -8.72591743633707 40.63953408505394)",,,,
1,,10878,1,10878_1,"LINESTRING (-8.726363162051864 40.639701445135955, -8.726335050328245 40.639664374452835, -8.72631394129864 40.6396235811649, -8.726299901910712 40.63958069107893, -8.72629226152372 40.639536322251374, -8.726290364225603 40.63949105659096, -8.726293577526475 40.63944545767105, -8.726301290662528 40.639400082359664, -8.726312909932467 40.63935548659891, -8.72632785452438 40.63931222736951, -8.72634539933176 40.63927122394265)",,,,
1,,10878,2,10878_2,"LINESTRING (-8.726393870967781 40.63968793176188, -8.726367077503085 40.63965259947756, -8.726347788780078 40.63961532397501, -8.726334802027559 40.639575649733956, -8.726327652063047 40.63953412898672, -8.726325858975429 40.63949135011579, -8.726328919431452 40.639447919842176, -8.726336308371765 40.63940445159519, -8.726347483674552 40.6393615597332, -8.726361890328597 40.639319857579096, -8.726379117617114 40.63927959616799)",,,,
1,,10879,1,10879_1,"LINESTRING (-8.729325351624725 40.633286984725785, -8.729346341527018 40.63326547038209)",,,,
1,,10879,2,10879_2,"LINESTRING (-8.729353812203854 40.63330310053263, -8.729374802102058 40.63328158618382)",,,,
1,,10882,1,10882_1,"LINESTRING (-8.72890075486711 40.63323444042926, -8.728927757976683 40.63329133681002, -8.728945987321499 40.63335151456728, -8.728955666872698 40.63341332516014, -8.728957411018916 40.63347598660943, -8.728951818705887 40.633538729287984, -8.728939473430533 40.63360078952131, -8.728920920247253 40.63366148618797, -8.728892554851788 40.6337272779232)",,,,
1,,10882,2,10882_2,"LINESTRING (-8.728867406710318 40.6332436264412, -8.728893684641173 40.633298994907435, -8.728911003105104 40.63335616580956, -8.728920250378621 40.63341521620997, -8.728921924321167 40.63347535661468, -8.728916538235001 40.633535785183255, -8.72890462087133 40.6335956941285, -8.72888673942386 40.63365419311566, -8.728858864326247 40.63371884755968)",,,,
1,,10883,1,10883_1,"LINESTRING (-8.728946330046776 40.633731377191715, -8.728967729899741 40.63367875339663, -8.72898696054648 40.63362212918421, -8.729006757025637 40.63356371514448, -8.729029730430435 40.6335063067356, -8.729058675833752 40.63345261605629, -8.729096674965914 40.63340539938998, -8.729147003842584 40.63336785256861, -8.729209435392592 40.63334491365034)",,,,
1,,10883,2,10883_2,"LINESTRING (-8.728980203059038 40.633739371901115, -8.729001850837484 40.633686138372646, -8.729021294748275 40.63362888611609, -8.72904090060886 40.63357103445321, -8.72906316500804 40.633515397713914, -8.729090396004064 40.633464887034776, -8.729124616135332 40.63342236602708, -8.72916765365437 40.633390258764614, -8.729224839901377 40.633369247098706)",,,,
1,,10884,1,10884_1,"LINESTRING (-8.729328048006076 40.632606186206516, -8.729309984405097 40.63265506862071, -8.729291360729555 40.632703804289015, -8.729275527401532 40.63275245048745, -8.729260502768389 40.63280476093831, -8.729240787620288 40.63285222548707, -8.729219533915597 40.63289619110229, -8.729184159727012 40.632933813384035, -8.72913905536483 40.632961136067046, -8.729086095680989 40.63297829113046)",,,,
1,,10884,2,10884_2,"LINESTRING (-8.729293914162549 40.63259886518228, -8.729275893180656 40.632647632196715, -8.72925711402481 40.63269677467044, -8.729240990992418 40.63274631087644, -8.729226206897717 40.63279778376632, -8.729207227366729 40.63284347724873, -8.729187914595292 40.63288342779186, -8.729158214809452 40.632915015038094, -8.729120751852015 40.632937708814445, -8.729072220266705 40.632953429495615)",,,,
1,,10885,1,10885_1,"LINESTRING (-8.729343779075984 40.63305744387936, -8.729315558816529 40.633010459601365, -8.729300373833617 40.63295903885355, -8.729296658645664 40.63290572752527, -8.729301977793838 40.63285141110283, -8.729314004097231 40.63279687632596, -8.729330503571576 40.63274290144719, -8.729349295091014 40.63269029276267, -8.729368252837672 40.63263981715586)",,,,
1,,10885,2,10885_2,"LINESTRING (-8.729376024504393 40.633046202846494, -8.729349343196978 40.63300178082721, -8.72933562634316 40.63295533167024, -8.729332189687407 40.63290601753115, -8.729337218952157 40.632854660973024, -8.729348791582156 40.63280218331049, -8.729364891825412 40.632749514350984, -8.729383451071572 40.63269755586363, -8.729402345402342 40.63264724903546)",,,,
1,,10886,1,10886_1,"LINESTRING (-8.730152121910853 40.63039236493681, -8.730148887750698 40.630401032944)",,,,
1,,10886,2,10886_2,"LINESTRING (-8.730118013676647 40.630384977976725, -8.730114779512432 40.630393645982956)",,,,
1,,10887,1,10887_1,"LINESTRING (-8.726876278862541 40.638023432998445, -8.726872294967023 40.63803191833643)",,,,
1,,10887,2,10887_2,"LINESTRING (-8.726842886787646 40.63801433498946, -8.726838902888435 40.6380228203263)",,,,
1,,10888,1,10888_1,"LINESTRING (-8.725805290284711 40.640133110079994, -8.725815527505292 40.64013763382826)",,,,
1,,10888,2,10888_2,"LINESTRING (-8.725787494834668 40.64015647846102, -8.72579773205762 40.64016100221083)",,,,
1,,10889,1,10889_1,"LINESTRING (-8.704355287039066 40.647324227343624, -8.70439009474353 40.64728637843515)",,,,
1,,10889,2,10889_2,"LINESTRING (-8.704384337490279 40.64733972681804, -8.704419145186387 40.64730187790089)",,,,
1,,10890,1,10890_1,"LINESTRING (-8.725344342129596 40.64016098122022, -8.725404008676005 40.64013796334816, -8.725469595274483 40.64011677896147, -8.725537510545713 40.6401010001009, -8.725604163110381 40.64009419880971, -8.725665961589172 40.64009994712962, -8.72571931460277 40.64012181709533)",,,,
1,,10891,1,10891_1,"LINESTRING (-8.726420777556758 40.639901218220956, -8.726421409448545 40.63989222345332)",,,,
1,,10891,2,10891_2,"LINESTRING (-8.726456191474863 40.63990266187945, -8.72645682336191 40.63989366711161)",,,,
1,,10892,1,10892_1,"LINESTRING (-8.726459867510595 40.63989323829515, -8.726470264468636 40.639853147765336, -8.726492435020996 40.639815358662446, -8.726521602250308 40.63977899017253, -8.726552989239217 40.63974316147945, -8.726576634189415 40.63971430878189)",,,,
1,,10893,1,10893_1,"LINESTRING (-8.704453599949971 40.64712120859021, -8.704453470468243 40.64711221749672)",,,,
1,,10893,2,10893_2,"LINESTRING (-8.704489066228428 40.64712091226794, -8.704488936741928 40.6471119211745)",,,,
1,,10894,1,10894_1,"LINESTRING (-8.726420086696322 40.64034981442571, -8.726385846401842 40.640299808272836, -8.726357011033793 40.64024414850758, -8.726337318213393 40.64018575383712, -8.726330268129864 40.64012680586133, -8.726341815573413 40.64006439893811)",,,,
1,,10894,2,10894_2,"LINESTRING (-8.726451531163377 40.64033732069009, -8.726418151833178 40.64028857196471, -8.726390810813202 40.640235796730444, -8.726372377740601 40.64018113764476, -8.726365959684717 40.64012747448898, -8.726376933119644 40.640068169563236)",,,,
1,,10895,1,10895_1,"LINESTRING (-8.718319115844169 40.64282213700199, -8.71832346698384 40.64279544759926)",,,,
1,,10895,2,10895_2,"LINESTRING (-8.71835431163286 40.64282546632039, -8.718358662758726 40.64279877691634)",,,,
1,,10896,1,10896_1,"LINESTRING (-8.718240014428241 40.64264283596371, -8.718231007261473 40.64263699869831)",,,,
1,,10896,2,10896_2,"LINESTRING (-8.718262996244897 40.642622259690235, -8.7182539890789 40.6426164224266)",,,,
1,,10897,1,10897_1,"LINESTRING (-8.718722513711837 40.64266132439007, -8.718646864805732 40.64267365762345, -8.718563160892762 40.64267899478595, -8.718478672057506 40.64267602533117, -8.718396366646953 40.64266416055149, -8.71831921300809 40.64264281173542, -8.718254188191942 40.64261368661208)",,,,
1,,10898,1,10898_1,"LINESTRING (-8.71782112710003 40.64281597007991, -8.717822768513251 40.642824890698044)",,,,
1,,10898,2,10898_2,"LINESTRING (-8.717786004276855 40.642819719920276, -8.717787645685489 40.6428286405389)",,,,
1,,10899,1,10899_1,"LINESTRING (-8.717788214990104 40.64283929134926, -8.717793164440586 40.642876929975706, -8.71778314701511 40.64291506805806, -8.717761225240642 40.64295236016032, -8.71773046164415 40.6429874608495, -8.7176939187526 40.64301902469522, -8.71765465909296 40.64304570626929)",,,,
1,,10900,1,10900_1,"LINESTRING (-8.718259612922775 40.64291285719174, -8.718267092950805 40.64290588327542)",,,,
1,,10900,2,10900_2,"LINESTRING (-8.718287078031763 40.64292994976709, -8.718294558058842 40.64292297584903)",,,,
1,,10901,1,10901_1,"LINESTRING (-8.704758615500106 40.64731077115598, -8.70470372144093 40.6472952564206, -8.704641405560402 40.64726940316272, -8.704584634032786 40.647236189809455, -8.704537803218908 40.647196884400934, -8.704505309479611 40.64715275497829, -8.704491872119384 40.64711047828165)",,,,
1,,10902,1,10902_1,"LINESTRING (-8.704271383063766 40.64738509660612, -8.704280463869093 40.64737929602529)",,,,
1,,10902,2,10902_2,"LINESTRING (-8.704294174513196 40.64740579639299, -8.70430325531935 40.64739999581038)",,,,
1,,10904,1,10904_1,"LINESTRING (-8.718356418666108 40.64282884328978, -8.718385893856532 40.642791824707764, -8.718439415371716 40.64276558461227, -8.718508300102766 40.64274968669567, -8.718585215668105 40.642739746350195, -8.718662829686158 40.642731378962786, -8.718732651147732 40.6427204494548)",,,,
1,,10905,1,10905_1,"LINESTRING (-8.717984315700408 40.642965556061306, -8.717995494481306 40.64296853240611)",,,,
1,,10905,2,10905_2,"LINESTRING (-8.717972613319914 40.64299105865005, -8.717983792104553 40.64299403499598)",,,,
1,,10906,1,10906_1,"LINESTRING (-8.717536972188363 40.643172954047216, -8.71760303684802 40.643129442716344, -8.71767214649695 40.64308128460971, -8.717743757208803 40.64303597649968, -8.717817325057226 40.64300101517829, -8.717892306115866 40.64298389745002, -8.717968156458372 40.64299212011588)",,,,
1,,10907,1,10907_1,"LINESTRING (-8.718083986373362 40.64297693336822, -8.718123301446594 40.642973189721175)",,,,
1,,10907,2,10907_2,"LINESTRING (-8.718088385672495 40.64300374031091, -8.718127700761205 40.64299999666238)",,,,
1,,10908,1,10908_1,"LINESTRING (-8.704406578492934 40.64770231053761, -8.704360913971302 40.647639738342335, -8.704305106600065 40.647572152552684, -8.704257902448493 40.64750333156602, -8.70424021161674 40.64743627977271, -8.704276664827148 40.64738306040275)",,,,
1,,10908,2,10908_2,"LINESTRING (-8.704437579700762 40.6476891850988, -8.704391448977724 40.647625974126356, -8.704335886401621 40.64755868483525, -8.70429167998949 40.64749423443001, -8.704277453728729 40.64744031416486, -8.70430811097846 40.64739555649203)",,,,
1,,10909,1,10909_1,"LINESTRING (-8.70438193127754 40.647345246015576, -8.704436100228044 40.6473220656559, -8.704510774355082 40.64731669724302, -8.704593168268483 40.64732657175847, -8.704676813297787 40.64734387261624, -8.704755403303507 40.647360814366)",,,,
1,,10910,1,10910_1,"LINESTRING (-8.70811371346794 40.646970846227966, -8.70803831479652 40.64699690830522, -8.707431951100695 40.647248103371616)",,,,
1,,10911,1,10911_1,"LINESTRING (-8.70744901385187 40.64728697188484, -8.708059285813556 40.64703524130433, -8.708136770139886 40.647016546350876)",,,,
1,,10912,1,10912_1,"LINESTRING (-8.703560362952759 40.64709722514916, -8.703559471213689 40.64710620060802)",,,,
1,,10912,2,10912_2,"LINESTRING (-8.703524995679267 40.64709518656445, -8.703524103935496 40.64710416202304)",,,,
1,,10913,1,10913_1,"LINESTRING (-8.70335658186212 40.64690154490334, -8.703408878048208 40.64692743887114, -8.703464269265531 40.646963429657724, -8.703511352436351 40.64700577450832, -8.703545103277872 40.64705369144, -8.703559262658848 40.64710450849813)",,,,
1,,10913,2,10913_2,"LINESTRING (-8.703337250738247 40.646924195282566, -8.703387613571486 40.646949131973, -8.703439062205293 40.646982561049114, -8.703481867507442 40.647021058558195, -8.70351145769792 40.64706306853569, -8.703524567022304 40.64711011709661)",,,,
1,,10914,1,10914_1,"LINESTRING (-8.703686279373846 40.64687566729675, -8.703678274140588 40.646882317619756)",,,,
1,,10914,2,10914_2,"LINESTRING (-8.703660136365016 40.64685741007067, -8.703652131131342 40.6468640603919)",,,,
1,,10915,1,10915_1,"LINESTRING (-8.703656939502538 40.646898102108146, -8.703598269644859 40.64691618986668, -8.703525048651445 40.646900735673036, -8.703454246867608 40.64687095261095, -8.703391046008862 40.646841927959464)",,,,
1,,10915,2,10915_2,"LINESTRING (-8.703643632145056 40.64687306008813, -8.703596130340033 40.64688770476843, -8.70353854207778 40.646875550053615, -8.703471983601155 40.64684755195766, -8.703409359777366 40.646818792309574)",,,,
1,,10916,1,10916_1,"LINESTRING (-8.704093080791855 40.64677934271529, -8.704081487486077 40.64677740773819)",,,,
1,,10916,2,10916_2,"LINESTRING (-8.704100672669592 40.64675295328013, -8.704089079368158 40.64675101830379)",,,,
1,,10917,1,10917_1,"LINESTRING (-8.704086118467247 40.646748238148675, -8.704010947922715 40.646725314643696, -8.703945192958054 40.64668779632771, -8.703884648356233 40.64664186341576, -8.703825108900212 40.64659369613455, -8.703762369372956 40.646549474727465, -8.703692224557429 40.64651537945371)",,,,
1,,10918,1,10918_1,"LINESTRING (-8.703778824992883 40.64682024503587, -8.703768823988907 40.64682509672288)",,,,
1,,10918,2,10918_2,"LINESTRING (-8.703759771428347 40.64679745863468, -8.703749770426406 40.646802310320055)",,,,
1,,10919,1,10919_1,"LINESTRING (-8.703657817780952 40.646550296140596, -8.703707296607927 40.64657793165952, -8.703750420773982 40.64661980975213, -8.703782160772578 40.64666920672539, -8.703797487097184 40.646719398901425, -8.703791370241255 40.646763662621666, -8.703758780698259 40.64679527424441)",,,,
1,,10920,1,10920_1,"LINESTRING (-8.704568818450968 40.64811195204576, -8.704648326468941 40.648248556990914)",,,,
1,,10920,2,10920_2,"LINESTRING (-8.704536392906332 40.648122900736425, -8.704615900871183 40.648259505703635)",,,,
1,,10921,1,10921_1,"LINESTRING (-8.704533640488854 40.64812379976869, -8.704548427011105 40.64815542279482, -8.70455931233604 40.64819213869981, -8.704565834089678 40.64823193744118, -8.70456752989803 40.64827280898052, -8.704563937387116 40.648312743284265, -8.704554594182943 40.648349730323496, -8.704539037911527 40.64838176007357, -8.704516806198885 40.64840682251276, -8.704487436671029 40.648422907620656, -8.70445046695397 40.64842800537545)",,,,
1,,10922,1,10922_1,"LINESTRING (-8.704787504253945 40.648509755714194, -8.704909198373182 40.648697571606355)",,,,
1,,10922,2,10922_2,"LINESTRING (-8.704755697582952 40.64852171155912, -8.704877391634739 40.64870952748442)",,,,
1,,10923,1,10923_1,"LINESTRING (-8.704569282412711 40.64848012652736, -8.704594357440605 40.64847933919499, -8.704621226087427 40.64847917760613, -8.704648671790913 40.648480169329076, -8.7046754779888 40.64848284193211, -8.704700428118828 40.6484877229832, -8.704722305618732 40.64849534005017, -8.70473989392625 40.6485062207001, -8.704751976479123 40.64852089249946)",,,,
1,,10924,1,10924_1,"LINESTRING (-8.70387392928572 40.647435203866046, -8.703885176953627 40.64743804405763)",,,,
1,,10924,2,10924_2,"LINESTRING (-8.703862767969278 40.64746084696455, -8.703874015641013 40.64746368715719)",,,,
1,,10925,1,10925_1,"LINESTRING (-8.70397378514613 40.64744936803555, -8.704049264939504 40.64746196122888, -8.704122916808767 40.64748864919597, -8.704188968251607 40.64752628550106, -8.704244012442949 40.64757237135037, -8.704283340698918 40.64762314686249)",,,,
1,,10925,2,10925_2,"LINESTRING (-8.703966195819893 40.64747575790646, -8.70403770154758 40.647487688060565, -8.704104494601777 40.64751189071795, -8.704165010498064 40.64754637285847, -8.70421531907398 40.647588493818965, -8.70425279202545 40.64763687403035)",,,,
1,,10927,1,10927_1,"LINESTRING (-8.725974588548556 40.64017419605366, -8.725986442203048 40.64017467554053)",,,,
1,,10927,2,10927_2,"LINESTRING (-8.725972707965177 40.64020117364289, -8.72598456162443 40.64020165312995)",,,,
1,,10928,1,10928_1,"LINESTRING (-8.72603919030646 40.64017485910567, -8.726107510200695 40.64017992706076, -8.726174046110824 40.64020144690673, -8.726234466745144 40.6402347583988, -8.726288183383945 40.640275968950945, -8.72633449815967 40.64032148465833, -8.726372107961577 40.64036727923022)",,,,
1,,10928,2,10928_2,"LINESTRING (-8.726035753010718 40.640201747514865, -8.726098657890198 40.64020641378682, -8.726156498284826 40.640225121225086, -8.726211334743114 40.64025535401798, -8.726261485240071 40.640293828693366, -8.726305376898688 40.64033696310706, -8.72634204208518 40.64038160751656)",,,,
1,,10929,1,10929_1,"LINESTRING (-8.730444862383655 40.64798645259254, -8.730451462340996 40.647995212388764, -8.730458331734786 40.648004428145576, -8.730465375175703 40.64801400096852, -8.73047255080048 40.64802390261375, -8.730479816977398 40.64803410521069, -8.730487132177636 40.6480445811058, -8.730494454948918 40.648055302847744, -8.7305017438936 40.648066243183614, -8.73050895764899 40.6480773750642, -8.730516054867683 40.6480886716574, -8.73052299419589 40.648100106368844, -8.73052973424765 40.64811165287017, -8.730536233572364 40.648123285135014, -8.73054245061225 40.6481349774833, -8.730548343645586 40.648146704633966, -8.73055387070983 40.648158441766626, -8.730558989497156 40.64817016459077, -8.73056365721207 40.64818184942104, -8.730567830378101 40.648193473252206, -8.730571464577162 40.648205013824615, -8.730574514101917 40.64821644966089, -8.7305769315018 40.64822776004223, -8.73057866700808 40.648238924872864, -8.730579667842479 40.648249924354026, -8.730579877457574 40.64826073835542, -8.730579234841748 40.648271345345336, -8.73057767416284 40.64828172074251, -8.730575125215895 40.648291834638016, -8.730571515314786 40.648301649074014, -8.73056677324543 40.64831111550004, -8.730560835397414 40.64832017356048, -8.730553653035951 40.64832875262814, -8.73054519822486 40.64833677692783, -8.73053546529144 40.64834417348388, -8.730524466088028 40.648350880276496, -8.730512967880811 40.64835648691975)",,,,
1,,10929,2,10929_2,"LINESTRING (-8.73041409918262 40.647999899166244, -8.730420658361286 40.64800860484427, -8.730427438623527 40.64801770103066, -8.730434377951536 40.64802713235844, -8.730441435512056 40.64803687109299, -8.730448570240261 40.648046889126476, -8.730455740968427 40.64805715813399, -8.730462906452328 40.648067649588526, -8.730470025393066 40.64807833476465, -8.730477056456762 40.64808918473314, -8.730483958294322 40.64810017034791, -8.73049068956301 40.64811126222503, -8.730497208952226 40.64812243071471, -8.730503475216047 40.648133645865045, -8.730509447215717 40.64814487737809, -8.730515083976442 40.648156094556654, -8.73052034476421 40.64816726624317, -8.730525189190342 40.64817836075002, -8.730529577353789 40.648189345784665, -8.730533470034446 40.648200188374375, -8.730536828953941 40.64821085480085, -8.73053961712304 40.648221310563585, -8.730541799295763 40.64823152040357, -8.730543342544347 40.64824144843871, -8.730544216950522 40.64825105849014, -8.73054439636519 40.64826031471033, -8.73054385910342 40.648269182653145, -8.730542588300828 40.64827763092234, -8.73054057146585 40.648285633449134, -8.73053779858802 40.648293172213634, -8.730534258184877 40.648300239788774, -8.730529931170256 40.64830684055249, -8.730524783582355 40.648312989154405, -8.730518760660788 40.64831870539198, -8.730511785381704 40.64832400626336, -8.730503763196229 40.64832889781065, -8.730493844141828 40.6483337344421)",,,,
1,,10930,1,10930_1,"LINESTRING (-8.730905318022357 40.645012232011005, -8.730847031208189 40.64500998191528, -8.730789109613605 40.64499644984549, -8.730735485616892 40.6449739341785, -8.730689146214758 40.64494431118802, -8.7306598412337 40.644917426932274)",,,,
1,,10930,2,10930_2,"LINESTRING (-8.730907113221162 40.64498525106411, -8.73085322284936 40.64498317068903, -8.730803017943309 40.64497144144909, -8.73075563655084 40.644951546931466, -8.73071439324834 40.644925181686254, -8.73068712871333 40.6449001693347)",,,,
1,,10931,1,10931_1,"LINESTRING (-8.714859305469233 40.64431846123953, -8.71419380649034 40.64459910507004)",,,,
1,,10932,1,10932_1,"LINESTRING (-8.71988909343835 40.64347445407969, -8.719935228111046 40.64345924275622, -8.719977732988387 40.64343639622021, -8.720010685379957 40.64340726472973, -8.720028162595352 40.643373198543145)",,,,
1,,10933,1,10933_1,"LINESTRING (-8.719226676490617 40.6435069925722, -8.719203521889904 40.64351591985585, -8.71917776419169 40.643525228057, -8.719150425157594 40.643534044216985, -8.719122526549233 40.6435414953775, -8.719095090128224 40.64354670858061, -8.71906913765619 40.643548810868474, -8.719045690894749 40.64354692928301, -8.719025771605516 40.643540190865416, -8.719010401550113 40.64352772265553)",,,,
1,,10934,1,10934_1,"LINESTRING (-8.705143902064586 40.64909841477744, -8.705228940211002 40.64924843233862)",,,,
1,,10934,2,10934_2,"LINESTRING (-8.705111338048255 40.64910912323734, -8.705196376135335 40.64925914082221)",,,,
1,,10935,1,10935_1,"LINESTRING (-8.719130062412093 40.643674301424696, -8.719127111920065 40.643670171758245, -8.719124936976607 40.64366599289773, -8.719123504624596 40.64366177204959, -8.71912278190691 40.643657516420326, -8.719122735866424 40.6436532332164, -8.719123333546019 40.643648929644314, -8.719124541988569 40.64364461291052, -8.719126328236952 40.643640290221526, -8.719128659334045 40.64363596878382, -8.719131502322725 40.64363165580389, -8.71913482424587 40.64362735848819, -8.719138592146358 40.64362308404328, -8.719142773067066 40.64361883967557, -8.719147334050868 40.6436146325916, -8.719152242140645 40.64361046999789, -8.719157464379272 40.643606359100886, -8.719162967809627 40.64360230710712, -8.719168719474586 40.643598321223095, -8.719174686417029 40.643594408655275, -8.71918083567983 40.64359057661023, -8.71918713430587 40.64358683229442, -8.719193549338023 40.64358318291438, -8.719200047819166 40.64357963567657, -8.719206596792178 40.64357619778756, -8.719213163299933 40.64357287645382, -8.719219714385314 40.643569678881875, -8.719226217091196 40.64356661227822, -8.71923263846045 40.64356368384939, -8.719238945535963 40.64356090080191, -8.719245105360606 40.643558270342275, -8.719251084977257 40.64355579967697, -8.719256851428794 40.643553496012565)",,,,
1,,10936,1,10936_1,"LINESTRING (-8.720891950430245 40.645819701822006, -8.72095659299487 40.64588047821923, -8.72104811198989 40.64592751982761, -8.72114928545559 40.64594985382853, -8.721242891432253 40.64593650739682)",,,,
1,,10937,1,10937_1,"LINESTRING (-8.721224446646154 40.64590828594143, -8.72114392021067 40.64591849452161, -8.721057836045084 40.64589601047751, -8.720980137161359 40.64585204918601, -8.72092476657146 40.64579782602378)",,,,
1,,10938,1,10938_1,"LINESTRING (-8.721506583621233 40.64561264376088, -8.721528626385014 40.64566290152674, -8.721531528507 40.64571963804355, -8.721512557753247 40.64577145344849, -8.721468981889805 40.64580694791265)",,,,
1,,10939,1,10939_1,"LINESTRING (-8.721487948738023 40.64583495306266, -8.721542448860706 40.64579269634565, -8.7215701668759 40.64573122663325, -8.72157166392798 40.645663857537734, -8.721547501161332 40.64560390271842)",,,,
1,,10940,1,10940_1,"LINESTRING (-8.719501749127428 40.64358522926746, -8.7194521650013 40.643627228834355, -8.719433175962331 40.64368841911652, -8.719439838286728 40.64375532503674, -8.719467208250684 40.643814471565356)",,,,
1,,10941,1,10941_1,"LINESTRING (-8.730205359625698 40.63039629333533, -8.730208593789904 40.63038762532943)",,,,
1,,10941,2,10941_2,"LINESTRING (-8.730239467865315 40.63040368029635, -8.730242702025471 40.6303950122895)",,,,
1,,10942,1,10942_1,"LINESTRING (-8.729697521105347 40.631610748431605, -8.729694286953116 40.631619416282355)",,,,
1,,10942,2,10942_2,"LINESTRING (-8.729663412244092 40.63160336149212, -8.729660178087798 40.631612029341916)",,,,
1,,10943,1,10943_1,"LINESTRING (-8.729749067675163 40.63161920738238, -8.729752301839374 40.631610539535245)",,,,
1,,10943,2,10943_2,"LINESTRING (-8.729783176537378 40.63162659434089, -8.729786410697532 40.63161792649281)",,,,
1,,10944,1,10944_1,"LINESTRING (-8.728307434405068 40.63497513104904, -8.728303450509543 40.634983616774456)",,,,
1,,10944,2,10944_2,"LINESTRING (-8.728274043850238 40.634966033032384, -8.728270059951024 40.63497451875666)",,,,
1,,10945,1,10945_1,"LINESTRING (-8.728356731046652 40.634987200189826, -8.72836071494587 40.63497871446715)",,,,
1,,10945,2,10945_2,"LINESTRING (-8.728390121611497 40.6349962982076, -8.728394105507022 40.63498781248378)",,,,
1,,10946,1,10946_1,"LINESTRING (-8.72758898223721 40.63650542176685, -8.727584998341687 40.63651390729777)",,,,
1,,10946,2,10946_2,"LINESTRING (-8.72755559091932 40.636496323754045, -8.7275516070201 40.63650480928383)",,,,
1,,10947,1,10947_1,"LINESTRING (-8.727638912013639 40.63651614025203, -8.72764289591284 40.636507654723715)",,,,
1,,10947,2,10947_2,"LINESTRING (-8.727672303340876 40.63652523826597, -8.727676287236385 40.63651675273651)",,,,
1,,10948,1,10948_1,"LINESTRING (-8.726922631908534 40.638041767527305, -8.726926615807749 40.63803328219288)",,,,
1,,10948,2,10948_2,"LINESTRING (-8.726956023996564 40.6380508655374, -8.72696000789209 40.63804238020184)",,,,
1,,10949,1,10949_1,"LINESTRING (-8.719504104913627 40.643800489535, -8.719487174011256 40.643749928802585, -8.71947922057629 40.64370057795454, -8.719493691327983 40.643649293002234, -8.719518140186432 40.64361257641513)",,,,
1,,10950,1,10950_1,"LINESTRING (-8.721996660219727 40.64247030065098, -8.721664228427795 40.64258850714873)",,,,
1,,10951,1,10951_1,"LINESTRING (-8.721450130414848 40.64282123624112, -8.721439869879427 40.64277347167554, -8.721443412201213 40.64272534917771, -8.721475599071772 40.64269334248704)",,,,
1,,10953,1,10953_1,"LINESTRING (-8.719789272664894 40.643224448665904, -8.719861351858265 40.643239398610625, -8.719952784829225 40.64326287403629, -8.720050494389236 40.64326654438629, -8.720123527911571 40.64324287816052)",,,,
1,,10954,1,10954_1,"LINESTRING (-8.720199272724859 40.64330907180334, -8.720201785654288 40.64336450963935, -8.720233601774433 40.643401959364404, -8.72029527273006 40.64341980812175, -8.720358220950505 40.64342012680755, -8.720429471239507 40.6434025304574)",,,,
1,,10955,1,10955_1,"LINESTRING (-8.722327908716574 40.643420737101415, -8.722372833649747 40.64344967501725, -8.722439711735321 40.64345616220757, -8.722513593123574 40.64344696324321, -8.72257952796479 40.643428842683875)",,,,
1,,10956,1,10956_1,"LINESTRING (-8.723708231787064 40.64188415969836, -8.723804482405006 40.64186731953385, -8.723909799451807 40.6418803516717, -8.72401054213331 40.64191269213876, -8.72409821952263 40.64195482724981)",,,,
1,,10956,2,10956_2,"LINESTRING (-8.723716171031286 40.64191048968462, -8.723805651874713 40.64189483397352, -8.723899930627951 40.641906500210204, -8.723994083378274 40.64193672517537, -8.72407929598989 40.6419776757923)",,,,
1,,10957,1,10957_1,"LINESTRING (-8.729211153890764 40.65190612981375, -8.72641988618915 40.65147113683307)",,,,
1,,10961,1,10961_1,"LINESTRING (-8.721988958372346 40.642686598549325, -8.721978141115256 40.64266458184512, -8.72197204326662 40.6426394715801, -8.721971131382782 40.64261320355832, -8.72197575381801 40.64258753648112, -8.72198625892657 40.64256422905259, -8.722002995062729 40.64254503997902, -8.722040382458264 40.64252852241955)",,,,
1,,10962,1,10962_1,"LINESTRING (-8.721677325860291 40.64261900309136, -8.721708952095929 40.642613935629996, -8.721739879283016 40.64262127293966, -8.721769592819905 40.64263784037734, -8.721797445962482 40.64266083956774, -8.721822791966645 40.64268747213691, -8.721844984088278 40.64271493971433, -8.721863334954719 40.64274038474207)",,,,
1,,10964,1,10964_1,"LINESTRING (-8.721952068029411 40.642700996795234, -8.721884561272667 40.6426303596436, -8.721814980260342 40.64259559651687, -8.721737170752403 40.64257927157997, -8.721664472759706 40.64258841705318)",,,,
1,,10966,1,10966_1,"LINESTRING (-8.72323241170398 40.64098864773971, -8.723222004069008 40.640992979555726)",,,,
1,,10967,1,10967_1,"LINESTRING (-8.72324013066004 40.64102313693185, -8.72325057573146 40.64101885731439)",,,,
1,,10968,1,10968_1,"LINESTRING (-8.720985009911422 40.64185731936798, -8.72097441130104 40.64186137576235)",,,,
1,,10969,1,10969_1,"LINESTRING (-8.721000429056495 40.64189863867743, -8.721010994537716 40.64189453282581)",,,,
1,,10970,1,10970_1,"LINESTRING (-8.716308576913539 40.643745642955174, -8.716318883780081 40.64374117474973)",,,,
1,,10971,1,10971_1,"LINESTRING (-8.71629326370979 40.64369139916135, -8.716282803921654 40.643695657857656)",,,,
1,,10972,1,10972_1,"LINESTRING (-8.7148734099125 40.64436780982877, -8.714883716779042 40.64436334166495)",,,,
1,,10973,1,10973_1,"LINESTRING (-8.714220352090322 40.64464001975421, -8.714230891439733 40.64463587558383)",,,,
1,,10974,1,10974_1,"LINESTRING (-8.711116086795007 40.645852788190865, -8.711126640802526 40.64584866562812)",,,,
1,,10975,1,10975_1,"LINESTRING (-8.7111026139677 40.645799895898385, -8.711092070791308 40.645804034388455)",,,,
1,,10976,1,10976_1,"LINESTRING (-8.70941508120313 40.64651722462788, -8.709425635210646 40.646513102106184)",,,,
1,,10977,1,10977_1,"LINESTRING (-8.721996660219727 40.64247030065098, -8.721929822478433 40.64251579750723, -8.72188884929765 40.642583396005115, -8.721877648579271 40.64265833273662, -8.721900168853749 40.642725903543074)",,,,
1,,10978,1,10978_1,"LINESTRING (-8.732001367510696 40.64934342342886, -8.731990985999944 40.64934997778585, -8.731979241699348 40.64935525086519, -8.731966410878183 40.649359306173984, -8.731952769805721 40.64936220721928, -8.73193859475124 40.649364017508034, -8.73192416198401 40.64936480054711, -8.731909747773303 40.64936461984341, -8.731895628388397 40.649363538903664, -8.731882080098563 40.6493616212347, -8.73186492101815 40.64935753814552, -8.731848745618612 40.64935170234532, -8.731833426038655 40.64934440462169, -8.731818834416993 40.649335935762274, -8.731804842892327 40.649326586554785, -8.731791323603371 40.64931664778707, -8.731778148688834 40.6493064102471, -8.731765190287422 40.64929616472302, -8.731752320537844 40.649286202003154, -8.73173691266401 40.64927401781113, -8.731722184731039 40.64926136538105, -8.731708037391124 40.649248317890205, -8.731694371296472 40.649234948515875, -8.73168108709928 40.64922133043545, -8.731668085451751 40.649207536826346, -8.731655267006083 40.649193640866024, -8.731642532414476 40.649179715732004, -8.731629782329131 40.649165834601945, -8.731618293794146 40.64915319782905, -8.731607046278116 40.64914043739329, -8.731596005218854 40.64912757158364, -8.731585136054175 40.649114618689076, -8.731574404221893 40.64910159699861, -8.731563775159822 40.649088524801215, -8.731553214305777 40.64907542038597, -8.73154268709757 40.649062302041884, -8.731532158973014 40.64904918805803)",,,,
1,,10979,1,10979_1,"LINESTRING (-8.732483011045067 40.64865471637446, -8.732535613001904 40.64871606589949, -8.732588809989307 40.648782976077335, -8.732615963537452 40.64884732710335, -8.732590435176512 40.64890099920364)",,,,
1,,10980,1,10980_1,"LINESTRING (-8.73007798926824 40.64572161015974, -8.730121784432482 40.64571442163839, -8.73016964005385 40.645722830519894, -8.730213393125291 40.64574263095144, -8.730259037478186 40.64579369797542)",,,,
1,,10981,1,10981_1,"LINESTRING (-8.730289576330753 40.64575949381764, -8.730266848800778 40.645717377732375, -8.730257960870242 40.64566935735869, -8.73026754476436 40.645624487424094, -8.730300233512633 40.6455918223195)",,,{'@allVehTypes': 'true'},
1,,10982,1,10982_1,"LINESTRING (-8.730690700042192 40.64634901746764, -8.730693288955074 40.646389671847025, -8.730671286544483 40.64641724907796, -8.73063562692185 40.64644209494286, -8.730598143552365 40.64646111713094)",,,,
1,,10983,1,10983_1,"LINESTRING (-8.729995157985217 40.64672505187942, -8.729926268032887 40.64675163676032, -8.729847808862067 40.64677217579455, -8.729775538184615 40.646775127333036, -8.729725213712396 40.64674894971888)",,,,
1,,10984,1,10984_1,"LINESTRING (-8.729885761636986 40.64695889046745, -8.729876056404173 40.646907356956525, -8.729908377207298 40.64685319315696, -8.729965580673893 40.64680413054487, -8.730030523431482 40.646767900618286)",,,,
1,,10985,1,10985_1,"LINESTRING (-8.730683351171992 40.646486105005266, -8.730721854362331 40.64645631617464, -8.730744040739879 40.6464292324504, -8.73075363862003 40.64639290142686, -8.730758588221732 40.64636230078796)",,,,
1,,10986,1,10986_1,"LINESTRING (-8.730682180990232 40.646486610119815, -8.730722434037006 40.64648321191067, -8.730764127305193 40.64649469623026, -8.730802132662618 40.64651670694897, -8.730830621044126 40.64652902017849)",,,,
1,,10987,1,10987_1,"LINESTRING (-8.728176709294155 40.64676251938846, -8.728129209259864 40.64668432780908, -8.728098243029516 40.64659310514423, -8.728102744488691 40.64650588885497, -8.728161562140492 40.64644681491222)",,,,
1,,10987,2,10987_2,"LINESTRING (-8.728208898626717 40.64675117460924, -8.728162745340498 40.646675200024866, -8.72813388888092 40.64659019261262, -8.728137746914658 40.64651544200408, -8.728189822486252 40.64646313949052)",,,,
1,,10988,1,10988_1,"LINESTRING (-8.727869300375499 40.646378623257384, -8.72812191897995 40.64678782375389)",,,,
1,,10988,2,10988_2,"LINESTRING (-8.727837203721748 40.646390119081126, -8.728089822173507 40.64679931964703)",,,,
1,,10989,1,10989_1,"LINESTRING (-8.728176806693819 40.64676267704539, -8.727920170374945 40.64635412779968)",,,,
1,,10989,2,10989_2,"LINESTRING (-8.728208801226986 40.646751016952315, -8.727952164757667 40.646342467776876)",,,,
1,,10990,1,10990_1,"LINESTRING (-8.726515494535963 40.64297457384865, -8.726534310842442 40.643015861017986, -8.726534943442523 40.64306279962301, -8.72651705188856 40.643106367864874, -8.726480410035602 40.643137492777925)",,,,
1,,10991,1,10991_1,"LINESTRING (-8.726551278885214 40.64295864589787, -8.726614959006664 40.6430111200329, -8.72670329639529 40.64304814921896, -8.726799585411381 40.64306251355283, -8.726887120415217 40.6430469931185)",,,,
1,,10992,1,10992_1,"LINESTRING (-8.726829778215002 40.64301148647834, -8.726746811287486 40.643047599452714, -8.726664890502104 40.64308491792923, -8.726583474842744 40.643123076161984, -8.726502244004568 40.643161609362664)",,,,
1,,10992,2,10992_2,"LINESTRING (-8.726812182112432 40.64298803034946, -8.726728909795034 40.64302427624656, -8.726646495202537 40.64306181966922, -8.726564807611547 40.643100105347294, -8.726483495587521 40.64313867705492)",,,,
1,,10993,1,10993_1,"LINESTRING (-8.72654784323112 40.6432168724942, -8.726584835202846 40.64320145093126, -8.726627307783424 40.64318930721966, -8.726666699964865 40.64318691128934, -8.726694608563113 40.64320066187747)",,,,
1,,10994,1,10994_1,"LINESTRING (-8.726528429260975 40.64318895830744, -8.72658962671367 40.64314092670019, -8.726626253737335 40.64307417622208, -8.726633935271886 40.64300215893891, -8.726608296257234 40.642938326968405)",,,,
1,,10996,1,10996_1,"LINESTRING (-8.725833023507262 40.643661639362215, -8.725820233840384 40.64363016698232, -8.725823661926043 40.64359462823434, -8.725841347561687 40.64356168406001, -8.72587133054477 40.64353799541375)",,,,
1,,10997,1,10997_1,"LINESTRING (-8.725803247532141 40.64345892453023, -8.725767113917954 40.64346906390627, -8.725725626120031 40.643470092801714, -8.725687147915124 40.64346160005934, -8.725660043079989 40.64344317451784)",,,,
1,,10998,1,10998_1,"LINESTRING (-8.72582880493495 40.643483922481614, -8.72577677576717 40.64352361961854, -8.725743787608032 40.64357859976711, -8.725734833227428 40.64363797404851, -8.72575490539525 40.643690853618516)",,,,
1,,10999,1,10999_1,"LINESTRING (-8.725590130116913 40.64348174554931, -8.725638751558888 40.64351526374325, -8.72570782379208 40.64353129351809, -8.725782339387516 40.64353018218363, -8.72584729091623 40.64351227703625)",,,,
1,,11000,1,11000_1,"LINESTRING (-8.726811151059335 40.64298589688293, -8.72678471801171 40.642991870973766, -8.726756616706107 40.642989580194524, -8.726728104866574 40.642980650658735, -8.72670044021716 40.64296670847829, -8.72667488048191 40.64294937976512, -8.726652683384875 40.64293029063209, -8.7266351066501 40.64291106719367)",,,,
1,,11001,1,11001_1,"LINESTRING (-8.709405995433993 40.64646586257511, -8.7093954522576 40.646470001023914)",,,,
1,,11002,1,11002_1,"LINESTRING (-8.71272226188817 40.645225387793246, -8.712732815895688 40.64522126519175)",,,,
1,,11003,1,11003_1,"LINESTRING (-8.712695881321093 40.64517449127264, -8.712685338097266 40.645178629731184)",,,,
1,,11004,1,11004_1,"LINESTRING (-8.697737027486756 40.63619549495732, -8.697725201761111 40.636194713413104)",,,,
1,,11005,1,11005_1,"LINESTRING (-8.69771154728098 40.63623312567306, -8.697723373006625 40.63623390721687)",,,,
1,,11006,1,11006_1,"LINESTRING (-8.699319431519617 40.63630007355281, -8.699307605793974 40.636299292009795)",,,,
1,,11007,1,11007_1,"LINESTRING (-8.699306313941955 40.63633852123517, -8.6993181396676 40.636339302777735)",,,,
1,,11008,1,11008_1,"LINESTRING (-8.700890637173776 40.63640468921694, -8.70087882516632 40.63640379616514)",,,,
1,,11009,1,11009_1,"LINESTRING (-8.700875781354968 40.63644284879943, -8.700887593362424 40.63644374185069)",,,,
1,,11010,1,11010_1,"LINESTRING (-8.703145134023726 40.63656785469767, -8.703133312743603 40.6365670353436)",,,,
1,,11011,1,11011_1,"LINESTRING (-8.703122795367674 40.63660560949876, -8.703134616647798 40.63660642885234)",,,,
1,,11012,1,11012_1,"LINESTRING (-8.706161457262892 40.63677695784732, -8.70614963622337 40.63677613649927)",,,,
1,,11013,1,11013_1,"LINESTRING (-8.72460326427473 40.63895931085782, -8.72451745318445 40.63889978866903, -8.724435960409767 40.63883649672053, -8.724349849344133 40.638777261740174)",,,,
1,,11014,1,11014_1,"LINESTRING (-8.7243243332923 40.63880597466027, -8.724410024536311 40.638866481411874, -8.724490157122226 40.63893178944944, -8.724575546170476 40.63899258553073)",,,,
1,,11015,1,11015_1,"LINESTRING (-8.706139400847194 40.636814727753574, -8.706151221886715 40.63681554910113)",,,,
1,,11016,1,11016_1,"LINESTRING (-8.708975717425998 40.63697249764356, -8.708963896386479 40.63697167629793)",,,,
1,,11017,1,11017_1,"LINESTRING (-8.708952609645857 40.63701019438925, -8.708964430685377 40.63701101573439)",,,,
1,,11018,1,11018_1,"LINESTRING (-8.715348634151736 40.63745600088848, -8.715360453378837 40.63745683711312)",,,,
1,,11019,1,11019_1,"LINESTRING (-8.720265603199515 40.63775231643884, -8.720253778898655 40.63775152259593)",,,,
1,,11020,1,11020_1,"LINESTRING (-8.720242813560178 40.6377900964232, -8.720254637861037 40.637790890265656)",,,,
1,,11021,1,11021_1,"LINESTRING (-8.723590221707678 40.6383207469659, -8.723580958248684 40.63831511433832)",,,,
1,,11022,1,11022_1,"LINESTRING (-8.728303831846175 40.64252063717241, -8.728296723434909 40.642513423535185)",,,,
1,,11022,2,11022_2,"LINESTRING (-8.728332196161901 40.6425044192291, -8.728325087749294 40.642497205593585)",,,,
1,,11023,1,11023_1,"LINESTRING (-8.728232791132257 40.64252188888881, -8.728239917701512 40.64252909219836)",,,,
1,,11023,2,11023_2,"LINESTRING (-8.728204467597006 40.64253814814134, -8.728211594164943 40.642545351452604)",,,,
1,,11023,3,11023_3,"LINESTRING (-8.72817614404799 40.64255440738686, -8.728183270614618 40.642561610699865)",,,,
1,,11024,1,11024_1,"LINESTRING (-8.729455329301654 40.64368916997538, -8.72944822089038 40.64368195646443)",,,,
1,,11024,2,11024_2,"LINESTRING (-8.729483694113414 40.643672952036766, -8.729476585700809 40.643665738527545)",,,,
1,,11025,1,11025_1,"LINESTRING (-8.729413004652201 40.64371480058269, -8.72942013122146 40.64372200376351)",,,,
1,,11025,2,11025_2,"LINESTRING (-8.729384680611277 40.643731059830415, -8.729391807179224 40.643738263012956)",,,,
1,,11025,3,11025_3,"LINESTRING (-8.729356356556606 40.643747319071146, -8.72936348312324 40.64375452225541)",,,,
1,,11026,1,11026_1,"LINESTRING (-8.733019685111735 40.64575838951934, -8.733030879882174 40.64576138496157)",,,,
1,,11027,1,11027_1,"LINESTRING (-8.73303885315841 40.6457304970163, -8.733027658387972 40.64572750157273)",,,,
1,,11028,1,11028_1,"LINESTRING (-8.733854819360786 40.64639733733955, -8.733850240836821 40.646389027598936)",,,,
1,,11029,1,11029_1,"LINESTRING (-8.733810103515719 40.6463999036537, -8.733814704602358 40.646408206215426)",,,,
1,,11030,1,11030_1,"LINESTRING (-8.734486759834816 40.647700537687584, -8.734495035605661 40.6476940809021)",,,,
1,,11031,1,11031_1,"LINESTRING (-8.733436073129237 40.64845477131457, -8.733427833922772 40.64846125488954)",,,,
1,,11032,1,11032_1,"LINESTRING (-8.733466459639518 40.64849657469755, -8.733474735410361 40.64849011798909)",,,,
1,,11033,1,11033_1,"LINESTRING (-8.732086212592202 40.649516991664115, -8.732077973385735 40.6495234751359)",,,,
1,,11034,1,11034_1,"LINESTRING (-8.732114693195554 40.64955120666033, -8.732122968966397 40.6495447500539)",,,,
1,,11035,1,11035_1,"LINESTRING (-8.729960702901682 40.633435345426804, -8.729971768981517 40.63343860515844)",,,,
1,,11036,1,11036_1,"LINESTRING (-8.73000042308352 40.63335360141815, -8.72998947562823 40.63335011863233)",,,,
1,,11037,1,11037_1,"LINESTRING (-8.730602588918664 40.63354517156987, -8.730591641458759 40.633541688802374)",,,,
1,,11038,1,11038_1,"LINESTRING (-8.730553535484821 40.63360997570819, -8.730564601564659 40.63361323543128)",,,,
1,,11039,1,11039_1,"LINESTRING (-8.730947475094995 40.63427386582514, -8.730952115077082 40.63426557422713)",,,,
1,,11040,1,11040_1,"LINESTRING (-8.73089196377059 40.634244830468866, -8.730887372881794 40.634253137792356)",,,,
1,,11041,1,11041_1,"LINESTRING (-8.72987451063011 40.6339069064234, -8.729870379678559 40.63391535169289)",,,,
1,,11042,1,11042_1,"LINESTRING (-8.729723262674172 40.63421611529574, -8.729719131722623 40.63422456052613)",,,,
1,,11043,1,11043_1,"LINESTRING (-8.729564754539942 40.63454016522232, -8.729560623588391 40.63454861041171)",,,,
1,,11044,1,11044_1,"LINESTRING (-8.729782992409211 40.63526219318881, -8.72979404829958 40.63526547268261)",,,,
1,,11045,1,11045_1,"LINESTRING (-8.73060940484498 40.63487835943814, -8.730614042430428 40.634870067143076)",,,,
1,,11046,1,11046_1,"LINESTRING (-8.730558251543878 40.63485260229972, -8.730553686185283 40.634860917646286)",,,,
1,,11047,1,11047_1,"LINESTRING (-8.72660840958778 40.65220526737492, -8.729637948594577 40.65241136961428)",,,,
1,,11048,1,11048_1,"LINESTRING (-8.719141625668238 40.64558539236141, -8.719195297096588 40.645625849300664)",,,,
1,,11049,1,11049_1,"LINESTRING (-8.719142121471672 40.645586112367944, -8.71914792745774 40.645599384433005, -8.719150408638836 40.64561359477528, -8.71915294662578 40.64562778221288, -8.719158923029394 40.645640985564796)",,,,
1,,11050,1,11050_1,"LINESTRING (-8.719846458640193 40.64545371811442, -8.71984814914519 40.645419702628445)",,,,
1,,11051,1,11051_1,"LINESTRING (-8.71911024779788 40.644353836164825, -8.719101099492708 40.64431212180361)",,,,
1,,11052,1,11052_1,"LINESTRING (-8.719112940524678 40.64435772572273, -8.719063062915122 40.64432487942878)",,,,
1,,11053,1,11053_1,"LINESTRING (-8.718715505683937 40.64455587630906, -8.718730344426156 40.64455768731901, -8.718746141013495 40.64455844912697, -8.718760230277926 40.64456077271536, -8.718769947051415 40.644567269066286)",,,,
1,,11054,1,11054_1,"LINESTRING (-8.718840727078947 40.64437386670531, -8.718823326252398 40.64437164825674, -8.718804854366294 40.644370519525005, -8.718788390470959 40.644367549476506, -8.718777013616716 40.644359807077024)",,,,
1,,11055,1,11055_1,"LINESTRING (-8.725632800911344 40.647306855873246, -8.725717141728644 40.647438870098505)",,,,
1,,11056,1,11056_1,"LINESTRING (-8.720960397934201 40.64284803885079, -8.720935680573803 40.64286886650165, -8.720927140413838 40.642899929634616, -8.720923383089879 40.64293459080917, -8.720913014237489 40.64296621259656)",,,,
1,,11057,1,11057_1,"LINESTRING (-8.72070770484553 40.642976322453926, -8.720757342693057 40.64297193544524, -8.72081531412499 40.64298295210597, -8.720857465451793 40.64300365278008, -8.72085911973902 40.643028964496295)",,,,
1,,11058,1,11058_1,"LINESTRING (-8.728363547216226 40.646815013827286, -8.72823991394767 40.64678750719197)",,,,
1,,11589,1,11589_1,"LINESTRING (-8.726463471161075 40.640551046734466, -8.726489293721738 40.64059072302721, -8.726503941905628 40.6406253299273, -8.726516971811344 40.640660501089094, -8.726531841116234 40.640695011876616, -8.72655200749765 40.640727637656525)",,,,
1,,11601,1,11601_1,"LINESTRING (-8.705143929949504 40.64910247178905, -8.705128857747917 40.64925034735315, -8.705213000405493 40.64938028313132, -8.705301354621179 40.649532896162285, -8.70539018520093 40.649674971362614, -8.705463790961634 40.64981512755085)",,,,
1,,11601,2,11601_2,"LINESTRING (-8.705108566890102 40.64910038081367, -8.705092741188597 40.64925564825384, -8.705180853022426 40.64939171347661, -8.70526910855572 40.64954415617987, -8.705357673538845 40.64968580669695, -8.705430857987912 40.64982516077429)",,,,
1,,11602,1,11602_1,"LINESTRING (-8.70668319296455 40.65084917778385, -8.70669090724761 40.650810301642395)",,,,
1,,11602,2,11602_2,"LINESTRING (-8.70671826506774 40.650853214884826, -8.706725979330912 40.65081433874106)",,,,
1,,11604,1,11604_1,"LINESTRING (-8.705841037969144 40.65029051726988, -8.705878274607233 40.650349295387855, -8.705923799985934 40.65041060484437, -8.705967823335953 40.65047363853792, -8.705999669733343 40.65053710642388, -8.706007574631654 40.65060010161799, -8.705979576175686 40.650656382441554)",,,,
1,,11604,2,11604_2,"LINESTRING (-8.705809092200886 40.650302257335134, -8.705846831119304 40.6503618283477, -8.70589269988127 40.65042360028104, -8.70593547530274 40.65048484720249, -8.705964818354397 40.65054332613569, -8.705971479629774 40.65059641095699, -8.705946407027623 40.65064681034915)",,,,
1,,11605,1,11605_1,"LINESTRING (-8.705733573894976 40.650287103916476, -8.705775322470725 40.650370493799215, -8.705810116157604 40.650463054684934, -8.705835276965086 40.650560733451385, -8.705848372097561 40.6506600851587, -8.705846896788271 40.65075768170376, -8.705828222399159 40.650850109828, -8.705789515619639 40.65093389360927, -8.70572777735837 40.65100525235738, -8.705642593155272 40.65105848308634)",,,,
1,,11605,2,11605_2,"LINESTRING (-8.70570043148263 40.65029672922494, -8.705741639752173 40.650379039966154, -8.705775600287822 40.65046938456006, -8.705800150188622 40.650564691869555, -8.705812881358995 40.65066128261238, -8.7058114576745 40.650755460710606, -8.705793666881975 40.65084351528244, -8.705757501400598 40.65092179814617, -8.70570111942996 40.6509869659167, -8.705620094538435 40.651037597520926)",,,,
1,,11606,1,11606_1,"LINESTRING (-8.706249777481194 40.65050094286852, -8.706214530930026 40.650511207683415)",,,,
1,,11606,2,11606_2,"LINESTRING (-8.706237109233808 40.650475709094, -8.706201862693973 40.650485973905106)",,,,
1,,11607,1,11607_1,"LINESTRING (-8.706204771654578 40.650511844264265, -8.706136200798207 40.650501564301706, -8.706052229792563 40.6504568707675, -8.70598276315164 40.65038602479175, -8.705924563146947 40.650301400438224, -8.705874829185994 40.65021430200714, -8.705822717348063 40.650129097434494)",,,,
1,,11607,2,11607_2,"LINESTRING (-8.706211621965691 40.65048533732452, -8.706150388674308 40.65047615739261, -8.706077230692564 40.650437219091266, -8.706012872909469 40.65037158344121, -8.705956578723665 40.650289730253185, -8.70590717439881 40.65020320918115, -8.705854869990382 40.650117689816774)",,,,
1,,11608,1,11608_1,"LINESTRING (-8.706538407741405 40.65055671713732, -8.706524068666578 40.650548561687124)",,,,
1,,11608,2,11608_2,"LINESTRING (-8.70655963076569 40.650535071005145, -8.706545291692919 40.65052691555755)",,,,
1,,11609,1,11609_1,"LINESTRING (-8.70689841870405 40.65059762069557, -8.70682624209445 40.650615531575966, -8.706780959465156 40.65062323372603, -8.706715035824368 40.65061796229885, -8.706651859003125 40.65060467708051, -8.706592818616333 40.650584391651215, -8.706541898116457 40.65055877010401)",,,,
1,,11609,2,11609_2,"LINESTRING (-8.70688743047767 40.65057193415127, -8.70681686130567 40.65058944614032, -8.70677889193735 40.650595904373986, -8.706721652441317 40.65059132735307, -8.706663943719786 40.650579192001295, -8.706609997020172 40.65056065669111, -8.70656144975307 40.65053622928039)",,,,
1,,11610,1,11610_1,"LINESTRING (-8.706691607503167 40.650777525593256, -8.706690917738399 40.65076855347587)",,,,
1,,11610,2,11610_2,"LINESTRING (-8.706727017200588 40.650775946431914, -8.706726327431108 40.65076697431475)",,,,
1,,11611,1,11611_1,"LINESTRING (-8.70669095914126 40.65076265909107, -8.706704849962449 40.65071396883423, -8.706763517247888 40.65067970104305, -8.706828708904979 40.65066041586809, -8.706903924343893 40.65064463822318, -8.706987362567489 40.65061975654185, -8.70705740675416 40.65059982961939)",,,,
1,,11611,2,11611_2,"LINESTRING (-8.70672562066948 40.650768395370754, -8.706736751144817 40.65072938064312, -8.706781082269492 40.65070348665217, -8.706839867974798 40.65068609650153, -8.70691512994891 40.6506703090934, -8.707000034980746 40.65064499000238, -8.707069818206175 40.65062513731991)",,,,
1,,11612,1,11612_1,"LINESTRING (-8.706137546776196 40.65104106300127, -8.706148299418523 40.65104485139258)",,,,
1,,11612,2,11612_2,"LINESTRING (-8.706122654759548 40.651065582231446, -8.706133407404964 40.651069370624136)",,,,
1,,11613,1,11613_1,"LINESTRING (-8.705841882728201 40.65113128347709, -8.705895991756005 40.65110420529928, -8.705952828539093 40.65107256714503, -8.706012536949626 40.65104455160611, -8.706075419197804 40.651029771494045, -8.7061336354769 40.651039958370795)",,,,
1,,11613,2,11613_2,"LINESTRING (-8.705861360599163 40.65115386140109, -8.70591620819992 40.651126413609575, -8.70597262668143 40.651095008298185, -8.706027303752457 40.651069353491366, -8.706076768782575 40.65105772702034, -8.706125693162388 40.65106628796784)",,,,
1,,11614,1,11614_1,"LINESTRING (-8.706372849067549 40.65107027593732, -8.706384562056904 40.65106891722799)",,,,
1,,11614,2,11614_2,"LINESTRING (-8.706378189792085 40.65109698349736, -8.706389902786 40.65109562478748)",,,,
1,,11615,1,11615_1,"LINESTRING (-8.706414959688585 40.651063258848346, -8.706497349132686 40.65105638199789, -8.706582401541988 40.65106452439839, -8.706665818778307 40.65108456500153, -8.7067460897069 40.6511133591865, -8.706821729778367 40.65114791672621, -8.706890783872174 40.651185100108464)",,,,
1,,11615,2,11615_2,"LINESTRING (-8.706418823756437 40.6510901136148, -8.706497065467026 40.65108358296722, -8.706574792712853 40.6510910241008, -8.706652868291288 40.651109781395775, -8.706729367995086 40.65113722279713, -8.706802341031576 40.651170561857306, -8.706870307179338 40.65120715942126)",,,,
1,,11616,1,11616_1,"LINESTRING (-8.706670487227058 40.650883066484916, -8.706677857567282 40.65086848400234)",,,,
1,,11616,2,11616_2,"LINESTRING (-8.706703589669928 40.65089277183539, -8.70671096000401 40.65087818935073)",,,,
1,,11617,1,11617_1,"LINESTRING (-8.706931350877586 40.65113496983278, -8.70685893308924 40.65109705657612, -8.706778520797046 40.65105528245344, -8.706706405355122 40.65100851341728, -8.706660097715352 40.65095434107857, -8.706663682266921 40.650897072388695)",,,,
1,,11617,2,11617_2,"LINESTRING (-8.706951443647561 40.651112706681204, -8.706878973128955 40.651074765824184, -8.706800073676142 40.651033777627646, -8.70673332154449 40.650990486870974, -8.706696073393397 40.6509469126729, -8.706699112441903 40.650898358811595)",,,,
1,,11618,1,11618_1,"LINESTRING (-8.705936595682397 40.65076007654083, -8.705935924301178 40.650776442715326)",,,,
1,,11618,2,11618_2,"LINESTRING (-8.705901142644494 40.65075923286607, -8.705900471254633 40.65077559904037)",,,,
1,,11619,1,11619_1,"LINESTRING (-8.70593566863063 40.65077834427267, -8.705922411220989 40.65083617338837, -8.705886820924707 40.650892329372844, -8.705835492905472 40.65094313536614, -8.705773526335928 40.650988413098005, -8.705705730751424 40.65102790575286, -8.705637360690657 40.651060992222696)",,,,
1,,11619,2,11619_2,"LINESTRING (-8.705900726926172 40.65077369748308, -8.705888319474234 40.65082781894436, -8.705856472143287 40.65087806906984, -8.705809009926698 40.65092504855727, -8.705750401903375 40.65096787225495, -8.705685406789302 40.6510057335573, -8.705618338297157 40.651038190151226)",,,,
1,,11645,1,11645_1,"LINESTRING (-8.715349894508824 40.63741679230019, -8.715338075281725 40.637415956075046)",,,,
1,,11647,1,11647_1,"LINESTRING (-8.723533346345421 40.63833031824221, -8.723582024591005 40.638360154909876)",,,,
1,,11648,1,11648_1,"LINESTRING (-8.72326799872835 40.638313973505745, -8.7233047626568 40.638297447360614, -8.723348063730818 40.63828904564612, -8.723394692668528 40.638288118963374, -8.723441440188049 40.63829401791071, -8.72348509700751 40.638306093084545, -8.723522453845032 40.6383236950799)",,,,
1,,11649,1,11649_1,"LINESTRING (-8.718366839698382 40.64446023747064, -8.718367647467971 40.644461412387464, -8.718368469110766 40.64446259200855, -8.718369316808548 40.64446376530228, -8.718370202743099 40.64446492123691, -8.718371139096204 40.64446604878082, -8.718372138049647 40.644467136902314, -8.718373211785208 40.64446817456968, -8.718374372484671 40.64446915075128, -8.718375632329822 40.64447005441543, -8.71837922670284 40.64447223343418, -8.718383026945693 40.6444742049123, -8.718387003266532 40.64447598867853, -8.71839112587351 40.64447760456155, -8.718395364974773 40.644479072390205, -8.718399690778476 40.64448041199315, -8.718404073492769 40.64448164319917, -8.7184084833258 40.64448278583695, -8.718412890485725 40.64448385973529)",,,,
1,,11650,1,11650_1,"LINESTRING (-8.718358057591937 40.64444748386559, -8.718362137178019 40.644452850737885, -8.718366844127932 40.644458025185195, -8.718372125380137 40.644462947731434, -8.71837792787309 40.6444675589005, -8.718384198545255 40.64447179921638, -8.718390884335092 40.64447560920299, -8.718397932181057 40.64447892938428, -8.71840528902161 40.6444817002842, -8.718412901795215 40.644483862426725)",,,,
1,,11651,1,11651_1,"LINESTRING (-8.718396479307636 40.64450328086968, -8.71839548761865 40.64450074396566, -8.718395543302455 40.64449781596101, -8.718396499108556 40.64449470507743, -8.718398207786457 40.64449161953657, -8.718400522085668 40.64448876756021, -8.718403294755694 40.6444863573701, -8.71840637854604 40.64448459718803, -8.718409626206215 40.64448369523583, -8.718412890485725 40.64448385973529)",,,,
1,,11652,1,11652_1,"LINESTRING (-8.71838769720119 40.64449052727285, -8.718386521454606 40.64448904312222, -8.718385081586126 40.644487492132825, -8.718383529852048 40.64448590060853, -8.718382018508667 40.64448429485311, -8.718380699812279 40.64448270117046, -8.718379726019178 40.64448114586439, -8.718379249385663 40.64447965523873, -8.718379422168027 40.644478255597356, -8.718380396622567 40.64447697324412, -8.718383128521795 40.64447544653711, -8.71838627935697 40.64447497755409, -8.718389763846965 40.644475358574645, -8.718393496710656 40.64447638187826, -8.71839739266692 40.64447783974451, -8.718401366434632 40.644479524452926, -8.718405332732669 40.64448122828304, -8.718409206279905 40.64448274351446, -8.718412901795215 40.644483862426725)",,,,
1,,11653,1,11653_1,"LINESTRING (-8.718395560425853 40.64450194644646, -8.718396368195442 40.644503121362526, -8.718397189838237 40.6445043009829, -8.718398037536017 40.64450547427589, -8.71839892347057 40.64450663020981, -8.718399859823675 40.64450775775301, -8.718400858777118 40.644508845873816, -8.718401932512679 40.64450988354052, -8.718403093212142 40.64451085972153, -8.718404353057291 40.6445117633851, -8.71840794743031 40.6445139424025, -8.718411747673164 40.64451591387937, -8.718415723994003 40.64451769764448, -8.718419846600979 40.64451931352651, -8.718424085702244 40.64452078135425, -8.718428411505945 40.64452212095635, -8.718432794220238 40.64452335216159, -8.718437204053272 40.64452449479868, -8.718441611213196 40.64452556869633)",,,,
1,,11654,1,11654_1,"LINESTRING (-8.718386778319408 40.64448919284938, -8.71839085790549 40.64449455971832, -8.718395564855403 40.644499734162395, -8.718400846107606 40.64450465670555, -8.718406648600562 40.64450926787175, -8.718412919272726 40.64451350818496, -8.718419605062563 40.64451731816919, -8.718426652908526 40.644520638348396, -8.718434009749082 40.64452340924659, -8.718441622522684 40.64452557138777)",,,,
1,,11655,1,11655_1,"LINESTRING (-8.718425200035105 40.644544989818584, -8.718424208346121 40.64454245291616, -8.718424264029926 40.644539524913355, -8.718425219836027 40.6445364140317, -8.718426928513928 40.64453332849278, -8.718429242813139 40.64453047651818, -8.718432015483163 40.644528066329585, -8.718435099273512 40.64452630614862, -8.718438346933686 40.644525404197, -8.718441611213196 40.64452556869633)",,,,
1,,11656,1,11656_1,"LINESTRING (-8.71841641792866 40.64453223622972, -8.718415242182076 40.64453075208003, -8.718413802313595 40.6445292010916, -8.718412250579519 40.6445276095683, -8.718410739236138 40.644526003813894, -8.71840942053975 40.64452441013224, -8.718408446746649 40.64452285482713, -8.718407970113134 40.644521364202426, -8.718408142895498 40.64451996456191, -8.718409117350038 40.64451868220946, -8.718411849249266 40.644517155503415, -8.71841500008444 40.64451668652068, -8.718418484574434 40.644517067541, -8.718422217438127 40.64451809084399, -8.71842611339439 40.64451954870932, -8.718430087162103 40.64452123341669, -8.71843405346014 40.64452293724574, -8.718437927007376 40.64452445247618, -8.718441622522684 40.64452557138777)",,,,
1,,11657,1,11657_1,"LINESTRING (-8.718424281153323 40.644543655396205, -8.718425088922912 40.64454483031153, -8.718425910565706 40.64454600993117, -8.718426758263488 40.644547183223416, -8.71842764419804 40.6445483391566, -8.718428580551146 40.64454946669911, -8.718429579504587 40.64455055481923, -8.718430653240148 40.6445515924853, -8.718431813939613 40.644552568665674, -8.718433073784762 40.64455347232869, -8.71843666815778 40.64455565134474, -8.718440468400635 40.644557622820386, -8.718444444721474 40.64455940658438, -8.71844856732845 40.64456102246539, -8.718452806429713 40.644562490292216, -8.718457132233416 40.64456382989348, -8.718461514947709 40.64456506109795, -8.718465924780741 40.64456620373433, -8.718470331940667 40.64456727763129)",,,,
1,,11658,1,11658_1,"LINESTRING (-8.718415499046877 40.64453090180709, -8.71841957863296 40.64453626867267, -8.718424285582872 40.64454144311351, -8.718429566835077 40.64454636565359, -8.71843536932803 40.64455097681691, -8.718441640000197 40.644555217127476, -8.718448325790032 40.644559027109324, -8.718455373635997 40.64456234728646, -8.718462730476551 40.644565118182925, -8.718470343250155 40.644567280322754)",,,,
1,,11659,1,11659_1,"LINESTRING (-8.718453920762576 40.64458669874141, -8.71845292907359 40.64458416184059, -8.718452984757395 40.64458123383959, -8.718453940563496 40.64457812295991, -8.718455649241399 40.644575037422904, -8.718457963540608 40.64457218545011, -8.718460736210634 40.644569775262994, -8.71846382000098 40.644568015083145, -8.718467067661157 40.64456711313206, -8.718470331940667 40.64456727763129)",,,,
1,,11660,1,11660_1,"LINESTRING (-8.718445138656131 40.64457394516053, -8.718443962909546 40.64457246101176, -8.718442523041066 40.64457091002432, -8.718440971306988 40.644569318501986, -8.718439459963607 40.644567712748625, -8.718438141267217 40.64456611906794, -8.71843716747412 40.6445645637638, -8.718436690840603 40.64456307314003, -8.71843686362297 40.644561673500405, -8.71843783807751 40.644560391148744, -8.718440569976737 40.64455886444367, -8.71844372081191 40.64455839546121, -8.718447205301905 40.64455877648128, -8.718450938165597 40.644559799783636, -8.71845483412186 40.64456125764807, -8.718458807889574 40.644562942354376, -8.718462774187609 40.64456464618235, -8.718466647734845 40.64456616141186, -8.718470343250155 40.644567280322754)",,,,
1,,11661,1,11661_1,"LINESTRING (-8.718453001880793 40.64458536431987, -8.718453809650383 40.64458653923448, -8.718454631293177 40.64458771885336, -8.718455478990958 40.64458889214487, -8.71845636492551 40.64459004807737, -8.718457301278615 40.64459117561916, -8.718458300232058 40.6445922637386, -8.718459373967619 40.64459330140403, -8.718460534667084 40.64459427758379, -8.718461794512233 40.644595181246245, -8.718465388885251 40.644597360260924, -8.718469189128104 40.64459933173535, -8.718473165448945 40.6446011154982, -8.718477288055919 40.64460273137824, -8.718481527157184 40.644604199204124, -8.718485852960885 40.64460553880455, -8.718490235675178 40.64460677000825, -8.718494645508212 40.64460791264392, -8.718499052668136 40.64460898654022)",,,,
1,,11662,1,11662_1,"LINESTRING (-8.718444219774348 40.64457261073874, -8.718448299360428 40.64457797760096, -8.718453006310343 40.64458315203858, -8.718458287562546 40.64458807457558, -8.718464090055502 40.64459268573602, -8.718470360727668 40.64459692604394, -8.718477046517503 40.64460073602339, -8.718484094363468 40.644604056198446, -8.718491451204022 40.64460682709318, -8.718499063977626 40.644608989231656)",,,,
1,,11663,1,11663_1,"LINESTRING (-8.718482641490045 40.64462840763821, -8.718481649801062 40.64462587073894, -8.718481705484866 40.64462294273979, -8.718482661290965 40.64461983186203, -8.718484369968868 40.64461674632698, -8.718486684268079 40.644613894355935, -8.718489456938103 40.64461148417035, -8.718492540728452 40.64460972399159, -8.718495788388626 40.64460882204109, -8.718499052668136 40.64460898654022)",,,,
1,,11664,1,11664_1,"LINESTRING (-8.7184738593836 40.64461565406529, -8.718472683637016 40.64461416991744, -8.718471243768537 40.644612618930964, -8.718469692034459 40.644611027409645, -8.718468180691078 40.64460942165725, -8.718466861994688 40.64460782797758, -8.718465888201589 40.64460627267441, -8.718465411568074 40.64460478205156, -8.718465584350438 40.644603382412825, -8.71846655880498 40.64460210006195, -8.718469290704206 40.64460057335784, -8.71847244153938 40.64460010437569, -8.718475926029374 40.64460048539551, -8.718479658893067 40.64460150869725, -8.71848355484933 40.64460296656074, -8.718487528617043 40.644604651266, -8.71849149491508 40.64460635509291, -8.718495368462316 40.64460787032148, -8.718499063977626 40.644608989231656)",,,,
1,,11665,1,11665_1,"LINESTRING (-8.718481722608264 40.64462707321748, -8.718482530377853 40.644628248131355, -8.718483352020646 40.64462942774949, -8.718484199718429 40.64463060104029, -8.718485085652981 40.644631756972046, -8.718486022006086 40.644632884513136, -8.718487020959527 40.64463397263191, -8.718488094695088 40.644635010296675, -8.718489255394553 40.644635986475826, -8.718490515239703 40.64463689013772, -8.718494109612722 40.64463906915105, -8.718497909855575 40.64464104062423, -8.718501886176414 40.64464282438598, -8.71850600878339 40.64464444026498, -8.718510247884653 40.64464590808995, -8.718514573688356 40.64464724768956, -8.718518956402649 40.644648478892506, -8.718523366235681 40.644649621527435, -8.718527773395607 40.644650695423074)",,,,
1,,11666,1,11666_1,"LINESTRING (-8.718472940501817 40.64461431964431, -8.7184770200879 40.6446196865032, -8.718481727037812 40.64462486093756, -8.718487008290017 40.64462978347151, -8.718492810782973 40.64463439462905, -8.718499081455137 40.64463863493432, -8.718505767244972 40.64464244491141, -8.71851281509094 40.64464576508438, -8.718520171931493 40.64464853597738, -8.718527784705097 40.64465069811451)",,,,
1,,11667,1,11667_1,"LINESTRING (-8.718511362217516 40.64467011650892, -8.718510370528533 40.64466757961126, -8.718510426212337 40.64466465161394, -8.718511382018436 40.64466154073811, -8.718513090696339 40.64465845520497, -8.718515404995548 40.644655603235734, -8.718518177665574 40.644653193051646, -8.71852126145592 40.644651432873985, -8.718524509116097 40.64465053092402, -8.718527773395607 40.644650695423074)",,,,
1,,11668,1,11668_1,"LINESTRING (-8.718502580111071 40.644657362943995, -8.718501404364487 40.64465587879706, -8.718499964496008 40.64465432781155, -8.71849841276193 40.64465273629122, -8.718496901418549 40.64465113053982, -8.71849558272216 40.644649536861145, -8.71849460892906 40.64464798155897, -8.718494132295543 40.64464649093703, -8.718494305077908 40.64464509129918, -8.71849527953245 40.64464380894913, -8.718498011431677 40.64464228224593, -8.71850116226685 40.64464181326409, -8.718504646756845 40.644642194283676, -8.718508379620536 40.64464321758475, -8.718512275576801 40.64464467544736, -8.718516249344514 40.644646360151555, -8.71852021564255 40.644648063977414, -8.718524089189785 40.644649579205044, -8.718527784705097 40.64465069811451)",,,,
1,,11669,1,11669_1,"LINESTRING (-8.718510443335733 40.644668782089035, -8.718511251105323 40.644669957002165, -8.718512072748117 40.64467113661959, -8.7185129204459 40.64467230990963, -8.71851380638045 40.644673465840675, -8.718514742733557 40.64467459338105, -8.718515741686998 40.64467568149914, -8.718516815422559 40.64467671916327, -8.718517976122024 40.644677695341805, -8.718519235967173 40.64467859900314, -8.718522830340191 40.6446807780151, -8.718526630583044 40.64468274948703, -8.718530606903885 40.64468453324766, -8.71853472951086 40.644686149125675, -8.718538968612124 40.64468761694975, -8.718543294415827 40.64468895654849, -8.718547677130118 40.644690187750676, -8.718552086963152 40.644691330384894, -8.718556494123076 40.644692404279866)",,,,
1,,11670,1,11670_1,"LINESTRING (-8.718501661229288 40.64465602852383, -8.71850574081537 40.64466139537936, -8.718510447765283 40.64466656981051, -8.718515729017488 40.64467149234135, -8.718521531510444 40.644676103496025, -8.718527802182608 40.64468034379865, -8.718534487972443 40.64468415377335, -8.718541535818408 40.64468747394425, -8.718548892658962 40.64469024483552, -8.718556505432565 40.64469240697128)",,,,
1,,11671,1,11671_1,"LINESTRING (-8.718540082944987 40.64471182535355, -8.718539091256002 40.64470928845749, -8.718539146939806 40.64470636046198, -8.718540102745907 40.64470324958811, -8.718541811423808 40.64470016405691, -8.71854412572302 40.64469731208945, -8.718546898393045 40.64469490190687, -8.718549982183392 40.6446931417303, -8.718553229843566 40.644692239780916, -8.718556494123076 40.644692404279866)",,,,
1,,11672,1,11672_1,"LINESTRING (-8.71853130083854 40.644699071796595, -8.718530125091958 40.6446975876506, -8.718528685223477 40.64469603666608, -8.7185271334894 40.64469444514672, -8.718525622146018 40.64469283939634, -8.71852430344963 40.644691245718654, -8.71852332965653 40.644689690417444, -8.718522853023014 40.64468819979647, -8.718523025805379 40.64468680015947, -8.718524000259919 40.644685517810196, -8.718526732159146 40.644683991107975, -8.71852988299432 40.644683522126435, -8.718533367484316 40.64468390314576, -8.718537100348007 40.6446849264462, -8.718540996304272 40.644686384307924, -8.718544970071983 40.644688069011046, -8.718548936370022 40.64468977283584, -8.718552809917256 40.644691288062496, -8.718556505432565 40.64469240697128)",,,,
1,,11673,1,11673_1,"LINESTRING (-8.718539164063204 40.64471049093451, -8.718539971832794 40.644711665846906, -8.718540793475588 40.644712845463594, -8.71854164117337 40.644714018752914, -8.718542527107921 40.64471517468322, -8.718543463461026 40.64471630222291, -8.718544462414467 40.64471739034031, -8.71854553615003 40.644718428003806, -8.718546696849494 40.644719404181735, -8.718547956694643 40.64472030784248, -8.71855155106766 40.64472248685306, -8.718555351310515 40.6447244583238, -8.718559327631354 40.644726242083316, -8.71856345023833 40.644727857960305, -8.718567689339594 40.644729325783445, -8.718572015143298 40.644730665381374, -8.71857639785759 40.64473189658276, -8.718580807690621 40.6447330392163, -8.718585214850547 40.64473411311059)",,,,
1,,11674,1,11674_1,"LINESTRING (-8.718530381956759 40.64469773737729, -8.71853446154284 40.644703104229464, -8.718539168492754 40.64470827865736, -8.718544449744957 40.64471320118515, -8.718550252237913 40.64471781233694, -8.718556522910077 40.64472205263692, -8.718563208699912 40.64472586260923, -8.718570256545878 40.64472918277807, -8.718577613386431 40.64473195366759, -8.718585226160036 40.644734115802024)",,,,
1,,11675,1,11675_1,"LINESTRING (-8.718568803672458 40.64475353417215, -8.71856781198347 40.64475099727765, -8.718567867667275 40.644748069284, -8.718568823473378 40.64474495841206, -8.71857053215128 40.64474187288279, -8.718572846450488 40.644739020917115, -8.718575619120516 40.64473661073603, -8.718578702910863 40.64473485056058, -8.718581950571037 40.64473394861176, -8.718585214850547 40.64473411311059)",,,,
1,,11676,1,11676_1,"LINESTRING (-8.718560021566011 40.64474078062314, -8.718558845819427 40.64473929647811, -8.718557405950948 40.64473774549453, -8.71855585421687 40.64473615397617, -8.718554342873487 40.6447345482268, -8.7185530241771 40.64473295455011, -8.718552050384 40.644731399249864, -8.718551573750485 40.644729908629806, -8.71855174653285 40.644728508993694, -8.71855272098739 40.64472722664524, -8.718555452886617 40.64472569994398, -8.71855860372179 40.64472523096272, -8.718562088211785 40.64472561198182, -8.718565821075478 40.6447266352816, -8.718569717031741 40.644728093142376, -8.718573690799454 40.64472977784448, -8.71857765709749 40.64473148166821, -8.718581530644725 40.64473299689393, -8.718585226160036 40.644734115802024)",,,,
1,,11677,1,11677_1,"LINESTRING (-8.718567884790675 40.644752199753924, -8.718568692560265 40.64475337466561, -8.718569514203057 40.64475455428153, -8.718570361900838 40.644755727570114, -8.718571247835392 40.64475688349972, -8.718572184188497 40.64475801103869, -8.718573183141938 40.6447590991554, -8.7185742568775 40.64476013681826, -8.718575417576965 40.64476111299558, -8.718576677422114 40.64476201665577, -8.718580271795132 40.644764195665005, -8.718584072037984 40.64476616713449, -8.718588048358825 40.64476795089289, -8.718592170965799 40.644769566768886, -8.718596410067065 40.6447710345911, -8.718600735870767 40.64477237418819, -8.71860511858506 40.64477360538883, -8.718609528418092 40.64477474802162, -8.718613935578018 40.644775821915246)",,,,
1,,11678,1,11678_1,"LINESTRING (-8.71855910268423 40.644739446204674, -8.71856318227031 40.644744813053485, -8.718567889220225 40.64474998747818, -8.718573170472427 40.64475491000286, -8.718578972965382 40.64475952115178, -8.718585243637548 40.64476376144911, -8.718591929427383 40.644767571419024, -8.718598977273349 40.64477089158581, -8.718606334113902 40.6447736624736, -8.718613946887507 40.644775824606654)",,,,
1,,11679,1,11679_1,"LINESTRING (-8.718597524399927 40.64479524296468, -8.718596532710942 40.64479270607175, -8.718596588394746 40.644789778079925, -8.718597544200847 40.64478666720996, -8.718599252878748 40.64478358168259, -8.71860156717796 40.6447807297187, -8.718604339847985 40.644778319539114, -8.718607423638334 40.64477655936476, -8.718610671298508 40.644775657416524, -8.718613935578018 40.644775821915246)",,,,
1,,11680,1,11680_1,"LINESTRING (-8.718588742293482 40.64478248942365, -8.718587566546896 40.64478100527951, -8.718586126678417 40.6447794542969, -8.71858457494434 40.644777862779556, -8.718583063600958 40.64477625703118, -8.71858174490457 40.64477466335548, -8.718580771111471 40.64477310805623, -8.718580294477956 40.64477161743709, -8.71858046726032 40.64477021780184, -8.71858144171486 40.6447689354542, -8.718584173614087 40.644767408753886, -8.718587324449262 40.64476693977293, -8.718590808939254 40.64476732079178, -8.718594541802949 40.64476834409095, -8.718598437759212 40.6447698019508, -8.718602411526925 40.64477148665186, -8.718606377824962 40.644773190474524, -8.718610251372196 40.64477470569928, -8.718613946887507 40.644775824606654)",,,,
1,,11681,1,11681_1,"LINESTRING (-8.718596605518144 40.64479390854729, -8.718597413287734 40.644795083458206, -8.718598234930528 40.644796263073424, -8.718599082628309 40.644797436361266, -8.718599968562861 40.64479859229015, -8.718600904915967 40.64479971982841, -8.71860190386941 40.64480080794444, -8.71860297760497 40.644801845606665, -8.718604138304434 40.64480282178337, -8.718605398149583 40.644803725442976, -8.718608992522602 40.644805904450855, -8.718612792765455 40.644807875919106, -8.718616769086294 40.644809659676405, -8.71862089169327 40.64481127555138, -8.718625130794535 40.64481274337269, -8.718629456598237 40.644814082968935, -8.718633839312531 40.64481531416878, -8.718638249145563 40.64481645680088, -8.718642656305487 40.64481753069382)",,,,
1,,11682,1,11682_1,"LINESTRING (-8.718587823411697 40.644781155006, -8.71859190299778 40.64478652185146, -8.718596609947694 40.64479169627292, -8.718601891199897 40.644796618794544, -8.718607693692853 40.64480122994056, -8.718613964365018 40.64480547023523, -8.718620650154854 40.64480928020277, -8.71862769800082 40.644812600367466, -8.718635054841373 40.64481537125355, -8.718642667614978 40.64481753338526)",,,,
1,,11683,1,11683_1,"LINESTRING (-8.718626245127398 40.64483695173112, -8.718625253438413 40.64483441483979, -8.718625309122217 40.6448314868498, -8.718626264928318 40.64482837598177, -8.71862797360622 40.64482529045633, -8.71863028790543 40.644822438494224, -8.718633060575455 40.64482002831617, -8.718636144365803 40.644818268142906, -8.71863939202598 40.644817366195205, -8.718642656305487 40.64481753069382)",,,,
1,,11684,1,11684_1,"LINESTRING (-8.718617463020951 40.64482419819805, -8.718616287274367 40.644822714054854, -8.718614847405888 40.64482116307322, -8.71861329567181 40.64481957155686, -8.718611784328429 40.64481796580951, -8.71861046563204 40.6448163721348, -8.71860949183894 40.64481481683651, -8.718609015205425 40.64481332621831, -8.71860918798779 40.64481192658393, -8.71861016244233 40.644810644237104, -8.718612894341558 40.64480911753773, -8.71861604517673 40.64480864855705, -8.718619529666725 40.644809029575676, -8.718623262530418 40.644810052874206, -8.718627158486683 40.64481151073317, -8.718631132254394 40.644813195433144, -8.718635098552431 40.64481489925476, -8.718638972099665 40.64481641447857, -8.718642667614978 40.64481753338526)",,,,
1,,11685,1,11685_1,"LINESTRING (-8.718625326245613 40.64483561731457, -8.718626134015205 40.64483679222478, -8.718626955658 40.64483797183925, -8.71862780335578 40.64483914512636, -8.71862868929033 40.64484030105451, -8.718629625643437 40.64484142859208, -8.71863062459688 40.64484251670742, -8.71863169833244 40.64484355436898, -8.718632859031905 40.64484453054508, -8.718634118877054 40.64484543420415, -8.718637713250072 40.644847613210636, -8.718641513492924 40.64484958467769, -8.718645489813765 40.64485136843386, -8.71864961242074 40.644852984307825, -8.718653851522005 40.644854452128186, -8.718658177325707 40.64485579172362, -8.71866256004 40.6448570229227, -8.718666969873034 40.64485816555407, -8.718671377032956 40.64485923944635)",,,,
1,,11686,1,11686_1,"LINESTRING (-8.718616544139168 40.64482286378127, -8.71862062372525 40.64482823062337, -8.718625330675163 40.644833405041574, -8.718630611927368 40.64483832756012, -8.718636414420324 40.64484293870329, -8.718642685092489 40.64484717899528, -8.718649370882325 40.644850988960464, -8.718656418728289 40.6448543091231, -8.718663775568844 40.64485708000743, -8.718671388342447 40.644859242137784)",,,,
1,,11687,1,11687_1,"LINESTRING (-8.718654965854867 40.644878660471534, -8.718653974165882 40.64487612358179, -8.718654029849688 40.644873195593604, -8.718654985655787 40.64487008472749, -8.718656694333689 40.64486699920402, -8.718659008632901 40.644864147243695, -8.718661781302925 40.64486173706711, -8.718664865093274 40.64485997689497, -8.718668112753447 40.64485907494783, -8.718671377032956 40.64485923944635)",,,,
1,,11688,1,11688_1,"LINESTRING (-8.71864618374842 40.644865906946436, -8.718645008001838 40.64486442280415, -8.718643568133357 40.64486287182348, -8.718642016399281 40.64486128030814, -8.7186405050559 40.64485967456175, -8.71863918635951 40.64485808088806, -8.718638212566411 40.64485652559072, -8.718637735932894 40.64485503497346, -8.71863790871526 40.64485363533996, -8.7186388831698 40.64485235299393, -8.718641615069027 40.644850826295524, -8.7186447659042 40.64485035731513, -8.718648250394196 40.64485073833354, -8.718651983257889 40.64485176163139, -8.718655879214152 40.64485321948946, -8.718659852981864 40.64485490418839, -8.718663819279902 40.644856608008915, -8.718667692827136 40.644858123231806, -8.718671388342447 40.644859242137784)",,,,
1,,11689,1,11689_1,"LINESTRING (-8.718654046973084 40.6448773260558, -8.718654854742674 40.64487850096527, -8.718655676385469 40.64487968057901, -8.71865652408325 40.644880853865374, -8.718657410017801 40.64488200979281, -8.718658346370907 40.64488313732967, -8.71865934532435 40.64488422544435, -8.71866041905991 40.64488526310525, -8.718661579759374 40.64488623928074, -8.718662839604523 40.64488714293922, -8.718666433977543 40.64488932194438, -8.718670234220395 40.64489129341018, -8.718674210541234 40.64489307716524, -8.718678333148212 40.64489469303819, -8.718682572249476 40.64489616085766, -8.718686898053178 40.64489750045223, -8.71869128076747 40.64489873165054, -8.718695690600503 40.6448998742812, -8.718700097760427 40.64490094817282)",,,,
1,,11690,1,11690_1,"LINESTRING (-8.71864526486664 40.644864572530466, -8.718649344452722 40.64486993936923, -8.718654051402634 40.644875113784195, -8.71865933265484 40.64488003629965, -8.718665135147793 40.64488464743991, -8.718671405819958 40.64488888772928, -8.718678091609792 40.64489269769209, -8.71868513945576 40.644896017852645, -8.718692496296313 40.64489878873524, -8.718700109069918 40.644900950864255)",,,,
1,,11691,1,11691_1,"LINESTRING (-8.718683686582338 40.64492036918584, -8.718682694893353 40.64491783229767, -8.718682750577157 40.64491490431134, -8.718683706383258 40.6449117934472, -8.71868541506116 40.64490870792563, -8.71868772936037 40.64490585596708, -8.718690502030396 40.64490344579203, -8.718693585820743 40.64490168562096, -8.718696833480918 40.6449007836744, -8.718700097760427 40.64490094817282)",,,,
1,,11692,1,11692_1,"LINESTRING (-8.718674904475892 40.64490761566873, -8.718673728729309 40.644906131527364, -8.718672288860828 40.64490458054768, -8.71867073712675 40.64490298903331, -8.71866922578337 40.64490138328794, -8.71866790708698 40.644899789615245, -8.71866693329388 40.64489823431889, -8.718666456660365 40.64489674370255, -8.71866662944273 40.64489534406992, -8.71866760389727 40.6448940617247, -8.718670335796498 40.64489253502726, -8.71867348663167 40.64489206604714, -8.718676971121667 40.6448924470653, -8.718680703985358 40.64489347036254, -8.718684599941621 40.64489492821967, -8.718688573709334 40.644896612917556, -8.718692540007371 40.644898316737034, -8.718696413554607 40.64489983195896, -8.718700109069918 40.644900950864255)",,,,
1,,11693,1,11693_1,"LINESTRING (-8.718682767700555 40.64491903477097, -8.718683575470145 40.644920209679675, -8.718684397112938 40.644921389292705, -8.71868524481072 40.64492256257833, -8.718686130745272 40.644923718505055, -8.718687067098378 40.64492484604121, -8.71868806605182 40.6449259341552, -8.718689139787381 40.64492697181546, -8.718690300486845 40.64492794799031, -8.718691560331994 40.64492885164826, -8.718695154705012 40.644931030652046, -8.718698954947866 40.6449330021166, -8.718702931268705 40.64493478587055, -8.718707053875681 40.6449364017425, -8.718711292976945 40.644937869561055, -8.718715618780648 40.644939209154806, -8.71872000149494 40.644940440352336, -8.718724411327972 40.64494158298228, -8.718728818487898 40.64494265687323)",,,,
1,,11694,1,11694_1,"LINESTRING (-8.71867398559411 40.644906281253576, -8.71867806518019 40.64491164808898, -8.718682772130105 40.64491682250075, -8.718688053382309 40.644921745013114, -8.718693855875264 40.644926356150506, -8.718700126547429 40.64493059643723, -8.718706812337263 40.64493440639765, -8.718713860183229 40.644937726556115, -8.718721217023784 40.644940497436984, -8.718728829797387 40.64494265956464)",,,,
1,,11695,1,11695_1,"LINESTRING (-8.718712407309807 40.6449620778741, -8.718711415620822 40.64495954098755, -8.718711471304628 40.644956613003004, -8.718712427110727 40.644953502140815, -8.71871413578863 40.644950416621185, -8.71871645008784 40.64494756466442, -8.718719222757866 40.64494515449084, -8.718722306548214 40.64494339432089, -8.718725554208389 40.644942492374916, -8.718728818487898 40.64494265687323)",,,,
1,,11696,1,11696_1,"LINESTRING (-8.718703625203363 40.64494932436497, -8.718702449456778 40.64494784022452, -8.718701009588298 40.64494628924581, -8.718699457854221 40.64494469773243, -8.71869794651084 40.644943091988075, -8.71869662781445 40.64494149831634, -8.718695654021351 40.64493994302099, -8.718695177387836 40.64493845240558, -8.7186953501702 40.64493705277385, -8.71869632462474 40.64493577042939, -8.718699056523969 40.64493424373289, -8.718702207359142 40.644933774753106, -8.718705691849136 40.64493415577101, -8.718709424712829 40.64493517906761, -8.718713320669092 40.64493663692383, -8.718717294436805 40.64493832162067, -8.718721260734842 40.64494002543908, -8.718725134282078 40.644941540660064, -8.718728829797387 40.64494265956464)",,,,
1,,11697,1,11697_1,"LINESTRING (-8.718711488428024 40.64496074346006, -8.718712296197614 40.644961918368054, -8.718713117840409 40.644963097980316, -8.718713965538191 40.64496427126521, -8.718714851472743 40.644965427191195, -8.718715787825847 40.64496655472666, -8.71871678677929 40.64496764283999, -8.71871786051485 40.64496868049959, -8.718719021214316 40.64496965667386, -8.718720281059465 40.64497056033122, -8.718723875432483 40.64497273933363, -8.718727675675337 40.644974710796966, -8.718731651996176 40.644976494549816, -8.718735774603152 40.64497811042075, -8.718740013704416 40.64497957823836, -8.718744339508119 40.644980917831276, -8.718748722222411 40.64498214902807, -8.718753132055443 40.6449832916573, -8.71875753921537 40.644984365547565)",,,,
1,,11698,1,11698_1,"LINESTRING (-8.71870270632158 40.64494798995066, -8.71870678590766 40.6449533567827, -8.718711492857574 40.64495853119121, -8.71871677410978 40.64496345370053, -8.718722576602733 40.64496806483501, -8.7187288472749 40.64497230511909, -8.718735533064734 40.64497611507712, -8.7187425809107 40.64497943523352, -8.718749937751253 40.644982206112665, -8.718757550524858 40.64498436823898)",,,,
1,,11699,1,11699_1,"LINESTRING (-8.718741128037278 40.64500378653629, -8.718740136348293 40.6450012496513, -8.718740192032097 40.64499832166864, -8.718741147838198 40.64499521080838, -8.7187428565161 40.64499212529066, -8.71874517081531 40.644989273335675, -8.718747943485337 40.64498686316362, -8.718751027275683 40.644985102994795, -8.71875427493586 40.64498420104933, -8.71875753921537 40.644984365547565)",,,,
1,,11700,1,11700_1,"LINESTRING (-8.718732345930833 40.64499103303513, -8.718731170184249 40.64498954889562, -8.718729730315768 40.64498799791788, -8.71872817858169 40.644986406405486, -8.71872666723831 40.64498480066213, -8.71872534854192 40.64498320699142, -8.71872437474882 40.644981651696995, -8.718723898115305 40.64498016108254, -8.71872407089767 40.64497876145167, -8.718725045352212 40.64497747910802, -8.71872777725144 40.64497595241249, -8.718730928086611 40.64497548343299, -8.718734412576607 40.644975864450664, -8.718738145440298 40.64497688774662, -8.718742041396563 40.64497834560193, -8.718746015164276 40.6449800302977, -8.718749981462311 40.64498173411504, -8.718753855009547 40.644983249335084, -8.718757550524858 40.64498436823898)",,,,
1,,11701,1,11701_1,"LINESTRING (-8.718740209155495 40.6450024521231, -8.718741016925085 40.645003627030356, -8.71874183856788 40.64500480664188, -8.71874268626566 40.64500597992606, -8.718743572200212 40.64500713585131, -8.718744508553318 40.64500826338606, -8.718745507506759 40.6450093514987, -8.718746581242321 40.64501038915766, -8.718747741941787 40.64501136533132, -8.718749001786936 40.645012268988125, -8.718752596159952 40.64501444798919, -8.718756396402807 40.645016419451274, -8.718760372723647 40.64501820320301, -8.718764495330621 40.64501981907292, -8.718768734431887 40.645021286889616, -8.718773060235588 40.6450226264817, -8.71877744294988 40.64502385767772, -8.718781852782914 40.64502500030624, -8.718786259942839 40.64502607419582)",,,,
1,,11702,1,11702_1,"LINESTRING (-8.71873142704905 40.64498969862166, -8.71873550663513 40.644995065450345, -8.718740213585045 40.64500023985562, -8.718745494837249 40.645005162361855, -8.718751297330204 40.64500977349347, -8.71875756800237 40.645014013774905, -8.718764253792205 40.64501782373054, -8.71877130163817 40.64502114388486, -8.718778658478724 40.64502391476229, -8.718786271252329 40.645026076887255)",,,,
1,,11703,1,11703_1,"LINESTRING (-8.718769848764747 40.64504549517243, -8.718768857075764 40.64504295828902, -8.718768912759568 40.64504003030819, -8.718769868565667 40.64503691944987, -8.71877157724357 40.64503383393408, -8.718773891542781 40.645030981980874, -8.718776664212806 40.64502857181035, -8.718779748003154 40.64502681164259, -8.718782995663329 40.64502590969771, -8.718786259942839 40.64502607419582)",,,,
1,,11704,1,11704_1,"LINESTRING (-8.718761066658303 40.64503274167924, -8.718759890911718 40.64503125754067, -8.71875845104324 40.64502970656387, -8.718756899309161 40.6450281150525, -8.71875538796578 40.64502650931013, -8.71875406926939 40.645024915640434, -8.718753095476291 40.64502336034698, -8.718752618842776 40.64502186973344, -8.71875279162514 40.64502047010343, -8.718753766079681 40.6450191877606, -8.718756497978909 40.64501766106601, -8.718759648814082 40.64501719208681, -8.718763133304076 40.645017573104234, -8.718766866167769 40.64501859639956, -8.718770762124032 40.64502005425395, -8.718774735891746 40.64502173894868, -8.718778702189782 40.645023442764945, -8.718782575737018 40.64502495798407, -8.718786271252329 40.645026076887255)",,,,
1,,11705,1,11705_1,"LINESTRING (-8.718768929882966 40.64504416076006, -8.718769737652554 40.64504533566657, -8.718770559295349 40.64504651527736, -8.718771406993131 40.6450476885608, -8.718772292927683 40.64504884448536, -8.718773229280789 40.6450499720194, -8.71877422823423 40.64505106013135, -8.71877530196979 40.64505209778966, -8.718776462669256 40.6450530739627, -8.718777722514403 40.64505397761895, -8.718781316887423 40.64505615661864, -8.718785117130277 40.645058128079505, -8.718789093451115 40.64505991183012, -8.718793216058092 40.645061527699035, -8.718797455159356 40.64506299551482, -8.718801780963059 40.645064335106056, -8.718806163677352 40.64506556630129, -8.718810573510384 40.6450667089291, -8.71881498067031 40.645067782818046)",,,,
1,,11706,1,11706_1,"LINESTRING (-8.71876014777652 40.64503140726658, -8.718764227362602 40.64503677409193, -8.718768934312514 40.645041948493976, -8.71877421556472 40.645046870997135, -8.718780018057675 40.64505148212587, -8.71878628872984 40.645055722404635, -8.718792974519674 40.645059532357934, -8.71880002236564 40.64506285251016, -8.718807379206194 40.64506562338584, -8.718814991979798 40.645067785509454)",,,,
1,,11707,1,11707_1,"LINESTRING (-8.718798569492218 40.645087203782495, -8.718797577803235 40.645084666900686, -8.718797633487037 40.64508173892169, -8.718798589293138 40.64507862806527, -8.71880029797104 40.645075542551446, -8.71880261227025 40.64507269060002, -8.718805384940277 40.645070280431, -8.718808468730623 40.645068520264324, -8.7188117163908 40.64506761832001, -8.71881498067031 40.645067782818046)",,,,
1,,11708,1,11708_1,"LINESTRING (-8.718789787385774 40.645074450297265, -8.718788611639189 40.64507296615961, -8.71878717177071 40.6450714151838, -8.718785620036632 40.645069823673424, -8.71878410869325 40.64506821793205, -8.718782789996862 40.64506662426334, -8.718781816203762 40.64506506897086, -8.718781339570246 40.64506357835828, -8.71878151235261 40.64506217872914, -8.71878248680715 40.64506089638713, -8.71878521870638 40.64505936969348, -8.718788369541553 40.64505890071455, -8.718791854031547 40.64505928173175, -8.718795586895238 40.64506030502644, -8.718799482851503 40.64506176287994, -8.718803456619217 40.6450634475736, -8.718807422917253 40.6450651513888, -8.718811296464487 40.64506666660696, -8.718814991979798 40.645067785509454)",,,,
1,,11709,1,11709_1,"LINESTRING (-8.718797650610435 40.64508586937096, -8.718798458380025 40.645087044276764, -8.71879928002282 40.64508822388679, -8.7188001277206 40.645089397169514, -8.718801013655153 40.64509055309334, -8.718801950008258 40.64509168062666, -8.718802948961699 40.64509276873795, -8.718804022697261 40.6450938063956, -8.718805183396725 40.64509478256803, -8.718806443241874 40.64509568622372, -8.718810037614892 40.645097865222034, -8.718813837857747 40.64509983668168, -8.718817814178585 40.64510162043117, -8.718821936785561 40.64510323629907, -8.718826175886827 40.64510470411396, -8.71883050169053 40.64510604370436, -8.71883488440482 40.64510727489881, -8.718839294237855 40.645108417525904, -8.718843701397779 40.64510949141416)",,,,
1,,11710,1,11710_1,"LINESTRING (-8.71878886850399 40.64507311588547, -8.718792948090073 40.64507848270743, -8.718797655039985 40.64508365710625, -8.718802936292189 40.64508857960633, -8.718808738785144 40.6450931907322, -8.718815009457309 40.64509743100833, -8.718821695247145 40.645101240959214, -8.718828743093109 40.645104561109356, -8.718836099933664 40.645107331983326, -8.718843712707267 40.6451094941056)",,,,
1,,11711,1,11711_1,"LINESTRING (-8.71882729021969 40.6451289123665, -8.718826298530702 40.64512637548627, -8.718826354214508 40.6451234475091, -8.71882731002061 40.64512033665465, -8.71882901869851 40.64511725114273, -8.718831332997722 40.64511439919308, -8.718834105667748 40.645111989025565, -8.718837189458094 40.64511022886001, -8.718840437118269 40.645109326916256, -8.718843701397779 40.64510949141416)",,,,
1,,11712,1,11712_1,"LINESTRING (-8.718818508113243 40.64511615888923, -8.718817332366658 40.64511467475252, -8.71881589249818 40.645113123777676, -8.718814340764103 40.64511153226827, -8.71881282942072 40.64510992652794, -8.718811510724333 40.6451083328602, -8.718810536931233 40.64510677756871, -8.718810060297717 40.64510528695702, -8.718810233080081 40.645103887328794, -8.718811207534621 40.64510260498754, -8.718813939433849 40.64510107829486, -8.718817090269022 40.645100609316245, -8.718820574759016 40.64510099033321, -8.71882430762271 40.64510201362724, -8.718828203578973 40.64510347147982, -8.718832177346686 40.64510515617246, -8.718836143644724 40.6451068599866, -8.718840017191958 40.64510837520379, -8.718843712707267 40.6451094941056)",,,,
1,,11713,1,11713_1,"LINESTRING (-8.718826371337906 40.645127577955805, -8.718827179107494 40.64512875286084, -8.718828000750289 40.645129932470155, -8.718828848448071 40.64513110575215, -8.718829734382624 40.64513226167526, -8.718830670735729 40.64513338920787, -8.71883166968917 40.64513447731847, -8.718832743424732 40.64513551497546, -8.718833904124196 40.645136491147305, -8.718835163969345 40.645137394802404, -8.718838758342363 40.6451395737994, -8.718842558585218 40.64514154525779, -8.718846534906056 40.64514332900617, -8.718850657513032 40.64514494487308, -8.718854896614296 40.64514641268703, -8.718859222417999 40.645147752276586, -8.718863605132292 40.64514898347027, -8.718868014965324 40.64515012609665, -8.71887242212525 40.64515119998423)",,,,
1,,11714,1,11714_1,"LINESTRING (-8.71881758923146 40.64511482447828, -8.718821668817542 40.64512019129691, -8.718826375767456 40.64512536569247, -8.71883165701966 40.6451302881895, -8.718837459512613 40.64513489931246, -8.71884373018478 40.64513913958595, -8.718850415974615 40.645142949534446, -8.71885746382058 40.64514626968252, -8.718864820661134 40.64514904055474, -8.718872433434738 40.64515120267566)",,,,
1,,11715,1,11715_1,"LINESTRING (-8.71885601094716 40.64517062092445, -8.718855019258173 40.6451680840458, -8.718855074941978 40.64516515607044, -8.718856030748078 40.645162045217944, -8.718857739425982 40.64515895970793, -8.71886005372519 40.645156107760094, -8.718862826395217 40.645153697594075, -8.718865910185565 40.64515193742962, -8.71886915784574 40.64515103548644, -8.71887242212525 40.64515119998423)",,,,
1,,11716,1,11716_1,"LINESTRING (-8.718847228840714 40.645157867455126, -8.71884605309413 40.64515638331935, -8.71884461322565 40.645154832345476, -8.71884306149157 40.64515324083708, -8.71884155014819 40.64515163509772, -8.718840231451802 40.645150041431, -8.7188392576587 40.64514848614047, -8.718838781025188 40.64514699552976, -8.718838953807552 40.64514559590237, -8.718839928262092 40.64514431356193, -8.71884266016132 40.64514278687022, -8.718845810996493 40.64514231789188, -8.718849295486487 40.64514269890859, -8.71885302835018 40.64514372220201, -8.718856924306444 40.645145180053674, -8.718860898074157 40.64514686474522, -8.718864864372192 40.64514856855831, -8.718868737919427 40.64515008377457, -8.718872433434738 40.64515120267566)",,,,
1,,11717,1,11717_1,"LINESTRING (-8.718855092065375 40.645169286514566, -8.718855899834965 40.6451704614189, -8.71885672147776 40.64517164102747, -8.71885756917554 40.64517281430872, -8.718858455110093 40.6451739702311, -8.718859391463198 40.645175097762994, -8.71886039041664 40.64517618587294, -8.718861464152203 40.64517722352929, -8.718862624851667 40.645178199700496, -8.718863884696816 40.64517910335504, -8.718867479069834 40.645181282350656, -8.718871279312687 40.645183253807836, -8.718875255633527 40.64518503755511, -8.718879378240501 40.64518665342098, -8.718883617341767 40.64518812123404, -8.718887943145468 40.645189460822756, -8.718892325859763 40.64519069201568, -8.718896735692795 40.645191834641345, -8.718901142852719 40.64519290852826)",,,,
1,,11718,1,11718_1,"LINESTRING (-8.71884630995893 40.64515653304501, -8.718850389545013 40.645161899860284, -8.718855096494925 40.64516707425263, -8.718860377747129 40.645171996746555, -8.718866180240084 40.645176607866645, -8.71887245091225 40.645180848137464, -8.718879136702085 40.645184658083615, -8.718886184548051 40.645187978229636, -8.718893541388605 40.645190749100124, -8.718901154162209 40.64519291121967)",,,,
1,,11719,1,11719_1,"LINESTRING (-8.718884731674628 40.64521232945632, -8.718883739985644 40.64520979257927, -8.718883795669448 40.64520686460572, -8.71888475147555 40.64520375375518, -8.71888646015345 40.6452006682471, -8.718888774452662 40.64519781630105, -8.718891547122686 40.64519540613653, -8.718894630913036 40.645193645973166, -8.718897878573209 40.64519274403055, -8.718901142852719 40.64519290852826)",,,,
1,,11720,1,11720_1,"LINESTRING (-8.718875949568183 40.64519957599498, -8.718874773821598 40.64519809186013, -8.71887333395312 40.64519654088722, -8.718871782219042 40.64519494937982, -8.71887027087566 40.64519334364147, -8.718868952179273 40.645191749975744, -8.718867978386172 40.64519019468619, -8.718867501752657 40.64518870407638, -8.718867674535021 40.64518730444989, -8.718868648989563 40.64518602211024, -8.718871380888789 40.645184495419464, -8.718874531723962 40.645184026441434, -8.718878016213957 40.64518440745792, -8.718881749077651 40.64518543075067, -8.718885645033914 40.64518688860145, -8.718889618801626 40.645188573291954, -8.718893585099663 40.64519027710398, -8.718897458646898 40.64519179231928, -8.718901154162209 40.64519291121967)",,,,
1,,11721,1,11721_1,"LINESTRING (-8.718883812792846 40.64521099504728, -8.718884620562436 40.64521216995087, -8.718885442205229 40.6452133495587, -8.718886289903011 40.64521452283922, -8.718887175837564 40.64521567876088, -8.718888112190669 40.64521680629209, -8.718889111144112 40.64521789440133, -8.71889018487967 40.645218932057034, -8.718891345579136 40.64521990822764, -8.718892605424285 40.645220811881615, -8.718896199797305 40.64522299087589, -8.718900000040158 40.64522496233182, -8.718903976360997 40.645226746077945, -8.718908098967972 40.64522836194285, -8.718912338069236 40.64522982975497, -8.718916663872939 40.64523116934285, -8.718921046587232 40.64523240053501, -8.718925456420266 40.64523354315996, -8.71892986358019 40.645234617046185)",,,,
1,,11722,1,11722_1,"LINESTRING (-8.7188750306864 40.64519824158568, -8.718879110272482 40.64520360839762, -8.718883817222395 40.64520878278672, -8.7188890984746 40.64521370527759, -8.718894900967555 40.6452183163948, -8.71890117163972 40.64522255666295, -8.718907857429555 40.64522636660671, -8.718914905275522 40.64522968675064, -8.718922262116076 40.6452324576194, -8.71892987488968 40.64523461973762)",,,,
1,,11723,1,11723_1,"LINESTRING (-8.718913452402099 40.64525403796214, -8.718912460713115 40.64525150108666, -8.71891251639692 40.64524857311494, -8.71891347220302 40.64524546226634, -8.718915180880922 40.645242376760194, -8.718917495180133 40.64523952481592, -8.718920267850157 40.6452371146529, -8.718923351640505 40.64523535449064, -8.71892659930068 40.64523445254861, -8.71892986358019 40.645234617046185)",,,,
1,,11724,1,11724_1,"LINESTRING (-8.718904670295654 40.645241284508764, -8.71890349454907 40.645239800374824, -8.71890205468059 40.64523824940288, -8.718900502946513 40.6452366578965, -8.718898991603131 40.645235052159144, -8.718897672906742 40.64523345849441, -8.718896699113643 40.64523190320582, -8.718896222480126 40.64523041259696, -8.718896395262492 40.6452290129713, -8.718897369717032 40.64522773063249, -8.71890010161626 40.645226203942656, -8.718903252451433 40.64522573496493, -8.718906736941427 40.64522611598119, -8.71891046980512 40.64522713927331, -8.718914365761384 40.64522859712314, -8.718918339529097 40.6452302818126, -8.718922305827133 40.64523198562355, -8.718926179374368 40.645233500837925, -8.71892987488968 40.64523461973762)",,,,
1,,11725,1,11725_1,"LINESTRING (-8.718912533520315 40.64525270355391, -8.718913341289905 40.645253878456764, -8.7189141629327 40.64525505806386, -8.718915010630482 40.64525623134366, -8.718915896565033 40.645257387264586, -8.71891683291814 40.64525851479508, -8.71891783187158 40.64525960290366, -8.718918905607142 40.64526064055873, -8.718920066306607 40.64526161672872, -8.718921326151756 40.64526252038211, -8.718924920524774 40.64526469937504, -8.718928720767627 40.64526667082972, -8.718932697088468 40.645268454574754, -8.718936819695443 40.64527007043861, -8.718941058796707 40.645271538249844, -8.71894538460041 40.64527287783688, -8.718949767314701 40.64527410902828, -8.718954177147735 40.64527525165252, -8.718958584307659 40.645276325538056)",,,,
1,,11726,1,11726_1,"LINESTRING (-8.71890375141387 40.645239950100304, -8.718907830999953 40.645245316908884, -8.718912537949866 40.645250491294746, -8.71891781920207 40.645255413782536, -8.718923621695026 40.64526002489685, -8.718929892367191 40.64526426516238, -8.718936578157026 40.64526807510374, -8.718943626002991 40.645271395245615, -8.718950982843547 40.64527416611264, -8.71895859561715 40.64527632822949)",,,,
1,,11727,1,11727_1,"LINESTRING (-8.71894217312957 40.645295746441874, -8.718941181440584 40.645293209567974, -8.71894123712439 40.645290281598115, -8.71894219293049 40.645287170751445, -8.718943901608391 40.64528408524723, -8.718946215907602 40.645281233304736, -8.718948988577628 40.64527882314322, -8.718952072367975 40.645277062982075, -8.718955320028149 40.645276161040584, -8.718958584307659 40.645276325538056)",,,,
1,,11728,1,11728_1,"LINESTRING (-8.718933391023123 40.645282992996485, -8.71893221527654 40.64528150886349, -8.71893077540806 40.64527995789251, -8.718929223673983 40.645278366387096, -8.718927712330602 40.64527676065076, -8.718926393634213 40.64527516698702, -8.718925419841113 40.645273611699416, -8.718924943207597 40.64527212109145, -8.718925115989963 40.64527072146669, -8.718926090444503 40.64526943912869, -8.71892882234373 40.6452679124398, -8.718931973178902 40.64526744346235, -8.718935457668898 40.645267824478374, -8.71893919053259 40.64526884776986, -8.718943086488853 40.6452703056188, -8.718947060256566 40.645271990307194, -8.718951026554604 40.64527369411708, -8.718954900101838 40.645275209330485, -8.71895859561715 40.64527632822949)",,,,
1,,11729,1,11729_1,"LINESTRING (-8.718941254247786 40.64529441203448, -8.718942062017376 40.6452955869366, -8.71894288366017 40.645296766542955, -8.718943731357953 40.64529793982202, -8.718944617292504 40.64529909574223, -8.718945553645609 40.645300223272045, -8.718946552599052 40.64530131137993, -8.718947626334613 40.64530234903434, -8.718948787034076 40.64530332520372, -8.718950046879225 40.64530422885658, -8.718953641252245 40.6453064078481, -8.718957441495098 40.64530837930157, -8.718961417815937 40.64531016304549, -8.718965540422914 40.64531177890835, -8.718969779524176 40.645313246718636, -8.71897410532788 40.645314586304835, -8.718978488042172 40.645315817495465, -8.718982897875204 40.645316960119, -8.71898730503513 40.64531803400387)",,,,
1,,11730,1,11730_1,"LINESTRING (-8.718932472141342 40.64528165858884, -8.718936551727422 40.64528702539406, -8.718941258677336 40.6452921997767, -8.718946539929542 40.64529712226141, -8.718952342422496 40.64530173337287, -8.71895861309466 40.64530597363573, -8.718965298884495 40.645309783574724, -8.718972346730462 40.645313103714514, -8.718979703571016 40.64531587457978, -8.71898731634462 40.64531803669531)",,,,
1,,11731,1,11731_1,"LINESTRING (-8.71897089385704 40.645337454895554, -8.718969902168055 40.64533491802326, -8.71896995785186 40.645331990055205, -8.718970913657959 40.645328879210496, -8.718972622335862 40.64532579370819, -8.718974936635071 40.645322941767475, -8.718977709305099 40.64532053160749, -8.718980793095445 40.645318771447435, -8.71898404075562 40.6453178695065, -8.71898730503513 40.64531803400387)",,,,
1,,11732,1,11732_1,"LINESTRING (-8.718962111750594 40.64532470145813, -8.71896093600401 40.64532321732605, -8.71895949613553 40.64532166635604, -8.718957944401453 40.64532007485164, -8.718956433058072 40.6453184691163, -8.718955114361682 40.645316875453545, -8.718954140568583 40.645315320166915, -8.718953663935068 40.64531382955989, -8.718953836717432 40.64531242993601, -8.718954811171972 40.645311147598804, -8.7189575430712 40.64530962091088, -8.718960693906373 40.645309151933716, -8.71896417839637 40.64530953294948, -8.71896791126006 40.64531055624033, -8.718971807216324 40.64531201408836, -8.718975780984037 40.64531369877571, -8.718979747282074 40.64531540258455, -8.71898362082931 40.64531691779701, -8.71898731634462 40.64531803669531)",,,,
1,,11733,1,11733_1,"LINESTRING (-8.719812017066197 40.64536751180518, -8.719811205888094 40.64536633825707, -8.719810380823168 40.645365160027886, -8.719809529721681 40.645363988169514, -8.719808640433907 40.645362833733785, -8.719807700810112 40.645361707772544, -8.719806698700566 40.64536062133768, -8.719805621955537 40.645359585481074, -8.719804458425292 40.64535861125461, -8.7198031959601 40.64535770971007, -8.719799595270688 40.64535553673226, -8.719795789314373 40.645353571635766, -8.719791807825379 40.645351794542414, -8.719787680537921 40.64535018557397, -8.719783437186223 40.64534872485225, -8.7197791075045 40.64534739249906, -8.719774721226973 40.64534616863623, -8.71977030808786 40.6453450333855, -8.719765897821382 40.6453439668687)",,,,
1,,11734,1,11734_1,"LINESTRING (-8.719820836171662 40.6453802505272, -8.719816741016874 40.64537489056014, -8.719812019058335 40.64536972406251, -8.719806723530096 40.64536481042089, -8.719800907666215 40.645360209021845, -8.719794624700748 40.645355979251995, -8.71978792786775 40.64535218049789, -8.719780870401273 40.64534887214615, -8.719773505535374 40.64534611358339, -8.719765886504108 40.645343964196194)",,,,
1,,11735,1,11735_1,"LINESTRING (-8.71978225258525 40.645324518600354, -8.719783251635791 40.64532705380965, -8.719783204451346 40.64532998186384, -8.719782257677638 40.645333094298294, -8.719780557960389 40.64533618264821, -8.719778251945325 40.64533903844902, -8.719775486278168 40.64534145323606, -8.719772407604644 40.64534321854474, -8.719769162570474 40.645344125910505, -8.719765897821382 40.6453439668687)",,,,
1,,11736,1,11736_1,"LINESTRING (-8.719791071690716 40.64533725733062, -8.719792251742545 40.64533873949391, -8.719793696109642 40.64534028805351, -8.719795252459733 40.645341876960394, -8.71979676846053 40.645343480165565, -8.719798091779758 40.64534507162007, -8.719799070085138 40.645346625274875, -8.719799551044387 40.645348115081035, -8.719799382325231 40.64534951498951, -8.719798411595386 40.64535079895134, -8.71979568413441 40.645352330200055, -8.719792534668214 40.645352804441295, -8.719789049080667 40.64535242924983, -8.71978531325565 40.64535141220033, -8.719781413077037 40.64534996086745, -8.7197774344287 40.645348282825886, -8.719773463194517 40.64534658565033, -8.71976958525836 40.64534507691554, -8.719765886504108 40.645343964196194)",,,,
1,,11737,1,11737_1,"LINESTRING (-8.719782395832123 40.64532472551289, -8.71978158465402 40.64532355196404, -8.719780759589092 40.645322373734125, -8.719779908487608 40.645321201874985, -8.719779019199834 40.645320047438496, -8.71977807957604 40.64531892147654, -8.719777077466492 40.64531783504102, -8.719776000721462 40.645316799183746, -8.719774837191219 40.64531582495662, -8.719773574726027 40.64531492341152, -8.719769974036613 40.64531275043232, -8.7197661680803 40.645310785334566, -8.719762186591304 40.64530900824005, -8.719758059303848 40.645307399270585, -8.719753815952147 40.64530593854792, -8.719749486270425 40.645304606193896, -8.719745099992899 40.64530338233025, -8.719740686853788 40.64530224707881, -8.719736276587309 40.645301180561326)",,,,
1,,11738,1,11738_1,"LINESTRING (-8.719791214937588 40.6453374642431, -8.719787119782799 40.64533210427258, -8.71978239782426 40.64532693777165, -8.719777102296021 40.64532202412689, -8.719771286432142 40.6453174227249, -8.719765003466675 40.64531319295233, -8.719758306633675 40.645309394195806, -8.7197512491672 40.64530608584193, -8.7197438843013 40.64530332727742, -8.719736265270035 40.64530117788884)",,,,
1,,11739,1,11739_1,"LINESTRING (-8.719752631351176 40.64528173228054, -8.719753630401717 40.64528426749144, -8.719753583217273 40.64528719554753, -8.719752636443562 40.64529030798394, -8.719750936726316 40.64529339633587, -8.71974863071125 40.64529625213849, -8.719745865044095 40.645298666927076, -8.719742786370569 40.64530043223691, -8.719739541336399 40.64530133960323, -8.719736276587309 40.645301180561326)",,,,
1,,11740,1,11740_1,"LINESTRING (-8.719761450456641 40.645294471018936, -8.719762630508471 40.645295953183194, -8.71976407487557 40.6452975017438, -8.719765631225657 40.64529909065169, -8.719767147226456 40.64530069385791, -8.719768470545684 40.645302285313406, -8.719769448851064 40.64530383896923, -8.719769929810315 40.6453053287763, -8.719769761091156 40.645306728685696, -8.71976879036131 40.64530801264837, -8.719766062900336 40.64530954389805, -8.719762913434138 40.64531001813962, -8.719759427846594 40.6453096429479, -8.719755692021575 40.645308625897734, -8.719751791842961 40.64530717456392, -8.719747813194626 40.64530549652128, -8.719743841960442 40.64530379934465, -8.719739964024287 40.645302290608875, -8.719736265270035 40.64530117788884)",,,,
1,,11741,1,11741_1,"LINESTRING (-8.719752774598048 40.645281939193204, -8.719751963419947 40.645280765643584, -8.719751138355019 40.64527958741291, -8.719750287253532 40.645278415553, -8.71974939796576 40.6452772611158, -8.719748458341964 40.64527613515313, -8.719747456232419 40.645275048716876, -8.719746379487388 40.64527401285894, -8.719745215957143 40.645273038631196, -8.719743953491953 40.64527213708554, -8.719740352802539 40.64526996410494, -8.719736546846224 40.64526799900592, -8.71973256535723 40.645266221910255, -8.719728438069772 40.64526461293975, -8.719724194718074 40.645263152216174, -8.719719865036351 40.64526181986128, -8.719715478758824 40.64526059599687, -8.719711065619713 40.64525946074469, -8.719706655353235 40.645258394226545)",,,,
1,,11742,1,11742_1,"LINESTRING (-8.719761593703515 40.645294677931574, -8.719757498548727 40.6452893179576, -8.719752776590186 40.64528415145335, -8.719747481061948 40.64527923780545, -8.719741665198068 40.6452746364005, -8.719735382232601 40.64527040662523, -8.7197286853996 40.64526660786626, -8.719721627933124 40.645263299510276, -8.719714263067225 40.64526054094399, -8.719706644035961 40.64525839155404)",,,,
1,,11743,1,11743_1,"LINESTRING (-8.719723010117102 40.645238945933265, -8.719724009167644 40.645241481145796, -8.719723961983197 40.64524440920374, -8.71972301520949 40.64524752164216, -8.71972131549224 40.645250609996076, -8.719719009477178 40.64525346580053, -8.71971624381002 40.64525588059067, -8.719713165136493 40.645257645901616, -8.719709920102325 40.645258553268526, -8.719706655353235 40.645258394226545)",,,,
1,,11744,1,11744_1,"LINESTRING (-8.719731829222567 40.645251684679856, -8.719733009274396 40.64525316684505, -8.719734453641495 40.64525471540662, -8.719736009991582 40.64525630431554, -8.719737525992382 40.6452579075228, -8.71973884931161 40.64525949897931, -8.719739827616989 40.64526105263612, -8.71974030857624 40.64526254244417, -8.719740139857082 40.64526394235445, -8.719739169127237 40.64526522631794, -8.71973644166626 40.64526675756861, -8.719733292200063 40.64526723181046, -8.71972980661252 40.64526685661851, -8.719726070787502 40.645265839567706, -8.719722170608888 40.64526438823295, -8.719718191960553 40.64526271018924, -8.719714220726368 40.64526101301153, -8.719710342790213 40.64525950427478, -8.719706644035961 40.64525839155404)",,,,
1,,11745,1,11745_1,"LINESTRING (-8.719723153363974 40.64523915284605, -8.719722342185872 40.6452379792957, -8.719721517120943 40.64523680106426, -8.719720666019459 40.64523562920362, -8.719719776731685 40.64523447476565, -8.71971883710789 40.64523334880227, -8.719717834998344 40.645232262365326, -8.719716758253314 40.64523122650673, -8.719715594723068 40.645230252278374, -8.719714332257878 40.645229350732116, -8.719710731568464 40.64522717775013, -8.71970692561215 40.64522521264987, -8.719702944123156 40.645223435553056, -8.719698816835699 40.64522182658153, -8.719694573484 40.645220365856986, -8.719690243802276 40.645219033501256, -8.71968585752475 40.64521780963606, -8.719681444385637 40.64521667438314, -8.71967703411916 40.64521560786428)",,,,
1,,11746,1,11746_1,"LINESTRING (-8.71973197246944 40.64525189159259, -8.719727877314652 40.64524653161521, -8.719723155356112 40.64524136510766, -8.719717859827874 40.64523645145659, -8.719712043963993 40.645231850048695, -8.719705760998526 40.6452276202707, -8.719699064165527 40.6452238215093, -8.71969200669905 40.6452205131512, -8.719684641833153 40.64521775458312, -8.719677022801886 40.6452156051918)",,,,
1,,11747,1,11747_1,"LINESTRING (-8.719693388883027 40.64519615955856, -8.719694387933568 40.645198694772716, -8.719694340749124 40.64520162283255, -8.719693393975415 40.64520473527298, -8.719691694258167 40.64520782362885, -8.719689388243102 40.64521067943514, -8.719686622575946 40.645213094226825, -8.719683543902422 40.645214859538925, -8.719680298868251 40.64521576690642, -8.71967703411916 40.64521560786428)",,,,
1,,11748,1,11748_1,"LINESTRING (-8.719702207988492 40.64520889831329, -8.719703388040323 40.64521038047946, -8.71970483240742 40.64521192904205, -8.719706388757508 40.64521351795197, -8.719707904758307 40.645215121160234, -8.719709228077535 40.64521671261781, -8.719710206382915 40.64521826627559, -8.719710687342166 40.64521975608461, -8.719710518623009 40.64522115599578, -8.719709547893162 40.6452224399601, -8.719706820432188 40.64522397121174, -8.71970367096599 40.6452244454539, -8.719700185378445 40.645224070261726, -8.719696449553428 40.64522305321023, -8.719692549374814 40.64522160187458, -8.719688570726477 40.645219923829785, -8.719684599492293 40.645218226650975, -8.71968072155614 40.64521671791326, -8.719677022801886 40.6452156051918)",,,,
1,,11749,1,11749_1,"LINESTRING (-8.7196935321299 40.6451963664715, -8.719692720951798 40.64519519292038, -8.719691895886871 40.64519401468818, -8.719691044785385 40.6451928428268, -8.719690155497611 40.645191688388095, -8.719689215873816 40.645190562424006, -8.71968821376427 40.64518947598634, -8.719687137019239 40.645188440127086, -8.719685973488996 40.645187465898104, -8.719684711023804 40.64518656435128, -8.719681110334392 40.6451843913679, -8.719677304378077 40.64518242626634, -8.719673322889081 40.64518064916843, -8.719669195601623 40.64517904019586, -8.719664952249925 40.64517757947038, -8.719660622568203 40.64517624711381, -8.719656236290675 40.645175023247816, -8.719651823151564 40.64517388799419, -8.719647412885086 40.64517282147464)",,,,
1,,11750,1,11750_1,"LINESTRING (-8.719702351235366 40.645209105226186, -8.719698256080576 40.64520374524539, -8.719693534122037 40.64519857873451, -8.719688238593799 40.645193665080285, -8.71968242272992 40.64518906366944, -8.719676139764452 40.64518483388875, -8.719669442931453 40.6451810351249, -8.719662385464977 40.645177726764686, -8.719655020599077 40.64517496819483, -8.71964740156781 40.64517281880214)",,,,
1,,11751,1,11751_1,"LINESTRING (-8.719663767648953 40.645153373156425, -8.719664766699495 40.64515590837221, -8.719664719515048 40.64515883643396, -8.71966377274134 40.64516194887634, -8.719662073024091 40.6451650372342, -8.719659767009027 40.64516789304232, -8.719657001341872 40.64517030783556, -8.719653922668346 40.64517207314877, -8.719650677634178 40.645172980516854, -8.719647412885086 40.64517282147464)",,,,
1,,11752,1,11752_1,"LINESTRING (-8.71967258675442 40.64516611191936, -8.719673766806247 40.64516759408646, -8.719675211173348 40.64516914265001, -8.719676767523435 40.64517073156099, -8.719678283524233 40.64517233477029, -8.719679606843462 40.64517392622886, -8.719680585148842 40.645175479887634, -8.719681066108091 40.645176969697616, -8.719680897388935 40.645178369609674, -8.719679926659088 40.645179653574814, -8.719677199198113 40.64518118482745, -8.719674049731916 40.645181659069905, -8.719670564144371 40.64518128387748, -8.719666828319355 40.64518026682535, -8.719662928140739 40.64517881548876, -8.719658949492404 40.64517713744289, -8.71965497825822 40.64517544026299, -8.719651100322064 40.64517393152433, -8.71964740156781 40.64517281880214)",,,,
1,,11753,1,11753_1,"LINESTRING (-8.719663910895825 40.6451535800695, -8.719663099717723 40.645152406517646, -8.719662274652796 40.645151228284696, -8.71966142355131 40.64515005642256, -8.719660534263536 40.64514890198311, -8.719659594639742 40.645147776018256, -8.719658592530195 40.64514668957994, -8.719657515785165 40.64514565372002, -8.71965635225492 40.64514467949039, -8.719655089789729 40.645143777942984, -8.719651489100317 40.645141604958205, -8.719647683144002 40.64513963985542, -8.719643701655007 40.64513786275635, -8.719639574367552 40.64513625378274, -8.719635331015851 40.645134793056364, -8.719631001334129 40.6451334606989, -8.719626615056601 40.64513223683215, -8.71962220191749 40.64513110157776, -8.719617791651011 40.64513003505755)",,,,
1,,11754,1,11754_1,"LINESTRING (-8.71967273000129 40.64516631883237, -8.719668634846503 40.645160958848116, -8.719663912887963 40.645155792333924, -8.719658617359725 40.645150878676574, -8.719652801495846 40.645146277262775, -8.719646518530377 40.64514204747937, -8.71963982169738 40.64513824871307, -8.719632764230902 40.64513494035075, -8.719625399365002 40.64513218177914, -8.719617780333737 40.64513003238504)",,,,
1,,11755,1,11755_1,"LINESTRING (-8.71963414641488 40.645110586726894, -8.71963514546542 40.64511312194428, -8.719635098280975 40.64511605000788, -8.719634151507266 40.64511916245228, -8.719632451790018 40.64512225081212, -8.719630145774953 40.64512510662207, -8.719627380107797 40.64512752141686, -8.719624301434273 40.64512928673122, -8.719621056400102 40.64513019409986, -8.719617791651011 40.64513003505755)",,,,
1,,11756,1,11756_1,"LINESTRING (-8.719642965520345 40.64512332549796, -8.719644145572174 40.64512480766601, -8.719645589939272 40.64512635623058, -8.719647146289361 40.64512794514257, -8.719648662290158 40.645129548352884, -8.719649985609388 40.64513113981248, -8.719650963914766 40.64513269347227, -8.719651444874017 40.64513418328317, -8.71965127615486 40.645135583196144, -8.719650305425015 40.6451368671621, -8.71964757796404 40.645138398415725, -8.719644428497842 40.645138872658485, -8.719640942910296 40.64513849746583, -8.71963720708528 40.64513748041304, -8.719633306906665 40.64513602907551, -8.71962932825833 40.645134351028574, -8.719625357024146 40.6451326538476, -8.719621479087989 40.645131145107946, -8.719617780333737 40.64513003238504)",,,,
1,,11757,1,11757_1,"LINESTRING (-8.719634289661752 40.645110793640086, -8.719633478483651 40.64510962008747, -8.71963265341872 40.645108441853765, -8.719631802317236 40.64510726999086, -8.719630913029462 40.645106115550675, -8.719629973405668 40.64510498958511, -8.719628971296121 40.6451039031461, -8.71962789455109 40.64510286728552, -8.719626731020847 40.64510189305526, -8.719625468555655 40.64510099150729, -8.719621867866241 40.64509881852111, -8.719618061909928 40.64509685341706, -8.719614080420934 40.64509507631686, -8.719609953133476 40.64509346734221, -8.719605709781778 40.645092006614895, -8.719601380100054 40.64509067425659, -8.719596993822528 40.64508945038902, -8.719592580683416 40.64508831513395, -8.719588170416937 40.645087248613024)",,,,
1,,11758,1,11758_1,"LINESTRING (-8.719643108767217 40.64512353241111, -8.71963901361243 40.645118172423416, -8.719634291653888 40.64511300590594, -8.71962899612565 40.64510809224541, -8.719623180261772 40.64510349082869, -8.719616897296305 40.64509926104255, -8.719610200463304 40.64509546227384, -8.719603142996828 40.64509215390938, -8.719595778130929 40.645089395336015, -8.719588159099665 40.645087245940516)",,,,
1,,11759,1,11759_1,"LINESTRING (-8.719604525180804 40.6450678002699, -8.719605524231348 40.64507033548892, -8.719605477046901 40.6450732635544, -8.719604530273193 40.64507637600081, -8.719602830555944 40.64507946436261, -8.71960052454088 40.64508232017439, -8.719597758873723 40.64508473497074, -8.719594680200197 40.64508650028622, -8.719591435166029 40.64508740765547, -8.719588170416937 40.645087248613024)",,,,
1,,11760,1,11760_1,"LINESTRING (-8.71961334428627 40.64508053904914, -8.7196145243381 40.64508202121815, -8.719615968705199 40.64508356978369, -8.719617525055286 40.6450851586967, -8.719619041056085 40.64508676190806, -8.719620364375313 40.64508835336867, -8.719621342680693 40.64508990702945, -8.719621823639944 40.645091396841316, -8.719621654920786 40.64509279675518, -8.71962068419094 40.645094080721975, -8.719617956729966 40.645095611976565, -8.719614807263767 40.64509608621964, -8.719611321676222 40.64509571102673, -8.719607585851204 40.6450946939733, -8.71960368567259 40.64509324263483, -8.719599707024255 40.64509156458682, -8.719595735790072 40.64508986740476, -8.719591857853917 40.64508835866414, -8.719588159099665 40.645087245940516)",,,,
1,,11761,1,11761_1,"LINESTRING (-8.719604668427676 40.64506800718323, -8.719603857249576 40.64506683362987, -8.719603032184647 40.6450656553954, -8.719602181083163 40.645064483531755, -8.719601291795389 40.64506332909083, -8.719600352171593 40.64506220312455, -8.719599350062046 40.645061116684836, -8.719598273317017 40.64506008082357, -8.719597109786772 40.645059106592726, -8.719595847321582 40.645058205044144, -8.719592246632168 40.645056032056594, -8.719588440675853 40.64505406695126, -8.719584459186859 40.64505228984992, -8.719580331899401 40.645050680874256, -8.719576088547702 40.64504922014599, -8.71957175886598 40.64504788778683, -8.719567372588452 40.6450466639185, -8.719562959449341 40.645045528662685, -8.719558549182864 40.645044462141094)",,,,
1,,11762,1,11762_1,"LINESTRING (-8.719613487533143 40.64508074596244, -8.719609392378356 40.64507538597129, -8.719604670419816 40.6450702194505, -8.719599374891578 40.645065305786844, -8.719593559027697 40.64506070436714, -8.71958727606223 40.64505647457831, -8.719580579229229 40.64505267580715, -8.719573521762754 40.645049367440556, -8.719566156896855 40.645046608865435, -8.71955853786559 40.64504445946859)",,,,
1,,11763,1,11763_1,"LINESTRING (-8.71957490394673 40.64502501378548, -8.719575902997272 40.64502754900615, -8.719575855812828 40.64503047707349, -8.71957490903912 40.64503358952189, -8.719573209321869 40.64503667788567, -8.719570903306806 40.64503953369931, -8.719568137639648 40.64504194849718, -8.719565058966124 40.64504371381378, -8.719561813931954 40.645044621183615, -8.719558549182864 40.645044462141094)",,,,
1,,11764,1,11764_1,"LINESTRING (-8.719583723052196 40.64503775257288, -8.719584903104025 40.64503923474287, -8.719586347471123 40.6450407833094, -8.71958790382121 40.6450423722234, -8.71958941982201 40.645043975435776, -8.71959074314124 40.64504556689743, -8.719591721446617 40.645047120559205, -8.719592202405869 40.64504861037204, -8.71959203368671 40.64505001028679, -8.719591062956866 40.6450512942544, -8.71958833549589 40.645052825509985, -8.719585186029692 40.64505329975336, -8.719581700442149 40.64505292456022, -8.719577964617132 40.64505190750613, -8.719574064438516 40.64505045616674, -8.719570085790181 40.64504877811764, -8.719566114555997 40.64504708093448, -8.719562236619842 40.6450455721929, -8.71955853786559 40.64504445946859)",,,,
1,,11765,1,11765_1,"LINESTRING (-8.719575047193604 40.64502522069896, -8.7195742360155 40.64502404714484, -8.719573410950574 40.64502286890963, -8.719572559849087 40.64502169704522, -8.719571670561313 40.64502054260354, -8.71957073093752 40.64501941663655, -8.719569728827972 40.645018330196145, -8.719568652082943 40.64501729433421, -8.719567488552698 40.645016320102734, -8.719566226087506 40.64501541855359, -8.719562625398094 40.64501324556464, -8.71955881944178 40.645011280458064, -8.719554837952785 40.64500950335558, -8.71955071066533 40.645007894378864, -8.719546467313629 40.64500643364966, -8.719542137631905 40.64500510128966, -8.719537751354379 40.64500387742054, -8.719533338215268 40.64500274216399, -8.719528927948788 40.645001675641716)",,,,
1,,11766,1,11766_1,"LINESTRING (-8.719583866299068 40.64503795948632, -8.71957977114428 40.64503259949175, -8.71957504918574 40.64502743296763, -8.719569753657503 40.64502251930082, -8.719563937793621 40.64501791787819, -8.719557654828154 40.645013688086635, -8.719550957995157 40.64500988931304, -8.719543900528679 40.64500658094433, -8.719536535662781 40.64500382236743, -8.719528916631514 40.64500167296921)",,,,
1,,11767,1,11767_1,"LINESTRING (-8.719545282712655 40.64498222727366, -8.719546281763197 40.64498476249593, -8.719546234578752 40.64498769056515, -8.719545287805044 40.64499080301553, -8.719543588087795 40.644993891381304, -8.719541282072731 40.64499674719677, -8.719538516405574 40.644999161996196, -8.71953543773205 40.64500092731394, -8.71953219269788 40.64500183468434, -8.719528927948788 40.645001675641716)",,,,
1,,11768,1,11768_1,"LINESTRING (-8.719554101818122 40.644994966069206, -8.719555281869951 40.64499644824013, -8.71955672623705 40.644997996807646, -8.719558282587139 40.644999585722694, -8.719559798587936 40.645001188936114, -8.719561121907164 40.64500278039876, -8.719562100212544 40.645004334061525, -8.719562581171795 40.64500582387532, -8.719562412452637 40.64500722379097, -8.71956144172279 40.64500850775942, -8.719558714261817 40.64501003901597, -8.719555564795618 40.64501051325965, -8.719552079208073 40.645010138066255, -8.719548343383057 40.64500912101153, -8.719544443204443 40.6450076696712, -8.719540464556106 40.645005991621034, -8.719536493321922 40.6450042944368, -8.719532615385768 40.64500278569423, -8.719528916631514 40.64500167296921)",,,,
1,,11769,1,11769_1,"LINESTRING (-8.719545425959529 40.644982434187234, -8.719544614781428 40.64498126063238, -8.7195437897165 40.64498008239641, -8.719542938615014 40.644978910531265, -8.71954204932724 40.64497775608884, -8.719541109703444 40.644976630121135, -8.719540107593899 40.64497554368002, -8.719539030848868 40.64497450781743, -8.719537867318625 40.64497353358531, -8.719536604853433 40.64497263203559, -8.71953300416402 40.64497045904523, -8.719529198207706 40.64496849393741, -8.71952521671871 40.64496671683378, -8.719521089431254 40.64496510785605, -8.719516846079554 40.644963647125905, -8.719512516397831 40.64496231476504, -8.719508130120305 40.64496109089515, -8.719503716981192 40.644959955637866, -8.719499306714715 40.6449588891149)",,,,
1,,11770,1,11770_1,"LINESTRING (-8.719554245064995 40.64499517298276, -8.719550149910205 40.64498981298476, -8.719545427951665 40.64498464645734, -8.719540132423427 40.64497973278737, -8.71953431655955 40.64497513136179, -8.71952803359408 40.64497090156751, -8.719521336761082 40.6449671027915, -8.719514279294605 40.644963794420676, -8.719506914428706 40.644961035841995, -8.719499295397439 40.6449588864424)",,,,
1,,11771,1,11771_1,"LINESTRING (-8.719515661478582 40.644939440734355, -8.719516660529123 40.64494197595828, -8.719516613344677 40.64494490402939, -8.719515666570969 40.64494801648178, -8.71951396685372 40.64495110484953, -8.719511660838656 40.644953960666804, -8.7195088951715 40.64495637546776, -8.719505816497975 40.64495814078665, -8.719502571463806 40.644959048157624, -8.719499306714715 40.6449588891149)",,,,
1,,11772,1,11772_1,"LINESTRING (-8.719524480584049 40.64495217953812, -8.719525660635878 40.644953661709984, -8.719527105002976 40.644955210278496, -8.719528661353063 40.64495679919456, -8.719530177353862 40.644958402408996, -8.71953150067309 40.64495999387266, -8.71953247897847 40.644961547536425, -8.719532959937721 40.64496303735116, -8.719532791218564 40.644964437267724, -8.719531820488719 40.644965721236986, -8.719529093027742 40.64496725249453, -8.719525943561544 40.644967726738514, -8.719522457974 40.644967351544864, -8.719518722148983 40.64496633448951, -8.719514821970368 40.64496488314823, -8.719510843322032 40.644963205097, -8.71950687208785 40.644961507911674, -8.719502994151693 40.64495999916816, -8.719499295397439 40.6449588864424)",,,,
1,,11773,1,11773_1,"LINESTRING (-8.719515804725454 40.64493964764809, -8.719514993547353 40.64493847409249, -8.719514168482425 40.644937295855755, -8.719513317380938 40.644936123989844, -8.719512428093164 40.64493496954671, -8.71951148846937 40.644933843578244, -8.719510486359823 40.64493275713644, -8.719509409614794 40.64493172127322, -8.71950824608455 40.64493074704046, -8.719506983619357 40.644929845490175, -8.719503382929945 40.644927672498426, -8.71949957697363 40.64492570738933, -8.719495595484638 40.64492393028458, -8.71949146819718 40.644922321305806, -8.71948722484548 40.64492086057472, -8.719482895163758 40.644919528213016, -8.71947850888623 40.64491830434231, -8.719474095747119 40.64491716908431, -8.71946968548064 40.644916102560664)",,,,
1,,11774,1,11774_1,"LINESTRING (-8.71952462383092 40.6449523864518, -8.719520528676133 40.64494702645037, -8.719515806717592 40.64494185991961, -8.719510511189354 40.64493694624649, -8.719504695325474 40.64493234481798, -8.719498412360007 40.64492811502098, -8.719491715527008 40.64492431624252, -8.71948465806053 40.64492100786959, -8.71947729319463 40.644918249289155, -8.719469674163367 40.644916099888164)",,,,
1,,11775,1,11775_1,"LINESTRING (-8.719486040244508 40.644896654167674, -8.71948703929505 40.6448991893932, -8.719486992110603 40.64490211746619, -8.719486045336895 40.64490522992057, -8.719484345619646 40.644908318290305, -8.719482039604582 40.64491117410941, -8.719479273937425 40.64491358891194, -8.719476195263901 40.64491535423195, -8.719472950229731 40.64491626160351, -8.71946968548064 40.644916102560664)",,,,
1,,11776,1,11776_1,"LINESTRING (-8.719494859349973 40.64490939297956, -8.719496039401802 40.644910875152384, -8.719497483768901 40.64491242372192, -8.71949904011899 40.644914012639, -8.719500556119787 40.64491561585445, -8.719501879439017 40.64491720731913, -8.719502857744395 40.64491876098389, -8.719503338703646 40.64492025079959, -8.719503169984488 40.644921650717045, -8.719502199254643 40.64492293468712, -8.719499471793668 40.64492446594566, -8.71949632232747 40.64492494018995, -8.719492836739924 40.644924564996074, -8.71948910091491 40.644923547940024, -8.719485200736294 40.64492209659786, -8.719481222087959 40.64492041854553, -8.719477250853775 40.64491872135911, -8.71947337291762 40.64491721261463, -8.719469674163367 40.644916099888164)",,,,
1,,11777,1,11777_1,"LINESTRING (-8.71948618349138 40.644896861081534, -8.71948537231328 40.64489568752517, -8.71948454724835 40.644894509287674, -8.719483696146867 40.644893337421, -8.71948280685909 40.64489218297713, -8.719481867235297 40.644891057007975, -8.71948086512575 40.64488997056546, -8.71947978838072 40.64488893470154, -8.719478624850476 40.64488796046818, -8.719477362385284 40.64488705891731, -8.71947376169587 40.644884885924185, -8.719469955739557 40.64488292081382, -8.719465974250562 40.64488114370792, -8.719461846963105 40.64487953472813, -8.719457603611406 40.644878073996104, -8.719453273929682 40.64487674163353, -8.719448887652156 40.644875517762074, -8.719444474513045 40.64487438250333, -8.719440064246568 40.64487331597903)",,,,
1,,11778,1,11778_1,"LINESTRING (-8.719495002596846 40.64490959989342, -8.719490907442058 40.644904239888525, -8.719486185483518 40.64489907335446, -8.71948088995528 40.6448941596782, -8.7194750740914 40.64488955824672, -8.719468791125934 40.644885328447025, -8.719462094292933 40.64488152966615, -8.719455036826458 40.64487822129108, -8.719447671960559 40.64487546270886, -8.719440052929293 40.64487331330649)",,,,
1,,11779,1,11779_1,"LINESTRING (-8.719456419010434 40.64485386757356, -8.719457418060976 40.64485640280069, -8.719457370876531 40.64485933087557, -8.719456424102821 40.644862443331924, -8.719454724385573 40.64486553170365, -8.719452418370508 40.64486838752459, -8.719449652703352 40.64487080232865, -8.719446574029826 40.6448725676498, -8.719443328995657 40.644873475021946, -8.719440064246568 40.64487331597903)",,,,
1,,11780,1,11780_1,"LINESTRING (-8.7194652381159 40.64486660639361, -8.719466418167729 40.64486808856736, -8.719467862534827 40.64486963713791, -8.719469418884914 40.64487122605598, -8.719470934885713 40.64487282927248, -8.719472258204942 40.64487442073818, -8.719473236510321 40.64487597440395, -8.719473717469572 40.6448774642206, -8.719473548750415 40.64487886413894, -8.719472578020568 40.644880148109856, -8.719469850559594 40.64488167936936, -8.719466701093395 40.644882153613956, -8.71946321550585 40.64488177841982, -8.719459479680834 40.64488076136314, -8.719455579502219 40.64487931002004, -8.719451600853883 40.64487763196664, -8.719447629619701 40.64487593477912, -8.719443751683546 40.644874426033674, -8.719440052929293 40.64487331330649)",,,,
1,,11781,1,11781_1,"LINESTRING (-8.719456562257307 40.64485407448755, -8.719455751079204 40.6448529009304, -8.719454926014278 40.64485172269216, -8.719454074912791 40.644850550824756, -8.719453185625017 40.644849396380145, -8.719452246001222 40.64484827041025, -8.719451243891676 40.644847183967045, -8.719450167146645 40.644846148102474, -8.7194490036164 40.6448451738685, -8.71944774115121 40.644844272317044, -8.719444140461798 40.64484209932252, -8.719440334505482 40.64484013421088, -8.719436353016487 40.644838357103836, -8.719432225729031 40.644836748123026, -8.719427982377331 40.64483528739009, -8.719423652695609 40.64483395502665, -8.719419266418083 40.644832731154395, -8.71941485327897 40.64483159589492, -8.719410443012492 40.644830529369926)",,,,
1,,11782,1,11782_1,"LINESTRING (-8.719465381362772 40.64486681330757, -8.719461286207984 40.64486145329924, -8.719456564249445 40.64485628676187, -8.719451268721206 40.64485137308246, -8.719445452857325 40.64484677164803, -8.719439169891858 40.644842541845634, -8.719432473058859 40.644838743062316, -8.719425415592383 40.644835434685135, -8.719418050726484 40.64483267610113, -8.719410431695218 40.6448305266974)",,,,
1,,11783,1,11783_1,"LINESTRING (-8.719426797776359 40.644811080951996, -8.719427796826901 40.644813616180755, -8.719427749642456 40.64481654425749, -8.719426802868748 40.64481965671588, -8.719425103151497 40.64482274508956, -8.719422797136435 40.644825600912334, -8.719420031469276 40.64482801571794, -8.719416952795752 40.644829781040215, -8.719413707761582 40.64483068841295, -8.719410443012492 40.644830529369926)",,,,
1,,11784,1,11784_1,"LINESTRING (-8.719435616881825 40.644823819780235, -8.719436796933653 40.64482530195493, -8.719438241300752 40.64482685052644, -8.71943979765084 40.64482843944556, -8.719441313651638 40.64483004266305, -8.719442636970868 40.644831634129815, -8.719443615276248 40.64483318779656, -8.719444096235499 40.64483467761417, -8.71944392751634 40.644836077533405, -8.719442956786494 40.64483736150514, -8.719440229325519 40.644838892765605, -8.719437079859322 40.644839367010505, -8.719433594271777 40.64483899181617, -8.71942985844676 40.64483797475883, -8.719425958268147 40.64483652341478, -8.71942197961981 40.644834845360315, -8.719418008385626 40.644833148171706, -8.71941413044947 40.64483163942531, -8.719410431695218 40.6448305266974)",,,,
1,,11785,1,11785_1,"LINESTRING (-8.719426941023233 40.64481128786611, -8.71942612984513 40.64481011430825, -8.719425304780202 40.644808936069246, -8.719424453678716 40.644807764201076, -8.719423564390942 40.644806609755705, -8.719422624767148 40.6448054837851, -8.7194216226576 40.644804397341204, -8.719420545912572 40.64480336147597, -8.719419382382327 40.64480238724136, -8.719418119917135 40.64480148568932, -8.719414519227723 40.644799312693394, -8.719410713271408 40.644797347580536, -8.719406731782414 40.64479557047235, -8.719402604494958 40.6447939614905, -8.719398361143258 40.644792500756616, -8.719394031461533 40.64479116839234, -8.719389645184007 40.64478994451927, -8.719385232044896 40.644788809259104, -8.719380821778417 40.64478774273342)",,,,
1,,11786,1,11786_1,"LINESTRING (-8.719435760128697 40.6448240266943, -8.719431664973909 40.64481866668257, -8.71942694301537 40.644813500141886, -8.719421647487131 40.64480858645929, -8.719415831623252 40.64480398502194, -8.719409548657783 40.644799755216816, -8.719402851824785 40.644795956431054, -8.719395794358308 40.64479264805174, -8.71938842949241 40.644789889466004, -8.719380810461143 40.64478774006089)",,,,
1,,11787,1,11787_1,"LINESTRING (-8.719397176542284 40.644768294303, -8.719398175592827 40.64477082953339, -8.71939812840838 40.64477375761203, -8.719397181634672 40.644776870072384, -8.719395481917426 40.64477995844805, -8.71939317590236 40.64478281427265, -8.719390410235203 40.644785229079815, -8.719387331561679 40.644786994403205, -8.719384086527509 40.644787901776525, -8.719380821778417 40.64478774273342)",,,,
1,,11788,1,11788_1,"LINESTRING (-8.719405995647751 40.64478103313941, -8.719407175699581 40.644782515315065, -8.719408620066678 40.64478406388755, -8.719410176416767 40.644785652807684, -8.719411692417564 40.64478725602622, -8.719413015736793 40.64478884749398, -8.719413994042172 40.644790401161735, -8.719414475001424 40.644791890980315, -8.719414306282266 40.644793290900466, -8.71941333555242 40.64479457487299, -8.719410608091446 40.64479610613445, -8.719407458625247 40.644796580379676, -8.719403973037704 40.64479620518506, -8.719400237212685 40.644795188127084, -8.719396337034071 40.6447937367821, -8.719392358385734 40.64479205872656, -8.719388387151552 40.644790361536884, -8.719384509215397 40.6447888527895, -8.719380810461143 40.64478774006089)",,,,
1,,11789,1,11789_1,"LINESTRING (-8.719397319789158 40.64476850121724, -8.719396508611057 40.64476732765862, -8.719395683546129 40.64476614941888, -8.719394832444642 40.64476497754997, -8.719393943156868 40.64476382310386, -8.719393003533073 40.64476269713254, -8.719392001423527 40.64476161068794, -8.719390924678496 40.64476057482204, -8.719389761148252 40.644759600586795, -8.719388498683061 40.64475869903417, -8.719384897993649 40.64475652603687, -8.719381092037334 40.644754560922735, -8.71937711054834 40.64475278381341, -8.719372983260882 40.64475117483054, -8.719368739909184 40.64474971409571, -8.71936441022746 40.644748381730565, -8.719360023949934 40.64474715785674, -8.71935561081082 40.64474602259581, -8.719351200544343 40.64474495606947)",,,,
1,,11790,1,11790_1,"LINESTRING (-8.719406138894623 40.644781240053604, -8.719402043739835 40.64477588003843, -8.719397321781296 40.64477071349444, -8.719392026253058 40.644765799808724, -8.719386210389178 40.644761198368386, -8.719379927423711 40.64475696856057, -8.71937323059071 40.644753169772365, -8.719366173124234 40.64474986139094, -8.719358808258336 40.64474710280342, -8.71935118922707 40.64474495339694)",,,,
1,,11791,1,11791_1,"LINESTRING (-8.719367555308212 40.644725507626575, -8.719368554358754 40.644728042858596, -8.719368507174305 40.644730970939094, -8.719367560400599 40.64473408340145, -8.71936586068335 40.644737171779106, -8.719363554668286 40.64474002760554, -8.71936078900113 40.644742442414255, -8.719357710327603 40.64474420773879, -8.719354465293435 40.64474511511267, -8.719351200544343 40.64474495606947)",,,,
1,,11792,1,11792_1,"LINESTRING (-8.719376374413677 40.64473824647116, -8.719377554465506 40.64473972864776, -8.719378998832605 40.64474127722126, -8.719380555182692 40.64474286614241, -8.71938207118349 40.64474446936196, -8.719383394502719 40.644746060830734, -8.719384372808099 40.64474761449949, -8.71938485376735 40.644749104319004, -8.719384685048192 40.644750504240044, -8.719383714318347 40.64475178821343, -8.71938098685737 40.64475331947586, -8.719377837391173 40.64475379372137, -8.719374351803628 40.644753418526555, -8.719370615978612 40.64475240146791, -8.719366715799996 40.64475095012201, -8.71936273715166 40.644749272065376, -8.719358765917478 40.64474757487461, -8.719354887981323 40.64474606612626, -8.71935118922707 40.64474495339694)",,,,
1,,11793,1,11793_1,"LINESTRING (-8.719367698555084 40.64472571454097, -8.719366887376982 40.644724540981585, -8.719366062312053 40.64472336274108, -8.719365211210569 40.64472219087141, -8.719364321922793 40.644721036424585, -8.719363382298999 40.64471991045251, -8.719362380189454 40.64471882400724, -8.719361303444424 40.64471778814065, -8.719360139914178 40.6447168139048, -8.719358877448986 40.644715912351614, -8.719355276759574 40.644713739352916, -8.719351470803261 40.64471177423751, -8.719347489314266 40.64470999712706, -8.719343362026809 40.64470838814312, -8.719339118675109 40.64470692740738, -8.719334788993386 40.64470559504137, -8.719330402715858 40.64470437116675, -8.719325989576747 40.64470323590514, -8.71932157931027 40.64470216937806)",,,,
1,,11794,1,11794_1,"LINESTRING (-8.719376517660548 40.6447384533855, -8.719372422505762 40.64473309336687, -8.71936770054722 40.64472792681957, -8.719362405018984 40.644723013130694, -8.719356589155103 40.644718411687435, -8.719350306189636 40.6447141818769, -8.719343609356637 40.64471038308628, -8.71933655189016 40.64470707470271, -8.719329187024261 40.64470431611341, -8.719321567992996 40.64470216670555)",,,,
1,,11795,1,11795_1,"LINESTRING (-8.719337934074137 40.644682720922724, -8.719338933124678 40.6446852561564, -8.719338885940234 40.64468818423875, -8.719337939166524 40.6446912967031, -8.719336239449275 40.64469438508274, -8.71933393343421 40.644697240911, -8.719331167767054 40.64469965572127, -8.71932808909353 40.644701421046946, -8.71932484405936 40.64470232842139, -8.71932157931027 40.64470216937806)",,,,
1,,11796,1,11796_1,"LINESTRING (-8.719346753179602 40.64469545977547, -8.71934793323143 40.64469694195301, -8.71934937759853 40.64469849052753, -8.719350933948618 40.64470007944967, -8.719352449949415 40.644701682670295, -8.719353773268645 40.644703274140085, -8.719354751574025 40.64470482780983, -8.719355232533275 40.644706317630266, -8.719355063814117 40.64470771755222, -8.719354093084272 40.64470900152642, -8.719351365623297 40.644710532789844, -8.7193482161571 40.64471100703566, -8.719344730569553 40.64471063184059, -8.719340994744536 40.644709614781306, -8.719337094565924 40.644708163434466, -8.719333115917587 40.644706485376766, -8.719329144683403 40.6447047881849, -8.719325266747248 40.64470327943558, -8.719321567992996 40.64470216670555)",,,,
1,,11797,1,11797_1,"LINESTRING (-8.719338077321009 40.644682927837245, -8.719337266142908 40.64468175427712, -8.71933644107798 40.64468057603585, -8.719335589976495 40.644679404165444, -8.719334700688721 40.644678249717856, -8.719333761064926 40.64467712374509, -8.719332758955378 40.644676037299085, -8.719331682210349 40.644675001431864, -8.719330518680104 40.64467402719537, -8.719329256214914 40.644673125641624, -8.7193256555255 40.644670952641505, -8.719321849569186 40.64466898752485, -8.719317868080191 40.64466721041326, -8.719313740792733 40.64466560142833, -8.719309497441035 40.64466414069162, -8.719305167759313 40.644662808324775, -8.719300781481785 40.644661584449366, -8.719296368342674 40.644660449187015, -8.719291958076196 40.64465938265927)",,,,
1,,11798,1,11798_1,"LINESTRING (-8.719346896426476 40.64469566668994, -8.719342801271686 40.6446903066679, -8.719338079313147 40.64468514011727, -8.719332783784909 40.644680226425265, -8.71932696792103 40.64467562497902, -8.719320684955562 40.644671395165766, -8.719313988122563 40.644667596372706, -8.719306930656087 40.64466428798703, -8.719299565790188 40.644661529395975, -8.719291946758922 40.64465937998674)",,,,
1,,11799,1,11799_1,"LINESTRING (-8.719308312840063 40.644639934191446, -8.719309311890605 40.64464246942674, -8.71930926470616 40.64464539751098, -8.71930831793245 40.644648509977316, -8.719306618215201 40.644651598358934, -8.719304312200137 40.64465445418903, -8.71930154653298 40.64465686900085, -8.719298467859455 40.644658634327655, -8.719295222825286 40.6446595417027, -8.719291958076196 40.64465938265927)",,,,
1,,11800,1,11800_1,"LINESTRING (-8.719317131945528 40.644652673052356, -8.719318311997357 40.64465415523086, -8.719319756364456 40.64465570380635, -8.719321312714545 40.64465729272953, -8.719322828715342 40.644658895951146, -8.71932415203457 40.64466048742199, -8.719325130339952 40.64466204109272, -8.719325611299201 40.64466353091415, -8.719325442580043 40.644664930836974, -8.719324471850197 40.64466621481201, -8.719321744389221 40.6446677460764, -8.719318594923024 40.64466822032252, -8.71931510933548 40.644667845127216, -8.719311373510463 40.64466682806725, -8.719307473331849 40.644665376719495, -8.719303494683514 40.64466369866073, -8.71929952344933 40.644662001467765, -8.719295645513174 40.644660492717485, -8.719291946758922 40.64465937998674)",,,,
1,,11801,1,11801_1,"LINESTRING (-8.719308456086935 40.644640141106116, -8.719307644908833 40.644638967545205, -8.719306819843906 40.6446377893032, -8.71930596874242 40.64463661743205, -8.719305079454646 40.6446354629837, -8.719304139830852 40.644634337010224, -8.719303137721305 40.64463325056353, -8.719302060976274 40.64463221469565, -8.719300897446029 40.644631240458516, -8.719299634980839 40.644630338904186, -8.719296034291427 40.64462816590269, -8.71929222833511 40.64462620078477, -8.719288246846116 40.644624423672056, -8.71928411955866 40.64462281468605, -8.71927987620696 40.64462135394843, -8.719275546525237 40.64462002158074, -8.719271160247711 40.644618797704545, -8.719266747108598 40.644617662441455, -8.719262336842121 40.64461659591303)",,,,
1,,11802,1,11802_1,"LINESTRING (-8.7193172751924 40.64465287996698, -8.719313180037613 40.64464751994148, -8.719308458079071 40.64464235338754, -8.719303162550835 40.64463743969238, -8.719297346686956 40.64463283824321, -8.719291063721489 40.64462860842726, -8.719284366888488 40.64462480963173, -8.719277309422012 40.64462150124394, -8.719269944556112 40.644618742651105, -8.719262325524847 40.64461659324049)",,,,
1,,11803,1,11803_1,"LINESTRING (-8.719278691605988 40.644597147432734, -8.71927969065653 40.644599682669664, -8.719279643472085 40.64460261075578, -8.719278696698376 40.644605723224124, -8.719276996981128 40.644608811607704, -8.719274690966063 40.644611667439634, -8.719271925298905 40.64461408225301, -8.719268846625381 40.64461584758092, -8.719265601591212 40.64461675495656, -8.719262336842121 40.64461659591303)",,,,
1,,11804,1,11804_1,"LINESTRING (-8.719287510711453 40.644609886301815, -8.719288690763284 40.644611368481286, -8.71929013513038 40.644612917057735, -8.71929169148047 40.64461450598194, -8.719293207481266 40.6446161092046, -8.719294530800497 40.644617700676456, -8.719295509105876 40.64461925434818, -8.719295990065126 40.64462074417055, -8.71929582134597 40.64462214409429, -8.719294850616125 40.64462342807015, -8.719292123155148 40.64462495933552, -8.71928897368895 40.64462543358195, -8.719285488101406 40.644625058386396, -8.71928175227639 40.64462404132579, -8.719277852097775 40.64462258997709, -8.719273873449438 40.64462091191726, -8.719269902215256 40.6446192147232, -8.719266024279099 40.64461770597195, -8.719262325524847 40.64461659324049)",,,,
1,,11805,1,11805_1,"LINESTRING (-8.719278834852862 40.64459735434753, -8.71927802367476 40.64459618078588, -8.71927719860983 40.64459500254311, -8.719276347508346 40.644593830671205, -8.71927545822057 40.64459267622214, -8.719274518596777 40.644591550247924, -8.71927351648723 40.64459046380055, -8.7192724397422 40.644589427931976, -8.719271276211956 40.64458845369423, -8.719270013746764 40.64458755213932, -8.719266413057351 40.64458537913645, -8.719262607101037 40.644583414017276, -8.719258625612042 40.644581636903396, -8.719254498324586 40.644580027916376, -8.719250254972886 40.64457856717781, -8.719245925291162 40.644577234809255, -8.719241539013636 40.644576010932276, -8.719237125874525 40.64457487566847, -8.719232715608046 40.64457380913935)",,,,
1,,11806,1,11806_1,"LINESTRING (-8.719287653958325 40.64461009321656, -8.719283558803538 40.64460473318763, -8.719278836844998 40.64459956663038, -8.719273541316761 40.644594652932064, -8.71926772545288 40.64459005147995, -8.719261442487413 40.64458582166127, -8.719254745654414 40.64458202286335, -8.719247688187936 40.64457871447342, -8.719240323322039 40.64457595587883, -8.719232704290773 40.64457380646682)",,,,
1,,11807,1,11807_1,"LINESTRING (-8.719249070371914 40.644554360646616, -8.719250069422456 40.64455689588515, -8.71925002223801 40.644559823973154, -8.719249075464301 40.64456293644348, -8.719247375747054 40.64456602482907, -8.719245069731988 40.64456888066281, -8.719242304064833 40.64457129547773, -8.719239225391307 40.64457306080677, -8.719235980357137 40.64457396818299, -8.719232715608046 40.64457380913935)",,,,
1,,11808,1,11808_1,"LINESTRING (-8.71925788947738 40.64456709952384, -8.71925906952921 40.64456858170428, -8.719260513896307 40.64457013028173, -8.719262070246396 40.64457171920695, -8.719263586247195 40.644573322430624, -8.719264909566421 40.6445749139035, -8.719265887871801 40.644576467576215, -8.719266368831052 40.644577957399555, -8.719266200111894 40.64457935732418, -8.71926522938205 40.64458064130085, -8.719262501921074 40.64458217256722, -8.719259352454875 40.64458264681395, -8.719255866867332 40.64458227161814, -8.719252131042314 40.644581254556904, -8.7192482308637 40.644579803207264, -8.719244252215363 40.64457812514636, -8.71924028098118 40.644576427951236, -8.719236403045025 40.644574919198995, -8.719232704290773 40.64457380646682)",,,,
1,,11809,1,11809_1,"LINESTRING (-8.719249213618786 40.64455456756152, -8.719248402440684 40.64455339399913, -8.719247577375757 40.644552215755624, -8.719246726274271 40.64455104388295, -8.719245836986497 40.64454988943315, -8.719244897362701 40.6445487634582, -8.719243895253157 40.64454767701013, -8.719242818508127 40.6445466411409, -8.71924165497788 40.644545666902545, -8.71924039251269 40.64454476534705, -8.719236791823278 40.64454259234275, -8.719232985866963 40.644540627222334, -8.719229004377969 40.64453885010733, -8.719224877090511 40.64453724111927, -8.719220633738813 40.64453578037976, -8.71921630405709 40.64453444801037, -8.719211917779562 40.644533224132594, -8.71920750464045 40.644532088868054, -8.719203094373974 40.64453102233825)",,,,
1,,11810,1,11810_1,"LINESTRING (-8.719258032724252 40.64456730643872, -8.719253937569464 40.64456194640637, -8.719249215610924 40.64455677984582, -8.719243920082686 40.64455186614435, -8.719238104218807 40.64454726468925, -8.71923182125334 40.64454303486788, -8.719225124420339 40.644539236067516, -8.719218066953863 40.64453592767548, -8.719210702087963 40.644533169079104, -8.719203083056698 40.64453101966572)",,,,
1,,11811,1,11811_1,"LINESTRING (-8.71921944913784 40.64451157383305, -8.719220448188382 40.64451410907321, -8.719220401003936 40.64451703716309, -8.719219454230227 40.64452014963543, -8.719217754512979 40.644523238022984, -8.719215448497915 40.64452609385855, -8.719212682830758 40.64452850867502, -8.719209604157232 40.64453027400521, -8.719206359123064 40.644531181382014, -8.719203094373974 40.64453102233825)",,,,
1,,11812,1,11812_1,"LINESTRING (-8.719228268243306 40.64452431271844, -8.719229448295135 40.64452579489982, -8.719230892662234 40.64452734347826, -8.71923244901232 40.644528932404526, -8.71923396501312 40.644530535629215, -8.719235288332348 40.644532127103105, -8.719236266637727 40.644533680776846, -8.719236747596979 40.644535170601124, -8.71923657887782 40.64453657052664, -8.719235608147976 40.64453785450415, -8.719232880686999 40.64453938577149, -8.719229731220803 40.644539860018526, -8.719226245633257 40.64453948482249, -8.71922250980824 40.64453846776059, -8.719218609629626 40.64453701641003, -8.71921463098129 40.64453533834803, -8.719210659747107 40.64453364115181, -8.71920678181095 40.6445321323986, -8.719203083056698 40.64453101966572)",,,,
1,,11813,1,11813_1,"LINESTRING (-8.719219592384713 40.644511780748104, -8.71921878120661 40.64451060718495, -8.719217956141684 40.64450942894068, -8.719217105040197 40.644508257067244, -8.719216215752423 40.64450710261671, -8.719215276128628 40.644505976641064, -8.719214274019082 40.64450489019229, -8.719213197274053 40.644503854322394, -8.719212033743807 40.64450288008341, -8.719210771278616 40.64450197852732, -8.719207170589202 40.64449980552165, -8.71920336463289 40.644497840399964, -8.719199383143893 40.64449606328381, -8.719195255856437 40.64449445429473, -8.719191012504737 40.64449299355429, -8.719186682823015 40.64449166118403, -8.719182296545489 40.64449043730549, -8.719177883406376 40.64448930204021, -8.719173473139898 40.64448823550972)",,,,
1,,11814,1,11814_1,"LINESTRING (-8.719228411490178 40.64452451963344, -8.71922431633539 40.644519159597664, -8.719219594376849 40.644513993033804, -8.719214298848613 40.644509079329175, -8.719208482984731 40.64450447787116, -8.719202200019264 40.64450024804706, -8.719195503186265 40.64449644924425, -8.719188445719789 40.6444931408501, -8.71918108085389 40.644490382251945, -8.719173461822624 40.64448823283719)",,,,
1,,11815,1,11815_1,"LINESTRING (-8.719189827903765 40.64446878699205, -8.719190826954307 40.64447132223384, -8.719190779769862 40.64447425032558, -8.719189832996152 40.64447736279993, -8.719188133278903 40.644480451189466, -8.71918582726384 40.64448330702687, -8.719183061596683 40.644485721844866, -8.719179982923158 40.64448748717619, -8.719176737888988 40.64448839455359, -8.719173473139898 40.64448823550972)",,,,
1,,11816,1,11816_1,"LINESTRING (-8.71919864700923 40.64448152588561, -8.719199827061061 40.64448300806793, -8.71920127142816 40.644484556647384, -8.719202827778247 40.644486145574646, -8.719204343779044 40.64448774880038, -8.719205667098274 40.644489340275285, -8.719206645403654 40.64449089394999, -8.719207126362905 40.64449238377524, -8.719206957643745 40.64449378370168, -8.7192059869139 40.64449506768, -8.719203259452925 40.64449659894833, -8.719200109986728 40.64449707319567, -8.719196624399181 40.64449669799937, -8.719192888574165 40.644495680936814, -8.719188988395553 40.64449422958534, -8.719185009747216 40.64449255152227, -8.719181038513032 40.644490854324964, -8.719177160576876 40.64448934557081, -8.719173461822624 40.64448823283719)",,,,
1,,11817,1,11817_1,"LINESTRING (-8.719189971150637 40.64446899390723, -8.719189159972537 40.644467820343344, -8.719188334907608 40.64446664209831, -8.719187483806124 40.644465470224134, -8.71918659451835 40.64446431577286, -8.719185654894554 40.644463189796475, -8.719184652785007 40.64446210334701, -8.719183576039978 40.644461067476435, -8.719182412509733 40.64446009323684, -8.719181150044543 40.64445919168019, -8.719177549355129 40.64445701867312, -8.719173743398814 40.64445505355016, -8.71916976190982 40.64445327643286, -8.719165634622362 40.644451667442766, -8.719161391270664 40.64445020670138, -8.719157061588941 40.64444887433026, -8.719152675311413 40.64444765045096, -8.719148262172302 40.64444651518494, -8.719143851905825 40.64444544865379)",,,,
1,,11818,1,11818_1,"LINESTRING (-8.719198790256105 40.64448173280077, -8.719194695101317 40.644476372761524, -8.719189973142775 40.64447120619435, -8.719184677614537 40.6444662924866, -8.719178861750658 40.644461691025604, -8.71917257878519 40.64445746119878, -8.719165881952192 40.64445366239356, -8.719158824485715 40.64445035399727, -8.719151459619816 40.64444759539739, -8.71914384058855 40.644445445981255)",,,,
1,,11819,1,11819_1,"LINESTRING (-8.719160206669692 40.644426000123644, -8.719161205720233 40.64442853536704, -8.719161158535789 40.64443146346066, -8.719160211762079 40.644434575937, -8.719158512044832 40.64443766432849, -8.719156206029766 40.64444052016775, -8.719153440362609 40.6444429349873, -8.719150361689083 40.64444470031975, -8.719147116654916 40.64444560769773, -8.719143851905825 40.64444544865379)",,,,
1,,11820,1,11820_1,"LINESTRING (-8.719169025775157 40.644438739025375, -8.719170205826986 40.64444022120864, -8.719171650194085 40.64444176978906, -8.719173206544173 40.64444335871734, -8.719174722544972 40.64444496194412, -8.7191760458642 40.64444655342002, -8.71917702416958 40.64444810709576, -8.71917750512883 40.64444959692195, -8.719177336409674 40.64445099684928, -8.719176365679827 40.64445228082841, -8.71917363821885 40.64445381209774, -8.719170488752653 40.64445428634536, -8.71916700316511 40.64445391114884, -8.719163267340091 40.64445289408564, -8.719159367161478 40.64445144273322, -8.719155388513142 40.64444976466906, -8.719151417278958 40.644448067470684, -8.719147539342803 40.644446558715565, -8.71914384058855 40.644445445981255)",,,,
1,,11821,1,11821_1,"LINESTRING (-8.718744071363327 40.644597548326686, -8.718759107698805 40.64459936569517, -8.718775121616895 40.64460009991961, -8.718789406184886 40.644602416072985, -8.71879925447006 40.64460897922782)",,,,
1,,11822,1,11822_1,"LINESTRING (-8.71880188676947 40.64468105507357, -8.718816978071988 40.64468275175665, -8.718833098612066 40.64468321774127, -8.718847488352425 40.64468526697888, -8.718857387255785 40.64469171342059)",,,,
1,,11823,1,11823_1,"LINESTRING (-8.71877332109008 40.64463938310808, -8.718788214503185 40.64464107343112, -8.718804117848967 40.64464156714656, -8.71881831250207 40.644643623893515, -8.718828079837138 40.64465000331074)",,,,
1,,11824,1,11824_1,"LINESTRING (-8.718858720445004 40.64476432808389, -8.718874222436995 40.64476600157588, -8.718890806409394 40.644766332375376, -8.718905614987014 40.64476828721932, -8.718915790794663 40.644774832844135)",,,,
1,,11825,1,11825_1,"LINESTRING (-8.718830154765614 40.6447226561704, -8.71884545872203 40.644724323301645, -8.718861825567478 40.64472468190466, -8.718876439164596 40.64472664429461, -8.718886483376016 40.644733122786235)",,,,
1,,11826,1,11826_1,"LINESTRING (-8.718916391168797 40.64484780019066, -8.718931994520773 40.64484936096195, -8.71894872852049 40.64484942982513, -8.7189636797317 40.644851129494135, -8.718973934718166 40.64485758268249)",,,,
1,,11827,1,11827_1,"LINESTRING (-8.718887825489407 40.644806128329286, -8.718903230567113 40.64480768273857, -8.718919747549858 40.644807779523994, -8.718934503954907 40.644809486798906, -8.718944627299521 40.64481587267629)",,,,
1,,11828,1,11828_1,"LINESTRING (-8.718973452117341 40.64493112707921, -8.718989279727209 40.64493256508778, -8.719006299009438 40.6449323240799, -8.719021514417312 40.644933733164045, -8.719031930404114 40.64494012144842)",,,,
1,,11829,1,11829_1,"LINESTRING (-8.718944886437953 40.64488945526985, -8.71896051552869 40.64489088691519, -8.718977317906768 40.64489067395126, -8.718992338687316 40.644892090702726, -8.71900262298547 40.64489841149383)",,,,
1,,11830,1,11830_1,"LINESTRING (-8.71903169659449 40.645014735518586, -8.719047729152893 40.645016225268364, -8.7190649589856 40.645016052129805, -8.719080360589968 40.64501755135898, -8.719090908463352 40.64502405821159)",,,,
1,,11831,1,11831_1,"LINESTRING (-8.719003130915098 40.644973063761434, -8.719018965006383 40.644974547148266, -8.719035977910977 40.64497440202778, -8.719051184850034 40.64497590891123, -8.719061601044706 40.64498234830946)",,,,
1,,11832,1,11832_1,"LINESTRING (-8.719088739532088 40.645098057912506, -8.71910510829455 40.6450995021031, -8.719122721896577 40.64509916067493, -8.719138471207934 40.64510052460029, -8.719149247098386 40.645107084851205)",,,,
1,,11833,1,11833_1,"LINESTRING (-8.719060173852698 40.64505638620736, -8.719076344031995 40.64505782403446, -8.719093740759375 40.64505751068201, -8.71910929549018 40.64505888229075, -8.71911993967974 40.645065375000925)",,,,
1,,11834,1,11834_1,"LINESTRING (-8.71914628417926 40.645181499598394, -8.719163536841835 40.645183371485075, -8.719181990377844 40.64518375972381, -8.719198467686123 40.64518595570782, -8.719209791665504 40.645193250829855)",,,,
1,,11835,1,11835_1,"LINESTRING (-8.71911771849987 40.645139827945364, -8.71913477314262 40.645141693471544, -8.719153009544423 40.645142109505805, -8.719169291860696 40.645144313032, -8.719180484246857 40.64515154103342)",,,,
1,,11836,1,11836_1,"LINESTRING (-8.719204068539558 40.645264998226416, -8.719221327687691 40.64526670759909, -8.71923984294034 40.64526674738633, -8.719256386773342 40.645268590518505, -8.719267731662542 40.645275709925336)",,,,
1,,11837,1,11837_1,"LINESTRING (-8.719175502860168 40.64522332662552, -8.719192563704944 40.645225029636194, -8.719210861954023 40.645225097360004, -8.719227211002107 40.64522694810541, -8.719238424243896 40.64523400018045)",,,,
1,,11838,1,11838_1,"LINESTRING (-8.719261434375726 40.64534839715054, -8.719278857499251 40.645349988787885, -8.719297589869363 40.64534974209256, -8.719314336265542 40.645351312053286, -8.719325801467267 40.64535835365843)",,,,
1,,11839,1,11839_1,"LINESTRING (-8.719232868696336 40.64530672560173, -8.719250093312285 40.64530831087603, -8.719268608772923 40.64530809221872, -8.71928516053334 40.64530966984392, -8.719296494048622 40.645316643965195)",,,,
1,,11840,1,11840_1,"LINESTRING (-8.719289603144121 40.64538997421744, -8.719307246613473 40.64539152434631, -8.719326233716158 40.6453911423408, -8.719343211535465 40.6453925983124, -8.719354827154696 40.645399662372135)",,,,
1,,11841,1,11841_1,"LINESTRING (-8.718870420139002 40.64441667056863, -8.718853048110757 40.64441439988968, -8.718834630344837 40.64441315449945, -8.718818219633489 40.64441006865215, -8.718806868768963 40.644402276601234)",,,,
1,,11842,1,11842_1,"LINESTRING (-8.718930580237037 40.644502460985024, -8.718913231855543 40.644500179639586, -8.718894845045929 40.64449890678842, -8.718878463155523 40.6444957954406, -8.718867129531654 40.64448799860465)",,,,
1,,11843,1,11843_1,"LINESTRING (-8.718900887176982 40.64445965717673, -8.71888351008839 40.644457428061884, -8.71886506911658 40.644456271823614, -8.718848633975577 40.644453276251646, -8.718837274379407 40.64444552913498)",,,,
1,,11844,1,11844_1,"LINESTRING (-8.718989489314149 40.6445879558674, -8.718972289950132 40.644585562004934, -8.71895411940686 40.64458402048061, -8.718937942473529 40.64458065083249, -8.718926723939346 40.644572772597954)",,,,
1,,11845,1,11845_1,"LINESTRING (-8.718959796254094 40.64454515211395, -8.718942569065785 40.64454281048448, -8.718924343953676 40.64454138513356, -8.718908113125025 40.64453813104007, -8.718896868787096 40.64453030318224)",,,,
1,,11846,1,11846_1,"LINESTRING (-8.719018493582528 40.644630596938036, -8.719001751689989 40.64462834104988, -8.718984031255712 40.64462699770264, -8.718968248040373 40.644623877942834, -8.718957317804648 40.644616292816394)",,,,
1,,11847,1,11847_1,"LINESTRING (-8.719048186642583 40.64467340063671, -8.719031472704824 40.644671092515935, -8.719013806779278 40.644669632930466, -8.718998077363961 40.64466639758343, -8.718987172956895 40.64465876217743)",,,,
1,,11848,1,11848_1,"LINESTRING (-8.719077964888887 40.6447162244243, -8.719061674626623 40.64471414807183, -8.719044381455133 40.64471309244145, -8.719028968098398 40.64471031303988, -8.719018317280396 40.644703065373314)",,,,
1,,11849,1,11849_1,"LINESTRING (-8.719107657948943 40.644759028068044, -8.719091396475855 40.64475689948536, -8.719074157428754 40.644755727201606, -8.71905879726267 40.64475283200395, -8.719048172432643 40.6447455346791)",,,,
1,,11850,1,11850_1,"LINESTRING (-8.719137679584533 40.64480190927595, -8.719121323549443 40.644799693641914, -8.719104016701401 40.644798356402305, -8.719088602949043 40.64479528321524, -8.719077926201003 40.644787859738216)",,,,
1,,11851,1,11851_1,"LINESTRING (-8.719167372644588 40.64484471286475, -8.719151044477094 40.64484244499795, -8.719133792177942 40.6448409915638, -8.719118432289276 40.64483780281158, -8.71910778135325 40.64483032899007)",,,,
1,,11852,1,11852_1,"LINESTRING (-8.719197002423428 40.644887501482536, -8.719181068552231 40.64488542251312, -8.719164173932679 40.64488428810448, -8.719149120051656 40.64488146576148, -8.719138708396056 40.64487432298841)",,,,
1,,11853,1,11853_1,"LINESTRING (-8.719226695483483 40.64493030501646, -8.719210790049173 40.6449281738159, -8.719193949716281 40.64492692292949, -8.719178949283195 40.6449239848789, -8.719168563548303 40.64491679218525)",,,,
1,,11854,1,11854_1,"LINESTRING (-8.719256356902932 40.64497310105114, -8.71924066252865 40.64497103818269, -8.719224028320099 40.64496988872249, -8.719209207838688 40.644967076099164, -8.71919895464583 40.644960023740815)",,,,
1,,11855,1,11855_1,"LINESTRING (-8.719286049962987 40.64501590453016, -8.719270383911223 40.64501378943031, -8.719253804042014 40.64501252354939, -8.719239037092063 40.645009595247224, -8.719228809798077 40.6450024928831)",,,,
1,,11856,1,11856_1,"LINESTRING (-8.719315265980041 40.645058595330674, -8.719299720529218 40.64505641994541, -8.719283302630316 40.645055001860555, -8.719268687174646 40.645051930961884, -8.719258549053519 40.645044797134595)",,,,
1,,11857,1,11857_1,"LINESTRING (-8.719344959040098 40.645101398754825, -8.719329440932142 40.6450991711355, -8.71931307782383 40.64509763711764, -8.719298516615071 40.64509445078554, -8.719288404205766 40.645087266222944)",,,,
1,,11858,1,11858_1,"LINESTRING (-8.719375574545543 40.64514441998166, -8.719360082927851 40.645142276802424, -8.719343710687903 40.645140915783735, -8.719329133514615 40.64513790871755, -8.719319027096905 40.64513082739524)",,,,
1,,11859,1,11859_1,"LINESTRING (-8.719405267605598 40.64518722335081, -8.719389803513016 40.64518502793803, -8.719373485979714 40.64518355089579, -8.719358962920243 40.64518042835071, -8.719348882249152 40.64517329642886)",,,,
1,,11860,1,11860_1,"LINESTRING (-8.719433943298442 40.645229786447466, -8.719419060085995 40.64522776382878, -8.719403314560541 40.64522653323548, -8.719389291954014 40.645223722755034, -8.719379577498346 40.64521696047442)",,,,
1,,11861,1,11861_1,"LINESTRING (-8.719463636358498 40.64527258976188, -8.71944878094379 40.64527051491044, -8.719433089999404 40.645269168158, -8.71941912130759 40.64526624213046, -8.719409432650593 40.6452594294532)",,,,
