link_id,assumSpeedOncom,consVehInDynPot,costPerKm,desSpeedFact,direction,displayType,emergStopDist,emiCalcAct,gradient,hasOvtLn,isPedArea,level,linkBehavType,linkEvalAct,linkEvalSegLen,lnChgDist,lnChgDistIsPerLn,lnChgEvalAct,lookAheadDistOvt,mesoFollowUpGap,mesoSpeed,mesoSpeedModel,name,netPerfEvalAct,no,ovtOnlyPT,ovtSpeedFact,rvsPark,showClsfValues,showLinkBar,showVeh,surch1,surch2,thickness,vehDynPotG,vehRecAct,num_lanes,geom
1,60,false,0,1,ALL,63,5,true,0,false,false,1,1,true,10,200,false,true,500,0,50,VEHICLEBASED,TNorte 1,true,1,false,1.3,false,true,true,true,0,0,0,3,true,2,"LINESTRING (-8.729163979635562 40.646177049249786, -8.729189289664426 40.64616669166443, -8.729212601360608 40.6461539160756, -8.72923351585452 40.64613894107587, -8.729251675293376 40.6461220228902, -8.729266768964141 40.64610345099209, -8.729278538609924 40.64608354315065, -8.729286782848819 40.646062639993524, -8.729291360619616 40.64604109917877, -8.729292193595388 40.64601928927524, -8.729289267523688 40.645997583456364, -8.729282632470412 40.64597635311496, -8.729272401963163 40.645955961508754, -8.729258751048755 40.64593675754467, -8.729241913298122 40.64591906980902, -8.729222176809841 40.64590320094518, -8.729199879280703 40.645889422475186, -8.72917540222761 40.645877970153855, -8.729149164459725 40.64586903993481, -8.729121614912538 40.64586278461761, -8.729093224966434 40.64585931123326, -8.729064480381263 40.64585867921274, -8.729035872984847 40.64586089937016, -8.72900789225767 40.64586593371778, -8.728981016957734 40.64587369611585, -8.728955706928868 40.64588405374667, -8.728932395232686 40.64589682938716, -8.728911480738773 40.64591180444124, -8.728893321299918 40.64592872268019, -8.728878227629155 40.645947294626886, -8.728866457983372 40.64596720250899, -8.728858213744475 40.645988105696, -8.728853635973678 40.64600964652785, -8.728852802997906 40.64603145643456, -8.728855729069608 40.64605316224242, -8.728862364122882 40.64607439255936, -8.72887259463013 40.64609478412939, -8.728886245544539 40.64611398804801, -8.728903083295172 40.64613167573201, -8.728922819783453 40.64614754454152, -8.728945117312591 40.646161322958235, -8.728969594365685 40.64617277523094, -8.728995832133569 40.646181705409326, -8.729023381680758 40.64618796069662, -8.72905177162686 40.64619143406388, -8.729080516212031 40.64619206608126, -8.729109123608447 40.646189845934835, -8.729137104335624 40.64618481161167)"
2,60,false,0,1,ALL,65,5,true,0,false,false,1,1,true,10,200,false,true,500,0,50,VEHICLEBASED,TNorte 3,true,2,false,1.3,false,true,true,true,0,0,0,3,true,3,"LINESTRING (-8.729919592907006 40.64553869667774, -8.729267989381965 40.6458293687379)"
3,60,false,0,1,ALL,67,5,true,0,false,false,1,1,true,10,200,false,true,500,0,50,VEHICLEBASED,TNorte 5,true,3,false,1.3,false,true,true,true,0,0,0,3,true,2,"LINESTRING (-8.728901362961 40.645803292141416, -8.726424196858693 40.642675294725244, -8.726367115500894 40.642606935486334, -8.726272622194294 40.642482137805914, -8.726158693371259 40.64235435081181, -8.726046797156869 40.64223748502633, -8.725927680154687 40.64212486284158, -8.725787646565275 40.64200526206095, -8.725649559063442 40.641903125154535, -8.725513670983434 40.641809535500066, -8.72534758189619 40.641724095757255, -8.725205897197958 40.64165843628158, -8.725000792752148 40.64157502551941, -8.72487575497734 40.64153217325117, -8.724742885934527 40.64151528846695, -8.724562427696187 40.64151502479469, -8.724409670901668 40.64154478378828, -8.721987446161 40.64245619967597)"
4,60,false,0,1,ALL,64,5,true,0,false,false,1,1,true,10,200,false,true,500,0,50,VEHICLEBASED,TNorte 2,true,4,false,1.3,false,true,true,true,0,0,0,3,true,3,"LINESTRING (-8.729130999108817 40.64626066819783, -8.73044743092047 40.647985288152235)"
5,60,false,0,1,ALL,66,5,true,0,false,false,1,1,true,10,200,false,true,500,0,50,VEHICLEBASED,TNorte 4,true,5,false,1.3,false,true,true,true,0,0,0,3,true,2,"LINESTRING (-8.726495942391466 40.6431486846865, -8.725814034085738 40.64347236909025)"
6,60,false,0,1,ALL,64,5,true,0,false,false,1,1,true,10,200,false,true,500,0,50,VEHICLEBASED,TNorte 2,true,6,false,1.3,false,true,true,true,0,0,0,3,true,1,"LINESTRING (-8.731082640399467 40.64822560126785, -8.73151345311165 40.64803776819348)"
7,60,false,0,1,ALL,63,5,true,0,false,false,1,1,true,10,200,false,true,500,0,50,VEHICLEBASED,TNorte 1,true,7,false,1.3,false,true,true,true,0,0,0,3,true,1,"LINESTRING (-8.728771333150162 40.64633153896106, -8.728184763437573 40.64660046438992)"
8,60,false,0,1,ALL,87,5,true,0,false,false,1,1,true,10,200,false,true,500,0,50,VEHICLEBASED,TGL 2,true,8,false,1.3,false,true,true,true,0,0,0,3,true,1,"LINESTRING (-8.705429388404227 40.65173005076884, -8.706357924644403 40.65135614484824)"
9,60,false,0,1,ALL,11,5,true,0,false,false,1,6,true,10,200,false,true,500,0,50,VEHICLEBASED,Rail,true,9,false,1.3,false,true,true,true,0,0,0,3,true,1,"LINESTRING (-8.721790949856382 40.64179487902538, -8.722130913117592 40.64170448298332, -8.722621003690648 40.64157963089368, -8.722967557716373 40.641516056509204, -8.723347022297915 40.641483627021046, -8.723749960306598 40.64148445766333, -8.724019359678412 40.641511656410245, -8.724267642435567 40.64154909910383, -8.724489258473305 40.641600489983105, -8.724843144480113 40.64171996551732, -8.7251661893204 40.64187586168615, -8.725489740032156 40.64206288126247, -8.725734776945579 40.642270163053944, -8.725947447231485 40.642507167257996, -8.730510900217356 40.648282049297066)"
10,60,false,0,1,ALL,66,5,true,0,false,false,1,1,true,10,200,false,true,500,0,50,VEHICLEBASED,TNorte 4,true,10,false,1.3,false,true,true,true,0,0,0,3,true,2,"LINESTRING (-8.726892522494637 40.64306273019102, -8.727567393223653 40.64277683201479)"
11,60,false,0,1,ALL,64,5,true,0,false,false,1,1,true,10,200,false,true,500,0,50,VEHICLEBASED,TNorte 2,true,11,false,1.3,false,true,true,true,0,0,0,3,true,1,"LINESTRING (-8.731063696272136 40.648308660544714, -8.731642234405674 40.648039250502876)"
12,60,false,0,1,ALL,64,5,true,0,false,false,1,1,true,10,200,false,true,500,0,50,VEHICLEBASED,TNorte 2,true,12,false,1.3,false,true,true,true,0,0,0,3,true,1,"LINESTRING (-8.73149819875 40.64789032729439, -8.73096585978532 40.648100440268394)"
13,60,false,0,1,ALL,64,5,true,0,false,false,1,1,true,10,200,false,true,500,0,50,VEHICLEBASED,TNorte 2,true,13,false,1.3,false,true,true,true,0,0,0,3,true,3,"LINESTRING (-8.730599232244028 40.647954568420964, -8.729281953744735 40.646232033278224)"
14,60,false,0,1,ALL,65,5,true,0,false,false,1,1,true,10,200,false,true,500,0,50,VEHICLEBASED,TNorte 3,true,14,false,1.3,false,true,true,true,0,0,0,3,true,3,"LINESTRING (-8.729382686210627 40.6459774993999, -8.730059161489303 40.645693541060524)"
15,60,false,0,1,ALL,70,5,true,0,false,false,1,1,true,10,200,false,true,500,0,50,VEHICLEBASED,TNorte 8,true,15,false,1.3,false,true,true,true,0,0,0,3,true,1,"LINESTRING (-8.72074260464653 40.64310992700378, -8.720155800692245 40.64332500522795)"
16,60,false,0,1,ALL,70,5,true,0,false,false,1,1,true,10,200,false,true,500,0,50,VEHICLEBASED,TNorte 8,true,16,false,1.3,false,true,true,true,0,0,0,3,true,1,"LINESTRING (-8.720098105661055 40.6434095076142, -8.720141398904 40.64347491102453)"
17,60,false,0,1,ALL,70,5,true,0,false,false,1,1,true,10,200,false,true,500,0,50,VEHICLEBASED,TNorte 8,true,17,false,1.3,false,true,true,true,0,0,0,3,true,1,"LINESTRING (-8.720186101234003 40.643532686925504, -8.720242703112305 40.643612821711976)"
18,60,false,0,1,ALL,70,5,true,0,false,false,1,1,true,10,200,false,true,500,0,50,VEHICLEBASED,TNorte 8,true,18,false,1.3,false,true,true,true,0,0,0,3,true,1,"LINESTRING (-8.72030742949878 40.64371238618673, -8.72034358493849 40.6437683284765)"
19,60,false,0,1,ALL,70,5,true,0,false,false,1,1,true,10,200,false,true,500,0,50,VEHICLEBASED,TNorte 8,true,19,false,1.3,false,true,true,true,0,0,0,3,true,1,"LINESTRING (-8.720821664364074 40.64394084770222, -8.72132758742081 40.643799221927736)"
20,60,false,0,1,ALL,69,5,true,0,false,false,1,1,true,10,200,false,true,500,0,50,VEHICLEBASED,TNorte 7,true,20,false,1.3,false,true,true,true,0,0,0,3,true,1,"LINESTRING (-8.722574976825983 40.6434304661228, -8.724797010002384 40.64263777057187)"
21,60,false,0,1,ALL,70,5,true,0,false,false,1,1,true,10,200,false,true,500,0,50,VEHICLEBASED,TNorte 8,true,21,false,1.3,false,true,true,true,0,0,0,3,true,1,"LINESTRING (-8.72042751682646 40.64340324846146, -8.720938485679012 40.64321549648686, -8.721037567594013 40.64314398525338, -8.721121854058763 40.64308380256933, -8.721305368405543 40.64294538321395)"
22,60,false,0,1,ALL,66,5,true,0,false,false,1,1,true,10,200,false,true,500,0,50,VEHICLEBASED,TNorte 4,true,22,false,1.3,false,true,true,true,0,0,0,3,true,1,"LINESTRING (-8.728151882162392 40.642662414623224, -8.729100524428798 40.643615468844914)"
23,60,false,0,1,ALL,66,5,true,0,false,false,1,1,true,10,200,false,true,500,0,50,VEHICLEBASED,TNorte 4,true,23,false,1.3,false,true,true,true,0,0,0,3,true,1,"LINESTRING (-8.727698229240692 40.64273848601164, -8.728070660419904 40.642667432514756)"
24,60,false,0,1,ALL,66,5,true,0,false,false,1,1,true,10,200,false,true,500,0,50,VEHICLEBASED,TNorte 4,true,24,false,1.3,false,true,true,true,0,0,0,3,true,1,"LINESTRING (-8.729132300135623 40.6436949565024, -8.728880052183914 40.64380738951753)"
25,60,false,0,1,ALL,66,5,true,0,false,false,1,1,true,10,200,false,true,500,0,50,VEHICLEBASED,TNorte 4,true,25,false,1.3,false,true,true,true,0,0,0,3,true,1,"LINESTRING (-8.728797347688232 40.643798778400985, -8.727749270540905 40.64267681024919)"
26,60,false,0,1,ALL,66,5,true,0,false,false,1,1,true,10,200,false,true,500,0,50,VEHICLEBASED,TNorte 4,true,26,false,1.3,false,true,true,true,0,0,0,3,true,2,"LINESTRING (-8.727627914939076 40.64265850228736, -8.726819572095044 40.64300035380846)"
27,60,false,0,1,ALL,69,5,true,0,false,false,1,1,true,10,200,false,true,500,0,50,VEHICLEBASED,TNorte 7,true,27,false,1.3,false,true,true,true,0,0,0,3,true,1,"LINESTRING (-8.724779359430288 40.642609284014654, -8.722557326253888 40.64340197990389)"
28,60,false,0,1,ALL,69,5,true,0,false,false,1,1,true,10,200,false,true,500,0,50,VEHICLEBASED,TNorte 7,true,28,false,1.3,false,true,true,true,0,0,0,3,true,2,"LINESTRING (-8.722414679759286 40.643349013661755, -8.721970514081614 40.64269379721853)"
29,60,false,0,1,ALL,70,5,true,0,false,false,1,1,true,10,200,false,true,500,0,50,VEHICLEBASED,TNorte 8,true,29,false,1.3,false,true,true,true,0,0,0,3,true,1,"LINESTRING (-8.721564946676338 40.64385255853424, -8.722357973367984 40.64494478163483, -8.722368697003981 40.64500652130247, -8.72236849289775 40.645079756694315, -8.72236170778267 40.645158844591876, -8.722206380329958 40.646004566071525)"
30,60,false,0,1,ALL,70,5,true,0,false,false,1,1,true,10,200,false,true,500,0,50,VEHICLEBASED,TNorte 8,true,30,false,1.3,false,true,true,true,0,0,0,3,true,1,"LINESTRING (-8.722233774950528 40.64604289021394, -8.722326310000593 40.64605495578066)"
31,60,false,0,1,ALL,70,5,true,0,false,false,1,1,true,10,200,false,true,500,0,50,VEHICLEBASED,TNorte 8,true,31,false,1.3,false,true,true,true,0,0,0,3,true,1,"LINESTRING (-8.722460175142553 40.645977945321654, -8.722587074076694 40.645050761915705, -8.722585033108675 40.64496155163395, -8.722553882922774 40.64485202059665, -8.721701490238983 40.64368558337137, -8.721450131295587 40.64282123578701)"
32,60,false,0,1,ALL,67,5,true,0,false,false,1,1,true,10,200,false,true,500,0,50,VEHICLEBASED,TNorte 5,true,32,false,1.3,false,true,true,true,0,0,0,3,true,2,"LINESTRING (-8.72203135010456 40.64251435392262, -8.724405596666287 40.64164278210012, -8.724497612513154 40.6416106794279, -8.724589816285308 40.64158843612535, -8.724690473585925 40.64158641072653, -8.724808772489531 40.64159749938227, -8.724931193994612 40.641627773805205, -8.72511624841512 40.6416941460229, -8.725324438281989 40.64180164118142, -8.72556697337896 40.64194657962823, -8.725799837225003 40.642122588497486, -8.726066059993059 40.64237671796546, -8.728821390249312 40.64585460074883)"
33,60,false,0,1,ALL,63,5,true,0,false,false,1,1,true,10,200,false,true,500,0,50,VEHICLEBASED,TNorte 1,true,33,false,1.3,false,true,true,true,0,0,0,3,true,2,"LINESTRING (-8.728719352759578 40.64611987985368, -8.728129251972474 40.6463786052768)"
34,60,false,0,1,ALL,68,5,true,0,false,false,1,1,true,10,200,false,true,500,0,50,VEHICLEBASED,TNorte 6,true,34,false,1.3,false,true,true,true,0,0,0,3,true,2,"LINESTRING (-8.72793706237314 40.64634942626616, -8.724880914805347 40.64248972873524, -8.72469766335892 40.64228616490138, -8.724463881187571 40.642098360539656, -8.724134127765236 40.641913409308124)"
35,60,false,0,1,ALL,66,5,true,0,false,false,1,1,true,10,200,false,true,500,0,50,VEHICLEBASED,TNorte 4,true,35,false,1.3,false,true,true,true,0,0,0,3,true,1,"LINESTRING (-8.726303827534556 40.644061431673656, -8.727043324433144 40.64375599416074)"
36,60,false,0,1,ALL,66,5,true,0,false,false,1,1,true,10,200,false,true,500,0,50,VEHICLEBASED,TNorte 4,true,36,false,1.3,false,true,true,true,0,0,0,3,true,2,"LINESTRING (-8.727384706046848 40.644345771295704, -8.726760208103707 40.644622737388474)"
37,60,false,0,1,ALL,64,5,true,0,false,false,1,1,true,10,200,false,true,500,0,50,VEHICLEBASED,TNorte 2,true,37,false,1.3,false,true,true,true,0,0,0,3,true,1,"LINESTRING (-8.730893733070069 40.648472475084674, -8.731004615210882 40.64861172091892)"
38,60,false,0,1,ALL,64,5,true,0,false,false,1,1,true,10,200,false,true,500,0,50,VEHICLEBASED,TNorte 2,true,38,false,1.3,false,true,true,true,0,0,0,3,true,1,"LINESTRING (-8.73143177840685 40.64799348259841, -8.73095873336652 40.648188626907356)"
39,60,false,0,1,ALL,64,5,true,0,false,false,1,1,true,10,200,false,true,500,0,50,VEHICLEBASED,TNorte 2,true,39,false,1.3,false,true,true,true,0,0,0,3,true,1,"LINESTRING (-8.730935831426958 40.64821540508886, -8.730877557795724 40.648429630154155)"
40,60,false,0,1,ALL,65,5,true,0,false,false,1,1,true,10,200,false,true,500,0,50,VEHICLEBASED,TNorte 3,true,40,false,1.3,false,true,true,true,0,0,0,3,true,2,"LINESTRING (-8.730418679814745 40.64533349985204, -8.729990923282873 40.64551024791528)"
41,60,false,0,1,ALL,87,5,true,0,false,false,1,1,true,10,200,false,true,500,0,50,VEHICLEBASED,TGL 2,true,41,false,1.3,false,true,true,true,0,0,0,3,true,1,"LINESTRING (-8.707025736081345 40.652286013993546, -8.706797798448404 40.65200218203744)"
42,60,false,0,1,ALL,88,5,true,0,false,false,1,1,true,10,200,false,true,500,0,50,VEHICLEBASED,TGL 3,true,42,false,1.3,false,true,true,true,0,0,0,3,true,1,"LINESTRING (-8.710869722443487 40.65516070622116, -8.71092281322378 40.65487451215083, -8.710953922923894 40.6548357932108, -8.711024813216474 40.654805653930325)"
43,60,false,0,1,ALL,64,5,true,0,false,false,1,1,true,10,200,false,true,500,0,50,VEHICLEBASED,TNorte 2,true,43,false,1.3,false,true,true,true,0,0,0,3,true,1,"LINESTRING (-8.731522130810461 40.648003107370755, -8.73151021901827 40.64798117061546)"
44,60,false,0,1,ALL,64,5,true,0,false,false,1,1,true,10,200,false,true,500,0,50,VEHICLEBASED,TNorte 2,true,44,false,1.3,false,true,true,true,0,0,0,3,true,1,"LINESTRING (-8.731130003392302 40.648456922378074, -8.731053038203548 40.64835957863347)"
45,60,false,0,1,ALL,64,5,true,0,false,false,1,1,true,10,200,false,true,500,0,50,VEHICLEBASED,TNorte 2,true,45,false,1.3,false,true,true,true,0,0,0,3,true,1,"LINESTRING (-8.731075752555588 40.64863106199364, -8.731348532686468 40.64851243432974)"
46,60,false,0,1,ALL,64,5,true,0,false,false,1,1,true,10,200,false,true,500,0,50,VEHICLEBASED,TNorte 2,true,46,false,1.3,false,true,true,true,0,0,0,3,true,1,"LINESTRING (-8.731305286155258 40.648437727848126, -8.731196646212835 40.64848024807455)"
47,60,false,0,1,ALL,64,5,true,0,false,false,1,1,true,10,200,false,true,500,0,50,VEHICLEBASED,TNorte 2,true,47,false,1.3,false,true,true,true,0,0,0,3,true,1,"LINESTRING (-8.731373953629406 40.64846926171583, -8.73135481368204 40.648443212000096)"
48,60,false,0,1,ALL,63,5,true,0,false,false,1,1,true,10,200,false,true,500,0,50,VEHICLEBASED,TNorte 1,true,48,false,1.3,false,true,true,true,0,0,0,3,true,2,"LINESTRING (-8.7281058714588 40.64679357124745, -8.730159563548973 40.64950080064793)"
49,60,false,0,1,ALL,63,5,true,0,false,false,1,1,true,10,200,false,true,500,0,50,VEHICLEBASED,TNorte 1,true,49,false,1.3,false,true,true,true,0,0,0,3,true,2,"LINESTRING (-8.729964706717125 40.64865194118895, -8.730572744989557 40.648392506706195)"
50,60,false,0,1,ALL,65,5,true,0,false,false,1,1,true,10,200,false,true,500,0,50,VEHICLEBASED,TNorte 3,true,50,false,1.3,false,true,true,true,0,0,0,3,true,2,"LINESTRING (-8.730288597397642 40.645578793807836, -8.730517408653286 40.645461130730325)"
51,60,false,0,1,ALL,74,5,true,0,false,false,1,1,true,10,200,false,true,500,0,50,VEHICLEBASED,TGS 12,true,51,false,1.3,false,true,true,true,0,0,0,3,true,1,"LINESTRING (-8.715893533670199 40.654042818511776, -8.716007945183655 40.65392768231045)"
52,60,false,0,1,ALL,74,5,true,0,false,false,1,1,true,10,200,false,true,500,0,50,VEHICLEBASED,TGS 12,true,52,false,1.3,false,true,true,true,0,0,0,3,true,1,"LINESTRING (-8.715935886141917 40.65386877533994, -8.715683242900472 40.65402139783819)"
53,60,false,0,1,ALL,73,5,true,0,false,false,1,1,true,10,200,false,true,500,0,50,VEHICLEBASED,TGS 11,true,53,false,1.3,false,true,true,true,0,0,0,3,true,1,"LINESTRING (-8.716130001637298 40.65425970244434, -8.716470436284336 40.65416737393566, -8.716614057669805 40.6540744693245, -8.716750916868145 40.653856661516336)"
54,60,false,0,1,ALL,73,5,true,0,false,false,1,1,true,10,200,false,true,500,0,50,VEHICLEBASED,TGS 11,true,54,false,1.3,false,true,true,true,0,0,0,3,true,1,"LINESTRING (-8.716853569520866 40.65390081236434, -8.716576174179224 40.65445248757032)"
55,60,false,0,1,ALL,84,5,true,0,false,false,1,1,true,10,200,false,true,500,0,50,VEHICLEBASED,External Road East,true,55,false,1.3,false,true,true,true,0,0,0,3,true,2,"LINESTRING (-8.70198531409184 40.64587865429773, -8.702291892354449 40.64625179000042, -8.702631193642915 40.64656317752016, -8.702888364999463 40.64672093029365, -8.703348170341226 40.64691339418169)"
56,60,false,0,1,ALL,61,5,true,0,false,false,1,3,true,10,200,false,true,500,0,50,VEHICLEBASED,Port Water Channel,true,56,false,1.3,false,true,true,true,0,0,0,3,true,1,"LINESTRING (-8.726423397119424 40.65147087203581, -8.725354047713559 40.651551405085435, -8.72437885072622 40.65163560898711, -8.722211090531257 40.651821279780485, -8.720099015332305 40.6520944900431, -8.718025211957409 40.65226384391366, -8.715117624054178 40.65249968471325)"
57,60,false,0,1,ALL,81,5,true,0,false,false,1,1,true,10,200,false,true,500,0,50,VEHICLEBASED,External Road South,true,57,false,1.3,false,true,true,true,0,0,0,3,true,2,"LINESTRING (-8.730225647172771 40.630391322684126, -8.730886742434137 40.62861947142711)"
58,60,false,0,1,ALL,77,5,true,0,false,false,1,1,true,10,200,false,true,500,0,50,VEHICLEBASED,TGS Entry/Exit,true,58,false,1.3,false,true,true,true,0,0,0,3,true,2,"LINESTRING (-8.714843791518854 40.65471710022792, -8.714876475853206 40.65434181106079)"
59,60,false,0,1,ALL,76,5,true,0,false,false,1,1,true,10,200,false,true,500,0,50,VEHICLEBASED,TGS Circular,true,59,false,1.3,false,true,true,true,0,0,0,3,true,1,"LINESTRING (-8.71487533773178 40.65421170775281, -8.714956458952528 40.65418576238715, -8.715071268950558 40.65415400444207, -8.715190111359462 40.654129415540446, -8.715309871008325 40.65411490950017, -8.715427432726228 40.65411340013777, -8.715539681342255 40.654127801263556, -8.716458476181295 40.65446811215134)"
60,60,false,0,1,ALL,76,5,true,0,false,false,1,1,true,10,200,false,true,500,0,50,VEHICLEBASED,TGS Circular,true,60,false,1.3,false,true,true,true,0,0,0,3,true,1,"LINESTRING (-8.71648525827996 40.654546526684925, -8.71629532316624 40.65482206410955)"
61,60,false,0,1,ALL,76,5,true,0,false,false,1,1,true,10,200,false,true,500,0,50,VEHICLEBASED,TGS Circular,true,61,false,1.3,false,true,true,true,0,0,0,3,true,1,"LINESTRING (-8.716204956562727 40.65483308619992, -8.71523350717126 40.65446705312017)"
62,60,false,0,1,ALL,76,5,true,0,false,false,1,1,true,10,200,false,true,500,0,50,VEHICLEBASED,TGS Circular,true,62,false,1.3,false,true,true,true,0,0,0,3,true,1,"LINESTRING (-8.715200242993618 40.65442181293717, -8.715347350615241 40.654162709479955)"
63,60,false,0,1,ALL,77,5,true,0,false,false,1,1,true,10,200,false,true,500,0,50,VEHICLEBASED,TGS Entry/Exit,true,63,false,1.3,false,true,true,true,0,0,0,3,true,2,"LINESTRING (-8.714770246834636 40.65432962373251, -8.71474276353089 40.65471353940101)"
64,60,false,0,1,ALL,76,5,true,0,false,false,1,1,true,10,200,false,true,500,0,50,VEHICLEBASED,TGS Circular,true,64,false,1.3,false,true,true,true,0,0,0,3,true,1,"LINESTRING (-8.715138803674643 40.65442181293717, -8.715091128652585 40.65437707558613, -8.715050606675542 40.654330820279064, -8.71499776660623 40.65424075844396, -8.7149206003338 40.6540566549916)"
65,60,false,0,1,ALL,74,5,true,0,false,false,1,1,true,10,200,false,true,500,0,50,VEHICLEBASED,TGS 12,true,65,false,1.3,false,true,true,true,0,0,0,3,true,1,"LINESTRING (-8.714832908147702 40.65405139064858, -8.71476094351413 40.654195682222834)"
66,60,false,0,1,ALL,72,5,true,0,false,false,1,1,true,10,200,false,true,500,0,50,VEHICLEBASED,TGS 10,true,66,false,1.3,false,true,true,true,0,0,0,3,true,1,"LINESTRING (-8.717098177320624 40.65443284275151, -8.719140799865134 40.654212883202156, -8.719195973151677 40.65419849326273, -8.71924576698691 40.65416662287118, -8.719289303015925 40.6541309915243, -8.719565533341044 40.65382525961644)"
67,60,false,0,1,ALL,72,5,true,0,false,false,1,1,true,10,200,false,true,500,0,50,VEHICLEBASED,TGS 10,true,67,false,1.3,false,true,true,true,0,0,0,3,true,1,"LINESTRING (-8.719428645017908 40.65378472487011, -8.719155648229066 40.6540749348571, -8.719112014870166 40.65410220988158, -8.719034179449634 40.65413265992285, -8.71892381548838 40.6541608475917, -8.717452270497544 40.65432649732359)"
68,60,false,0,1,ALL,72,5,true,0,false,false,1,1,true,10,200,false,true,500,0,50,VEHICLEBASED,TGS 10,true,68,false,1.3,false,true,true,true,0,0,0,3,true,1,"LINESTRING (-8.719558390403272 40.653783696673955, -8.719488834073571 40.65375490717529)"
69,60,false,0,1,ALL,73,5,true,0,false,false,1,1,true,10,200,false,true,500,0,50,VEHICLEBASED,TGS 11,true,69,false,1.3,false,true,true,true,0,0,0,3,true,1,"LINESTRING (-8.716402719029448 40.65433551013426, -8.71696798672185 40.65443308078733)"
70,60,false,0,1,ALL,81,5,true,0,false,false,1,1,true,10,200,false,true,500,0,50,VEHICLEBASED,External Road South,true,70,false,1.3,false,true,true,true,0,0,0,3,true,2,"LINESTRING (-8.72967723500694 40.63161571803011, -8.729310981964066 40.63260252524154)"
71,60,false,0,1,ALL,81,5,true,0,false,false,1,1,true,10,200,false,true,500,0,50,VEHICLEBASED,External Road South,true,71,false,1.3,false,true,true,true,0,0,0,3,true,2,"LINESTRING (-8.729769355533536 40.631614236888595, -8.730222417854565 40.630399977707945)"
72,60,false,0,1,ALL,81,5,true,0,false,false,1,1,true,10,200,false,true,500,0,50,VEHICLEBASED,External Road South,true,72,false,1.3,false,true,true,true,0,0,0,3,true,2,"LINESTRING (-8.728286758098811 40.63497906307614, -8.727870903045885 40.63586483085536, -8.727572283479894 40.63650088078034)"
73,60,false,0,1,ALL,73,5,true,0,false,false,1,1,true,10,200,false,true,500,0,50,VEHICLEBASED,TGS 11,true,73,false,1.3,false,true,true,true,0,0,0,3,true,1,"LINESTRING (-8.717320059519988 40.65427845779758, -8.717341577945474 40.65402655113095)"
74,60,false,0,1,ALL,73,5,true,0,false,false,1,1,true,10,200,false,true,500,0,50,VEHICLEBASED,TGS 11,true,74,false,1.3,false,true,true,true,0,0,0,3,true,1,"LINESTRING (-8.717200343199927 40.65403683305434, -8.717176685655579 40.65427503050236)"
75,60,false,0,1,ALL,73,5,true,0,false,false,1,1,true,10,200,false,true,500,0,50,VEHICLEBASED,TGS 11,true,75,false,1.3,false,true,true,true,0,0,0,3,true,1,"LINESTRING (-8.717304884008202 40.65399098388939, -8.717237243139623 40.65399028197632)"
76,60,false,0,1,ALL,75,5,true,0,false,false,1,1,true,10,200,false,true,500,0,50,VEHICLEBASED,TGS 13,true,76,false,1.3,false,true,true,true,0,0,0,3,true,2,"LINESTRING (-8.71433294603633 40.65398616710711, -8.71424038964706 40.653925624113924, -8.714147932811814 40.65385566023981, -8.71399927925977 40.653732008809264, -8.713905109500748 40.65361861700509, -8.713034479093226 40.65230205133744)"
77,60,false,0,1,ALL,75,5,true,0,false,false,1,1,true,10,200,false,true,500,0,50,VEHICLEBASED,TGS 13,true,77,false,1.3,false,true,true,true,0,0,0,3,true,1,"LINESTRING (-8.714587199218053 40.65415153247393, -8.714455010707521 40.65404771452964)"
78,60,false,0,1,ALL,88,5,true,0,false,false,1,1,true,10,200,false,true,500,0,50,VEHICLEBASED,TGL 3,true,78,false,1.3,false,true,true,true,0,0,0,3,true,1,"LINESTRING (-8.710989591151 40.6552564256682, -8.710932051629277 40.65523072132666)"
79,60,false,0,1,ALL,75,5,true,0,false,false,1,1,true,10,200,false,true,500,0,50,VEHICLEBASED,TGS 13,true,79,false,1.3,false,true,true,true,0,0,0,3,true,1,"LINESTRING (-8.712565379790881 40.65214131601023, -8.712439279450813 40.65201817053916)"
80,60,false,0,1,ALL,75,5,true,0,false,false,1,1,true,10,200,false,true,500,0,50,VEHICLEBASED,TGS 13,true,80,false,1.3,false,true,true,true,0,0,0,3,true,1,"LINESTRING (-8.712976617448978 40.65225956713668, -8.7129458719703 40.65222070716335, -8.712902986663334 40.6522031634497, -8.712829727233041 40.65218672807144, -8.712657147654157 40.65216524505444)"
81,60,false,0,1,ALL,75,5,true,0,false,false,1,1,true,10,200,false,true,500,0,50,VEHICLEBASED,TGS 13,true,81,false,1.3,false,true,true,true,0,0,0,3,true,1,"LINESTRING (-8.71354109313321 40.65390613120159, -8.714821668796791 40.65388001777443, -8.71522320542256 40.65387912207019, -8.715554335363738 40.65386530330819)"
82,60,false,0,1,ALL,75,5,true,0,false,false,1,1,true,10,200,false,true,500,0,50,VEHICLEBASED,TGS 13,true,82,false,1.3,false,true,true,true,0,0,0,3,true,1,"LINESTRING (-8.712137232044626 40.651935988465134, -8.711894019286882 40.65202373024276)"
83,60,false,0,1,ALL,75,5,true,0,false,false,1,1,true,10,200,false,true,500,0,50,VEHICLEBASED,TGS 13,true,83,false,1.3,false,true,true,true,0,0,0,3,true,1,"LINESTRING (-8.711800789719412 40.65223495687476, -8.712910256387948 40.6536637085054, -8.713001577857348 40.65372011453253, -8.713150619849083 40.6538022286781, -8.713933303402046 40.654179454068455, -8.714098767933695 40.65421909003342, -8.714304046451202 40.6542358388577, -8.71455638177852 40.65424327078024)"
84,60,false,0,1,ALL,75,5,true,0,false,false,1,1,true,10,200,false,true,500,0,50,VEHICLEBASED,TGS 13,true,84,false,1.3,false,true,true,true,0,0,0,3,true,2,"LINESTRING (-8.714265007238378 40.65408954584, -8.713835939950354 40.6537943656769, -8.713643740880054 40.65359631182948, -8.712837512713719 40.65243762396303)"
85,60,false,0,1,ALL,75,5,true,0,false,false,1,1,true,10,200,false,true,500,0,50,VEHICLEBASED,TGS 13,true,85,false,1.3,false,true,true,true,0,0,0,3,true,1,"LINESTRING (-8.714377167383372 40.65415136164504, -8.714315381320484 40.65412015948357)"
86,60,false,0,1,ALL,1,5,true,0,false,false,1,1,true,10,200,false,true,500,0,50,VEHICLEBASED,,true,86,false,1.3,false,true,true,true,0,0,0,3,true,1,"LINESTRING (-8.730339742230681 40.63536053253762, -8.730609410356298 40.634878350704135)"
87,60,false,0,1,ALL,75,5,true,0,false,false,1,1,true,10,200,false,true,500,0,50,VEHICLEBASED,TGS 13,true,87,false,1.3,false,true,true,true,0,0,0,3,true,1,"LINESTRING (-8.712752544638601 40.65239446941791, -8.712610887461047 40.652198148121514)"
88,60,false,0,1,ALL,75,5,true,0,false,false,1,1,true,10,200,false,true,500,0,50,VEHICLEBASED,TGS 13,true,88,false,1.3,false,true,true,true,0,0,0,3,true,1,"LINESTRING (-8.715545240329956 40.65377233728769, -8.715107225939544 40.65379602071469, -8.71496658689889 40.65379951801753, -8.714758853413553 40.653798128585144, -8.713818836026887 40.65367088146432)"
89,60,false,0,1,ALL,81,5,true,0,false,false,1,1,true,10,200,false,true,500,0,50,VEHICLEBASED,External Road South,true,89,false,1.3,false,true,true,true,0,0,0,3,true,2,"LINESTRING (-8.728377409117037 40.63498326725906, -8.728964242859702 40.63373329638945)"
90,60,false,0,1,ALL,86,5,true,0,false,false,1,1,true,10,200,false,true,500,0,50,VEHICLEBASED,TGL 1,true,90,false,1.3,false,true,true,true,0,0,0,3,true,2,"LINESTRING (-8.705096848726468 40.65127332023032, -8.704929628973634 40.65135584364674)"
91,60,false,0,1,ALL,86,5,true,0,false,false,1,1,true,10,200,false,true,500,0,50,VEHICLEBASED,TGL 1,true,91,false,1.3,false,true,true,true,0,0,0,3,true,2,"LINESTRING (-8.704629121307944 40.651914175671784, -8.704663922140606 40.65193724592101, -8.704702394334372 40.651956672546014, -8.704743879619336 40.651972123155176, -8.704787668170773 40.651983333387115, -8.704833010754427 40.65199011143381, -8.70487913154612 40.651992341322405, -8.704925241406318 40.65198998489929, -8.704970551382528 40.65198308248308, -8.705014286208499 40.65197175217459, -8.705055697569229 40.651956187836426, -8.705094076904857 40.651936655775835, -8.705128767534308 40.65191349018846, -8.705159175891295 40.651887087440365, -8.705184781680398 40.65185789928637, -8.705205146779468 40.651826425140555, -8.705219922736013 40.65179320353141, -8.705228856729319 40.65175880288775, -8.705231795896283 40.65172381181275, -8.705228689946946 40.651688829012954, -8.70521959202496 40.651654453054235, -8.705204657798296 40.65162127212018, -8.705184142795707 40.65158985394793, -8.705158398034579 40.651560736114014, -8.705127864014912 40.651534416835965, -8.705093063182247 40.65151134644743, -8.705054590988482 40.651491919692766, -8.705013105703516 40.65147646897243, -8.70496931715208 40.651465258655335, -8.704923974568427 40.651458480555306, -8.704877853776736 40.651456250648906, -8.704831743916538 40.65145860709085, -8.704786433940326 40.65146550956133, -8.704742699114355 40.65147683995576, -8.704701287753624 40.65149240440574, -8.704662908417998 40.6515119365964, -8.704628217788546 40.65153510232316, -8.70459780943156 40.65156150521053, -8.704572203642455 40.651590693494164, -8.704551838543386 40.6516221677512, -8.704537062586843 40.65165538944548, -8.704528128593536 40.651689790142484, -8.70452518942657 40.65172478123531, -8.704528295375907 40.651759764016255, -8.704537393297894 40.65179413992073, -8.70455232752456 40.651827320768824, -8.704572842527147 40.65185873882925, -8.704598587288276 40.65188785653312)"
92,60,false,0,1,ALL,86,5,true,0,false,false,1,1,true,10,200,false,true,500,0,50,VEHICLEBASED,TGL 1,true,92,false,1.3,false,true,true,true,0,0,0,3,true,1,"LINESTRING (-8.705138362857396 40.65210134032106, -8.706014840600167 40.65313028098287)"
93,60,false,0,1,ALL,86,5,true,0,false,false,1,1,true,10,200,false,true,500,0,50,VEHICLEBASED,TGL 1,true,93,false,1.3,false,true,true,true,0,0,0,3,true,1,"LINESTRING (-8.705941436912113 40.65320086299677, -8.705073625522138 40.65353562739815)"
94,60,false,0,1,ALL,86,5,true,0,false,false,1,1,true,10,200,false,true,500,0,50,VEHICLEBASED,TGL 1,true,94,false,1.3,false,true,true,true,0,0,0,3,true,1,"LINESTRING (-8.704962576243622 40.653526762654025, -8.704806658839415 40.653303453866144)"
95,60,false,0,1,ALL,86,5,true,0,false,false,1,1,true,10,200,false,true,500,0,50,VEHICLEBASED,TGL 1,true,95,false,1.3,false,true,true,true,0,0,0,3,true,2,"LINESTRING (-8.704849691837119 40.65318968983331, -8.705428504890833 40.65296123152692)"
96,60,false,0,1,ALL,86,5,true,0,false,false,1,1,true,10,200,false,true,500,0,50,VEHICLEBASED,TGL 1,true,96,false,1.3,false,true,true,true,0,0,0,3,true,2,"LINESTRING (-8.705503808126121 40.65284057754176, -8.705267887412557 40.65252789843134)"
97,60,false,0,1,ALL,86,5,true,0,false,false,1,1,true,10,200,false,true,500,0,50,VEHICLEBASED,TGL 1,true,97,false,1.3,false,true,true,true,0,0,0,3,true,2,"LINESTRING (-8.705149692411627 40.65248681826919, -8.704435434342496 40.652769234858496)"
98,60,false,0,1,ALL,86,5,true,0,false,false,1,1,true,10,200,false,true,500,0,50,VEHICLEBASED,TGL 1,true,98,false,1.3,false,true,true,true,0,0,0,3,true,2,"LINESTRING (-8.704435261562757 40.65285294838275, -8.7046724952442 40.65321924736878)"
99,60,false,0,1,ALL,87,5,true,0,false,false,1,1,true,10,200,false,true,500,0,50,VEHICLEBASED,TGL 2,true,99,false,1.3,false,true,true,true,0,0,0,3,true,1,"LINESTRING (-8.706214546251998 40.65307503077117, -8.707893009588842 40.652393937960376)"
100,60,false,0,1,ALL,70,5,true,0,false,false,1,1,true,10,200,false,true,500,0,50,VEHICLEBASED,TNorte 8,true,100,false,1.3,false,true,true,true,0,0,0,3,true,1,"LINESTRING (-8.719673467297133 40.64316656984542, -8.719790423994361 40.643225023189956)"
101,60,false,0,1,ALL,70,5,true,0,false,false,1,1,true,10,200,false,true,500,0,50,VEHICLEBASED,TNorte 8,true,101,false,1.3,false,true,true,true,0,0,0,3,true,1,"LINESTRING (-8.718866269012862 40.64319751369911, -8.71896940289813 40.6433222694857)"
102,60,false,0,1,ALL,78,5,true,0,false,false,1,1,true,10,200,false,true,500,0,50,VEHICLEBASED,TGS External Road,true,102,false,1.3,false,true,true,true,0,0,0,3,true,2,"LINESTRING (-8.714865395333677 40.6549115972801, -8.716737681415776 40.65512669955703, -8.716890965920596 40.65504477186514, -8.716970568863568 40.6546776713104)"
103,60,false,0,1,ALL,78,5,true,0,false,false,1,1,true,10,200,false,true,500,0,50,VEHICLEBASED,TGS External Road,true,103,false,1.3,false,true,true,true,0,0,0,3,true,2,"LINESTRING (-8.716855228906839 40.65469388225745, -8.716790932324475 40.65499561776496, -8.716667422310445 40.65504878197718, -8.714890154979935 40.65483289072557)"
104,60,false,0,1,ALL,1,5,true,0,false,false,1,1,true,10,200,false,true,500,0,50,VEHICLEBASED,,true,104,false,1.3,false,true,true,true,0,0,0,3,true,1,"LINESTRING (-8.729746382387413 40.633372212356136, -8.729960714831867 40.63343534822752)"
105,60,false,0,1,ALL,86,5,true,0,false,false,1,1,true,10,200,false,true,500,0,50,VEHICLEBASED,TGL 1,true,105,false,1.3,false,true,true,true,0,0,0,3,true,2,"LINESTRING (-8.704677401258646 40.653359199502496, -8.704847675915207 40.65359617998007)"
106,60,false,0,1,ALL,1,5,true,0,false,false,1,1,true,10,200,false,true,500,0,50,VEHICLEBASED,,true,106,false,1.3,false,true,true,true,0,0,0,3,true,1,"LINESTRING (-8.731113837818054 40.63370781667784, -8.730602578868279 40.6335451676382)"
107,60,false,0,1,ALL,86,5,true,0,false,false,1,1,true,10,200,false,true,500,0,50,VEHICLEBASED,TGL 1,true,107,false,1.3,false,true,true,true,0,0,0,3,true,1,"LINESTRING (-8.705042460936808 40.653586876834424, -8.705996976079291 40.6532316330677)"
108,60,false,0,1,ALL,88,5,true,0,false,false,1,1,true,10,200,false,true,500,0,50,VEHICLEBASED,TGL 3,true,108,false,1.3,false,true,true,true,0,0,0,3,true,1,"LINESTRING (-8.710913089449384 40.65633997677139, -8.710162077140836 40.65621757170895, -8.709714221464772 40.65611346076883, -8.708855812138232 40.65586275757262)"
109,60,false,0,1,ALL,86,5,true,0,false,false,1,1,true,10,200,false,true,500,0,50,VEHICLEBASED,TGL 1,true,109,false,1.3,false,true,true,true,0,0,0,3,true,2,"LINESTRING (-8.705232939046974 40.65141300122928, -8.705338883693859 40.65137079112935)"
110,60,false,0,1,ALL,87,5,true,0,false,false,1,1,true,10,200,false,true,500,0,50,VEHICLEBASED,TGL 2,true,110,false,1.3,false,true,true,true,0,0,0,3,true,1,"LINESTRING (-8.705401483340049 40.65174130705383, -8.705418918985107 40.651734266615826)"
111,60,false,0,1,ALL,87,5,true,0,false,false,1,1,true,10,200,false,true,500,0,50,VEHICLEBASED,TGL 2,true,111,false,1.3,false,true,true,true,0,0,0,3,true,1,"LINESTRING (-8.706801633335145 40.651458050216974, -8.707723753136259 40.651985793898184, -8.708669787281611 40.65250594588419, -8.709261023584112 40.65285363742407)"
112,60,false,0,1,ALL,89,5,true,0,false,false,1,1,true,10,200,false,true,500,0,50,VEHICLEBASED,TGL 4,true,112,false,1.3,false,true,true,true,0,0,0,3,true,2,"LINESTRING (-8.717225630308072 40.65533676525947, -8.717437392656226 40.65532787194653, -8.7191189156565 40.655157835634306)"
113,60,false,0,1,ALL,89,5,true,0,false,false,1,1,true,10,200,false,true,500,0,50,VEHICLEBASED,TGL 4,true,113,false,1.3,false,true,true,true,0,0,0,3,true,1,"LINESTRING (-8.719221034825257 40.65513425615054, -8.72058833738184 40.65500211357018)"
114,60,false,0,1,ALL,89,5,true,0,false,false,1,1,true,10,200,false,true,500,0,50,VEHICLEBASED,TGL 4,true,114,false,1.3,false,true,true,true,0,0,0,3,true,1,"LINESTRING (-8.720725742149453 40.654839795353666, -8.720565876715192 40.65409394484582, -8.720555909565777 40.654023964705026, -8.720561371889525 40.65397256330262, -8.720592470911333 40.65391590444798, -8.72065209741489 40.653865145170755, -8.720738958913545 40.65383022361274, -8.724960490383294 40.65345134206692)"
115,60,false,0,1,ALL,89,5,true,0,false,false,1,1,true,10,200,false,true,500,0,50,VEHICLEBASED,TGL 4,true,115,false,1.3,false,true,true,true,0,0,0,3,true,1,"LINESTRING (-8.725106487208615 40.65349068395317, -8.725248462840067 40.654218042855284)"
116,60,false,0,1,ALL,89,5,true,0,false,false,1,1,true,10,200,false,true,500,0,50,VEHICLEBASED,TGL 4,true,116,false,1.3,false,true,true,true,0,0,0,3,true,1,"LINESTRING (-8.72517109722955 40.65423917066193, -8.72411254793831 40.65434067243514)"
117,60,false,0,1,ALL,89,5,true,0,false,false,1,1,true,10,200,false,true,500,0,50,VEHICLEBASED,TGL 4,true,117,false,1.3,false,true,true,true,0,0,0,3,true,1,"LINESTRING (-8.724024107382602 40.654330434381954, -8.7239190091789 40.65385059017187)"
118,60,false,0,1,ALL,89,5,true,0,false,false,1,1,true,10,200,false,true,500,0,50,VEHICLEBASED,TGL 4,true,118,false,1.3,false,true,true,true,0,0,0,3,true,1,"LINESTRING (-8.723993312229132 40.65367156153793, -8.724330016948494 40.653636218449066)"
119,60,false,0,1,ALL,89,5,true,0,false,false,1,1,true,10,200,false,true,500,0,50,VEHICLEBASED,TGL 4,true,119,false,1.3,false,true,true,true,0,0,0,3,true,1,"LINESTRING (-8.724804934862158 40.65370017519209, -8.725035521207191 40.65367682629467)"
120,60,false,0,1,ALL,89,5,true,0,false,false,1,1,true,10,200,false,true,500,0,50,VEHICLEBASED,TGL 4,true,120,false,1.3,false,true,true,true,0,0,0,3,true,1,"LINESTRING (-8.724532218019197 40.65371821729803, -8.724722694571861 40.6536962824215)"
121,60,false,0,1,ALL,89,5,true,0,false,false,1,1,true,10,200,false,true,500,0,50,VEHICLEBASED,TGL 4,true,121,false,1.3,false,true,true,true,0,0,0,3,true,1,"LINESTRING (-8.724989888985965 40.653412174445485, -8.720702112532113 40.653796236939456)"
122,60,false,0,1,ALL,89,5,true,0,false,false,1,1,true,10,200,false,true,500,0,50,VEHICLEBASED,TGL 4,true,122,false,1.3,false,true,true,true,0,0,0,3,true,1,"LINESTRING (-8.725183541138119 40.65364223161648, -8.72514633080282 40.65343796256703)"
123,60,false,0,1,ALL,89,5,true,0,false,false,1,1,true,10,200,false,true,500,0,50,VEHICLEBASED,TGL 4,true,123,false,1.3,false,true,true,true,0,0,0,3,true,1,"LINESTRING (-8.722243589819374 40.65383686118502, -8.722420307686367 40.6538691306782)"
124,60,false,0,1,ALL,89,5,true,0,false,false,1,1,true,10,200,false,true,500,0,50,VEHICLEBASED,TGL 4,true,124,false,1.3,false,true,true,true,0,0,0,3,true,1,"LINESTRING (-8.722498422183023 40.6538386292843, -8.722487889608212 40.65370682913538)"
125,60,false,0,1,ALL,63,5,true,0,false,false,1,1,true,10,200,false,true,500,0,50,VEHICLEBASED,TNorte 1,true,125,false,1.3,false,true,true,true,0,0,0,3,true,2,"LINESTRING (-8.728172840889984 40.64645619205896, -8.728723664924129 40.64622149618257)"
126,60,false,0,1,ALL,89,5,true,0,false,false,1,1,true,10,200,false,true,500,0,50,VEHICLEBASED,TGL 4,true,126,false,1.3,false,true,true,true,0,0,0,3,true,1,"LINESTRING (-8.722146227481836 40.65379395274834, -8.722195393600861 40.65382027456081)"
127,60,false,0,1,ALL,89,5,true,0,false,false,1,1,true,10,200,false,true,500,0,50,VEHICLEBASED,TGL 4,true,127,false,1.3,false,true,true,true,0,0,0,3,true,1,"LINESTRING (-8.720501581522427 40.65401124487286, -8.720669876725145 40.654841697525235)"
128,60,false,0,1,ALL,89,5,true,0,false,false,1,1,true,10,200,false,true,500,0,50,VEHICLEBASED,TGL 4,true,128,false,1.3,false,true,true,true,0,0,0,3,true,1,"LINESTRING (-8.720573414020816 40.65495786193543, -8.717418927281848 40.65527930020457, -8.717298231867877 40.655285866723595, -8.717161528929449 40.65528994429148, -8.717018412645688 40.65528565970948, -8.716729004655317 40.655257112231666, -8.7139199116689 40.65488102013521)"
129,60,false,0,1,ALL,89,5,true,0,false,false,1,1,true,10,200,false,true,500,0,50,VEHICLEBASED,TGL 4,true,129,false,1.3,false,true,true,true,0,0,0,3,true,1,"LINESTRING (-8.718281641242458 40.655315886070696, -8.71833658988562 40.655780618443615)"
130,60,false,0,1,ALL,89,5,true,0,false,false,1,1,true,10,200,false,true,500,0,50,VEHICLEBASED,TGL 4,true,130,false,1.3,false,true,true,true,0,0,0,3,true,1,"LINESTRING (-8.718283448281252 40.65584642099586, -8.718065534066616 40.655880693132744)"
131,60,false,0,1,ALL,89,5,true,0,false,false,1,1,true,10,200,false,true,500,0,50,VEHICLEBASED,TGL 4,true,131,false,1.3,false,true,true,true,0,0,0,3,true,1,"LINESTRING (-8.717996129113105 40.655983509437874, -8.71802397217437 40.65623575143522)"
132,60,false,0,1,ALL,89,5,true,0,false,false,1,1,true,10,200,false,true,500,0,50,VEHICLEBASED,TGL 4,true,132,false,1.3,false,true,true,true,0,0,0,3,true,1,"LINESTRING (-8.71835753687178 40.65618914157276, -8.71833658988562 40.65590811082963)"
133,60,false,0,1,ALL,89,5,true,0,false,false,1,1,true,10,200,false,true,500,0,50,VEHICLEBASED,TGL 4,true,133,false,1.3,false,true,true,true,0,0,0,3,true,1,"LINESTRING (-8.71820213153555 40.656298811785526, -8.71833658988562 40.656238493190806)"
134,60,false,0,1,ALL,89,5,true,0,false,false,1,1,true,10,200,false,true,500,0,50,VEHICLEBASED,TGL 4,true,134,false,1.3,false,true,true,true,0,0,0,3,true,1,"LINESTRING (-8.718382383655188 40.655846078274394, -8.71839125280912 40.65551740758566)"
135,60,false,0,1,ALL,89,5,true,0,false,false,1,1,true,10,200,false,true,500,0,50,VEHICLEBASED,TGL 4,true,135,false,1.3,false,true,true,true,0,0,0,3,true,1,"LINESTRING (-8.718428914904116 40.655475595348605, -8.718899934229452 40.65535050120415)"
136,60,false,0,1,ALL,89,5,true,0,false,false,1,1,true,10,200,false,true,500,0,50,VEHICLEBASED,TGL 4,true,136,false,1.3,false,true,true,true,0,0,0,3,true,1,"LINESTRING (-8.718934885766258 40.655326510519515, -8.71901495224865 40.65523719655198)"
137,60,false,0,1,ALL,87,5,true,0,false,false,1,1,true,10,200,false,true,500,0,50,VEHICLEBASED,TGL 2,true,137,false,1.3,false,true,true,true,0,0,0,3,true,1,"LINESTRING (-8.706347931863865 40.65132215003901, -8.705338841854333 40.65172569642527)"
138,60,false,0,1,ALL,88,5,true,0,false,false,1,1,true,10,200,false,true,500,0,50,VEHICLEBASED,TGL 3,true,138,false,1.3,false,true,true,true,0,0,0,3,true,1,"LINESTRING (-8.711437589694299 40.65444416759308, -8.711208345008748 40.654691133478075, -8.71115400026189 40.65477113910408, -8.711136195876593 40.65484093520345, -8.710976600208875 40.65625459699295)"
139,60,false,0,1,ALL,88,5,true,0,false,false,1,1,true,10,200,false,true,500,0,50,VEHICLEBASED,TGL 3,true,139,false,1.3,false,true,true,true,0,0,0,3,true,1,"LINESTRING (-8.711183489333157 40.655783384647364, -8.711533057074838 40.65581429018623)"
140,60,false,0,1,ALL,1,5,true,0,false,false,1,1,true,10,200,false,true,500,0,50,VEHICLEBASED,,true,140,false,1.3,false,true,true,true,0,0,0,3,true,1,"LINESTRING (-8.729739615046553 40.63399660500386, -8.729326901754712 40.633892637718326)"
141,60,false,0,1,ALL,1,5,true,0,false,false,1,1,true,10,200,false,true,500,0,50,VEHICLEBASED,,true,141,false,1.3,false,true,true,true,0,0,0,3,true,1,"LINESTRING (-8.730601701178738 40.63528130585314, -8.731262225904858 40.63404934054245)"
142,60,false,0,1,ALL,1,5,true,0,false,false,1,1,true,10,200,false,true,500,0,50,VEHICLEBASED,,true,142,false,1.3,false,true,true,true,0,0,0,3,true,1,"LINESTRING (-8.730039496785437 40.63356961111199, -8.729874507386027 40.633906914401884)"
143,60,false,0,1,ALL,88,5,true,0,false,false,1,1,true,10,200,false,true,500,0,50,VEHICLEBASED,TGL 3,true,143,false,1.3,false,true,true,true,0,0,0,3,true,1,"LINESTRING (-8.711787167884527 40.65536963404047, -8.711833081333724 40.655116017867684)"
144,60,false,0,1,ALL,88,5,true,0,false,false,1,1,true,10,200,false,true,500,0,50,VEHICLEBASED,TGL 3,true,144,false,1.3,false,true,true,true,0,0,0,3,true,1,"LINESTRING (-8.711608331583463 40.655753752981504, -8.711764165402336 40.655468821945924)"
145,60,false,0,1,ALL,88,5,true,0,false,false,1,1,true,10,200,false,true,500,0,50,VEHICLEBASED,TGL 3,true,145,false,1.3,false,true,true,true,0,0,0,3,true,1,"LINESTRING (-8.711839919219736 40.65506704547812, -8.711849691893066 40.65499164583413)"
146,60,false,0,1,ALL,88,5,true,0,false,false,1,1,true,10,200,false,true,500,0,50,VEHICLEBASED,TGL 3,true,146,false,1.3,false,true,true,true,0,0,0,3,true,1,"LINESTRING (-8.711723256879557 40.654958804127276, -8.711473856337381 40.65493678349112)"
147,60,false,0,1,ALL,88,5,true,0,false,false,1,1,true,10,200,false,true,500,0,50,VEHICLEBASED,TGL 3,true,147,false,1.3,false,true,true,true,0,0,0,3,true,1,"LINESTRING (-8.711349093874539 40.65507641916801, -8.71131617042593 40.655384133816504)"
148,60,false,0,1,ALL,88,5,true,0,false,false,1,1,true,10,200,false,true,500,0,50,VEHICLEBASED,TGL 3,true,148,false,1.3,false,true,true,true,0,0,0,3,true,1,"LINESTRING (-8.71145427627255 40.65553385797828, -8.711425053048716 40.65570948275344)"
149,60,false,0,1,ALL,88,5,true,0,false,false,1,1,true,10,200,false,true,500,0,50,VEHICLEBASED,TGL 3,true,149,false,1.3,false,true,true,true,0,0,0,3,true,1,"LINESTRING (-8.711359030263221 40.65576216365532, -8.711189906096006 40.65574564445817)"
150,60,false,0,1,ALL,88,5,true,0,false,false,1,1,true,10,200,false,true,500,0,50,VEHICLEBASED,TGL 3,true,150,false,1.3,false,true,true,true,0,0,0,3,true,1,"LINESTRING (-8.711107600770204 40.65557627218709, -8.711197598799467 40.65481403433355, -8.71122807741828 40.65475068567433, -8.71148732066672 40.65446687865596)"
151,60,false,0,1,ALL,86,5,true,0,false,false,1,1,true,10,200,false,true,500,0,50,VEHICLEBASED,TGL 1,true,151,false,1.3,false,true,true,true,0,0,0,3,true,1,"LINESTRING (-8.706104750942453 40.65312773166904, -8.705181670107306 40.652076464702176)"
152,60,false,0,1,ALL,88,5,true,0,false,false,1,1,true,10,200,false,true,500,0,50,VEHICLEBASED,TGL 3,true,152,false,1.3,false,true,true,true,0,0,0,3,true,1,"LINESTRING (-8.70876328612336 40.65572741676504, -8.708812492577316 40.6553923310523)"
153,60,false,0,1,ALL,88,5,true,0,false,false,1,1,true,10,200,false,true,500,0,50,VEHICLEBASED,TGL 3,true,153,false,1.3,false,true,true,true,0,0,0,3,true,1,"LINESTRING (-8.708910559785021 40.65524863231738, -8.708916772409015 40.65447820153347)"
154,60,false,0,1,ALL,88,5,true,0,false,false,1,1,true,10,200,false,true,500,0,50,VEHICLEBASED,TGL 3,true,154,false,1.3,false,true,true,true,0,0,0,3,true,1,"LINESTRING (-8.708694442698377 40.654489254267546, -8.708676316776327 40.655275633921455)"
155,60,false,0,1,ALL,88,5,true,0,false,false,1,1,true,10,200,false,true,500,0,50,VEHICLEBASED,TGL 3,true,155,false,1.3,false,true,true,true,0,0,0,3,true,1,"LINESTRING (-8.708843098259548 40.65439280673727, -8.708761967881246 40.65439132179348)"
156,60,false,0,1,ALL,88,5,true,0,false,false,1,1,true,10,200,false,true,500,0,50,VEHICLEBASED,TGL 3,true,156,false,1.3,false,true,true,true,0,0,0,3,true,1,"LINESTRING (-8.708740702912676 40.65540499504186, -8.708696228928313 40.65577359032245)"
157,60,false,0,1,ALL,88,5,true,0,false,false,1,1,true,10,200,false,true,500,0,50,VEHICLEBASED,TGL 3,true,157,false,1.3,false,true,true,true,0,0,0,3,true,1,"LINESTRING (-8.708738860379992 40.655865439710034, -8.70970897615937 40.65615730717531, -8.709987018952617 40.65622372152933, -8.71027376573008 40.65627613368464, -8.710963339798466 40.65639398249698)"
158,60,false,0,1,ALL,88,5,true,0,false,false,1,1,true,10,200,false,true,500,0,50,VEHICLEBASED,TGL 3,true,158,false,1.3,false,true,true,true,0,0,0,3,true,1,"LINESTRING (-8.711035498578996 40.65630262316379, -8.711067673809833 40.655902358890835)"
159,60,false,0,1,ALL,88,5,true,0,false,false,1,1,true,10,200,false,true,500,0,50,VEHICLEBASED,TGL 3,true,159,false,1.3,false,true,true,true,0,0,0,3,true,1,"LINESTRING (-8.7095145714342 40.65316506879544, -8.709485185576876 40.65333331045345)"
160,60,false,0,1,ALL,88,5,true,0,false,false,1,1,true,10,200,false,true,500,0,50,VEHICLEBASED,TGL 3,true,160,false,1.3,false,true,true,true,0,0,0,3,true,1,"LINESTRING (-8.70936142100668 40.65345469658815, -8.709261713914412 40.6535063066678, -8.708487052837967 40.65387182329483)"
161,60,false,0,1,ALL,88,5,true,0,false,false,1,1,true,10,200,false,true,500,0,50,VEHICLEBASED,TGL 3,true,161,false,1.3,false,true,true,true,0,0,0,3,true,1,"LINESTRING (-8.708458703805844 40.6540148381838, -8.708604254069417 40.6541055086262)"
162,60,false,0,1,ALL,63,5,true,0,false,false,1,1,true,10,200,false,true,500,0,50,VEHICLEBASED,TNorte 1,true,162,false,1.3,false,true,true,true,0,0,0,3,true,1,"LINESTRING (-8.728973301153342 40.646404898829104, -8.728941972082268 40.64636907995605, -8.728913393298035 40.64633785194845, -8.728872163194335 40.64631497099238, -8.728810580968016 40.64631838328904)"
163,60,false,0,1,ALL,1,5,true,0,false,false,1,1,true,10,200,false,true,500,0,50,VEHICLEBASED,,true,163,false,1.3,false,true,true,true,0,0,0,3,true,1,"LINESTRING (-8.729086497070954 40.634409249661914, -8.729483258395874 40.63452495521168)"
164,60,false,0,1,ALL,1,5,true,0,false,false,1,1,true,10,200,false,true,500,0,50,VEHICLEBASED,,true,164,false,1.3,false,true,true,true,0,0,0,3,true,1,"LINESTRING (-8.729785876970805 40.63433572130498, -8.730616093219526 40.634560594230955)"
165,60,false,0,1,ALL,70,5,true,0,false,false,1,1,true,10,200,false,true,500,0,50,VEHICLEBASED,TNorte 8,true,165,false,1.3,false,true,true,true,0,0,0,3,true,1,"LINESTRING (-8.720132967494482 40.64300618499436, -8.720011214672834 40.642843761371246)"
166,60,false,0,1,ALL,88,5,true,0,false,false,1,1,true,10,200,false,true,500,0,50,VEHICLEBASED,TGL 3,true,166,false,1.3,false,true,true,true,0,0,0,3,true,1,"LINESTRING (-8.70898082971628 40.654027166871735, -8.709675520598653 40.65335848342407)"
167,60,false,0,1,ALL,88,5,true,0,false,false,1,1,true,10,200,false,true,500,0,50,VEHICLEBASED,TGL 3,true,167,false,1.3,false,true,true,true,0,0,0,3,true,1,"LINESTRING (-8.710248030084875 40.65372360655354, -8.710183977876177 40.65421578166311, -8.710177754086333 40.65427812879586)"
168,60,false,0,1,ALL,88,5,true,0,false,false,1,1,true,10,200,false,true,500,0,50,VEHICLEBASED,TGL 3,true,168,false,1.3,false,true,true,true,0,0,0,3,true,1,"LINESTRING (-8.710262075773187 40.65358123062096, -8.710253315407458 40.653659231243175)"
169,60,false,0,1,ALL,88,5,true,0,false,false,1,1,true,10,200,false,true,500,0,50,VEHICLEBASED,TGL 3,true,169,false,1.3,false,true,true,true,0,0,0,3,true,1,"LINESTRING (-8.710023861274724 40.65432184681495, -8.709080526995706 40.65424875294319)"
170,60,false,0,1,ALL,88,5,true,0,false,false,1,1,true,10,200,false,true,500,0,50,VEHICLEBASED,TGL 3,true,170,false,1.3,false,true,true,true,0,0,0,3,true,1,"LINESTRING (-8.708926792466235 40.654212397304946, -8.708916699758158 40.65418798129542)"
171,60,false,0,1,ALL,87,5,true,0,false,false,1,1,true,10,200,false,true,500,0,50,VEHICLEBASED,TGL 2,true,171,false,1.3,false,true,true,true,0,0,0,3,true,1,"LINESTRING (-8.70755001742393 40.65205608152467, -8.707298997867733 40.652280553193876, -8.707212594698698 40.65230340549005)"
172,60,false,0,1,ALL,70,5,true,0,false,false,1,1,true,10,200,false,true,500,0,50,VEHICLEBASED,TNorte 8,true,172,false,1.3,false,true,true,true,0,0,0,3,true,1,"LINESTRING (-8.719094584955402 40.64334819215713, -8.719519908168746 40.64318255508153)"
173,60,false,0,1,ALL,63,5,true,0,false,false,1,1,true,10,200,false,true,500,0,50,VEHICLEBASED,TNorte 1,true,173,false,1.3,false,true,true,true,0,0,0,3,true,1,"LINESTRING (-8.729088003273178 40.64651657213971, -8.72838729696239 40.64680513691777)"
174,60,false,0,1,ALL,86,5,true,0,false,false,1,1,true,10,200,false,true,500,0,50,VEHICLEBASED,TGL 1,true,174,false,1.3,false,true,true,true,0,0,0,3,true,1,"LINESTRING (-8.705234791768861 40.65379270621965, -8.705728058640164 40.65361135185451)"
175,60,false,0,1,ALL,86,5,true,0,false,false,1,1,true,10,200,false,true,500,0,50,VEHICLEBASED,TGL 1,true,175,false,1.3,false,true,true,true,0,0,0,3,true,1,"LINESTRING (-8.705743269523921 40.65357139235184, -8.70569361990775 40.65339464811071)"
176,60,false,0,1,ALL,87,5,true,0,false,false,1,1,true,10,200,false,true,500,0,50,VEHICLEBASED,TGL 2,true,176,false,1.3,false,true,true,true,0,0,0,3,true,1,"LINESTRING (-8.706866964665833 40.65188804743235, -8.706918886931293 40.65183912592438, -8.707041748215978 40.65172683006787)"
177,60,false,0,1,ALL,86,5,true,0,false,false,1,1,true,10,200,false,true,500,0,50,VEHICLEBASED,TGL 1,true,177,false,1.3,false,true,true,true,0,0,0,3,true,1,"LINESTRING (-8.705140431561723 40.6536128477482, -8.705164884074799 40.65376811582616)"
178,60,false,0,1,ALL,89,5,true,0,false,false,1,1,true,10,200,false,true,500,0,50,VEHICLEBASED,TGL 4,true,178,false,1.3,false,true,true,true,0,0,0,3,true,1,"LINESTRING (-8.71960838052385 40.65517377458757, -8.720230352859092 40.65511162065705)"
179,60,false,0,1,ALL,1,5,true,0,false,false,1,1,true,10,200,false,true,500,0,50,VEHICLEBASED,,true,179,false,1.3,false,true,true,true,0,0,0,3,true,1,"LINESTRING (-8.729349112844101 40.63513349123808, -8.729783004329224 40.63526219600928)"
180,60,false,0,1,ALL,89,5,true,0,false,false,1,1,true,10,200,false,true,500,0,50,VEHICLEBASED,TGL 4,true,180,false,1.3,false,true,true,true,0,0,0,3,true,1,"LINESTRING (-8.720251197038376 40.655221585263966, -8.719579960980568 40.65528441734281)"
181,60,false,0,1,ALL,89,5,true,0,false,false,1,1,true,10,200,false,true,500,0,50,VEHICLEBASED,TGL 4,true,181,false,1.3,false,true,true,true,0,0,0,3,true,1,"LINESTRING (-8.719504395499442 40.655264614843425, -8.719411076909209 40.65517138405285)"
182,60,false,0,1,ALL,1,5,true,0,false,false,1,1,true,10,200,false,true,500,0,50,VEHICLEBASED,,true,182,false,1.3,false,true,true,true,0,0,0,3,true,4,"LINESTRING (-8.71845904583605 40.643542845560006, -8.717825795989443 40.64382337893899)"
183,60,false,0,1,ALL,1,5,true,0,false,false,1,1,true,10,200,false,true,500,0,50,VEHICLEBASED,,true,183,false,1.3,false,true,true,true,0,0,0,3,true,1,"LINESTRING (-8.731077132326572 40.63390976489298, -8.73089196006724 40.63424483830962)"
184,60,false,0,1,ALL,1,5,true,0,false,false,1,1,true,10,200,false,true,500,0,50,VEHICLEBASED,,true,184,false,1.3,false,true,true,true,0,0,0,3,true,4,"LINESTRING (-8.718062212295164 40.64425610375929, -8.718982480260934 40.643877242426186)"
185,60,false,0,1,ALL,1,5,true,0,false,false,1,1,true,10,200,false,true,500,0,50,VEHICLEBASED,,true,185,false,1.3,false,true,true,true,0,0,0,3,true,4,"LINESTRING (-8.717684803773864 40.64409062280394, -8.717748582803718 40.644164723025135)"
186,60,false,0,1,ALL,65,5,true,0,false,false,1,1,true,10,200,false,true,500,0,50,VEHICLEBASED,TNorte 3,true,186,false,1.3,false,true,true,true,0,0,0,3,true,2,"LINESTRING (-8.730785016740844 40.64848469046623, -8.731316972692666 40.649152063140804)"
187,60,false,0,1,ALL,65,5,true,0,false,false,1,1,true,10,200,false,true,500,0,50,VEHICLEBASED,TNorte 3,true,187,false,1.3,false,true,true,true,0,0,0,3,true,1,"LINESTRING (-8.731534735384338 40.64905239005351, -8.730667275428432 40.64797376992997)"
188,60,false,0,1,ALL,65,5,true,0,false,false,1,1,true,10,200,false,true,500,0,50,VEHICLEBASED,TNorte 3,true,188,false,1.3,false,true,true,true,0,0,0,3,true,1,"LINESTRING (-8.731437183524477 40.64917353289299, -8.731516301311503 40.649138721754746)"
189,60,false,0,1,ALL,1,5,true,0,false,false,1,1,true,10,200,false,true,500,0,50,VEHICLEBASED,,true,189,false,1.3,false,true,true,true,0,0,0,3,true,1,"LINESTRING (-8.730207699146817 40.63443462807594, -8.73023598496917 40.63437495839607)"
190,60,false,0,1,ALL,1,5,true,0,false,false,1,1,true,10,200,false,true,500,0,50,VEHICLEBASED,,true,190,false,1.3,false,true,true,true,0,0,0,3,true,1,"LINESTRING (-8.730235581618244 40.6344422399714, -8.730263867440595 40.63438257029833)"
191,60,false,0,1,ALL,1,5,true,0,false,false,1,1,true,10,200,false,true,500,0,50,VEHICLEBASED,,true,191,false,1.3,false,true,true,true,0,0,0,3,true,1,"LINESTRING (-8.730263464089667 40.634449851866, -8.73029174991202 40.63439018219975)"
192,60,false,0,1,ALL,1,5,true,0,false,false,1,1,true,10,200,false,true,500,0,50,VEHICLEBASED,,true,192,false,1.3,false,true,true,true,0,0,0,3,true,1,"LINESTRING (-8.730291346561094 40.63445746375974, -8.730319632383447 40.63439779410028)"
193,60,false,0,1,ALL,1,5,true,0,false,false,1,1,true,10,200,false,true,500,0,50,VEHICLEBASED,,true,193,false,1.3,false,true,true,true,0,0,0,3,true,1,"LINESTRING (-8.730319229032519 40.634465075652614, -8.730347514854872 40.63440540599998)"
194,60,false,0,1,ALL,1,5,true,0,false,false,1,1,true,10,200,false,true,500,0,50,VEHICLEBASED,,true,194,false,1.3,false,true,true,true,0,0,0,3,true,1,"LINESTRING (-8.730347111503944 40.634472687544616, -8.730375397326297 40.63441301789877)"
195,60,false,0,1,ALL,1,5,true,0,false,false,1,1,true,10,200,false,true,500,0,50,VEHICLEBASED,,true,195,false,1.3,false,true,true,true,0,0,0,3,true,1,"LINESTRING (-8.73037499397537 40.63448029943576, -8.730403279797724 40.63442062979671)"
196,60,false,0,1,ALL,1,5,true,0,false,false,1,1,true,10,200,false,true,500,0,50,VEHICLEBASED,,true,196,false,1.3,false,true,true,true,0,0,0,3,true,1,"LINESTRING (-8.730402876446796 40.63448791132604, -8.730431162269147 40.63442824169378)"
197,60,false,0,1,ALL,1,5,true,0,false,false,1,1,true,10,200,false,true,500,0,50,VEHICLEBASED,,true,197,false,1.3,false,true,true,true,0,0,0,3,true,1,"LINESTRING (-8.730194057757313 40.63446340492375, -8.730165771934962 40.63452307452456)"
198,60,false,0,1,ALL,1,5,true,0,false,false,1,1,true,10,200,false,true,500,0,50,VEHICLEBASED,,true,198,false,1.3,false,true,true,true,0,0,0,3,true,1,"LINESTRING (-8.730227516723025 40.634472539194284, -8.730199230900672 40.63453220878693)"
199,60,false,0,1,ALL,1,5,true,0,false,false,1,1,true,10,200,false,true,500,0,50,VEHICLEBASED,,true,199,false,1.3,false,true,true,true,0,0,0,3,true,1,"LINESTRING (-8.730260975688735 40.63448167346355, -8.730232689866382 40.63454134304805)"
200,60,false,0,1,ALL,1,5,true,0,false,false,1,1,true,10,200,false,true,500,0,50,VEHICLEBASED,,true,200,false,1.3,false,true,true,true,0,0,0,3,true,1,"LINESTRING (-8.730294434654445 40.634490807731595, -8.730266148832094 40.634550477307926)"
201,60,false,0,1,ALL,1,5,true,0,false,false,1,1,true,10,200,false,true,500,0,50,VEHICLEBASED,,true,201,false,1.3,false,true,true,true,0,0,0,3,true,1,"LINESTRING (-8.730327893620156 40.634499941998364, -8.730299607797804 40.63455961156655)"
202,60,false,0,1,ALL,1,5,true,0,false,false,1,1,true,10,200,false,true,500,0,50,VEHICLEBASED,,true,202,false,1.3,false,true,true,true,0,0,0,3,true,1,"LINESTRING (-8.730361352585868 40.63450907626391, -8.730333066763514 40.634568745823906)"
203,60,false,0,1,ALL,1,5,true,0,false,false,1,1,true,10,200,false,true,500,0,50,VEHICLEBASED,,true,203,false,1.3,false,true,true,true,0,0,0,3,true,1,"LINESTRING (-8.730394811551578 40.634518210528185, -8.730366525729226 40.634577880080016)"
204,60,false,0,1,ALL,63,5,true,0,false,false,1,1,true,10,200,false,true,500,0,50,VEHICLEBASED,TNorte 1,true,204,false,1.3,false,true,true,true,0,0,0,3,true,1,"LINESTRING (-8.7292268358559 40.64656436647213, -8.729153815779682 40.646508566022426)"
205,60,false,0,1,ALL,73,5,true,0,false,false,1,1,true,10,200,false,true,500,0,50,VEHICLEBASED,TGS 11,true,205,false,1.3,false,true,true,true,0,0,0,3,true,1,"LINESTRING (-8.717440546150613 40.65432781711501, -8.71709920050227 40.65436624185086, -8.71700682461802 40.654366924387666, -8.716869419782102 40.65434997183323, -8.715955820488178 40.65416362005241)"
206,60,false,0,1,ALL,74,5,true,0,false,false,1,1,true,10,200,false,true,500,0,50,VEHICLEBASED,TGS 12,true,206,false,1.3,false,true,true,true,0,0,0,3,true,1,"LINESTRING (-8.71594437427499 40.65416128530319, -8.71501720363947 40.6539721647638)"
207,60,false,0,1,ALL,62,5,true,0,false,false,1,1,true,10,200,false,true,500,0,50,VEHICLEBASED,,true,207,false,1.3,false,true,true,true,0,0,0,3,true,2,"LINESTRING (-8.714253616149685 40.64789766763873, -8.71958339230842 40.64589045864184)"
208,60,false,0,1,ALL,85,5,true,0,false,false,1,1,true,10,200,false,true,500,0,50,VEHICLEBASED,TGL Entry/Exit,true,208,false,1.3,false,true,true,true,0,0,0,3,true,2,"LINESTRING (-8.713898789934365 40.64794940291974, -8.706891135750825 40.65058545018944)"
209,60,false,0,1,ALL,84,5,true,0,false,false,1,1,true,10,200,false,true,500,0,50,VEHICLEBASED,External Road East,true,209,false,1.3,false,true,true,true,0,0,0,3,true,2,"LINESTRING (-8.70562344074088 40.649754374090236, -8.704422079979224 40.64769574736512)"
210,60,false,0,1,ALL,85,5,true,0,false,false,1,1,true,10,200,false,true,500,0,50,VEHICLEBASED,TGL Entry/Exit,true,210,false,1.3,false,true,true,true,0,0,0,3,true,2,"LINESTRING (-8.705536713554542 40.64978603806196, -8.705693190009187 40.65004304545843, -8.705826268538962 40.65029869705528)"
211,60,false,0,1,ALL,88,5,true,0,false,false,1,1,true,10,200,false,true,500,0,50,VEHICLEBASED,TGL 3,true,211,false,1.3,false,true,true,true,0,0,0,3,true,1,"LINESTRING (-8.709270391520425 40.65285914646263, -8.709642297549719 40.653077854312556, -8.710638220906546 40.65363711274504, -8.711498124529246 40.654128278185645, -8.712212414906805 40.65452434710474, -8.712706335390997 40.654745970990064, -8.713672560027842 40.65489366033534, -8.713907854782796 40.6549255338459)"
212,60,false,0,1,ALL,87,5,true,0,false,false,1,1,true,10,200,false,true,500,0,50,VEHICLEBASED,TGL 2,true,212,false,1.3,false,true,true,true,0,0,0,3,true,1,"LINESTRING (-8.709301083972926 40.65281597386865, -8.706995332099877 40.65149821921669)"
213,60,false,0,1,ALL,1,5,true,0,false,false,1,1,true,10,200,false,true,500,0,50,VEHICLEBASED,,true,213,false,1.3,false,true,true,true,0,0,0,3,true,1,"LINESTRING (-8.730807862884433 40.634934194924554, -8.730885223337573 40.63495816742392)"
214,60,false,0,1,ALL,1,5,true,0,false,false,1,1,true,10,200,false,true,500,0,50,VEHICLEBASED,,true,214,false,1.3,false,true,true,true,0,0,0,3,true,1,"LINESTRING (-8.73082130524813 40.63490921327488, -8.730898665701268 40.634933185783204)"
215,60,false,0,1,ALL,1,5,true,0,false,false,1,1,true,10,200,false,true,500,0,50,VEHICLEBASED,,true,215,false,1.3,false,true,true,true,0,0,0,3,true,1,"LINESTRING (-8.730834747611825 40.63488423161585, -8.730912108064963 40.63490820413315)"
216,60,false,0,1,ALL,1,5,true,0,false,false,1,1,true,10,200,false,true,500,0,50,VEHICLEBASED,,true,216,false,1.3,false,true,true,true,0,0,0,3,true,1,"LINESTRING (-8.73084818997552 40.634859249947475, -8.73092555042866 40.63488322247373)"
217,60,false,0,1,ALL,1,5,true,0,false,false,1,1,true,10,200,false,true,500,0,50,VEHICLEBASED,,true,217,false,1.3,false,true,true,true,0,0,0,3,true,1,"LINESTRING (-8.730861632339217 40.634834268269735, -8.730938992792355 40.634858240804974)"
218,60,false,0,1,ALL,1,5,true,0,false,false,1,1,true,10,200,false,true,500,0,50,VEHICLEBASED,,true,218,false,1.3,false,true,true,true,0,0,0,3,true,1,"LINESTRING (-8.730875074702912 40.63480928658266, -8.730952435156052 40.634833259126886)"
219,60,false,0,1,ALL,1,5,true,0,false,false,1,1,true,10,200,false,true,500,0,50,VEHICLEBASED,,true,219,false,1.3,false,true,true,true,0,0,0,3,true,1,"LINESTRING (-8.730888517066607 40.63478430488622, -8.730965877519747 40.634808277439426)"
220,60,false,0,1,ALL,1,5,true,0,false,false,1,1,true,10,200,false,true,500,0,50,VEHICLEBASED,,true,220,false,1.3,false,true,true,true,0,0,0,3,true,1,"LINESTRING (-8.730901959430302 40.63475932318047, -8.730979319883442 40.63478329574261)"
221,60,false,0,1,ALL,1,5,true,0,false,false,1,1,true,10,200,false,true,500,0,50,VEHICLEBASED,,true,221,false,1.3,false,true,true,true,0,0,0,3,true,1,"LINESTRING (-8.730915401793998 40.634734341465354, -8.730992762247139 40.634758314036475)"
222,60,false,0,1,ALL,1,5,true,0,false,false,1,1,true,10,200,false,true,500,0,50,VEHICLEBASED,,true,222,false,1.3,false,true,true,true,0,0,0,3,true,1,"LINESTRING (-8.730928844157695 40.634709359740874, -8.731006204610834 40.63473333232098)"
223,60,false,0,1,ALL,1,5,true,0,false,false,1,1,true,10,200,false,true,500,0,50,VEHICLEBASED,,true,223,false,1.3,false,true,true,true,0,0,0,3,true,1,"LINESTRING (-8.73094228652139 40.63468437800706, -8.731019646974529 40.634708350596114)"
224,60,false,0,1,ALL,1,5,true,0,false,false,1,1,true,10,200,false,true,500,0,50,VEHICLEBASED,,true,224,false,1.3,false,true,true,true,0,0,0,3,true,1,"LINESTRING (-8.730955728885085 40.6346593962639, -8.731033089338224 40.63468336886194)"
225,60,false,0,1,ALL,1,5,true,0,false,false,1,1,true,10,200,false,true,500,0,50,VEHICLEBASED,,true,225,false,1.3,false,true,true,true,0,0,0,3,true,1,"LINESTRING (-8.73096917124878 40.63463441451138, -8.73104653170192 40.63465838711841)"
226,60,false,0,1,ALL,1,5,true,0,false,false,1,1,true,10,200,false,true,500,0,50,VEHICLEBASED,,true,226,false,1.3,false,true,true,true,0,0,0,3,true,1,"LINESTRING (-8.730982613612477 40.63460943274953, -8.731059974065618 40.634633405365506)"
227,60,false,0,1,ALL,1,5,true,0,false,false,1,1,true,10,200,false,true,500,0,50,VEHICLEBASED,,true,227,false,1.3,false,true,true,true,0,0,0,3,true,1,"LINESTRING (-8.730996055976174 40.63458445097833, -8.731073416429313 40.63460842360329)"
228,60,false,0,1,ALL,1,5,true,0,false,false,1,1,true,10,200,false,true,500,0,50,VEHICLEBASED,,true,228,false,1.3,false,true,true,true,0,0,0,3,true,1,"LINESTRING (-8.73100949833987 40.6345594691978, -8.731086858793008 40.63458344183169)"
229,60,false,0,1,ALL,1,5,true,0,false,false,1,1,true,10,200,false,true,500,0,50,VEHICLEBASED,,true,229,false,1.3,false,true,true,true,0,0,0,3,true,1,"LINESTRING (-8.731022940703564 40.634534487407876, -8.731100301156703 40.634558460050776)"
230,60,false,0,1,ALL,1,5,true,0,false,false,1,1,true,10,200,false,true,500,0,50,VEHICLEBASED,,true,230,false,1.3,false,true,true,true,0,0,0,3,true,1,"LINESTRING (-8.73103638306726 40.63450950560864, -8.7311137435204 40.634533478260494)"
231,60,false,0,1,ALL,1,5,true,0,false,false,1,1,true,10,200,false,true,500,0,50,VEHICLEBASED,,true,231,false,1.3,false,true,true,true,0,0,0,3,true,1,"LINESTRING (-8.731049825430954 40.63448452380004, -8.731127185884095 40.63450849646088)"
232,60,false,0,1,ALL,1,5,true,0,false,false,1,1,true,10,200,false,true,500,0,50,VEHICLEBASED,,true,232,false,1.3,false,true,true,true,0,0,0,3,true,1,"LINESTRING (-8.731063267794651 40.6344595419821, -8.73114062824779 40.6344835146519)"
233,60,false,0,1,ALL,1,5,true,0,false,false,1,1,true,10,200,false,true,500,0,50,VEHICLEBASED,,true,233,false,1.3,false,true,true,true,0,0,0,3,true,1,"LINESTRING (-8.731076710158346 40.63443456015483, -8.731154070611485 40.634458532833605)"
234,60,false,0,1,ALL,1,5,true,0,false,false,1,1,true,10,200,false,true,500,0,50,VEHICLEBASED,,true,234,false,1.3,false,true,true,true,0,0,0,3,true,1,"LINESTRING (-8.731090152522043 40.63440957831819, -8.731167512975182 40.63443355100593)"
235,60,false,0,1,ALL,1,5,true,0,false,false,1,1,true,10,200,false,true,500,0,50,VEHICLEBASED,,true,235,false,1.3,false,true,true,true,0,0,0,3,true,1,"LINESTRING (-8.731103594885738 40.634384596472216, -8.731180955338877 40.634408569168905)"
236,60,false,0,1,ALL,1,5,true,0,false,false,1,1,true,10,200,false,true,500,0,50,VEHICLEBASED,,true,236,false,1.3,false,true,true,true,0,0,0,3,true,1,"LINESTRING (-8.731117037249433 40.634359614616876, -8.731194397702573 40.634383587322546)"
237,60,false,0,1,ALL,1,5,true,0,false,false,1,1,true,10,200,false,true,500,0,50,VEHICLEBASED,,true,237,false,1.3,false,true,true,true,0,0,0,3,true,1,"LINESTRING (-8.73113047961313 40.6343346327522, -8.731207840066268 40.63435860546685)"
238,60,false,0,1,ALL,1,5,true,0,false,false,1,1,true,10,200,false,true,500,0,50,VEHICLEBASED,,true,238,false,1.3,false,true,true,true,0,0,0,3,true,1,"LINESTRING (-8.731143921976825 40.63430965087819, -8.731221282429964 40.63433362360179)"
239,60,false,0,1,ALL,1,5,true,0,false,false,1,1,true,10,200,false,true,500,0,50,VEHICLEBASED,,true,239,false,1.3,false,true,true,true,0,0,0,3,true,1,"LINESTRING (-8.731157364340522 40.6342846689948, -8.73123472479366 40.634308641727394)"
240,60,false,0,1,ALL,1,5,true,0,false,false,1,1,true,10,200,false,true,500,0,50,VEHICLEBASED,,true,240,false,1.3,false,true,true,true,0,0,0,3,true,1,"LINESTRING (-8.731170806704215 40.63425968710209, -8.731248167157357 40.63428365984366)"
241,60,false,0,1,ALL,63,5,true,0,false,false,1,1,true,10,200,false,true,500,0,50,VEHICLEBASED,TNorte 1,true,241,false,1.3,false,true,true,true,0,0,0,3,true,1,"LINESTRING (-8.728601507161464 40.64642726212377, -8.728646214325098 40.64648439165458)"
242,60,false,0,1,ALL,63,5,true,0,false,false,1,1,true,10,200,false,true,500,0,50,VEHICLEBASED,TNorte 1,true,242,false,1.3,false,true,true,true,0,0,0,3,true,1,"LINESTRING (-8.728571073546167 40.6464412150722, -8.72861440556638 40.64649834459105)"
243,60,false,0,1,ALL,63,5,true,0,false,false,1,1,true,10,200,false,true,500,0,50,VEHICLEBASED,TNorte 1,true,243,false,1.3,false,true,true,true,0,0,0,3,true,1,"LINESTRING (-8.72854063993087 40.64645516801771, -8.728583284379374 40.64651125414447)"
244,60,false,0,1,ALL,63,5,true,0,false,false,1,1,true,10,200,false,true,500,0,50,VEHICLEBASED,TNorte 1,true,244,false,1.3,false,true,true,true,0,0,0,3,true,1,"LINESTRING (-8.728510206315573 40.64646912096026, -8.728553538335786 40.64652364200543)"
245,60,false,0,1,ALL,63,5,true,0,false,false,1,1,true,10,200,false,true,500,0,50,VEHICLEBASED,TNorte 1,true,245,false,1.3,false,true,true,true,0,0,0,3,true,1,"LINESTRING (-8.728479772700274 40.64648307389994, -8.728525144113187 40.6465392867113)"
246,60,false,0,1,ALL,63,5,true,0,false,false,1,1,true,10,200,false,true,500,0,50,VEHICLEBASED,TNorte 1,true,246,false,1.3,false,true,true,true,0,0,0,3,true,1,"LINESTRING (-8.728449339084978 40.64649702683669, -8.728495374747167 40.646552906589555)"
247,60,false,0,1,ALL,63,5,true,0,false,false,1,1,true,10,200,false,true,500,0,50,VEHICLEBASED,TNorte 1,true,247,false,1.3,false,true,true,true,0,0,0,3,true,1,"LINESTRING (-8.728418905469681 40.64651097977051, -8.728464028256663 40.64656667086873)"
248,60,false,0,1,ALL,63,5,true,0,false,false,1,1,true,10,200,false,true,500,0,50,VEHICLEBASED,TNorte 1,true,248,false,1.3,false,true,true,true,0,0,0,3,true,1,"LINESTRING (-8.728388471854384 40.64652493270144, -8.728435195088284 40.64658010209848)"
249,60,false,0,1,ALL,89,5,true,0,false,false,1,1,true,10,200,false,true,500,0,50,VEHICLEBASED,TGL 4,true,249,false,1.3,false,true,true,true,0,0,0,3,true,1,"LINESTRING (-8.713919522943911 40.65492711443856, -8.714827127212503 40.65505006023053, -8.71593354419024 40.65520304055633, -8.717068901505813 40.65532233561042)"
250,60,false,0,1,ALL,88,5,true,0,false,false,1,1,true,10,200,false,true,500,0,50,VEHICLEBASED,TGL 3,true,250,false,1.3,false,true,true,true,0,0,0,3,true,1,"LINESTRING (-8.713908239330543 40.654879457393555, -8.713787122294756 40.654863241734226, -8.712878087135497 40.65472151874163, -8.71273886564041 40.654688845581965, -8.712326476356143 40.65451987662064, -8.712050806456642 40.65438368963091, -8.711643365673499 40.65415457894744, -8.709310551152388 40.65282138437973)"
260,60,false,0,1,ALL,63,5,true,0,false,false,1,1,true,10,200,false,true,500,0,50,VEHICLEBASED,TNorte 1,true,260,false,1.3,false,true,true,true,0,0,0,3,true,1,"LINESTRING (-8.728758246257197 40.64663393826545, -8.728729547077133 40.64659408360578)"
261,60,false,0,1,ALL,63,5,true,0,false,false,1,1,true,10,200,false,true,500,0,50,VEHICLEBASED,TNorte 1,true,261,false,1.3,false,true,true,true,0,0,0,3,true,1,"LINESTRING (-8.728727041911448 40.64664687405954, -8.728698342731382 40.646607019407604)"
262,60,false,0,1,ALL,63,5,true,0,false,false,1,1,true,10,200,false,true,500,0,50,VEHICLEBASED,TNorte 1,true,262,false,1.3,false,true,true,true,0,0,0,3,true,1,"LINESTRING (-8.728695837565695 40.64665980985114, -8.728667138385632 40.64661995520691)"
263,60,false,0,1,ALL,63,5,true,0,false,false,1,1,true,10,200,false,true,500,0,50,VEHICLEBASED,TNorte 1,true,263,false,1.3,false,true,true,true,0,0,0,3,true,1,"LINESTRING (-8.728664633219946 40.646672745640196, -8.72863593403988 40.646632891003726)"
264,60,false,0,1,ALL,63,5,true,0,false,false,1,1,true,10,200,false,true,500,0,50,VEHICLEBASED,TNorte 1,true,264,false,1.3,false,true,true,true,0,0,0,3,true,1,"LINESTRING (-8.728633428874193 40.64668568142678, -8.72860472969413 40.64664582679802)"
265,60,false,0,1,ALL,63,5,true,0,false,false,1,1,true,10,200,false,true,500,0,50,VEHICLEBASED,TNorte 1,true,265,false,1.3,false,true,true,true,0,0,0,3,true,1,"LINESTRING (-8.728602224528444 40.646698617210824, -8.728573525348379 40.6466587625898)"
266,60,false,0,1,ALL,63,5,true,0,false,false,1,1,true,10,200,false,true,500,0,50,VEHICLEBASED,TNorte 1,true,266,false,1.3,false,true,true,true,0,0,0,3,true,1,"LINESTRING (-8.728571020182692 40.64671155299239, -8.728542321002628 40.64667169837908)"
267,60,false,0,1,ALL,63,5,true,0,false,false,1,1,true,10,200,false,true,500,0,50,VEHICLEBASED,TNorte 1,true,267,false,1.3,false,true,true,true,0,0,0,3,true,1,"LINESTRING (-8.728539815836942 40.646724488771426, -8.728511116656877 40.646684634165844)"
268,60,false,0,1,ALL,63,5,true,0,false,false,1,1,true,10,200,false,true,500,0,50,VEHICLEBASED,TNorte 1,true,268,false,1.3,false,true,true,true,0,0,0,3,true,1,"LINESTRING (-8.72850861149119 40.646737424547986, -8.728479912311126 40.64669756995011)"
269,60,false,0,1,ALL,87,5,true,0,false,false,1,1,true,10,200,false,true,500,0,50,VEHICLEBASED,TGL 2,true,269,false,1.3,false,true,true,true,0,0,0,3,true,1,"LINESTRING (-8.70612817599667 40.65139275209541, -8.706100265252308 40.65135257923646)"
270,60,false,0,1,ALL,87,5,true,0,false,false,1,1,true,10,200,false,true,500,0,50,VEHICLEBASED,TGL 2,true,270,false,1.3,false,true,true,true,0,0,0,3,true,1,"LINESTRING (-8.706096720272647 40.65140533161496, -8.706068809528286 40.65136515876359)"
271,60,false,0,1,ALL,87,5,true,0,false,false,1,1,true,10,200,false,true,500,0,50,VEHICLEBASED,TGL 2,true,271,false,1.3,false,true,true,true,0,0,0,3,true,1,"LINESTRING (-8.706065264548625 40.65141791113215, -8.706037353804263 40.65137773828833)"
272,60,false,0,1,ALL,87,5,true,0,false,false,1,1,true,10,200,false,true,500,0,50,VEHICLEBASED,TGL 2,true,272,false,1.3,false,true,true,true,0,0,0,3,true,1,"LINESTRING (-8.706033808824603 40.651430490646966, -8.706005898080239 40.65139031781074)"
273,60,false,0,1,ALL,87,5,true,0,false,false,1,1,true,10,200,false,true,500,0,50,VEHICLEBASED,TGL 2,true,273,false,1.3,false,true,true,true,0,0,0,3,true,1,"LINESTRING (-8.70600235310058 40.651443070159424, -8.705974442356217 40.65140289733075)"
274,60,false,0,1,ALL,87,5,true,0,false,false,1,1,true,10,200,false,true,500,0,50,VEHICLEBASED,TGL 2,true,274,false,1.3,false,true,true,true,0,0,0,3,true,1,"LINESTRING (-8.705970897376556 40.65145564966951, -8.705942986632195 40.65141547684841)"
275,60,false,0,1,ALL,87,5,true,0,false,false,1,1,true,10,200,false,true,500,0,50,VEHICLEBASED,TGL 2,true,275,false,1.3,false,true,true,true,0,0,0,3,true,1,"LINESTRING (-8.705939441652534 40.651468229177205, -8.705911530908173 40.65142805636367)"
276,60,false,0,1,ALL,87,5,true,0,false,false,1,1,true,10,200,false,true,500,0,50,VEHICLEBASED,TGL 2,true,276,false,1.3,false,true,true,true,0,0,0,3,true,1,"LINESTRING (-8.705907985928512 40.651480808682535, -8.70588007518415 40.65144063587658)"
277,60,false,0,1,ALL,87,5,true,0,false,false,1,1,true,10,200,false,true,500,0,50,VEHICLEBASED,TGL 2,true,277,false,1.3,false,true,true,true,0,0,0,3,true,1,"LINESTRING (-8.70587653020449 40.65149338818549, -8.705848619460127 40.65145321538712)"
278,60,false,0,1,ALL,87,5,true,0,false,false,1,1,true,10,200,false,true,500,0,50,VEHICLEBASED,TGL 2,true,278,false,1.3,false,true,true,true,0,0,0,3,true,1,"LINESTRING (-8.705845074480466 40.65150596768609, -8.705817163736103 40.65146579489528)"
279,60,false,0,1,ALL,87,5,true,0,false,false,1,1,true,10,200,false,true,500,0,50,VEHICLEBASED,TGL 2,true,279,false,1.3,false,true,true,true,0,0,0,3,true,1,"LINESTRING (-8.705813618756444 40.651518547184295, -8.705785708012082 40.651478374401066)"
280,60,false,0,1,ALL,87,5,true,0,false,false,1,1,true,10,200,false,true,500,0,50,VEHICLEBASED,TGL 2,true,280,false,1.3,false,true,true,true,0,0,0,3,true,1,"LINESTRING (-8.70578216303242 40.65153112668016, -8.705754252288058 40.651490953904485)"
281,60,false,0,1,ALL,87,5,true,0,false,false,1,1,true,10,200,false,true,500,0,50,VEHICLEBASED,TGL 2,true,281,false,1.3,false,true,true,true,0,0,0,3,true,1,"LINESTRING (-8.705750707308399 40.65154370617363, -8.705722796564036 40.65150353340554)"
282,60,false,0,1,ALL,87,5,true,0,false,false,1,1,true,10,200,false,true,500,0,50,VEHICLEBASED,TGL 2,true,282,false,1.3,false,true,true,true,0,0,0,3,true,1,"LINESTRING (-8.705719251584377 40.65155628566474, -8.705691340840014 40.651516112904226)"
283,60,false,0,1,ALL,87,5,true,0,false,false,1,1,true,10,200,false,true,500,0,50,VEHICLEBASED,TGL 2,true,283,false,1.3,false,true,true,true,0,0,0,3,true,1,"LINESTRING (-8.705759697757813 40.65161434803513, -8.705787759564345 40.65165446011596)"
284,60,false,0,1,ALL,87,5,true,0,false,false,1,1,true,10,200,false,true,500,0,50,VEHICLEBASED,TGL 2,true,284,false,1.3,false,true,true,true,0,0,0,3,true,1,"LINESTRING (-8.705791106015173 40.65160170047069, -8.705819167821705 40.65164181255909)"
285,60,false,0,1,ALL,87,5,true,0,false,false,1,1,true,10,200,false,true,500,0,50,VEHICLEBASED,TGL 2,true,285,false,1.3,false,true,true,true,0,0,0,3,true,1,"LINESTRING (-8.705822514272533 40.65158905290381, -8.705850576079067 40.65162916499985)"
286,60,false,0,1,ALL,87,5,true,0,false,false,1,1,true,10,200,false,true,500,0,50,VEHICLEBASED,TGL 2,true,286,false,1.3,false,true,true,true,0,0,0,3,true,1,"LINESTRING (-8.705853922529895 40.65157640533456, -8.705881984336427 40.65161651743818)"
287,60,false,0,1,ALL,87,5,true,0,false,false,1,1,true,10,200,false,true,500,0,50,VEHICLEBASED,TGL 2,true,287,false,1.3,false,true,true,true,0,0,0,3,true,1,"LINESTRING (-8.705885330787256 40.651563757762894, -8.705913392593787 40.651603869874116)"
288,60,false,0,1,ALL,87,5,true,0,false,false,1,1,true,10,200,false,true,500,0,50,VEHICLEBASED,TGL 2,true,288,false,1.3,false,true,true,true,0,0,0,3,true,1,"LINESTRING (-8.705916739044618 40.651551110188834, -8.70594480085115 40.651591222307665)"
289,60,false,0,1,ALL,87,5,true,0,false,false,1,1,true,10,200,false,true,500,0,50,VEHICLEBASED,TGL 2,true,289,false,1.3,false,true,true,true,0,0,0,3,true,1,"LINESTRING (-8.705948147301978 40.651538462612386, -8.705976209108512 40.65157857473882)"
290,60,false,0,1,ALL,87,5,true,0,false,false,1,1,true,10,200,false,true,500,0,50,VEHICLEBASED,TGL 2,true,290,false,1.3,false,true,true,true,0,0,0,3,true,1,"LINESTRING (-8.70597955555934 40.65152581503354, -8.706007617365872 40.65156592716756)"
291,60,false,0,1,ALL,87,5,true,0,false,false,1,1,true,10,200,false,true,500,0,50,VEHICLEBASED,TGL 2,true,291,false,1.3,false,true,true,true,0,0,0,3,true,1,"LINESTRING (-8.7060109638167 40.65151316745231, -8.706039025623232 40.651553279593934)"
292,60,false,0,1,ALL,87,5,true,0,false,false,1,1,true,10,200,false,true,500,0,50,VEHICLEBASED,TGL 2,true,292,false,1.3,false,true,true,true,0,0,0,3,true,1,"LINESTRING (-8.70604237207406 40.651500519868655, -8.706070433880592 40.65154063201789)"
293,60,false,0,1,ALL,87,5,true,0,false,false,1,1,true,10,200,false,true,500,0,50,VEHICLEBASED,TGL 2,true,293,false,1.3,false,true,true,true,0,0,0,3,true,1,"LINESTRING (-8.706073780331423 40.65148787228261, -8.706101842137954 40.651527984439454)"
294,60,false,0,1,ALL,87,5,true,0,false,false,1,1,true,10,200,false,true,500,0,50,VEHICLEBASED,TGL 2,true,294,false,1.3,false,true,true,true,0,0,0,3,true,1,"LINESTRING (-8.706105188588783 40.651475224694174, -8.706133250395316 40.65151533685863)"
295,60,false,0,1,ALL,87,5,true,0,false,false,1,1,true,10,200,false,true,500,0,50,VEHICLEBASED,TGL 2,true,295,false,1.3,false,true,true,true,0,0,0,3,true,1,"LINESTRING (-8.706136596846145 40.651462577103324, -8.706164658652677 40.65150268927539)"
296,60,false,0,1,ALL,87,5,true,0,false,false,1,1,true,10,200,false,true,500,0,50,VEHICLEBASED,TGL 2,true,296,false,1.3,false,true,true,true,0,0,0,3,true,1,"LINESTRING (-8.706168005103505 40.65144992951011, -8.706196066910037 40.65149004168975)"
297,60,false,0,1,ALL,86,5,true,0,false,false,1,1,true,10,200,false,true,500,0,50,VEHICLEBASED,TGL 1,true,297,false,1.3,false,true,true,true,0,0,0,3,true,1,"LINESTRING (-8.705468341996548 40.65368985206019, -8.705442238445796 40.65364898727009)"
298,60,false,0,1,ALL,86,5,true,0,false,false,1,1,true,10,200,false,true,500,0,50,VEHICLEBASED,TGL 1,true,298,false,1.3,false,true,true,true,0,0,0,3,true,1,"LINESTRING (-8.705500340610557 40.65367808745521, -8.705474237059805 40.653637222657885)"
299,60,false,0,1,ALL,86,5,true,0,false,false,1,1,true,10,200,false,true,500,0,50,VEHICLEBASED,TGL 1,true,299,false,1.3,false,true,true,true,0,0,0,3,true,1,"LINESTRING (-8.705532339224565 40.65366632284814, -8.705506235673813 40.653625458043585)"
300,60,false,0,1,ALL,86,5,true,0,false,false,1,1,true,10,200,false,true,500,0,50,VEHICLEBASED,TGL 1,true,300,false,1.3,false,true,true,true,0,0,0,3,true,1,"LINESTRING (-8.705564337838574 40.65365455823898, -8.70553823428782 40.65361369342726)"
301,60,false,0,1,ALL,86,5,true,0,false,false,1,1,true,10,200,false,true,500,0,50,VEHICLEBASED,TGL 1,true,301,false,1.3,false,true,true,true,0,0,0,3,true,1,"LINESTRING (-8.705596336452581 40.65364279362777, -8.705570232901831 40.65360192880882)"
302,60,false,0,1,ALL,89,5,true,0,false,false,1,1,true,10,200,false,true,500,0,50,VEHICLEBASED,TGL 4,true,302,false,1.3,false,true,true,true,0,0,0,3,true,1,"LINESTRING (-8.719966608582665 40.655263626894616, -8.719973938455578 40.65530869459786)"
303,60,false,0,1,ALL,89,5,true,0,false,false,1,1,true,10,200,false,true,500,0,50,VEHICLEBASED,TGL 4,true,303,false,1.3,false,true,true,true,0,0,0,3,true,1,"LINESTRING (-8.719931318079988 40.655266930315555, -8.719938647952903 40.655311998016536)"
304,60,false,0,1,ALL,89,5,true,0,false,false,1,1,true,10,200,false,true,500,0,50,VEHICLEBASED,TGL 4,true,304,false,1.3,false,true,true,true,0,0,0,3,true,1,"LINESTRING (-8.719896027577315 40.65527023373631, -8.71990335745023 40.655315301435074)"
305,60,false,0,1,ALL,89,5,true,0,false,false,1,1,true,10,200,false,true,500,0,50,VEHICLEBASED,TGL 4,true,305,false,1.3,false,true,true,true,0,0,0,3,true,1,"LINESTRING (-8.71986073707464 40.65527353715691, -8.719868066947553 40.65531860485344)"
306,60,false,0,1,ALL,89,5,true,0,false,false,1,1,true,10,200,false,true,500,0,50,VEHICLEBASED,TGL 4,true,306,false,1.3,false,true,true,true,0,0,0,3,true,1,"LINESTRING (-8.719825446571967 40.655276840577336, -8.71983277644488 40.65532190827165)"
307,60,false,0,1,ALL,89,5,true,0,false,false,1,1,true,10,200,false,true,500,0,50,VEHICLEBASED,TGL 4,true,307,false,1.3,false,true,true,true,0,0,0,3,true,1,"LINESTRING (-8.719790156069292 40.65528014399761, -8.719797485942205 40.655325211689686)"
308,60,false,0,1,ALL,89,5,true,0,false,false,1,1,true,10,200,false,true,500,0,50,VEHICLEBASED,TGL 4,true,308,false,1.3,false,true,true,true,0,0,0,3,true,1,"LINESTRING (-8.719754865566617 40.6552834474177, -8.719762195439532 40.65532851510756)"
309,60,false,0,1,ALL,89,5,true,0,false,false,1,1,true,10,200,false,true,500,0,50,VEHICLEBASED,TGL 4,true,309,false,1.3,false,true,true,true,0,0,0,3,true,1,"LINESTRING (-8.719719575063944 40.65528675083767, -8.719726904936858 40.65533181852527)"
310,60,false,0,1,ALL,89,5,true,0,false,false,1,1,true,10,200,false,true,500,0,50,VEHICLEBASED,TGL 4,true,310,false,1.3,false,true,true,true,0,0,0,3,true,1,"LINESTRING (-8.71968428456127 40.655290054257435, -8.719691614434183 40.65533512194282)"
311,60,false,0,1,ALL,89,5,true,0,false,false,1,1,true,10,200,false,true,500,0,50,VEHICLEBASED,TGL 4,true,311,false,1.3,false,true,true,true,0,0,0,3,true,1,"LINESTRING (-8.719961673618721 40.65523328426541, -8.719954343745808 40.65518821651122)"
312,60,false,0,1,ALL,89,5,true,0,false,false,1,1,true,10,200,false,true,500,0,50,VEHICLEBASED,TGL 4,true,312,false,1.3,false,true,true,true,0,0,0,3,true,1,"LINESTRING (-8.719926383116047 40.65523658768782, -8.719919053243133 40.65519151993589)"
313,60,false,0,1,ALL,89,5,true,0,false,false,1,1,true,10,200,false,true,500,0,50,VEHICLEBASED,TGL 4,true,313,false,1.3,false,true,true,true,0,0,0,3,true,1,"LINESTRING (-8.719891092613373 40.6552398911101, -8.719883762740459 40.65519482336039)"
314,60,false,0,1,ALL,89,5,true,0,false,false,1,1,true,10,200,false,true,500,0,50,VEHICLEBASED,TGL 4,true,314,false,1.3,false,true,true,true,0,0,0,3,true,1,"LINESTRING (-8.719855802110699 40.655243194532176, -8.719848472237786 40.655198126784704)"
315,60,false,0,1,ALL,89,5,true,0,false,false,1,1,true,10,200,false,true,500,0,50,VEHICLEBASED,TGL 4,true,315,false,1.3,false,true,true,true,0,0,0,3,true,1,"LINESTRING (-8.719820511608024 40.655246497954124, -8.71981318173511 40.65520143020887)"
316,60,false,0,1,ALL,89,5,true,0,false,false,1,1,true,10,200,false,true,500,0,50,VEHICLEBASED,TGL 4,true,316,false,1.3,false,true,true,true,0,0,0,3,true,1,"LINESTRING (-8.71978522110535 40.6552498013759, -8.719777891232438 40.655204733632885)"
317,60,false,0,1,ALL,89,5,true,0,false,false,1,1,true,10,200,false,true,500,0,50,VEHICLEBASED,TGL 4,true,317,false,1.3,false,true,true,true,0,0,0,3,true,1,"LINESTRING (-8.719749930602676 40.655253104797495, -8.719742600729763 40.65520803705672)"
318,60,false,0,1,ALL,89,5,true,0,false,false,1,1,true,10,200,false,true,500,0,50,VEHICLEBASED,TGL 4,true,318,false,1.3,false,true,true,true,0,0,0,3,true,1,"LINESTRING (-8.719714640100003 40.65525640821896, -8.719707310227088 40.6552113404804)"
319,60,false,0,1,ALL,89,5,true,0,false,false,1,1,true,10,200,false,true,500,0,50,VEHICLEBASED,TGL 4,true,319,false,1.3,false,true,true,true,0,0,0,3,true,1,"LINESTRING (-8.719679349597328 40.65525971164023, -8.719672019724413 40.65521464390393)"
320,60,false,0,1,ALL,1,5,true,0,false,false,1,1,true,10,200,false,true,500,0,50,VEHICLEBASED,,true,320,false,1.3,false,true,true,true,0,0,0,3,true,4,"LINESTRING (-8.719078255367855 40.64370050238843, -8.718954681726334 40.64354913070752)"
321,60,false,0,1,ALL,1,5,true,0,false,false,1,1,true,10,200,false,true,500,0,50,VEHICLEBASED,,true,321,false,1.3,false,true,true,true,0,0,0,3,true,4,"LINESTRING (-8.71881666131958 40.643491439508615, -8.718695193397545 40.64347145156253)"
322,60,false,0,1,ALL,61,5,true,0,false,false,1,3,true,10,200,false,true,500,0,50,VEHICLEBASED,Port Water Channel,true,322,false,1.3,false,true,true,true,0,0,0,3,true,1,"LINESTRING (-8.725717142609355 40.647438869644375, -8.727536422234408 40.650080595757565)"
323,60,false,0,1,ALL,1,5,true,0,false,false,1,1,true,10,200,false,true,500,0,50,VEHICLEBASED,,true,323,false,1.3,false,true,true,true,0,0,0,3,true,2,"LINESTRING (-8.718620399442152 40.64432097785235, -8.719426490532491 40.64546819711534)"
324,60,false,0,1,ALL,1,5,true,0,false,false,1,1,true,10,200,false,true,500,0,50,VEHICLEBASED,,true,324,false,1.3,false,true,true,true,0,0,0,3,true,2,"LINESTRING (-8.719904566507653 40.645506111745895, -8.719863602665471 40.64544456150163)"
327,60,false,0,1,ALL,61,5,true,0,false,false,1,3,true,10,200,false,true,500,0,50,VEHICLEBASED,Port Water Channel,true,327,false,1.3,false,true,true,true,0,0,0,3,true,1,"LINESTRING (-8.762115541743224 40.641426738043165, -8.759490931466226 40.6422963910731, -8.756415048278372 40.64327873985692, -8.754048338564596 40.64399914311346, -8.749881983331273 40.64448330469188, -8.747210838235828 40.64475692499557, -8.744341476590982 40.64504586545594, -8.741642934601977 40.64530303455886, -8.739915926753886 40.64566330669556, -8.73828241866578 40.646079589429156, -8.736833343631146 40.64676490305384, -8.73520928242579 40.64798565975687, -8.733370234784362 40.649306957547175, -8.731894073852173 40.6503212810565, -8.731064649351646 40.65055527143553, -8.729777899172154 40.65063605008133)"
328,60,false,0,1,ALL,61,5,true,0,false,false,1,3,true,10,200,false,true,500,0,50,VEHICLEBASED,Port Water Channel,true,328,false,1.3,false,true,true,true,0,0,0,3,true,2,"LINESTRING (-8.729308035265818 40.64967225595053, -8.724577340542877 40.64366765581998)"
329,60,false,0,1,ALL,61,5,true,0,false,false,1,3,true,10,200,false,true,500,0,50,VEHICLEBASED,Port Water Channel,true,329,false,1.3,false,true,true,true,0,0,0,3,true,2,"LINESTRING (-8.723243035246673 40.64453927734389, -8.725374487293632 40.64741700977655)"
330,60,false,0,1,ALL,61,5,true,0,false,false,1,3,true,10,200,false,true,500,0,50,VEHICLEBASED,Port Water Channel,true,330,false,1.3,false,true,true,true,0,0,0,3,true,2,"LINESTRING (-8.715574605587685 40.653389199583756, -8.71830594775745 40.65314573664154, -8.720685826199233 40.65292050981446, -8.722847834654948 40.65268383797445, -8.724987783786787 40.65251077116168, -8.726133138772356 40.65244365531534, -8.726638586485802 40.65242937972424)"
331,60,false,0,1,ALL,81,5,true,0,false,false,1,1,true,10,200,false,true,500,0,50,VEHICLEBASED,External Road South,true,331,false,1.3,false,true,true,true,0,0,0,3,true,2,"LINESTRING (-8.728875710468646 40.633723062288524, -8.72837656470546 40.63478777421331, -8.728290736029281 40.6349705900608)"
332,60,false,0,1,ALL,90,5,true,0,false,false,1,1,true,10,200,false,true,500,0,50,VEHICLEBASED,External Road Central West,true,332,false,1.3,false,true,true,true,0,0,0,3,true,2,"LINESTRING (-8.726361875766017 40.63927622659463, -8.726939332810048 40.638046307606814)"
333,60,false,0,1,ALL,81,5,true,0,false,false,1,1,true,10,200,false,true,500,0,50,VEHICLEBASED,External Road South,true,333,false,1.3,false,true,true,true,0,0,0,3,true,2,"LINESTRING (-8.729360572693516 40.6332735278297, -8.729377682651844 40.63325011837019, -8.729390619912117 40.63322521433798, -8.729399163114225 40.633199241846526, -8.72940316608161 40.63317264529141, -8.729402560322391 40.63314587974655, -8.729397356201277 40.633119403177936, -8.729387642762223 40.633093668607614, -8.729373586204861 40.633069116362314, -8.72935542704079 40.63304616653929, -8.72933347597834 40.63302521181819, -8.729308108606272 40.63300661074219, -8.72927975896736 40.63299068158293, -8.729248912131784 40.63297769689473, -8.729216095897451 40.63296787885097, -8.729181871759232 40.632961395442535, -8.72914682530162 40.63295835760331, -8.72911155617922 40.63295881731206, -8.729010404676023 40.63298080567439, -8.728980163599664 40.63299458660049, -8.728952551486447 40.633011245181216, -8.728928040787281 40.63303049638158, -8.72890705088703 40.63305201080615, -8.7288899409287 40.633075420335096, -8.728877003668428 40.63310032442318, -8.72886846046632 40.63312629695311, -8.728864457498934 40.6331528935267, -8.728865063258153 40.63317965906876, -8.728870267379268 40.633206135613456, -8.728879980818324 40.63323187014045, -8.728894037375682 40.6332564223259, -8.728912196539754 40.633279372076665, -8.728934147602207 40.633300326717965, -8.728959514974273 40.63331892771216, -8.728987864613185 40.633334856793105, -8.729018711448761 40.63334784141187, -8.729051527683094 40.633357659399756, -8.729085751821312 40.633364142769715, -8.729120798278926 40.63336718059047, -8.729156067401325 40.63336672088452, -8.72919095572405 40.63336277151753, -8.729224866298225 40.63335540006361, -8.729257218904523 40.63334473264928, -8.729287459980881 40.63333095179544, -8.729315072094098 40.63331429329451, -8.729339582793262 40.63329504217596)"
334,60,false,0,1,ALL,81,5,true,0,false,false,1,1,true,10,200,false,true,500,0,50,VEHICLEBASED,External Road South,true,334,false,1.3,false,true,true,true,0,0,0,3,true,2,"LINESTRING (-8.730806912292786 40.628588011802485, -8.730135065444172 40.630388679658914)"
335,60,false,0,1,ALL,81,5,true,0,false,false,1,1,true,10,200,false,true,500,0,50,VEHICLEBASED,External Road South,true,335,false,1.3,false,true,true,true,0,0,0,3,true,2,"LINESTRING (-8.729384139827511 40.63264664196168, -8.72976612621533 40.63162289175391)"
336,60,false,0,1,ALL,81,5,true,0,false,false,1,1,true,10,200,false,true,500,0,50,VEHICLEBASED,External Road South,true,336,false,1.3,false,true,true,true,0,0,0,3,true,2,"LINESTRING (-8.730131836125965 40.63039733468309, -8.729680464325149 40.63160706316387)"
337,60,false,0,1,ALL,90,5,true,0,false,false,1,1,true,10,200,false,true,500,0,50,VEHICLEBASED,External Road Central West,true,337,false,1.3,false,true,true,true,0,0,0,3,true,2,"LINESTRING (-8.726855601796258 40.63802736464213, -8.726279859271354 40.63925363227727)"
338,60,false,0,1,ALL,83,5,true,0,false,false,1,1,true,10,200,false,true,500,0,50,VEHICLEBASED,External Road Centre,true,338,false,1.3,false,true,true,true,0,0,0,3,true,1,"LINESTRING (-8.714193807371128 40.64459910461591, -8.712695871627073 40.645174494880536)"
339,60,false,0,1,ALL,63,5,true,0,false,false,1,1,true,10,200,false,true,500,0,50,VEHICLEBASED,TNorte 1,true,339,false,1.3,false,true,true,true,0,0,0,3,true,2,"LINESTRING (-8.730237898345624 40.64946022109053, -8.728192804842493 40.64675684654581)"
340,60,false,0,1,ALL,63,5,true,0,false,false,1,1,true,10,200,false,true,500,0,50,VEHICLEBASED,TNorte 1,true,340,false,1.3,false,true,true,true,0,0,0,3,true,1,"LINESTRING (-8.728376895513808 40.64680944883835, -8.728361607104135 40.64681582257255)"
341,60,false,0,1,ALL,63,5,true,0,false,false,1,1,true,10,200,false,true,500,0,50,VEHICLEBASED,TNorte 1,true,341,false,1.3,false,true,true,true,0,0,0,3,true,2,"LINESTRING (-8.730503406890376 40.648345110227226, -8.729923839917358 40.648597156901204)"
342,60,false,0,1,ALL,65,5,true,0,false,false,1,1,true,10,200,false,true,500,0,50,VEHICLEBASED,TNorte 3,true,342,false,1.3,false,true,true,true,0,0,0,3,true,1,"LINESTRING (-8.730259038358867 40.64579369752126, -8.732483011925732 40.64865471592033)"
343,60,false,0,1,ALL,69,5,true,0,false,false,1,1,true,10,200,false,true,500,0,50,VEHICLEBASED,TNorte 7,true,343,false,1.3,false,true,true,true,0,0,0,3,true,2,"LINESTRING (-8.72188175278497 40.64273314368882, -8.722346326546822 40.64341349612195)"
344,60,false,0,1,ALL,1,5,true,0,false,false,1,1,true,10,200,false,true,500,0,50,VEHICLEBASED,,true,344,false,1.3,false,true,true,true,0,0,0,3,true,1,"LINESTRING (-8.719546984704978 40.64338123867249, -8.719219261395661 40.64350990364556)"
345,60,false,0,1,ALL,1,5,true,0,false,false,1,1,true,10,200,false,true,500,0,50,VEHICLEBASED,,true,345,false,1.3,false,true,true,true,0,0,0,3,true,1,"LINESTRING (-8.719252148883342 40.64355534213204, -8.719579872192657 40.6434266772466)"
346,60,false,0,1,ALL,71,5,true,0,false,false,1,1,true,10,200,false,true,500,0,50,VEHICLEBASED,TNorte 9,true,346,false,1.3,false,true,true,true,0,0,0,3,true,1,"LINESTRING (-8.719466913224528 40.64381405463558, -8.720892069003835 40.645819867010275)"
347,60,false,0,1,ALL,71,5,true,0,false,false,1,1,true,10,200,false,true,500,0,50,VEHICLEBASED,TNorte 9,true,347,false,1.3,false,true,true,true,0,0,0,3,true,1,"LINESTRING (-8.720925047582522 40.645798219404554, -8.719503913797 40.643800219143884)"
348,60,false,0,1,ALL,71,5,true,0,false,false,1,1,true,10,200,false,true,500,0,50,VEHICLEBASED,TNorte 9,true,348,false,1.3,false,true,true,true,0,0,0,3,true,1,"LINESTRING (-8.721239532986521 40.64593789908198, -8.721489993608618 40.645834105556915)"
349,60,false,0,1,ALL,71,5,true,0,false,false,1,1,true,10,200,false,true,500,0,50,VEHICLEBASED,TNorte 9,true,349,false,1.3,false,true,true,true,0,0,0,3,true,1,"LINESTRING (-8.721470108452696 40.6458064809634, -8.721219647830601 40.64591027453141)"
350,60,false,0,1,ALL,70,5,true,0,false,false,1,1,true,10,200,false,true,500,0,50,VEHICLEBASED,TNorte 8,true,350,false,1.3,false,true,true,true,0,0,0,3,true,1,"LINESTRING (-8.72166645042249 40.64258768767553, -8.720209202044543 40.643125034910184, -8.72013109092962 40.643184305599185, -8.720066451018775 40.643247243559124, -8.719997608465292 40.64332682970381, -8.719989747329082 40.64336274174591)"
351,60,false,0,1,ALL,70,5,true,0,false,false,1,1,true,10,200,false,true,500,0,50,VEHICLEBASED,TNorte 8,true,351,false,1.3,false,true,true,true,0,0,0,3,true,1,"LINESTRING (-8.720033508935284 40.64342554062849, -8.720026336437236 40.6433816877846, -8.720035132347443 40.643340815847154, -8.720100208163126 40.6432655842968, -8.720162237364914 40.64320518832443, -8.720233605843498 40.64315103396475, -8.721677326741029 40.64261900263723)"
352,60,false,0,1,ALL,70,5,true,0,false,false,1,1,true,10,200,false,true,500,0,50,VEHICLEBASED,TNorte 8,true,352,false,1.3,false,true,true,true,0,0,0,3,true,1,"LINESTRING (-8.720913015118231 40.642966212142404, -8.720896091904095 40.64299322461901, -8.72085782645738 40.64303021508347, -8.720789845096936 40.64308294142398)"
353,60,false,0,1,ALL,68,5,true,0,false,false,1,1,true,10,200,false,true,500,0,50,VEHICLEBASED,TNorte 6,true,353,false,1.3,false,true,true,true,0,0,0,3,true,2,"LINESTRING (-8.724084810073993 40.64196403640544, -8.724408630881625 40.64214566003441, -8.724632848008328 40.64232578038624, -8.724811187223345 40.642523887386126, -8.727853252930695 40.646384370716234)"
354,60,false,0,1,ALL,69,5,true,0,false,false,1,1,true,10,200,false,true,500,0,50,VEHICLEBASED,TNorte 7,true,354,false,1.3,false,true,true,true,0,0,0,3,true,2,"LINESTRING (-8.721379669404543 40.64201888808586, -8.721649547941054 40.64241506733875)"
355,60,false,0,1,ALL,69,5,true,0,false,false,1,1,true,10,200,false,true,500,0,50,VEHICLEBASED,TNorte 7,true,355,false,1.3,false,true,true,true,0,0,0,3,true,2,"LINESTRING (-8.72173934268101 40.642364200394056, -8.721464831913837 40.64198157030512)"
356,60,false,0,1,ALL,65,5,true,0,false,false,1,1,true,10,200,false,true,500,0,50,VEHICLEBASED,TNorte 3,true,356,false,1.3,false,true,true,true,0,0,0,3,true,1,"LINESTRING (-8.732511986146545 40.64861584094066, -8.730288168594221 40.64575768290169)"
357,60,false,0,1,ALL,65,5,true,0,false,false,1,1,true,10,200,false,true,500,0,50,VEHICLEBASED,TNorte 3,true,357,false,1.3,false,true,true,true,0,0,0,3,true,1,"LINESTRING (-8.73259156096185 40.6489001538776, -8.73199379985183 40.64934910737093)"
358,60,false,0,1,ALL,65,5,true,0,false,false,1,1,true,10,200,false,true,500,0,50,VEHICLEBASED,TNorte 3,true,358,false,1.3,false,true,true,true,0,0,0,3,true,1,"LINESTRING (-8.730599027365132 40.646460730205014, -8.729994516480055 40.646725332605506)"
359,60,false,0,1,ALL,65,5,true,0,false,false,1,1,true,10,200,false,true,500,0,50,VEHICLEBASED,TNorte 3,true,359,false,1.3,false,true,true,true,0,0,0,3,true,1,"LINESTRING (-8.7300301823092 40.64676804779072, -8.73068335205267 40.64648610455116)"
360,60,false,0,1,ALL,66,5,true,0,false,false,1,1,true,10,200,false,true,500,0,50,VEHICLEBASED,TNorte 4,true,360,false,1.3,false,true,true,true,0,0,0,3,true,2,"LINESTRING (-8.725858036699005 40.643525740938315, -8.726539945004731 40.64320205679339)"
361,60,false,0,1,ALL,11,5,true,0,false,false,1,6,true,10,200,false,true,500,0,50,VEHICLEBASED,Rail,true,361,false,1.3,false,true,true,true,0,0,0,3,true,1,"LINESTRING (-8.700664687367315 40.64629114758619, -8.701729946076881 40.64731270989983, -8.701914489334333 40.6474602501607, -8.702132898052387 40.647601598146714, -8.70238115018535 40.64773609955841, -8.702606264537255 40.64784632308723, -8.70297461839483 40.647989687049964, -8.703632913146237 40.64814726130335, -8.704110237951099 40.64818838973355, -8.70456541402666 40.64819280049617, -8.704972193986535 40.648155821083776, -8.70540789874266 40.64807685757786, -8.705818770434952 40.64795573478077, -8.709582620751481 40.64650530852534, -8.70984292832123 40.64642323336373, -8.71012436663029 40.64634013533138, -8.717132849469778 40.64362370976072, -8.717605560021145 40.64338758140183, -8.721532629428047 40.641869445583886, -8.721779613759573 40.64179745715273)"
362,60,false,0,1,ALL,90,5,true,0,false,false,1,1,true,10,200,false,true,500,0,50,VEHICLEBASED,External Road Central West,true,362,false,1.3,false,true,true,true,0,0,0,3,true,2,"LINESTRING (-8.727568305549424 40.636509353601454, -8.727365241386307 40.63694187012219, -8.72685957972673 40.638018892013655)"
363,60,false,0,1,ALL,81,5,true,0,false,false,1,1,true,10,200,false,true,500,0,50,VEHICLEBASED,External Road South,true,363,false,1.3,false,true,true,true,0,0,0,3,true,2,"LINESTRING (-8.727659590465214 40.636512207513604, -8.728373431186565 40.63499174027276)"
364,60,false,0,1,ALL,90,5,true,0,false,false,1,1,true,10,200,false,true,500,0,50,VEHICLEBASED,External Road Central West,true,364,false,1.3,false,true,true,true,0,0,0,3,true,2,"LINESTRING (-8.72694331074052 40.63803783498076, -8.727655612534743 40.63652068033326)"
365,60,false,0,1,ALL,83,5,true,0,false,false,1,1,true,10,200,false,true,500,0,50,VEHICLEBASED,External Road Centre,true,365,false,1.3,false,true,true,true,0,0,0,3,true,1,"LINESTRING (-8.723222010145758 40.64099297693892, -8.722977928515721 40.641094567346165, -8.720985000209428 40.641857322964164)"
366,60,false,0,1,ALL,90,5,true,0,false,false,1,1,true,10,200,false,true,500,0,50,VEHICLEBASED,External Road Central West,true,366,false,1.3,false,true,true,true,0,0,0,3,true,1,"LINESTRING (-8.723250571397474 40.64101885899688, -8.725344391762643 40.64016096079072)"
367,60,false,0,1,ALL,83,5,true,0,false,false,1,1,true,10,200,false,true,500,0,50,VEHICLEBASED,External Road Centre,true,367,false,1.3,false,true,true,true,0,0,0,3,true,1,"LINESTRING (-8.720974417473151 40.64186137328305, -8.719095820235403 40.64258036282288, -8.718720905404325 40.642661672930366)"
368,60,false,0,1,ALL,83,5,true,0,false,false,1,1,true,10,200,false,true,500,0,50,VEHICLEBASED,External Road Centre,true,368,false,1.3,false,true,true,true,0,0,0,3,true,1,"LINESTRING (-8.72101099014363 40.64189453442153, -8.722997334557997 40.641122616639635, -8.723240141970194 40.6410231322045)"
369,60,false,0,1,ALL,83,5,true,0,false,false,1,1,true,10,200,false,true,500,0,50,VEHICLEBASED,External Road Centre,true,369,false,1.3,false,true,true,true,0,0,0,3,true,1,"LINESTRING (-8.716318879515141 40.64374117652633, -8.717297385857673 40.64331697568817, -8.717541881828867 40.64317000280686)"
370,60,false,0,1,ALL,83,5,true,0,false,false,1,1,true,10,200,false,true,500,0,50,VEHICLEBASED,External Road Centre,true,370,false,1.3,false,true,true,true,0,0,0,3,true,1,"LINESTRING (-8.716282809936445 40.643695655157316, -8.714844293306086 40.64432502920171)"
371,60,false,0,1,ALL,83,5,true,0,false,false,1,1,true,10,200,false,true,500,0,50,VEHICLEBASED,External Road Centre,true,371,false,1.3,false,true,true,true,0,0,0,3,true,1,"LINESTRING (-8.714883712514112 40.644363343441555, -8.716308588085743 40.64374563803954)"
372,60,false,0,1,ALL,83,5,true,0,false,false,1,1,true,10,200,false,true,500,0,50,VEHICLEBASED,External Road Centre,true,372,false,1.3,false,true,true,true,0,0,0,3,true,1,"LINESTRING (-8.714230887058742 40.64463587719866, -8.714490777836865 40.64453368564177, -8.714873421084715 40.64436780491316)"
373,60,false,0,1,ALL,83,5,true,0,false,false,1,1,true,10,200,false,true,500,0,50,VEHICLEBASED,External Road Centre,true,373,false,1.3,false,true,true,true,0,0,0,3,true,1,"LINESTRING (-8.711126636414233 40.645848667232194, -8.712722273307168 40.64522538322269)"
374,60,false,0,1,ALL,83,5,true,0,false,false,1,1,true,10,200,false,true,500,0,50,VEHICLEBASED,External Road Centre,true,374,false,1.3,false,true,true,true,0,0,0,3,true,1,"LINESTRING (-8.71109207693581 40.64580403186818, -8.709405985787427 40.64646586625324)"
375,60,false,0,1,ALL,83,5,true,0,false,false,1,1,true,10,200,false,true,500,0,50,VEHICLEBASED,External Road Centre,true,375,false,1.3,false,true,true,true,0,0,0,3,true,1,"LINESTRING (-8.709425630822366 40.64651310371023, -8.711116098214017 40.645852783620356)"
376,60,false,0,1,ALL,83,5,true,0,false,false,1,1,true,10,200,false,true,500,0,50,VEHICLEBASED,External Road Centre,true,376,false,1.3,false,true,true,true,0,0,0,3,true,1,"LINESTRING (-8.709395458402113 40.64646999850364, -8.708376726050721 40.64686987409475, -8.708113053778535 40.646971099370276)"
377,60,false,0,1,ALL,83,5,true,0,false,false,1,1,true,10,200,false,true,500,0,50,VEHICLEBASED,External Road Centre,true,377,false,1.3,false,true,true,true,0,0,0,3,true,1,"LINESTRING (-8.712732811507385 40.645221266795815, -8.714149908164513 40.6446677188478, -8.714220363494674 40.6446400151621)"
378,60,false,0,1,ALL,83,5,true,0,false,false,1,1,true,10,200,false,true,500,0,50,VEHICLEBASED,External Road Centre,true,378,false,1.3,false,true,true,true,0,0,0,3,true,1,"LINESTRING (-8.712685344241757 40.64517862721089, -8.711102604321123 40.64579989957653)"
379,60,false,0,1,ALL,82,5,true,0,false,false,1,1,true,10,200,false,true,500,0,50,VEHICLEBASED,External Road Gafanha da Nazare,true,379,false,1.3,false,true,true,true,0,0,0,3,true,1,"LINESTRING (-8.69772520854602 40.63619471334916, -8.697418951569496 40.63617447328774, -8.693807663987139 40.635924063330656)"
380,60,false,0,1,ALL,82,5,true,0,false,false,1,1,true,10,200,false,true,500,0,50,VEHICLEBASED,External Road Gafanha da Nazare,true,380,false,1.3,false,true,true,true,0,0,0,3,true,1,"LINESTRING (-8.697723367983519 40.636233906372546, -8.69930632663086 40.63633852156142)"
381,60,false,0,1,ALL,82,5,true,0,false,false,1,1,true,10,200,false,true,500,0,50,VEHICLEBASED,External Road Gafanha da Nazare,true,381,false,1.3,false,true,true,true,0,0,0,3,true,1,"LINESTRING (-8.69930761257887 40.63629929194585, -8.697737016559643 40.63619549372281)"
382,60,false,0,1,ALL,82,5,true,0,false,false,1,1,true,10,200,false,true,500,0,50,VEHICLEBASED,External Road Gafanha da Nazare,true,382,false,1.3,false,true,true,true,0,0,0,3,true,1,"LINESTRING (-8.699318134644482 40.63633930193338, -8.700812301912173 40.636438048891364, -8.700875794030164 40.63644284923703)"
383,60,false,0,1,ALL,82,5,true,0,false,false,1,1,true,10,200,false,true,500,0,50,VEHICLEBASED,External Road Gafanha da Nazare,true,383,false,1.3,false,true,true,true,0,0,0,3,true,1,"LINESTRING (-8.700878831944358 40.6364037961569, -8.700808962948608 40.63639851368187, -8.699319420592493 40.6363000723183)"
384,60,false,0,1,ALL,82,5,true,0,false,false,1,1,true,10,200,false,true,500,0,50,VEHICLEBASED,External Road Gafanha da Nazare,true,384,false,1.3,false,true,true,true,0,0,0,3,true,1,"LINESTRING (-8.700887588346145 40.63644374095072, -8.70199059823647 40.636527134375456, -8.703122808052115 40.63660560986274)"
385,60,false,0,1,ALL,82,5,true,0,false,false,1,1,true,10,200,false,true,500,0,50,VEHICLEBASED,External Road Gafanha da Nazare,true,385,false,1.3,false,true,true,true,0,0,0,3,true,1,"LINESTRING (-8.703133319526254 40.63656703529854, -8.701987346263264 40.63648760579564, -8.700890626260339 40.6364046878711)"
386,60,false,0,1,ALL,82,5,true,0,false,false,1,1,true,10,200,false,true,500,0,50,VEHICLEBASED,External Road Gafanha da Nazare,true,386,false,1.3,false,true,true,true,0,0,0,3,true,1,"LINESTRING (-8.703134611626876 40.636606427989136, -8.705949252121533 40.63680151535371, -8.706139413531373 40.63681472811954)"
387,60,false,0,1,ALL,82,5,true,0,false,false,1,1,true,10,200,false,true,500,0,50,VEHICLEBASED,External Road Gafanha da Nazare,true,387,false,1.3,false,true,true,true,0,0,0,3,true,1,"LINESTRING (-8.706149643005883 40.636776136455204, -8.705945830386726 40.63676197516988, -8.703145123101017 40.6365678534254)"
388,60,false,0,1,ALL,82,5,true,0,false,false,1,1,true,10,200,false,true,500,0,50,VEHICLEBASED,External Road Gafanha da Nazare,true,388,false,1.3,false,true,true,true,0,0,0,3,true,1,"LINESTRING (-8.706151216865889 40.63681554823694, -8.708952622330017 40.637010194755234)"
389,60,false,0,1,ALL,82,5,true,0,false,false,1,1,true,10,200,false,true,500,0,50,VEHICLEBASED,External Road Gafanha da Nazare,true,389,false,1.3,false,true,true,true,0,0,0,3,true,1,"LINESTRING (-8.708963903168971 40.636971676253836, -8.706161446340401 40.63677695657306)"
390,60,false,0,1,ALL,82,5,true,0,false,false,1,1,true,10,200,false,true,500,0,50,VEHICLEBASED,External Road Gafanha da Nazare,true,390,false,1.3,false,true,true,true,0,0,0,3,true,1,"LINESTRING (-8.708964425664535 40.63701101487022, -8.709723395256106 40.637063749297575, -8.71275564552102 40.63727254303169, -8.715348646834043 40.63745600126933)"
391,60,false,0,1,ALL,82,5,true,0,false,false,1,1,true,10,200,false,true,500,0,50,VEHICLEBASED,External Road Gafanha da Nazare,true,391,false,1.3,false,true,true,true,0,0,0,3,true,1,"LINESTRING (-8.715360448358854 40.63745683624152, -8.716874920825614 40.63756398691673, -8.720242826247516 40.63779009676172)"
392,60,false,0,1,ALL,82,5,true,0,false,false,1,1,true,10,200,false,true,500,0,50,VEHICLEBASED,External Road Gafanha da Nazare,true,392,false,1.3,false,true,true,true,0,0,0,3,true,1,"LINESTRING (-8.720253785682697 40.63775152253812, -8.716871479273632 40.63752444572642, -8.71534988358808 40.63741679101108)"
393,60,false,0,1,ALL,82,5,true,0,false,false,1,1,true,10,200,false,true,500,0,50,VEHICLEBASED,External Road Gafanha da Nazare,true,393,false,1.3,false,true,true,true,0,0,0,3,true,1,"LINESTRING (-8.720254632838488 40.63779088941521, -8.720455428669739 40.63780437014775, -8.722281654899273 40.6379193027422, -8.722614591666085 40.63795218062063, -8.72294444441247 40.63801393299004, -8.723155579491975 40.63810042754539, -8.723345350172897 40.63821600647661, -8.72353335647573 40.63833032341229)"
394,60,false,0,1,ALL,82,5,true,0,false,false,1,1,true,10,200,false,true,500,0,50,VEHICLEBASED,External Road Gafanha da Nazare,true,394,false,1.3,false,true,true,true,0,0,0,3,true,1,"LINESTRING (-8.7235809637542 40.638315116696276, -8.723364121528576 40.638183266081704, -8.723171409949963 40.63806589595159, -8.722952311269232 40.63797613894256, -8.72261506580944 40.6379130025326, -8.722278853263001 40.637879801147704, -8.720451775937292 40.63776481492188, -8.720265592273671 40.63775231519204)"
395,60,false,0,1,ALL,90,5,true,0,false,false,1,1,true,10,200,false,true,500,0,50,VEHICLEBASED,External Road Central West,true,395,false,1.3,false,true,true,true,0,0,0,3,true,2,"LINESTRING (-8.7283109100234 40.642505317712526, -8.727452891380352 40.64163459226227, -8.727378905100332 40.64155735689253, -8.727312272783623 40.64147926161522, -8.727203677848902 40.64133905973282, -8.72668921746145 40.640672095829885)"
396,60,false,0,1,ALL,80,5,true,0,false,false,1,1,true,10,200,false,true,500,0,50,VEHICLEBASED,TNorte Entry/Exit,true,396,false,1.3,false,true,true,true,0,0,0,3,true,3,"LINESTRING (-8.728211591487682 40.64254534740222, -8.729384688607864 40.64373106656869)"
397,60,false,0,1,ALL,80,5,true,0,false,false,1,1,true,10,200,false,true,500,0,50,VEHICLEBASED,TNorte Entry/Exit,true,397,false,1.3,false,true,true,true,0,0,0,3,true,2,"LINESTRING (-8.729462407726883 40.64367385064409, -8.728318007788692 40.64251252054464)"
398,60,false,0,1,ALL,80,5,true,0,false,false,1,1,true,10,200,false,true,500,0,50,VEHICLEBASED,TNorte Entry/Exit,true,398,false,1.3,false,true,true,true,0,0,0,3,true,3,"LINESTRING (-8.729391804501962 40.643738258962635, -8.730300354900459 40.644656570419485, -8.730399135888813 40.644747298297695, -8.730503242280435 40.64484894345409, -8.730562629443574 40.64492311267506, -8.730584569199298 40.64495051343417)"
399,60,false,0,1,ALL,79,5,true,0,false,false,1,1,true,10,200,false,true,500,0,50,VEHICLEBASED,External Road Ferry,true,399,false,1.3,false,true,true,true,0,0,0,3,true,1,"LINESTRING (-8.733030875173833 40.64576138301196, -8.733393596849085 40.645858438240644, -8.733471464810222 40.64588012353588, -8.733519603802934 40.64591006088931, -8.73355158399272 40.645940429707586, -8.733576741129067 40.6459788028556, -8.73381010899057 40.6463999114897)"
400,60,false,0,1,ALL,79,5,true,0,false,false,1,1,true,10,200,false,true,500,0,50,VEHICLEBASED,External Road Ferry,true,400,false,1.3,false,true,true,true,0,0,0,3,true,1,"LINESTRING (-8.733027664857634 40.645727502614044, -8.73142989691739 40.64529997806408)"
401,60,false,0,1,ALL,79,5,true,0,false,false,1,1,true,10,200,false,true,500,0,50,VEHICLEBASED,External Road Ferry,true,401,false,1.3,false,true,true,true,0,0,0,3,true,1,"LINESTRING (-8.733850244003309 40.64638903129344, -8.733617665130986 40.64596691352123, -8.733589930681587 40.64592460908966, -8.733552458171713 40.64588902468054, -8.733495514731771 40.645853611881094, -8.73341081743303 40.64583002468738, -8.733038842861069 40.64573049357123)"
402,60,false,0,1,ALL,79,5,true,0,false,false,1,1,true,10,200,false,true,500,0,50,VEHICLEBASED,External Road Ferry,true,402,false,1.3,false,true,true,true,0,0,0,3,true,1,"LINESTRING (-8.733814703185915 40.64640820161624, -8.734329393803481 40.647336943229284)"
403,60,false,0,1,ALL,79,5,true,0,false,false,1,1,true,10,200,false,true,500,0,50,VEHICLEBASED,External Road Ferry,true,403,false,1.3,false,true,true,true,0,0,0,3,true,1,"LINESTRING (-8.734495032354625 40.647694083671546, -8.734507420438165 40.64768441844407, -8.734565882166242 40.64763604680561, -8.734581517523681 40.64761478785019, -8.734626343774046 40.647560873790084, -8.734661551277648 40.64752880644777, -8.734696719082542 40.647496722422275, -8.734725829089786 40.647464033420036, -8.734731968901613 40.647451820821686)"
404,60,false,0,1,ALL,79,5,true,0,false,false,1,1,true,10,200,false,true,500,0,50,VEHICLEBASED,External Road Ferry,true,404,false,1.3,false,true,true,true,0,0,0,3,true,1,"LINESTRING (-8.733427838916862 40.64846125119849, -8.732853190514653 40.64891345047432, -8.732086205246002 40.64951699768373)"
405,60,false,0,1,ALL,79,5,true,0,false,false,1,1,true,10,200,false,true,500,0,50,VEHICLEBASED,External Road Ferry,true,405,false,1.3,false,true,true,true,0,0,0,3,true,1,"LINESTRING (-8.733474732159332 40.64849012075846, -8.734486768978844 40.64770053078634)"
406,60,false,0,1,ALL,79,5,true,0,false,false,1,1,true,10,200,false,true,500,0,50,VEHICLEBASED,External Road Ferry,true,406,false,1.3,false,true,true,true,0,0,0,3,true,1,"LINESTRING (-8.732077978379836 40.64952347144488, -8.732064817397319 40.64953382788495, -8.731276444279983 40.650154199528195)"
407,60,false,0,1,ALL,79,5,true,0,false,false,1,1,true,10,200,false,true,500,0,50,VEHICLEBASED,External Road Ferry,true,407,false,1.3,false,true,true,true,0,0,0,3,true,1,"LINESTRING (-8.732122965715376 40.649544752823246, -8.73346646878355 40.648496567796386)"
408,60,false,0,1,ALL,1,5,true,0,false,false,1,1,true,10,200,false,true,500,0,50,VEHICLEBASED,,true,408,false,1.3,false,true,true,true,0,0,0,3,true,1,"LINESTRING (-8.729971764337447 40.63343860307688, -8.730553547415004 40.633609978508886)"
409,60,false,0,1,ALL,1,5,true,0,false,false,1,1,true,10,200,false,true,500,0,50,VEHICLEBASED,,true,409,false,1.3,false,true,true,true,0,0,0,3,true,1,"LINESTRING (-8.729989481969826 40.63335011992532, -8.729820108984853 40.63329593233474)"
410,60,false,0,1,ALL,1,5,true,0,false,false,1,1,true,10,200,false,true,500,0,50,VEHICLEBASED,,true,410,false,1.3,false,true,true,true,0,0,0,3,true,1,"LINESTRING (-8.730591647804967 40.63354169008701, -8.730000413033139 40.633353597486455)"
411,60,false,0,1,ALL,1,5,true,0,false,false,1,1,true,10,200,false,true,500,0,50,VEHICLEBASED,,true,411,false,1.3,false,true,true,true,0,0,0,3,true,1,"LINESTRING (-8.730564596920583 40.63361323334972, -8.7310388984892 40.63375294769695)"
412,60,false,0,1,ALL,1,5,true,0,false,false,1,1,true,10,200,false,true,500,0,50,VEHICLEBASED,,true,412,false,1.3,false,true,true,true,0,0,0,3,true,1,"LINESTRING (-8.73095211364124 40.6342655779126, -8.731197917212732 40.633826328374084)"
413,60,false,0,1,ALL,1,5,true,0,false,false,1,1,true,10,200,false,true,500,0,50,VEHICLEBASED,,true,413,false,1.3,false,true,true,true,0,0,0,3,true,1,"LINESTRING (-8.73088737604173 40.63425313318674, -8.730558247866036 40.63485261014849)"
414,60,false,0,1,ALL,1,5,true,0,false,false,1,1,true,10,200,false,true,500,0,50,VEHICLEBASED,,true,414,false,1.3,false,true,true,true,0,0,0,3,true,1,"LINESTRING (-8.729870382621625 40.63391534702244, -8.729723259430092 40.6342161232742)"
415,60,false,0,1,ALL,1,5,true,0,false,false,1,1,true,10,200,false,true,500,0,50,VEHICLEBASED,,true,415,false,1.3,false,true,true,true,0,0,0,3,true,1,"LINESTRING (-8.729719134665688 40.634224555855695, -8.729564751295861 40.634540173200726)"
416,60,false,0,1,ALL,1,5,true,0,false,false,1,1,true,10,200,false,true,500,0,50,VEHICLEBASED,,true,416,false,1.3,false,true,true,true,0,0,0,3,true,1,"LINESTRING (-8.729560626531459 40.63454860574131, -8.729310690831689 40.63505956455649)"
417,60,false,0,1,ALL,1,5,true,0,false,false,1,1,true,10,200,false,true,500,0,50,VEHICLEBASED,,true,417,false,1.3,false,true,true,true,0,0,0,3,true,1,"LINESTRING (-8.729794043660597 40.63526547059118, -8.730203280863591 40.6353868619555)"
418,60,false,0,1,ALL,1,5,true,0,false,false,1,1,true,10,200,false,true,500,0,50,VEHICLEBASED,,true,418,false,1.3,false,true,true,true,0,0,0,3,true,1,"LINESTRING (-8.730614040995786 40.63487007082888, -8.730947480606309 40.63427385709106)"
419,60,false,0,1,ALL,1,5,true,0,false,false,1,1,true,10,200,false,true,500,0,50,VEHICLEBASED,,true,419,false,1.3,false,true,true,true,0,0,0,3,true,1,"LINESTRING (-8.73055368934522 40.63486091304071, -8.730365792212737 40.635203148078716)"
420,60,false,0,1,ALL,61,5,true,0,false,false,1,3,true,10,200,false,true,500,0,50,VEHICLEBASED,Port Water Channel,true,420,false,1.3,false,true,true,true,0,0,0,3,true,1,"LINESTRING (-8.72963794947526 40.65241136916015, -8.73167180066741 40.65217260926848, -8.733130254163799 40.65173524941361, -8.734840488122927 40.65058846059019, -8.737906581188918 40.648386271556774, -8.739411801290386 40.64758546510138, -8.74152281561001 40.64706020921907, -8.752160148671516 40.64598398853417, -8.754829069039245 40.64581987400495, -8.757854155091414 40.64494612537633, -8.763244542759884 40.643034945767326)"
421,60,false,0,1,ALL,61,5,true,0,false,false,1,3,true,10,200,false,true,500,0,50,VEHICLEBASED,Port Water Channel,true,421,false,1.3,false,true,true,true,0,0,0,3,true,1,"LINESTRING (-8.762655595355639 40.6425746178348, -8.757284919531589 40.644478821777206, -8.754359028447654 40.64532392559456, -8.751758941775408 40.64548380866554, -8.74105212813603 40.64656706703427, -8.73880550030119 40.64712606983028, -8.73719267250829 40.647984131215196, -8.734102364067265 40.65020372577279, -8.732477639288144 40.651293183592955, -8.731178471676683 40.65168277964601, -8.72921115477145 40.65190612935962)"
422,60,false,0,1,ALL,61,5,true,0,false,false,1,3,true,10,200,false,true,500,0,50,VEHICLEBASED,Port Water Channel,true,422,false,1.3,false,true,true,true,0,0,0,3,true,1,"LINESTRING (-8.729448962587595 40.651184471087646, -8.731241006375637 40.651064935804555, -8.732265531051821 40.65075469967602, -8.733856078108092 40.649704291689375, -8.735717552942218 40.64836688846937, -8.737299153665708 40.64717805507614, -8.738632883091313 40.64654729621743, -8.74018488805832 40.646151786549154, -8.741854939768627 40.645803398647224, -8.744513316932721 40.6455500591297, -8.747385394837393 40.64526084733025, -8.750062421512506 40.64498662661272, -8.754301512501112 40.64449401628029, -8.756736269722255 40.64375290540898, -8.759820403868623 40.64276792848375, -8.762448632641894 40.64189708262528)"
423,60,false,0,1,ALL,1,5,true,0,false,false,1,1,true,10,200,false,true,500,0,50,VEHICLEBASED,,true,423,false,1.3,false,true,true,true,0,0,0,3,true,1,"LINESTRING (-8.718325794624635 40.64440062898518, -8.719143601939896 40.645588260573)"
424,60,false,0,1,ALL,1,5,true,0,false,false,1,1,true,10,200,false,true,500,0,50,VEHICLEBASED,,true,424,false,1.3,false,true,true,true,0,0,0,3,true,2,"LINESTRING (-8.719177048764804 40.64563332965383, -8.719191943827237 40.64565424853771)"
425,60,false,0,1,ALL,1,5,true,0,false,false,1,1,true,10,200,false,true,500,0,50,VEHICLEBASED,,true,425,false,1.3,false,true,true,true,0,0,0,3,true,2,"LINESTRING (-8.71908280292622 40.6443195344272, -8.719021967430008 40.64423224748436)"
443,60,false,0,1,ALL,85,5,true,0,false,false,1,1,true,10,200,false,true,500,0,50,VEHICLEBASED,TGL Entry/Exit,true,443,false,1.3,false,true,true,true,0,0,0,3,true,2,"LINESTRING (-8.706708444169577 40.65081231973892, -8.706709313452512 40.650776726568765)"
444,60,false,0,1,ALL,85,5,true,0,false,false,1,1,true,10,200,false,true,500,0,50,VEHICLEBASED,TGL Entry/Exit,true,444,false,1.3,false,true,true,true,0,0,0,3,true,2,"LINESTRING (-8.705926659170393 40.65071771315837, -8.705918944897274 40.65075658935613, -8.70591886982459 40.65075966324172)"
445,60,false,0,1,ALL,85,5,true,0,false,false,1,1,true,10,200,false,true,500,0,50,VEHICLEBASED,TGL Entry/Exit,true,445,false,1.3,false,true,true,true,0,0,0,3,true,2,"LINESTRING (-8.706208197691652 40.65049859034031, -8.706187155186734 40.6505047801349, -8.706138922132505 40.65051914962753, -8.706093573844557 40.6505381726954, -8.706066388890967 40.650553577153495, -8.70603890483691 40.65057009824414, -8.705957787783063 40.650657183578936)"
625,60,false,0,1,ALL,62,5,true,0,false,false,1,1,true,10,200,false,true,500,0,50,VEHICLEBASED,,true,625,false,1.3,false,true,true,true,0,0,0,3,true,2,"LINESTRING (-8.7191240449479 40.64598615110744, -8.718952900822151 40.64604814926492, -8.714216361002297 40.64783258231811)"
626,60,false,0,1,ALL,85,5,true,0,false,false,1,1,true,10,200,false,true,500,0,50,VEHICLEBASED,TGL Entry/Exit,true,626,false,1.3,false,true,true,true,0,0,0,3,true,2,"LINESTRING (-8.706534686138896 40.6505377404886, -8.706490410624054 40.650517507422364, -8.706442912320027 40.65050179211863, -8.706393116711668 40.65049091501031, -8.706341875815644 40.65048506221007, -8.706290066377894 40.650484333862366, -8.7062434324592 40.65048832653573)"
627,60,false,0,1,ALL,85,5,true,0,false,false,1,1,true,10,200,false,true,500,0,50,VEHICLEBASED,TGL Entry/Exit,true,627,false,1.3,false,true,true,true,0,0,0,3,true,2,"LINESTRING (-8.70706361335982 40.65061248301569, -8.713947158590912 40.648016290959184)"
628,60,false,0,1,ALL,85,5,true,0,false,false,1,1,true,10,200,false,true,500,0,50,VEHICLEBASED,TGL Entry/Exit,true,628,false,1.3,false,true,true,true,0,0,0,3,true,2,"LINESTRING (-8.706708624130357 40.65076776791047, -8.706703593462834 40.65073394589988, -8.706691111479909 40.65069578920242, -8.70667217178839 40.65065919500569, -8.706647098451652 40.650624789449566, -8.706616320481434 40.65059316122651, -8.706580364497343 40.65056485150846, -8.706549010867997 40.650545888012)"
629,60,false,0,1,ALL,85,5,true,0,false,false,1,1,true,10,200,false,true,500,0,50,VEHICLEBASED,TGL Entry/Exit,true,629,false,1.3,false,true,true,true,0,0,0,3,true,2,"LINESTRING (-8.705387988765349 40.65134181054057, -8.705851622542898 40.65114257198539)"
630,60,false,0,1,ALL,85,5,true,0,false,false,1,1,true,10,200,false,true,500,0,50,VEHICLEBASED,TGL Entry/Exit,true,630,false,1.3,false,true,true,true,0,0,0,3,true,2,"LINESTRING (-8.706140848861661 40.65105710875716, -8.706179429945191 40.65106987360058, -8.70622922555355 40.651080750614554, -8.706280466449574 40.65108660336251, -8.706332275887323 40.65108733170365, -8.706375532088082 40.65108362825484)"
631,60,false,0,1,ALL,85,5,true,0,false,false,1,1,true,10,200,false,true,500,0,50,VEHICLEBASED,TGL Entry/Exit,true,631,false,1.3,false,true,true,true,0,0,0,3,true,2,"LINESTRING (-8.706387227549913 40.65108227163672, -8.706434059932537 40.65107345320979, -8.706482292986767 40.65105908383653, -8.706527641274715 40.65104006091717, -8.7065693288746 40.65101670993529, -8.706606642500036 40.650989430428396, -8.70663894370454 40.650958689151864, -8.706665679805552 40.65092501209309, -8.706687141764347 40.650887740814326)"
632,60,false,0,1,ALL,78,5,true,0,false,false,1,1,true,10,200,false,true,500,0,50,VEHICLEBASED,TGS External Road,true,632,false,1.3,false,true,true,true,0,0,0,3,true,2,"LINESTRING (-8.706880546408287 40.65119612931119, -8.712583087685667 40.65447511155325, -8.713570500856378 40.65474408933997, -8.714620816109019 40.65487534740543)"
633,60,false,0,1,ALL,78,5,true,0,false,false,1,1,true,10,200,false,true,500,0,50,VEHICLEBASED,TGS External Road,true,633,false,1.3,false,true,true,true,0,0,0,3,true,2,"LINESTRING (-8.714634061347331 40.654786914436144, -8.713581632645667 40.65465165129436, -8.71262632607413 40.654394786920385, -8.706941398145068 40.65112383780327)"
634,60,false,0,1,ALL,85,5,true,0,false,false,1,1,true,10,200,false,true,500,0,50,VEHICLEBASED,TGL Entry/Exit,true,634,false,1.3,false,true,true,true,0,0,0,3,true,2,"LINESTRING (-8.706694409665287 40.6508733362236, -8.706700729896456 40.65085119588153)"
635,60,false,0,1,ALL,85,5,true,0,false,false,1,1,true,10,200,false,true,500,0,50,VEHICLEBASED,TGL Entry/Exit,true,635,false,1.3,false,true,true,true,0,0,0,3,true,2,"LINESTRING (-8.705918198658637 40.65077602042507, -8.705917984899873 40.65080120735367, -8.705923795604015 40.65084027363867, -8.70593627758694 40.650878430253506, -8.705955217278456 40.65091502433002, -8.705980290615196 40.6509494297365, -8.706011068585415 40.65098105779071, -8.706047024569505 40.65100936733217, -8.706087543350614 40.65103387398129, -8.706130111803265 40.651053326802256)"
659,60,false,0,1,ALL,82,5,true,0,false,false,1,1,true,10,200,false,true,500,0,50,VEHICLEBASED,External Road Gafanha da Nazare,true,659,false,1.3,false,true,true,true,0,0,0,3,true,1,"LINESTRING (-8.715338082063267 40.6374159560384, -8.712752250421927 40.63723300495538, -8.70971998271604 40.637024209907175, -8.70897570650349 40.6369724963693)"
660,60,false,0,1,ALL,82,5,true,0,false,false,1,1,true,10,200,false,true,500,0,50,VEHICLEBASED,External Road Gafanha da Nazare,true,660,false,1.3,false,true,true,true,0,0,0,3,true,1,"LINESTRING (-8.722478018313371 40.63885305681622, -8.723086943875986 40.63843014145898, -8.723269333881673 40.63831311695908)"
661,60,false,0,1,ALL,82,5,true,0,false,false,1,1,true,10,200,false,true,500,0,50,VEHICLEBASED,External Road Gafanha da Nazare,true,661,false,1.3,false,true,true,true,0,0,0,3,true,1,"LINESTRING (-8.72358202547173 40.63836015445575, -8.723828567354033 40.638509825525794, -8.72433272022393 40.63881098364246)"
839,60,false,0,1,ALL,80,5,true,0,false,false,1,1,true,10,200,false,true,500,0,50,VEHICLEBASED,TNorte Entry/Exit,true,839,false,1.3,false,true,true,true,0,0,0,3,true,2,"LINESTRING (-8.731139633463348 40.64526666943104, -8.731152904476627 40.64524515174431, -8.731162360345808 40.64522250380666, -8.731167839278351 40.64519911312965, -8.7311692475282 40.64517537993367, -8.731167256661086 40.645157839418204)"
840,60,false,0,1,ALL,90,5,true,0,false,false,1,1,true,10,200,false,true,500,0,50,VEHICLEBASED,External Road Central West,true,840,false,1.3,false,true,true,true,0,0,0,3,true,2,"LINESTRING (-8.726683230206374 40.64066433371003, -8.726435777846637 40.640343525663404)"
841,60,false,0,1,ALL,80,5,true,0,false,false,1,1,true,10,200,false,true,500,0,50,VEHICLEBASED,TNorte Entry/Exit,true,841,false,1.3,false,true,true,true,0,0,0,3,true,2,"LINESTRING (-8.730705125387287 40.645117425268424, -8.730697500942235 40.64513568675559, -8.730692022009691 40.645159077454835)"
842,60,false,0,1,ALL,80,5,true,0,false,false,1,1,true,10,200,false,true,500,0,50,VEHICLEBASED,TNorte Entry/Exit,true,842,false,1.3,false,true,true,true,0,0,0,3,true,1,"LINESTRING (-8.730593265849619 40.64507172354563, -8.73058990577583 40.645101503959665, -8.730578939781521 40.645130322877286, -8.73056187886435 40.64515815287782, -8.730540234021978 40.645184966540626, -8.730515516252066 40.64521073644503, -8.73048923655227 40.64523543517037, -8.73046290592025 40.645259035295965)"
843,60,false,0,1,ALL,80,5,true,0,false,false,1,1,true,10,200,false,true,500,0,50,VEHICLEBASED,TNorte Entry/Exit,true,843,false,1.3,false,true,true,true,0,0,0,3,true,1,"LINESTRING (-8.730585727335537 40.64525988600279, -8.730539497532463 40.64527753163861, -8.730501651178809 40.645302170186966)"
844,60,false,0,1,ALL,80,5,true,0,false,false,1,1,true,10,200,false,true,500,0,50,VEHICLEBASED,TNorte Entry/Exit,true,844,false,1.3,false,true,true,true,0,0,0,3,true,2,"LINESTRING (-8.73054649096208 40.6454429625617, -8.730688716293423 40.64538322433371)"
845,60,false,0,1,ALL,80,5,true,0,false,false,1,1,true,10,200,false,true,500,0,50,VEHICLEBASED,TNorte Entry/Exit,true,845,false,1.3,false,true,true,true,0,0,0,3,true,2,"LINESTRING (-8.730691112885138 40.64518720819399, -8.730693300288232 40.64520648027909, -8.730700035627617 40.645229681328786, -8.730710704534472 40.645252016829964, -8.730725124460841 40.6452731046171, -8.730743048677787 40.64529258387363, -8.730764170496991 40.64531012130561, -8.730788128518265 40.64532541684439, -8.730814512813229 40.64533820878065, -8.730842871939275 40.645348278242324, -8.730863592787541 40.64535325888431)"
846,60,false,0,1,ALL,90,5,true,0,false,false,1,1,true,10,200,false,true,500,0,50,VEHICLEBASED,External Road Central West,true,846,false,1.3,false,true,true,true,0,0,0,3,true,3,"LINESTRING (-8.726586898734697 40.640710545302866, -8.72717530536723 40.6414783505038, -8.727309609135816 40.64163364576414, -8.728204475593582 40.64253815487973)"
847,60,false,0,1,ALL,79,5,true,0,false,false,1,1,true,10,200,false,true,500,0,50,VEHICLEBASED,External Road Ferry,true,847,false,1.3,false,true,true,true,0,0,0,3,true,1,"LINESTRING (-8.731412925438136 40.64532845849769, -8.733019697170398 40.64575839205617)"
848,60,false,0,1,ALL,80,5,true,0,false,false,1,1,true,10,200,false,true,500,0,50,VEHICLEBASED,TNorte Entry/Exit,true,848,false,1.3,false,true,true,true,0,0,0,3,true,2,"LINESTRING (-8.730874963273813 40.645355755360434, -8.730903548267142 40.64535961011172, -8.73093482728017 40.64536067862955, -8.730966022510392 40.645358640210375, -8.730996600198777 40.64535352973183, -8.731026037152597 40.64534543463492, -8.73104855370587 40.64533657044966)"
849,60,false,0,1,ALL,79,5,true,0,false,false,1,1,true,10,200,false,true,500,0,50,VEHICLEBASED,External Road Ferry,true,849,false,1.3,false,true,true,true,0,0,0,3,true,1,"LINESTRING (-8.734333987998829 40.64734523323941, -8.734406301634307 40.64747571966923)"
850,60,false,0,1,ALL,80,5,true,0,false,false,1,1,true,10,200,false,true,500,0,50,VEHICLEBASED,TNorte Entry/Exit,true,850,false,1.3,false,true,true,true,0,0,0,3,true,2,"LINESTRING (-8.731067703981225 40.64532638963661, -8.731079502295064 40.64532089331665, -8.731102615680301 40.645304867001165, -8.73112277437669 40.64528668869454)"
851,60,false,0,1,ALL,79,5,true,0,false,false,1,1,true,10,200,false,true,500,0,50,VEHICLEBASED,External Road Ferry,true,851,false,1.3,false,true,true,true,0,0,0,3,true,1,"LINESTRING (-8.73422624073393 40.64707143888852, -8.733854815669774 40.64639732858814)"
852,60,false,0,1,ALL,79,5,true,0,false,false,1,1,true,10,200,false,true,500,0,50,VEHICLEBASED,External Road Ferry,true,852,false,1.3,false,true,true,true,0,0,0,3,true,1,"LINESTRING (-8.73131707429566 40.6501734917713, -8.732114702339596 40.649551199759266)"
853,60,false,0,1,ALL,79,5,true,0,false,false,1,1,true,10,200,false,true,500,0,50,VEHICLEBASED,External Road Ferry,true,853,false,1.3,false,true,true,true,0,0,0,3,true,1,"LINESTRING (-8.73473558924381 40.647443876574975, -8.734741957260965 40.64743038026814, -8.73474089737608 40.64739471642701, -8.734695875478192 40.647327117832106, -8.734619273347912 40.64727661087284, -8.73452161772937 40.64723749835095, -8.734427499416691 40.64720842714294)"
854,60,false,0,1,ALL,79,5,true,0,false,false,1,1,true,10,200,false,true,500,0,50,VEHICLEBASED,External Road Ferry,true,854,false,1.3,false,true,true,true,0,0,0,3,true,1,"LINESTRING (-8.734429936749327 40.647672678351014, -8.73364156363199 40.64829306729635, -8.73343606578303 40.648454777334294)"
855,60,false,0,1,ALL,80,5,true,0,false,false,1,1,true,10,200,false,true,500,0,50,VEHICLEBASED,TNorte Entry/Exit,true,855,false,1.3,false,true,true,true,0,0,0,3,true,2,"LINESTRING (-8.730674171959027 40.64490965456086, -8.730652232203301 40.644882253784964, -8.730589753430746 40.64480422337212, -8.730481044449991 40.64469808436418, -8.730382849332157 40.644607894527304, -8.729469505492176 40.64368105335011)"
856,60,false,0,1,ALL,90,5,true,0,false,false,1,1,true,10,200,false,true,500,0,50,VEHICLEBASED,External Road Central West,true,856,false,1.3,false,true,true,true,0,0,0,3,true,2,"LINESTRING (-8.726356916733527 40.64037422695552, -8.726481575428561 40.64054336361371)"
857,60,false,0,1,ALL,90,5,true,0,false,false,1,1,true,10,200,false,true,500,0,50,VEHICLEBASED,External Road Central West,true,857,false,1.3,false,true,true,true,0,0,0,3,true,2,"LINESTRING (-8.726410781547413 40.63998488205069, -8.72642816828106 40.63994440071394, -8.726438442964906 40.639902543596754, -8.72643848602727 40.63990193061616)"
858,60,false,0,1,ALL,90,5,true,0,false,false,1,1,true,10,200,false,true,500,0,50,VEHICLEBASED,External Road Central West,true,858,false,1.3,false,true,true,true,0,0,0,3,true,2,"LINESTRING (-8.725586633062614 40.63989766719983, -8.725587939832423 40.63991041287739, -8.72559955645098 40.63995206744051, -8.725618238797884 40.639992215043854, -8.725643667213 40.64003016875416, -8.725675406609092 40.64006527917718, -8.725712913916295 40.64009694556874, -8.725755547374183 40.64012462611338, -8.725796403376677 40.64014479872196)"
859,60,false,0,1,ALL,90,5,true,0,false,false,1,1,true,10,200,false,true,500,0,50,VEHICLEBASED,External Road Central West,true,859,false,1.3,false,true,true,true,0,0,0,3,true,1,"LINESTRING (-8.726576389775671 40.63971465449259, -8.72662341799082 40.639648287224645, -8.726695954559538 40.639599125478135, -8.726793667398299 40.639546307051084, -8.726901364421694 40.63951069075601, -8.72703162818645 40.63948902723881, -8.727140215735066 40.6394687983277, -8.727316725326892 40.639457365847434, -8.727495341435647 40.63946261384919, -8.727673957544404 40.63946786185055)"
860,60,false,0,1,ALL,90,5,true,0,false,false,1,1,true,10,200,false,true,500,0,50,VEHICLEBASED,External Road Central West,true,860,false,1.3,false,true,true,true,0,0,0,3,true,2,"LINESTRING (-8.725596075321576 40.63978674287321, -8.725586574537127 40.63982544733882, -8.725583587705772 40.6398679640735, -8.725584265004974 40.639881005109274)"
863,60,false,0,1,ALL,90,5,true,0,false,false,1,1,true,10,200,false,true,500,0,50,VEHICLEBASED,External Road Central West,true,863,false,1.3,false,true,true,true,0,0,0,3,true,2,"LINESTRING (-8.725731554619871 40.63962033391406, -8.725705517626366 40.639636657035965, -8.72566903900501 40.63966900818813, -8.725638437246234 40.63970469561443, -8.72561423595462 40.6397431086882, -8.725599212436178 40.63977808788446)"
864,60,false,0,1,ALL,90,5,true,0,false,false,1,1,true,10,200,false,true,500,0,50,VEHICLEBASED,External Road Central West,true,864,false,1.3,false,true,true,true,0,0,0,3,true,2,"LINESTRING (-8.725974942343788 40.63953963969868, -8.725896444055694 40.639550638963684, -8.72584353591396 40.639564815536254, -8.72577829433253 40.63959296184221)"
879,60,false,0,1,ALL,90,5,true,0,false,false,1,1,true,10,200,false,true,500,0,50,VEHICLEBASED,External Road Central West,true,879,false,1.3,false,true,true,true,0,0,0,3,true,1,"LINESTRING (-8.725318182370879 40.64012051249457, -8.723232402192659 40.640988651610904)"
880,60,false,0,1,ALL,83,5,true,0,false,false,1,1,true,10,200,false,true,500,0,50,VEHICLEBASED,External Road Centre,true,880,false,1.3,false,true,true,true,0,0,0,3,true,1,"LINESTRING (-8.718731382850885 40.64272072234731, -8.71907591719141 40.642646518900904, -8.721000440486895 40.64189863412359)"
881,60,false,0,1,ALL,90,5,true,0,false,false,1,1,true,10,200,false,true,500,0,50,VEHICLEBASED,External Road Central West,true,881,false,1.3,false,true,true,true,0,0,0,3,true,2,"LINESTRING (-8.726311860157761 40.63963098300341, -8.726269226699873 40.639603302254066, -8.726222196561583 40.63958008098347, -8.726171574441597 40.639561716518855, -8.726118226498427 40.63954852308541, -8.726063065530164 40.63954072642954, -8.726051504768698 40.639539432478955)"
882,60,false,0,1,ALL,90,5,true,0,false,false,1,1,true,10,200,false,true,500,0,50,VEHICLEBASED,External Road Central West,true,882,false,1.3,false,true,true,true,0,0,0,3,true,2,"LINESTRING (-8.725806625316961 40.640149315626104, -8.725853199632457 40.64016621149792, -8.72590654757563 40.64017940480928, -8.72596170854389 40.64018720139055, -8.725973660973668 40.64018768487293)"
883,60,false,0,1,ALL,90,5,true,0,false,false,1,1,true,10,200,false,true,500,0,50,VEHICLEBASED,External Road Central West,true,883,false,1.3,false,true,true,true,0,0,0,3,true,1,"LINESTRING (-8.72544931228149 40.63947120593861, -8.724596199567769 40.638955035397416)"
884,60,false,0,1,ALL,90,5,true,0,false,false,1,1,true,10,200,false,true,500,0,50,VEHICLEBASED,External Road Central West,true,884,false,1.3,false,true,true,true,0,0,0,3,true,1,"LINESTRING (-8.724570337019868 40.63898943276906, -8.725423449733588 40.639505603044284)"
885,60,false,0,1,ALL,83,5,true,0,false,false,1,1,true,10,200,false,true,500,0,50,VEHICLEBASED,External Road Centre,true,885,false,1.3,false,true,true,true,0,0,0,3,true,2,"LINESTRING (-8.7183410657516 40.642797111805, -8.718340788547845 40.64277021978053, -8.71833588775061 40.64274358526501, -8.718326447213892 40.64271766398295, -8.718312628467896 40.642692899455774, -8.718294667955192 40.64266971541294, -8.718272872985136 40.64264850854164, -8.71825149777268 40.64263254106387)"
886,60,false,0,1,ALL,83,5,true,0,false,false,1,1,true,10,200,false,true,500,0,50,VEHICLEBASED,External Road Centre,true,886,false,1.3,false,true,true,true,0,0,0,3,true,2,"LINESTRING (-8.718242503782479 40.642626712818426, -8.71821933057278 40.64261343770521, -8.718188499256001 40.642600173815985, -8.71815565005775 40.64259007698228, -8.718121345036911 40.642583319965254, -8.718086171161906 40.642580018380315, -8.718050730267485 40.64258022871905, -8.71801562875718 40.64258394738246, -8.717981467227565 40.6425911107426, -8.717948830191881 40.64260159623131, -8.717918276078857 40.64261522443747, -8.71789032767784 40.64263176217681, -8.71786546319372 40.64265092648203, -8.71784410806471 40.64267238944444, -8.717826627682994 40.642695783824735, -8.717813321142746 40.64272070933678, -8.717804416122561 40.64274673949674, -8.7178000649898 40.64277342892026, -8.717800342193554 40.64280032094343, -8.717803568208653 40.64281785345456)"
887,60,false,0,1,ALL,83,5,true,0,false,false,1,1,true,10,200,false,true,500,0,50,VEHICLEBASED,External Road Centre,true,887,false,1.3,false,true,true,true,0,0,0,3,true,2,"LINESTRING (-8.717805207161149 40.64282676071204, -8.71780524299079 40.642826955436306, -8.717814683527507 40.642852876675924, -8.717828502273505 40.64287764114374, -8.717846462786207 40.64290082511439, -8.717868257756265 40.64292203190551, -8.717893514265695 40.6429408986651, -8.71792180016862 40.64295710257979, -8.717952631485398 40.642970366398096, -8.717978476377656 40.64297831027831)"
888,60,false,0,1,ALL,62,5,true,0,false,false,1,1,true,10,200,false,true,500,0,50,VEHICLEBASED,,true,888,false,1.3,false,true,true,true,0,0,0,3,true,1,"LINESTRING (-8.718520367490889 40.643325224105254, -8.718294193412845 40.643071075935005)"
889,60,false,0,1,ALL,62,5,true,0,false,false,1,1,true,10,200,false,true,500,0,50,VEHICLEBASED,,true,889,false,1.3,false,true,true,true,0,0,0,3,true,1,"LINESTRING (-8.718241823781346 40.64308653287037, -8.718426177547986 40.64335613450149)"
890,60,false,0,1,ALL,83,5,true,0,false,false,1,1,true,10,200,false,true,500,0,50,VEHICLEBASED,External Road Centre,true,890,false,1.3,false,true,true,true,0,0,0,3,true,1,"LINESTRING (-8.717655168125422 40.64304540049239, -8.717273724859243 40.6432745901328, -8.716927851193153 40.643433036116654, -8.716293254146356 40.64369140295939)"
891,60,false,0,1,ALL,83,5,true,0,false,false,1,1,true,10,200,false,true,500,0,50,VEHICLEBASED,External Road Centre,true,891,false,1.3,false,true,true,true,0,0,0,3,true,2,"LINESTRING (-8.718280822812982 40.642914432697786, -8.718297022676689 40.64289815109202, -8.718314503058407 40.64287475678267, -8.718327809598655 40.64284983132813, -8.71833671461884 40.64282380120837)"
892,60,false,0,1,ALL,83,5,true,0,false,false,1,1,true,10,200,false,true,500,0,50,VEHICLEBASED,External Road Centre,true,892,false,1.3,false,true,true,true,0,0,0,3,true,2,"LINESTRING (-8.717989638438556 40.64298128211721, -8.718019785704488 40.6429872201511, -8.718054959579494 40.64299052171589, -8.718086198755598 40.642990336315144)"
893,60,false,0,1,ALL,83,5,true,0,false,false,1,1,true,10,200,false,true,500,0,50,VEHICLEBASED,External Road Centre,true,893,false,1.3,false,true,true,true,0,0,0,3,true,1,"LINESTRING (-8.708130666240194 40.64701893047914, -8.70941509262215 40.6465172200574)"
894,60,false,0,1,ALL,84,5,true,0,false,false,1,1,true,10,200,false,true,500,0,50,VEHICLEBASED,External Road East,true,894,false,1.3,false,true,true,true,0,0,0,3,true,1,"LINESTRING (-8.707450872840766 40.64724323298454, -8.707299114473491 40.647282293202444, -8.70715572326308 40.64730797511998, -8.706941177909375 40.64734856192278, -8.706769422408286 40.647373676083525, -8.706584124250966 40.64739702463383, -8.706436606605259 40.64740590941909, -8.706267478594553 40.64741831202151, -8.706099460649133 40.64742640043519, -8.705959907042384 40.64742827200686, -8.705797007135356 40.64743036541096, -8.705634862938064 40.647427762426105, -8.705473151331331 40.64741983672243, -8.705292280302118 40.64740267651693, -8.705112636132828 40.64737837437857, -8.704950488276554 40.6473490650103, -8.704756918171713 40.64731043176858)"
895,60,false,0,1,ALL,84,5,true,0,false,false,1,1,true,10,200,false,true,500,0,50,VEHICLEBASED,External Road East,true,895,false,1.3,false,true,true,true,0,0,0,3,true,1,"LINESTRING (-8.70475488117759 40.64736071373048, -8.704922731472356 40.64739286527383, -8.705102096190615 40.64742005620785, -8.705283227321488 40.64744455948602, -8.70546640281347 40.64746193831732, -8.705630251982422 40.64746996878073, -8.705794085335619 40.64747259888081, -8.705957775314289 40.64747049532497, -8.706098307255406 40.647468610642534, -8.706267954119102 40.6474604438176, -8.706437409447974 40.64744801721991, -8.706586338737532 40.647439047418935, -8.706773912704419 40.64741541211938, -8.706947293370888 40.64739006034212, -8.707162672811933 40.64734931577539, -8.707307734927683 40.647323334608316, -8.707461365375005 40.647283792570626)"
896,60,false,0,1,ALL,84,5,true,0,false,false,1,1,true,10,200,false,true,500,0,50,VEHICLEBASED,External Road East,true,896,false,1.3,false,true,true,true,0,0,0,3,true,2,"LINESTRING (-8.704404620844137 40.647294127714794, -8.704432619549353 40.64725315541327, -8.704453330193898 40.64720976076542, -8.7044663984129 40.64716468626167, -8.704471334983774 40.64712105101618)"
897,60,false,0,1,ALL,84,5,true,0,false,false,1,1,true,10,200,false,true,500,0,50,VEHICLEBASED,External Road East,true,897,false,1.3,false,true,true,true,0,0,0,3,true,2,"LINESTRING (-8.704471204754183 40.64711207337476, -8.704468847760765 40.64707259817347, -8.704458186980606 40.64702716024122, -8.704439800673937 40.646983166797746, -8.704414003435563 40.64694137058664, -8.704381236663385 40.64690248675739, -8.70434206100596 40.64686718062878, -8.704297146769644 40.64683605630457, -8.704247262449478 40.64680964633677, -8.70419326158001 40.646788402613076, -8.704136068131083 40.646772688624566, -8.704096866036375 40.64676614561157)"
898,60,false,0,1,ALL,84,5,true,0,false,false,1,1,true,10,200,false,true,500,0,50,VEHICLEBASED,External Road East,true,898,false,1.3,false,true,true,true,0,0,0,3,true,2,"LINESTRING (-8.704268067244618 40.647630009993314, -8.704552606560828 40.6481174259381)"
899,60,false,0,1,ALL,85,5,true,0,false,false,1,1,true,10,200,false,true,500,0,50,VEHICLEBASED,TGL Entry/Exit,true,899,false,1.3,false,true,true,true,0,0,0,3,true,2,"LINESTRING (-8.705838794551443 40.650123393172635, -8.705628239402614 40.6497625968495)"
900,60,false,0,1,ALL,84,5,true,0,false,false,1,1,true,10,200,false,true,500,0,50,VEHICLEBASED,External Road East,true,900,false,1.3,false,true,true,true,0,0,0,3,true,2,"LINESTRING (-8.70429185593972 40.64738964836019, -8.704328792017911 40.64736605455212, -8.704369813143854 40.647331976627605)"
901,60,false,0,1,ALL,84,5,true,0,false,false,1,1,true,10,200,false,true,500,0,50,VEHICLEBASED,External Road East,true,901,false,1.3,false,true,true,true,0,0,0,3,true,2,"LINESTRING (-8.703541788186975 40.647105176370836, -8.703544498576015 40.64715057025907, -8.703555159356172 40.64719600810731, -8.703573545662842 40.64724000141046, -8.703599342901216 40.64728179743458, -8.703632109673393 40.64732068104279, -8.70367128533082 40.6473559869315, -8.703716199567134 40.64738711101323, -8.7037660838873 40.64741352075249, -8.70382008475677 40.647434764277236, -8.703868360653955 40.64744802802326)"
902,60,false,0,1,ALL,84,5,true,0,false,false,1,1,true,10,200,false,true,500,0,50,VEHICLEBASED,External Road East,true,902,false,1.3,false,true,true,true,0,0,0,3,true,1,"LINESTRING (-8.704450824480682 40.64842801421075, -8.704373746257364 40.64842600658429, -8.704296559580444 40.64842476590787, -8.704219589810728 40.64842199133119, -8.70414316230903 40.64841538200341, -8.704060721288469 40.64840210082049, -8.70397950245248 40.648384551610505, -8.70389865898666 40.64836562352959, -8.703817344076604 40.64834820573682, -8.703721177894812 40.64832821707143, -8.703625036947475 40.648307665411444, -8.703528222049831 40.64829018258646, -8.703430034017114 40.64827940042965, -8.703339518070354 40.64827816055608, -8.703248928411096 40.648283261792976, -8.703158309266838 40.64829089947333, -8.703067704865083 40.64829726893104)"
903,60,false,0,1,ALL,84,5,true,0,false,false,1,1,true,10,200,false,true,500,0,50,VEHICLEBASED,External Road East,true,903,false,1.3,false,true,true,true,0,0,0,3,true,1,"LINESTRING (-8.703098741137858 40.64835785554914, -8.703189722289649 40.64835145961184, -8.703279963921974 40.64834385375632, -8.70336789027319 40.648338902498715, -8.703453884160345 40.64834008042874, -8.703547641509218 40.648350376037016, -8.70364181385109 40.648367381654246, -8.703737281143816 40.64838778929162, -8.703833436679126 40.64840777572622, -8.703914114320476 40.648425056999535, -8.703994912528108 40.64844397446716, -8.704077929207237 40.648461912126784, -8.704163698814998 40.648475729530006, -8.704243461738008 40.64848262729342, -8.70432234453869 40.648485470827744, -8.704399804132617 40.648486715889796, -8.704569573860285 40.64848011477521)"
904,60,false,0,1,ALL,84,5,true,0,false,false,1,1,true,10,200,false,true,500,0,50,VEHICLEBASED,External Road East,true,904,false,1.3,false,true,true,true,0,0,0,3,true,2,"LINESTRING (-8.70463211455224 40.648254030894286, -8.70477160180072 40.64851573318363)"
905,60,false,0,1,ALL,84,5,true,0,false,false,1,1,true,10,200,false,true,500,0,50,VEHICLEBASED,External Road East,true,905,false,1.3,false,true,true,true,0,0,0,3,true,2,"LINESTRING (-8.704893295886237 40.64870354909239, -8.705128188246071 40.64910473749401)"
906,60,false,0,1,ALL,84,5,true,0,false,false,1,1,true,10,200,false,true,500,0,50,VEHICLEBASED,External Road East,true,906,false,1.3,false,true,true,true,0,0,0,3,true,1,"LINESTRING (-8.703692703465517 40.64651555034237, -8.703623690373242 40.646490813472994, -8.703554250272072 40.646466662701656, -8.703485664188698 40.64644133970677, -8.703419213149811 40.64641308616406, -8.703373241268489 40.64639099202614, -8.703328383220276 40.6463674962231, -8.703285538879468 40.64634207561316, -8.703245608120362 40.64631420705362, -8.70318889959056 40.646267652323814, -8.703136552116092 40.64621801112588, -8.703089408260361 40.64616551827718, -8.703048310586766 40.646110408595405, -8.703015575447541 40.64605251337858, -8.702990364557692 40.64599225037494, -8.702968883329309 40.64593087540801, -8.702947337174482 40.64586964430587, -8.702909535067787 40.645763867234955, -8.702874358201647 40.64565755389599, -8.702840231431733 40.64555102594713, -8.702805579613706 40.64544460504867)"
907,60,false,0,1,ALL,84,5,true,0,false,false,1,1,true,10,200,false,true,500,0,50,VEHICLEBASED,External Road East,true,907,false,1.3,false,true,true,true,0,0,0,3,true,1,"LINESTRING (-8.702748604756973 40.64545860614174, -8.702783237857167 40.645564969532664, -8.702817383062735 40.64567155500679, -8.702852692994597 40.64577827048115, -8.702890576169102 40.64588427437126, -8.702912087287585 40.645945405783166, -8.702933822993122 40.64600750781413, -8.702959948719059 40.64606995758649, -8.7029943827476 40.64613085743386, -8.70303745236832 40.646188611367606, -8.703086464819322 40.646243184804675, -8.703140729602517 40.64629464416959, -8.703199583633063 40.646342960222846, -8.703241975036182 40.64637254610709, -8.703287099138018 40.64639931934329, -8.70333364798508 40.646423700743235, -8.703381257391067 40.646446581866, -8.703449731018205 40.646475695354646, -8.703519827612038 40.64650157603886, -8.70358948548601 40.64652580253737, -8.703658282303808 40.64655046187296)"
908,60,false,0,1,ALL,84,5,true,0,false,false,1,1,true,10,200,false,true,500,0,50,VEHICLEBASED,External Road East,true,908,false,1.3,false,true,true,true,0,0,0,3,true,2,"LINESTRING (-8.703665207511674 40.646873185232245, -8.703643533192924 40.646891191099925, -8.703608725492643 40.64692904024123, -8.703580726787425 40.64697001274173, -8.70356001614288 40.64701340754548, -8.70354694792388 40.647058482151415, -8.703542679182922 40.647096214364126)"
909,60,false,0,1,ALL,84,5,true,0,false,false,1,1,true,10,200,false,true,500,0,50,VEHICLEBASED,External Road East,true,909,false,1.3,false,true,true,true,0,0,0,3,true,2,"LINESTRING (-8.703402087149946 40.646831148017576, -8.7029486822823 40.64664136298998, -8.702703671322114 40.64649106941551, -8.702373207555182 40.646187792059436, -8.702084170509869 40.64583600545116)"
911,60,false,0,1,ALL,84,5,true,0,false,false,1,1,true,10,200,false,true,500,0,50,VEHICLEBASED,External Road East,true,911,false,1.3,false,true,true,true,0,0,0,3,true,2,"LINESTRING (-8.704085290096689 40.64676421353297, -8.704076660698473 40.64676277324591, -8.704016055759817 40.64675882613462, -8.703955290282423 40.64676091482789, -8.70389540398045 40.64676900358707, -8.703837421525135 40.64678295400907, -8.703782335012361 40.64680252739476, -8.70376928910382 40.646808856225974)"
912,60,false,0,1,ALL,84,5,true,0,false,false,1,1,true,10,200,false,true,500,0,50,VEHICLEBASED,External Road East,true,912,false,1.3,false,true,true,true,0,0,0,3,true,2,"LINESTRING (-8.703759303079897 40.646813700645524, -8.703731086987634 40.64682738883328, -8.703684554318867 40.646857112932906, -8.703673200755262 40.64686654487071)"
913,60,false,0,1,ALL,84,5,true,0,false,false,1,1,true,10,200,false,true,500,0,50,VEHICLEBASED,External Road East,true,913,false,1.3,false,true,true,true,0,0,0,3,true,2,"LINESTRING (-8.70521265905532 40.64925378612744, -8.705531743110884 40.64977787425657)"
914,60,false,0,1,ALL,85,5,true,0,false,false,1,1,true,10,200,false,true,500,0,50,VEHICLEBASED,TGL Entry/Exit,true,914,false,1.3,false,true,true,true,0,0,0,3,true,2,"LINESTRING (-8.705447325356856 40.64982014370962, -8.705717003570838 40.65029191611778)"
931,60,false,0,1,ALL,84,5,true,0,false,false,1,1,true,10,200,false,true,500,0,50,VEHICLEBASED,External Road East,true,931,false,1.3,false,true,true,true,0,0,0,3,true,2,"LINESTRING (-8.70387959139127 40.64745086418738, -8.703936685638306 40.6474603933863, -8.703997290576963 40.64746434045613, -8.704058056054357 40.64746225178485, -8.70411794235633 40.64745416310971, -8.704175924811645 40.64744021282801, -8.704231011324419 40.64742063962936, -8.704282259349146 40.64739577841183, -8.70428278873477 40.64739544025411)"
932,60,false,0,1,ALL,83,5,true,0,false,false,1,1,true,10,200,false,true,500,0,50,VEHICLEBASED,External Road Centre,true,932,false,1.3,false,true,true,true,0,0,0,3,true,2,"LINESTRING (-8.71812550198422 40.64298659273768, -8.718159663513834 40.64297942941999, -8.718192300549518 40.64296894399061, -8.718222854662542 40.64295531585671, -8.71825080306356 40.64293877819749, -8.718273354671595 40.64292139661709)"
933,60,false,0,1,ALL,90,5,true,0,false,false,1,1,true,10,200,false,true,500,0,50,VEHICLEBASED,External Road Central West,true,933,false,1.3,false,true,true,true,0,0,0,3,true,2,"LINESTRING (-8.726439116970274 40.639892949320355, -8.72644142979626 40.63986002688408, -8.726437077669612 40.63981757804816, -8.726425461051052 40.639775923401125, -8.726406778704147 40.63973577566766, -8.726381350289033 40.63969782178998, -8.72634961089294 40.63966271117371, -8.726337793537297 40.639652734040915)"
934,60,false,0,1,ALL,90,5,true,0,false,false,1,1,true,10,200,false,true,500,0,50,VEHICLEBASED,External Road Central West,true,934,false,1.3,false,true,true,true,0,0,0,3,true,2,"LINESTRING (-8.725985496876685 40.640188163641724, -8.72601773871778 40.640189467841935, -8.726073679405488 40.640186165384456, -8.726128573446339 40.64017735052319, -8.726181481588073 40.64016317408071, -8.726231498557716 40.6401438786166, -8.726277768551052 40.640119794277304, -8.726323915759078 40.64009803483112, -8.726366282224983 40.640060099147966, -8.726401299867169 40.64000654073449)"
935,60,false,0,1,ALL,80,5,true,0,false,false,1,1,true,10,200,false,true,500,0,50,VEHICLEBASED,TNorte Entry/Exit,true,935,false,1.3,false,true,true,true,0,0,0,3,true,2,"LINESTRING (-8.731165755405675 40.64514893528802, -8.731159825660423 40.64512850922336, -8.731149156753569 40.64510617368084, -8.731134736827201 40.645085085840954, -8.731116812610253 40.645065606523886, -8.73109569079105 40.64504806902763, -8.731071732769776 40.64503277342532, -8.731045348474813 40.645019981430515, -8.731016989348767 40.6450099119193, -8.730987140624142 40.645002737185095, -8.7309563130209 40.644998579990514, -8.730925034007873 40.64499751146689, -8.730904301367476 40.644998866226594)"
936,60,false,0,1,ALL,80,5,true,0,false,false,1,1,true,10,200,false,true,500,0,50,VEHICLEBASED,TNorte Entry/Exit,true,936,false,1.3,false,true,true,true,0,0,0,3,true,2,"LINESTRING (-8.730892519023481 40.64499977047007, -8.730863261089263 40.645004660402776, -8.730833824135445 40.64501275554101, -8.730806031590634 40.645023696800735, -8.730780358992979 40.645037296972575, -8.73075724560774 40.645053323352315, -8.73073708691135 40.6450715017225, -8.730720227824692 40.64509152104454, -8.730709410226009 40.64510906079357)"
988,60,false,0,1,ALL,82,5,true,0,false,false,1,1,true,10,200,false,true,500,0,50,VEHICLEBASED,External Road Gafanha da Nazare,true,988,false,1.3,false,true,true,true,0,0,0,3,true,1,"LINESTRING (-8.693811084178826 40.63596360390373, -8.697422459588868 40.63621401980257, -8.697711559969894 40.63623312599931)"
989,60,false,0,1,ALL,82,5,true,0,false,false,1,1,true,10,200,false,true,500,0,50,VEHICLEBASED,External Road Gafanha da Nazare,true,989,false,1.3,false,true,true,true,0,0,0,3,true,1,"LINESTRING (-8.724351185114392 40.63877805868726, -8.723847173035335 40.63847698452439, -8.72359021333882 40.638320740887586)"
1107,60,false,0,1,ALL,85,5,true,0,false,false,1,1,true,10,200,false,true,500,0,50,VEHICLEBASED,TGL Entry/Exit,true,1107,false,1.3,false,true,true,true,0,0,0,3,true,2,"LINESTRING (-8.705631767559174 40.65104785218582, -8.705199488119895 40.65123970859108)"
1108,60,false,0,1,ALL,1,5,true,0,false,false,1,1,true,10,200,false,true,500,0,50,VEHICLEBASED,,true,1108,false,1.3,false,true,true,true,0,0,0,3,true,2,"LINESTRING (-8.719506230425921 40.64543056323388, -8.718705013847151 40.64429082554066)"
1110,60,false,0,1,ALL,71,5,true,0,false,false,1,1,true,10,200,false,true,500,0,50,VEHICLEBASED,TNorte 9,true,1110,false,1.3,false,true,true,true,0,0,0,3,true,1,"LINESTRING (-8.72008338089151 40.64360922778045, -8.721511677260986 40.645619812174736)"
1111,60,false,0,1,ALL,71,5,true,0,false,false,1,1,true,10,200,false,true,500,0,50,VEHICLEBASED,TNorte 9,true,1111,false,1.3,false,true,true,true,0,0,0,3,true,1,"LINESTRING (-8.72154819466574 40.64560487724241, -8.72011989829626 40.64359429239819)"
1112,60,false,0,1,ALL,71,5,true,0,false,false,1,1,true,10,200,false,true,500,0,50,VEHICLEBASED,TNorte 9,true,1112,false,1.3,false,true,true,true,0,0,0,3,true,1,"LINESTRING (-8.719738720840512 40.64348580753834, -8.719498829512265 40.64358645410848)"
1113,60,false,0,1,ALL,71,5,true,0,false,false,1,1,true,10,200,false,true,500,0,50,VEHICLEBASED,TNorte 9,true,1113,false,1.3,false,true,true,true,0,0,0,3,true,1,"LINESTRING (-8.719517959718626 40.6436126475274, -8.719836293369184 40.64348702197317, -8.719890968257587 40.643474007567065)"
1114,60,false,0,1,ALL,1,5,true,0,false,false,1,1,true,10,200,false,true,500,0,50,VEHICLEBASED,,true,1114,false,1.3,false,true,true,true,0,0,0,3,true,1,"LINESTRING (-8.718412891366485 40.64448385928115, -8.718715985685247 40.64455598987629)"
1115,60,false,0,1,ALL,1,5,true,0,false,false,1,1,true,10,200,false,true,500,0,50,VEHICLEBASED,,true,1115,false,1.3,false,true,true,true,0,0,0,3,true,1,"LINESTRING (-8.718441612093956 40.644525568242194, -8.718744706412716 40.64459769879227)"
1116,60,false,0,1,ALL,1,5,true,0,false,false,1,1,true,10,200,false,true,500,0,50,VEHICLEBASED,,true,1116,false,1.3,false,true,true,true,0,0,0,3,true,1,"LINESTRING (-8.718470332821425 40.64456727717718, -8.718773427140187 40.64463940768216)"
1117,60,false,0,1,ALL,1,5,true,0,false,false,1,1,true,10,200,false,true,500,0,50,VEHICLEBASED,,true,1117,false,1.3,false,true,true,true,0,0,0,3,true,1,"LINESTRING (-8.718499053548896 40.64460898608609, -8.718802147867658 40.64468111654601)"
1118,60,false,0,1,ALL,1,5,true,0,false,false,1,1,true,10,200,false,true,500,0,50,VEHICLEBASED,,true,1118,false,1.3,false,true,true,true,0,0,0,3,true,1,"LINESTRING (-8.718527774276366 40.64465069496894, -8.718830868595125 40.644722825383774)"
1119,60,false,0,1,ALL,1,5,true,0,false,false,1,1,true,10,200,false,true,500,0,50,VEHICLEBASED,,true,1119,false,1.3,false,true,true,true,0,0,0,3,true,1,"LINESTRING (-8.718556495003837 40.64469240382574, -8.718859589322596 40.64476453419551)"
1120,60,false,0,1,ALL,1,5,true,0,false,false,1,1,true,10,200,false,true,500,0,50,VEHICLEBASED,,true,1120,false,1.3,false,true,true,true,0,0,0,3,true,1,"LINESTRING (-8.718585215731306 40.64473411265645, -8.718888310050067 40.64480624298113)"
1121,60,false,0,1,ALL,1,5,true,0,false,false,1,1,true,10,200,false,true,500,0,50,VEHICLEBASED,,true,1121,false,1.3,false,true,true,true,0,0,0,3,true,1,"LINESTRING (-8.718613936458775 40.64477582146111, -8.718917030777536 40.64484795174071)"
1122,60,false,0,1,ALL,1,5,true,0,false,false,1,1,true,10,200,false,true,500,0,50,VEHICLEBASED,,true,1122,false,1.3,false,true,true,true,0,0,0,3,true,1,"LINESTRING (-8.718642657186246 40.64481753023969, -8.718945751505006 40.64488966047423)"
1123,60,false,0,1,ALL,1,5,true,0,false,false,1,1,true,10,200,false,true,500,0,50,VEHICLEBASED,,true,1123,false,1.3,false,true,true,true,0,0,0,3,true,1,"LINESTRING (-8.718671377913717 40.64485923899222, -8.718974472232476 40.64493136918169)"
1124,60,false,0,1,ALL,1,5,true,0,false,false,1,1,true,10,200,false,true,500,0,50,VEHICLEBASED,,true,1124,false,1.3,false,true,true,true,0,0,0,3,true,1,"LINESTRING (-8.718700098641186 40.64490094771869, -8.719003192959947 40.64497307786307)"
1125,60,false,0,1,ALL,1,5,true,0,false,false,1,1,true,10,200,false,true,500,0,50,VEHICLEBASED,,true,1125,false,1.3,false,true,true,true,0,0,0,3,true,1,"LINESTRING (-8.718728819368655 40.6449426564191, -8.719031913687417 40.645014786518395)"
1126,60,false,0,1,ALL,1,5,true,0,false,false,1,1,true,10,200,false,true,500,0,50,VEHICLEBASED,,true,1126,false,1.3,false,true,true,true,0,0,0,3,true,1,"LINESTRING (-8.718757540096126 40.644984365093435, -8.719060634414886 40.64505649514764)"
1127,60,false,0,1,ALL,1,5,true,0,false,false,1,1,true,10,200,false,true,500,0,50,VEHICLEBASED,,true,1127,false,1.3,false,true,true,true,0,0,0,3,true,1,"LINESTRING (-8.718786260823597 40.64502607374169, -8.719089355142357 40.64509820375086)"
1128,60,false,0,1,ALL,1,5,true,0,false,false,1,1,true,10,200,false,true,500,0,50,VEHICLEBASED,,true,1128,false,1.3,false,true,true,true,0,0,0,3,true,1,"LINESTRING (-8.718814981551066 40.64506778236389, -8.719118075869826 40.64513991232797)"
1129,60,false,0,1,ALL,1,5,true,0,false,false,1,1,true,10,200,false,true,500,0,50,VEHICLEBASED,,true,1129,false,1.3,false,true,true,true,0,0,0,3,true,1,"LINESTRING (-8.718843702278535 40.64510949096003, -8.719146796597297 40.64518162087903)"
1130,60,false,0,1,ALL,1,5,true,0,false,false,1,1,true,10,200,false,true,500,0,50,VEHICLEBASED,,true,1130,false,1.3,false,true,true,true,0,0,0,3,true,1,"LINESTRING (-8.718872423006006 40.64515119953012, -8.719175517324766 40.645223329404054)"
1131,60,false,0,1,ALL,1,5,true,0,false,false,1,1,true,10,200,false,true,500,0,50,VEHICLEBASED,,true,1131,false,1.3,false,true,true,true,0,0,0,3,true,1,"LINESTRING (-8.718901143733476 40.64519290807412, -8.719204238052237 40.64526503790297)"
1132,60,false,0,1,ALL,1,5,true,0,false,false,1,1,true,10,200,false,true,500,0,50,VEHICLEBASED,,true,1132,false,1.3,false,true,true,true,0,0,0,3,true,1,"LINESTRING (-8.718929864460947 40.64523461659205, -8.719232958779706 40.64530674637584)"
1133,60,false,0,1,ALL,1,5,true,0,false,false,1,1,true,10,200,false,true,500,0,50,VEHICLEBASED,,true,1133,false,1.3,false,true,true,true,0,0,0,3,true,1,"LINESTRING (-8.718958585188416 40.64527632508395, -8.719261679507177 40.645348454822646)"
1134,60,false,0,1,ALL,1,5,true,0,false,false,1,1,true,10,200,false,true,500,0,50,VEHICLEBASED,,true,1134,false,1.3,false,true,true,true,0,0,0,3,true,1,"LINESTRING (-8.718987305915885 40.64531803354976, -8.719290400234646 40.6453901632434)"
1135,60,false,0,1,ALL,1,5,true,0,false,false,1,1,true,10,200,false,true,500,0,50,VEHICLEBASED,,true,1135,false,1.3,false,true,true,true,0,0,0,3,true,1,"LINESTRING (-8.719849033491789 40.64542097829219, -8.719110071870212 40.644353580316555)"
1136,60,false,0,1,ALL,1,5,true,0,false,false,1,1,true,10,200,false,true,500,0,50,VEHICLEBASED,,true,1136,false,1.3,false,true,true,true,0,0,0,3,true,1,"LINESTRING (-8.719765898702134 40.645343966414565, -8.7194625957424 40.645272343364795)"
1137,60,false,0,1,ALL,1,5,true,0,false,false,1,1,true,10,200,false,true,500,0,50,VEHICLEBASED,,true,1137,false,1.3,false,true,true,true,0,0,0,3,true,1,"LINESTRING (-8.71973627746806 40.64530118010719, -8.719432974508326 40.64522955701152)"
1138,60,false,0,1,ALL,1,5,true,0,false,false,1,1,true,10,200,false,true,500,0,50,VEHICLEBASED,,true,1138,false,1.3,false,true,true,true,0,0,0,3,true,1,"LINESTRING (-8.719706656233985 40.64525839377241, -8.71940335327425 40.64518677063081)"
1139,60,false,0,1,ALL,1,5,true,0,false,false,1,1,true,10,200,false,true,500,0,50,VEHICLEBASED,,true,1139,false,1.3,false,true,true,true,0,0,0,3,true,1,"LINESTRING (-8.719677034999913 40.64521560741017, -8.719373732040177 40.64514398422267)"
1140,60,false,0,1,ALL,1,5,true,0,false,false,1,1,true,10,200,false,true,500,0,50,VEHICLEBASED,,true,1140,false,1.3,false,true,true,true,0,0,0,3,true,1,"LINESTRING (-8.719647413765838 40.64517282102051, -8.719344110806103 40.64510119778708)"
1141,60,false,0,1,ALL,1,5,true,0,false,false,1,1,true,10,200,false,true,500,0,50,VEHICLEBASED,,true,1141,false,1.3,false,true,true,true,0,0,0,3,true,1,"LINESTRING (-8.719617792531764 40.64513003460341, -8.719314489572028 40.64505841132408)"
1142,60,false,0,1,ALL,1,5,true,0,false,false,1,1,true,10,200,false,true,500,0,50,VEHICLEBASED,,true,1142,false,1.3,false,true,true,true,0,0,0,3,true,1,"LINESTRING (-8.719588171297689 40.645087248158916, -8.719284868337954 40.645015624833654)"
1143,60,false,0,1,ALL,1,5,true,0,false,false,1,1,true,10,200,false,true,500,0,50,VEHICLEBASED,,true,1143,false,1.3,false,true,true,true,0,0,0,3,true,1,"LINESTRING (-8.719558550063615 40.645044461686965, -8.719255247103881 40.64497283831578)"
1144,60,false,0,1,ALL,1,5,true,0,false,false,1,1,true,10,200,false,true,500,0,50,VEHICLEBASED,,true,1144,false,1.3,false,true,true,true,0,0,0,3,true,1,"LINESTRING (-8.719528928829542 40.645001675187586, -8.719225625869807 40.644930051770494)"
1145,60,false,0,1,ALL,1,5,true,0,false,false,1,1,true,10,200,false,true,500,0,50,VEHICLEBASED,,true,1145,false,1.3,false,true,true,true,0,0,0,3,true,1,"LINESTRING (-8.719499307595466 40.644958888660774, -8.719196004635732 40.64488726519776)"
1146,60,false,0,1,ALL,1,5,true,0,false,false,1,1,true,10,200,false,true,500,0,50,VEHICLEBASED,,true,1146,false,1.3,false,true,true,true,0,0,0,3,true,1,"LINESTRING (-8.719469686361395 40.644916102106556, -8.719166383401658 40.64484447859762)"
1147,60,false,0,1,ALL,1,5,true,0,false,false,1,1,true,10,200,false,true,500,0,50,VEHICLEBASED,,true,1147,false,1.3,false,true,true,true,0,0,0,3,true,1,"LINESTRING (-8.71944006512732 40.64487331552489, -8.719136762167585 40.644801691970045)"
1148,60,false,0,1,ALL,1,5,true,0,false,false,1,1,true,10,200,false,true,500,0,50,VEHICLEBASED,,true,1148,false,1.3,false,true,true,true,0,0,0,3,true,1,"LINESTRING (-8.719410443893246 40.64483052891579, -8.719107140933511 40.644758905315044)"
1149,60,false,0,1,ALL,1,5,true,0,false,false,1,1,true,10,200,false,true,500,0,50,VEHICLEBASED,,true,1149,false,1.3,false,true,true,true,0,0,0,3,true,1,"LINESTRING (-8.719380822659172 40.64478774227929, -8.719077519699436 40.644716118632594)"
1150,60,false,0,1,ALL,1,5,true,0,false,false,1,1,true,10,200,false,true,500,0,50,VEHICLEBASED,,true,1150,false,1.3,false,true,true,true,0,0,0,3,true,1,"LINESTRING (-8.719351201425098 40.64474495561534, -8.719047898465362 40.64467333192273)"
1151,60,false,0,1,ALL,1,5,true,0,false,false,1,1,true,10,200,false,true,500,0,50,VEHICLEBASED,,true,1151,false,1.3,false,true,true,true,0,0,0,3,true,1,"LINESTRING (-8.719321580191023 40.64470216892395, -8.719018277231289 40.64463054518545)"
1152,60,false,0,1,ALL,1,5,true,0,false,false,1,1,true,10,200,false,true,500,0,50,VEHICLEBASED,,true,1152,false,1.3,false,true,true,true,0,0,0,3,true,1,"LINESTRING (-8.71929195895695 40.644659382205134, -8.718988655997215 40.644587758420705)"
1153,60,false,0,1,ALL,1,5,true,0,false,false,1,1,true,10,200,false,true,500,0,50,VEHICLEBASED,,true,1153,false,1.3,false,true,true,true,0,0,0,3,true,1,"LINESTRING (-8.719262337722876 40.64461659545889, -8.718959034763142 40.64454497162856)"
1154,60,false,0,1,ALL,1,5,true,0,false,false,1,1,true,10,200,false,true,500,0,50,VEHICLEBASED,,true,1154,false,1.3,false,true,true,true,0,0,0,3,true,1,"LINESTRING (-8.719232716488802 40.64457380868522, -8.718929413529066 40.644502184808985)"
1155,60,false,0,1,ALL,1,5,true,0,false,false,1,1,true,10,200,false,true,500,0,50,VEHICLEBASED,,true,1155,false,1.3,false,true,true,true,0,0,0,3,true,1,"LINESTRING (-8.719203095254727 40.64453102188412, -8.718899792294993 40.64445939796196)"
1156,60,false,0,1,ALL,1,5,true,0,false,false,1,1,true,10,200,false,true,500,0,50,VEHICLEBASED,,true,1156,false,1.3,false,true,true,true,0,0,0,3,true,1,"LINESTRING (-8.719173474020653 40.64448823505561, -8.718870171060917 40.64441661108753)"
1157,60,false,0,1,ALL,1,5,true,0,false,false,1,1,true,10,200,false,true,500,0,50,VEHICLEBASED,,true,1157,false,1.3,false,true,true,true,0,0,0,3,true,1,"LINESTRING (-8.71914385278658 40.644445448199654, -8.718840549826844 40.64437382418564)"
1158,60,false,0,1,ALL,1,5,true,0,false,false,1,1,true,10,200,false,true,500,0,50,VEHICLEBASED,,true,1158,false,1.3,false,true,true,true,0,0,0,3,true,1,"LINESTRING (-8.729236905882695 40.633942665893045, -8.729076681157677 40.63427973874341)"
1159,60,false,0,1,ALL,1,5,true,0,false,false,1,1,true,10,200,false,true,500,0,50,VEHICLEBASED,,true,1159,false,1.3,false,true,true,true,0,0,0,3,true,1,"LINESTRING (-8.729213436398318 40.634082871459164, -8.729292067237425 40.63410433232668)"
1160,60,false,0,1,ALL,1,5,true,0,false,false,1,1,true,10,200,false,true,500,0,50,VEHICLEBASED,,true,1160,false,1.3,false,true,true,true,0,0,0,3,true,1,"LINESTRING (-8.729199396924123 40.63411249569585, -8.729278027763229 40.63413395655385)"
1161,60,false,0,1,ALL,1,5,true,0,false,false,1,1,true,10,200,false,true,500,0,50,VEHICLEBASED,,true,1161,false,1.3,false,true,true,true,0,0,0,3,true,1,"LINESTRING (-8.729185357449925 40.63414211991939, -8.729263988289032 40.634163580767854)"
1162,60,false,0,1,ALL,1,5,true,0,false,false,1,1,true,10,200,false,true,500,0,50,VEHICLEBASED,,true,1162,false,1.3,false,true,true,true,0,0,0,3,true,1,"LINESTRING (-8.72917131797573 40.634171744129794, -8.729249948814836 40.634193204968746)"
1163,60,false,0,1,ALL,1,5,true,0,false,false,1,1,true,10,200,false,true,500,0,50,VEHICLEBASED,,true,1163,false,1.3,false,true,true,true,0,0,0,3,true,1,"LINESTRING (-8.729157278501534 40.63420136832705, -8.72923590934064 40.63422282915648)"
1164,60,false,0,1,ALL,1,5,true,0,false,false,1,1,true,10,200,false,true,500,0,50,VEHICLEBASED,,true,1164,false,1.3,false,true,true,true,0,0,0,3,true,1,"LINESTRING (-8.72913647855579 40.63406186719917, -8.729057847716682 40.634040406318015)"
1165,60,false,0,1,ALL,1,5,true,0,false,false,1,1,true,10,200,false,true,500,0,50,VEHICLEBASED,,true,1165,false,1.3,false,true,true,true,0,0,0,3,true,1,"LINESTRING (-8.729122439081593 40.634091491445176, -8.729043808242487 40.63407003057353)"
1166,60,false,0,1,ALL,1,5,true,0,false,false,1,1,true,10,200,false,true,500,0,50,VEHICLEBASED,,true,1166,false,1.3,false,true,true,true,0,0,0,3,true,1,"LINESTRING (-8.729108399607396 40.63412111567805, -8.729029768768289 40.63409965481593)"
1167,60,false,0,1,ALL,1,5,true,0,false,false,1,1,true,10,200,false,true,500,0,50,VEHICLEBASED,,true,1167,false,1.3,false,true,true,true,0,0,0,3,true,1,"LINESTRING (-8.729094360133198 40.63415073989774, -8.729015729294092 40.63412927904516)"
1168,60,false,0,1,ALL,1,5,true,0,false,false,1,1,true,10,200,false,true,500,0,50,VEHICLEBASED,,true,1168,false,1.3,false,true,true,true,0,0,0,3,true,1,"LINESTRING (-8.729080320659003 40.63418036410434, -8.729001689819896 40.634158903261266)"
1169,60,false,0,1,ALL,70,5,true,0,false,false,1,1,true,10,200,false,true,500,0,50,VEHICLEBASED,TNorte 8,true,1169,false,1.3,false,true,true,true,0,0,0,3,true,1,"LINESTRING (-8.71984091148603 40.64269544709524, -8.71892015377665 40.64311300323028)"
1170,60,false,0,1,ALL,70,5,true,0,false,false,1,1,true,10,200,false,true,500,0,50,VEHICLEBASED,TNorte 8,true,1170,false,1.3,false,true,true,true,0,0,0,3,true,1,"LINESTRING (-8.719711028532386 40.642736536375274, -8.719668160123234 40.64268211052666)"
1171,60,false,0,1,ALL,70,5,true,0,false,false,1,1,true,10,200,false,true,500,0,50,VEHICLEBASED,TNorte 8,true,1171,false,1.3,false,true,true,true,0,0,0,3,true,1,"LINESTRING (-8.71967541911821 40.6427526849937, -8.71963255070906 40.64269825915824)"
1172,60,false,0,1,ALL,70,5,true,0,false,false,1,1,true,10,200,false,true,500,0,50,VEHICLEBASED,TNorte 8,true,1172,false,1.3,false,true,true,true,0,0,0,3,true,1,"LINESTRING (-8.719639809704036 40.64276883360824, -8.719596941294885 40.64271440778595)"
1173,60,false,0,1,ALL,70,5,true,0,false,false,1,1,true,10,200,false,true,500,0,50,VEHICLEBASED,TNorte 8,true,1173,false,1.3,false,true,true,true,0,0,0,3,true,1,"LINESTRING (-8.719604200289861 40.64278498221883, -8.71956133188071 40.642730556409724)"
1174,60,false,0,1,ALL,70,5,true,0,false,false,1,1,true,10,200,false,true,500,0,50,VEHICLEBASED,TNorte 8,true,1174,false,1.3,false,true,true,true,0,0,0,3,true,1,"LINESTRING (-8.719568590875687 40.64280113082555, -8.719525722466535 40.642746705029595)"
1175,60,false,0,1,ALL,70,5,true,0,false,false,1,1,true,10,200,false,true,500,0,50,VEHICLEBASED,TNorte 8,true,1175,false,1.3,false,true,true,true,0,0,0,3,true,1,"LINESTRING (-8.719532981461512 40.64281727942836, -8.71949011305236 40.64276285364556)"
1176,60,false,0,1,ALL,70,5,true,0,false,false,1,1,true,10,200,false,true,500,0,50,VEHICLEBASED,TNorte 8,true,1176,false,1.3,false,true,true,true,0,0,0,3,true,1,"LINESTRING (-8.719497372047336 40.64283342802724, -8.719454503638184 40.6427790022576)"
1177,60,false,0,1,ALL,70,5,true,0,false,false,1,1,true,10,200,false,true,500,0,50,VEHICLEBASED,TNorte 8,true,1177,false,1.3,false,true,true,true,0,0,0,3,true,1,"LINESTRING (-8.719461762633163 40.64284957662223, -8.719418894224011 40.64279515086577)"
1178,60,false,0,1,ALL,70,5,true,0,false,false,1,1,true,10,200,false,true,500,0,50,VEHICLEBASED,TNorte 8,true,1178,false,1.3,false,true,true,true,0,0,0,3,true,1,"LINESTRING (-8.719426153218986 40.64286572521331, -8.719383284809835 40.64281129947)"
1179,60,false,0,1,ALL,70,5,true,0,false,false,1,1,true,10,200,false,true,500,0,50,VEHICLEBASED,TNorte 8,true,1179,false,1.3,false,true,true,true,0,0,0,3,true,1,"LINESTRING (-8.719390543804812 40.64288187380046, -8.71934767539566 40.64282744807036)"
1180,60,false,0,1,ALL,70,5,true,0,false,false,1,1,true,10,200,false,true,500,0,50,VEHICLEBASED,TNorte 8,true,1180,false,1.3,false,true,true,true,0,0,0,3,true,1,"LINESTRING (-8.719354934390637 40.642898022383726, -8.719312065981486 40.64284359666678)"
1181,60,false,0,1,ALL,70,5,true,0,false,false,1,1,true,10,200,false,true,500,0,50,VEHICLEBASED,TNorte 8,true,1181,false,1.3,false,true,true,true,0,0,0,3,true,1,"LINESTRING (-8.719319324976464 40.642914170963074, -8.71927645656731 40.6428597452593)"
1182,60,false,0,1,ALL,70,5,true,0,false,false,1,1,true,10,200,false,true,500,0,50,VEHICLEBASED,TNorte 8,true,1182,false,1.3,false,true,true,true,0,0,0,3,true,1,"LINESTRING (-8.719283715562288 40.64293031953855, -8.719240847153136 40.64287589384791)"
1183,60,false,0,1,ALL,70,5,true,0,false,false,1,1,true,10,200,false,true,500,0,50,VEHICLEBASED,TNorte 8,true,1183,false,1.3,false,true,true,true,0,0,0,3,true,1,"LINESTRING (-8.719248106148113 40.64294646811008, -8.719205237738962 40.64289204243262)"
1184,60,false,0,1,ALL,70,5,true,0,false,false,1,1,true,10,200,false,true,500,0,50,VEHICLEBASED,TNorte 8,true,1184,false,1.3,false,true,true,true,0,0,0,3,true,1,"LINESTRING (-8.719212496733938 40.64296261667769, -8.719169628324785 40.64290819101342)"
1185,60,false,0,1,ALL,70,5,true,0,false,false,1,1,true,10,200,false,true,500,0,50,VEHICLEBASED,TNorte 8,true,1185,false,1.3,false,true,true,true,0,0,0,3,true,1,"LINESTRING (-8.719176887319763 40.642978765241445, -8.719134018910612 40.64292433959032)"
1186,60,false,0,1,ALL,70,5,true,0,false,false,1,1,true,10,200,false,true,500,0,50,VEHICLEBASED,TNorte 8,true,1186,false,1.3,false,true,true,true,0,0,0,3,true,1,"LINESTRING (-8.719141277905589 40.642994913801246, -8.719098409496437 40.642940488163305)"
1187,60,false,0,1,ALL,70,5,true,0,false,false,1,1,true,10,200,false,true,500,0,50,VEHICLEBASED,TNorte 8,true,1187,false,1.3,false,true,true,true,0,0,0,3,true,1,"LINESTRING (-8.719105668491414 40.64301106235718, -8.719062800082263 40.64295663673239)"
1188,60,false,0,1,ALL,70,5,true,0,false,false,1,1,true,10,200,false,true,500,0,50,VEHICLEBASED,TNorte 8,true,1188,false,1.3,false,true,true,true,0,0,0,3,true,1,"LINESTRING (-8.719070059077238 40.643027210909175, -8.719027190668086 40.642972785297566)"
1189,60,false,0,1,ALL,70,5,true,0,false,false,1,1,true,10,200,false,true,500,0,50,VEHICLEBASED,TNorte 8,true,1189,false,1.3,false,true,true,true,0,0,0,3,true,1,"LINESTRING (-8.719034449663063 40.64304335945727, -8.718991581253912 40.64298893385882)"
1190,60,false,0,1,ALL,70,5,true,0,false,false,1,1,true,10,200,false,true,500,0,50,VEHICLEBASED,TNorte 8,true,1190,false,1.3,false,true,true,true,0,0,0,3,true,1,"LINESTRING (-8.718998840248888 40.64305950800148, -8.718955971839737 40.64300508241618)"
10000,60,false,0,1,ALL,64,5,true,0,false,false,,1,true,10,200,false,true,500,0,50,VEHICLEBASED,TNorte 2,true,10000,false,1.3,false,true,true,true,0,0,0,3,true,1,LINESTRING EMPTY
10001,60,false,0,1,ALL,64,5,true,0,false,false,,1,true,10,200,false,true,500,0,50,VEHICLEBASED,TNorte 2,true,10001,false,1.3,false,true,true,true,0,0,0,3,true,1,LINESTRING EMPTY
10002,60,false,0,1,ALL,64,5,true,0,false,false,,1,true,10,200,false,true,500,0,50,VEHICLEBASED,TNorte 2,true,10002,false,1.3,false,true,true,true,0,0,0,3,true,1,LINESTRING EMPTY
10003,60,false,0,1,ALL,64,5,true,0,false,false,,1,true,10,200,false,true,500,0,50,VEHICLEBASED,TNorte 2,true,10003,false,1.3,false,true,true,true,0,0,0,3,true,1,LINESTRING EMPTY
10004,60,false,0,1,ALL,87,5,true,0,false,false,,1,true,10,200,false,true,500,0,50,VEHICLEBASED,TGL 2,true,10004,false,1.3,false,true,true,true,0,0,0,3,true,1,LINESTRING EMPTY
10005,60,false,0,1,ALL,64,5,true,0,false,false,,1,true,10,200,false,true,500,0,50,VEHICLEBASED,TNorte 2,true,10005,false,1.3,false,true,true,true,0,0,0,3,true,1,LINESTRING EMPTY
10006,60,false,0,1,ALL,63,5,true,0,false,false,,1,true,10,200,false,true,500,0,50,VEHICLEBASED,TNorte 1,true,10006,false,1.3,false,true,true,true,0,0,0,3,true,1,LINESTRING EMPTY
10007,60,false,0,1,ALL,65,5,true,0,false,false,,1,true,10,200,false,true,500,0,50,VEHICLEBASED,TNorte 3,true,10007,false,1.3,false,true,true,true,0,0,0,3,true,1,LINESTRING EMPTY
10008,60,false,0,1,ALL,65,5,true,0,false,false,,1,true,10,200,false,true,500,0,50,VEHICLEBASED,TNorte 3,true,10008,false,1.3,false,true,true,true,0,0,0,3,true,1,LINESTRING EMPTY
10009,60,false,0,1,ALL,64,5,true,0,false,false,,1,true,10,200,false,true,500,0,50,VEHICLEBASED,TNorte 2,true,10009,false,1.3,false,true,true,true,0,0,0,3,true,1,LINESTRING EMPTY
10010,60,false,0,1,ALL,1,5,true,0,false,false,,1,true,10,200,false,true,500,0,50,VEHICLEBASED,,true,10010,false,1.3,false,true,true,true,0,0,0,3,true,1,LINESTRING EMPTY
10011,60,false,0,1,ALL,1,5,true,0,false,false,,1,true,10,200,false,true,500,0,50,VEHICLEBASED,,true,10011,false,1.3,false,true,true,true,0,0,0,3,true,1,LINESTRING EMPTY
10012,60,false,0,1,ALL,11,5,true,0,false,false,,6,true,10,200,false,true,500,0,50,VEHICLEBASED,Rail,true,10012,false,1.3,false,true,true,true,0,0,0,3,true,1,LINESTRING EMPTY
10013,60,false,0,1,ALL,71,5,true,0,false,false,,1,true,10,200,false,true,500,0,50,VEHICLEBASED,TNorte 9,true,10013,false,1.3,false,true,true,true,0,0,0,3,true,1,LINESTRING EMPTY
10014,60,false,0,1,ALL,65,5,true,0,false,false,,1,true,10,200,false,true,500,0,50,VEHICLEBASED,TNorte 3,true,10014,false,1.3,false,true,true,true,0,0,0,3,true,1,LINESTRING EMPTY
10015,60,false,0,1,ALL,64,5,true,0,false,false,,1,true,10,200,false,true,500,0,50,VEHICLEBASED,TNorte 2,true,10015,false,1.3,false,true,true,true,0,0,0,3,true,1,LINESTRING EMPTY
10016,60,false,0,1,ALL,64,5,true,0,false,false,,1,true,10,200,false,true,500,0,50,VEHICLEBASED,TNorte 2,true,10016,false,1.3,false,true,true,true,0,0,0,3,true,1,LINESTRING EMPTY
10017,60,false,0,1,ALL,64,5,true,0,false,false,,1,true,10,200,false,true,500,0,50,VEHICLEBASED,TNorte 2,true,10017,false,1.3,false,true,true,true,0,0,0,3,true,1,LINESTRING EMPTY
10018,60,false,0,1,ALL,65,5,true,0,false,false,,1,true,10,200,false,true,500,0,50,VEHICLEBASED,TNorte 3,true,10018,false,1.3,false,true,true,true,0,0,0,3,true,1,LINESTRING EMPTY
10019,60,false,0,1,ALL,64,5,true,0,false,false,,1,true,10,200,false,true,500,0,50,VEHICLEBASED,TNorte 2,true,10019,false,1.3,false,true,true,true,0,0,0,3,true,1,LINESTRING EMPTY
10020,60,false,0,1,ALL,64,5,true,0,false,false,,1,true,10,200,false,true,500,0,50,VEHICLEBASED,TNorte 2,true,10020,false,1.3,false,true,true,true,0,0,0,3,true,1,LINESTRING EMPTY
10021,60,false,0,1,ALL,64,5,true,0,false,false,,1,true,10,200,false,true,500,0,50,VEHICLEBASED,TNorte 2,true,10021,false,1.3,false,true,true,true,0,0,0,3,true,1,LINESTRING EMPTY
10022,60,false,0,1,ALL,70,5,true,0,false,false,,1,true,10,200,false,true,500,0,50,VEHICLEBASED,TNorte 8,true,10022,false,1.3,false,true,true,true,0,0,0,3,true,1,LINESTRING EMPTY
10023,60,false,0,1,ALL,70,5,true,0,false,false,,1,true,10,200,false,true,500,0,50,VEHICLEBASED,TNorte 8,true,10023,false,1.3,false,true,true,true,0,0,0,3,true,1,LINESTRING EMPTY
10024,60,false,0,1,ALL,70,5,true,0,false,false,,1,true,10,200,false,true,500,0,50,VEHICLEBASED,TNorte 8,true,10024,false,1.3,false,true,true,true,0,0,0,3,true,1,LINESTRING EMPTY
10025,60,false,0,1,ALL,70,5,true,0,false,false,,1,true,10,200,false,true,500,0,50,VEHICLEBASED,TNorte 8,true,10025,false,1.3,false,true,true,true,0,0,0,3,true,1,LINESTRING EMPTY
10026,60,false,0,1,ALL,70,5,true,0,false,false,,1,true,10,200,false,true,500,0,50,VEHICLEBASED,TNorte 8,true,10026,false,1.3,false,true,true,true,0,0,0,3,true,1,LINESTRING EMPTY
10027,60,false,0,1,ALL,70,5,true,0,false,false,,1,true,10,200,false,true,500,0,50,VEHICLEBASED,TNorte 8,true,10027,false,1.3,false,true,true,true,0,0,0,3,true,1,LINESTRING EMPTY
10028,60,false,0,1,ALL,70,5,true,0,false,false,,1,true,10,200,false,true,500,0,50,VEHICLEBASED,TNorte 8,true,10028,false,1.3,false,true,true,true,0,0,0,3,true,1,LINESTRING EMPTY
10029,60,false,0,1,ALL,66,5,true,0,false,false,,1,true,10,200,false,true,500,0,50,VEHICLEBASED,TNorte 4,true,10029,false,1.3,false,true,true,true,0,0,0,3,true,1,LINESTRING EMPTY
10030,60,false,0,1,ALL,66,5,true,0,false,false,,1,true,10,200,false,true,500,0,50,VEHICLEBASED,TNorte 4,true,10030,false,1.3,false,true,true,true,0,0,0,3,true,1,LINESTRING EMPTY
10031,60,false,0,1,ALL,66,5,true,0,false,false,,1,true,10,200,false,true,500,0,50,VEHICLEBASED,TNorte 4,true,10031,false,1.3,false,true,true,true,0,0,0,3,true,1,LINESTRING EMPTY
10032,60,false,0,1,ALL,66,5,true,0,false,false,,1,true,10,200,false,true,500,0,50,VEHICLEBASED,TNorte 4,true,10032,false,1.3,false,true,true,true,0,0,0,3,true,1,LINESTRING EMPTY
10033,60,false,0,1,ALL,66,5,true,0,false,false,,1,true,10,200,false,true,500,0,50,VEHICLEBASED,TNorte 4,true,10033,false,1.3,false,true,true,true,0,0,0,3,true,1,LINESTRING EMPTY
10034,60,false,0,1,ALL,66,5,true,0,false,false,,1,true,10,200,false,true,500,0,50,VEHICLEBASED,TNorte 4,true,10034,false,1.3,false,true,true,true,0,0,0,3,true,1,LINESTRING EMPTY
10035,60,false,0,1,ALL,66,5,true,0,false,false,,1,true,10,200,false,true,500,0,50,VEHICLEBASED,TNorte 4,true,10035,false,1.3,false,true,true,true,0,0,0,3,true,1,LINESTRING EMPTY
10036,60,false,0,1,ALL,66,5,true,0,false,false,,1,true,10,200,false,true,500,0,50,VEHICLEBASED,TNorte 4,true,10036,false,1.3,false,true,true,true,0,0,0,3,true,1,LINESTRING EMPTY
10037,60,false,0,1,ALL,71,5,true,0,false,false,,1,true,10,200,false,true,500,0,50,VEHICLEBASED,TNorte 9,true,10037,false,1.3,false,true,true,true,0,0,0,3,true,1,LINESTRING EMPTY
10038,60,false,0,1,ALL,70,5,true,0,false,false,,1,true,10,200,false,true,500,0,50,VEHICLEBASED,TNorte 8,true,10038,false,1.3,false,true,true,true,0,0,0,3,true,1,LINESTRING EMPTY
10039,60,false,0,1,ALL,70,5,true,0,false,false,,1,true,10,200,false,true,500,0,50,VEHICLEBASED,TNorte 8,true,10039,false,1.3,false,true,true,true,0,0,0,3,true,1,LINESTRING EMPTY
10040,60,false,0,1,ALL,70,5,true,0,false,false,,1,true,10,200,false,true,500,0,50,VEHICLEBASED,TNorte 8,true,10040,false,1.3,false,true,true,true,0,0,0,3,true,1,LINESTRING EMPTY
10041,60,false,0,1,ALL,71,5,true,0,false,false,,1,true,10,200,false,true,500,0,50,VEHICLEBASED,TNorte 9,true,10041,false,1.3,false,true,true,true,0,0,0,3,true,1,LINESTRING EMPTY
10042,60,false,0,1,ALL,64,5,true,0,false,false,,1,true,10,200,false,true,500,0,50,VEHICLEBASED,TNorte 2,true,10042,false,1.3,false,true,true,true,0,0,0,3,true,1,LINESTRING EMPTY
10043,60,false,0,1,ALL,63,5,true,0,false,false,,1,true,10,200,false,true,500,0,50,VEHICLEBASED,TNorte 1,true,10043,false,1.3,false,true,true,true,0,0,0,3,true,1,LINESTRING EMPTY
10044,60,false,0,1,ALL,63,5,true,0,false,false,,1,true,10,200,false,true,500,0,50,VEHICLEBASED,TNorte 1,true,10044,false,1.3,false,true,true,true,0,0,0,3,true,1,LINESTRING EMPTY
10045,60,false,0,1,ALL,63,5,true,0,false,false,,1,true,10,200,false,true,500,0,50,VEHICLEBASED,TNorte 1,true,10045,false,1.3,false,true,true,true,0,0,0,3,true,1,LINESTRING EMPTY
10046,60,false,0,1,ALL,66,5,true,0,false,false,,1,true,10,200,false,true,500,0,50,VEHICLEBASED,TNorte 4,true,10046,false,1.3,false,true,true,true,0,0,0,3,true,1,LINESTRING EMPTY
10047,60,false,0,1,ALL,68,5,true,0,false,false,,1,true,10,200,false,true,500,0,50,VEHICLEBASED,TNorte 6,true,10047,false,1.3,false,true,true,true,0,0,0,3,true,1,LINESTRING EMPTY
10048,60,false,0,1,ALL,68,5,true,0,false,false,,1,true,10,200,false,true,500,0,50,VEHICLEBASED,TNorte 6,true,10048,false,1.3,false,true,true,true,0,0,0,3,true,1,LINESTRING EMPTY
10049,60,false,0,1,ALL,69,5,true,0,false,false,,1,true,10,200,false,true,500,0,50,VEHICLEBASED,TNorte 7,true,10049,false,1.3,false,true,true,true,0,0,0,3,true,1,LINESTRING EMPTY
10050,60,false,0,1,ALL,69,5,true,0,false,false,,1,true,10,200,false,true,500,0,50,VEHICLEBASED,TNorte 7,true,10050,false,1.3,false,true,true,true,0,0,0,3,true,1,LINESTRING EMPTY
10051,60,false,0,1,ALL,69,5,true,0,false,false,,1,true,10,200,false,true,500,0,50,VEHICLEBASED,TNorte 7,true,10051,false,1.3,false,true,true,true,0,0,0,3,true,1,LINESTRING EMPTY
10052,60,false,0,1,ALL,66,5,true,0,false,false,,1,true,10,200,false,true,500,0,50,VEHICLEBASED,TNorte 4,true,10052,false,1.3,false,true,true,true,0,0,0,3,true,1,LINESTRING EMPTY
10053,60,false,0,1,ALL,66,5,true,0,false,false,,1,true,10,200,false,true,500,0,50,VEHICLEBASED,TNorte 4,true,10053,false,1.3,false,true,true,true,0,0,0,3,true,1,LINESTRING EMPTY
10054,60,false,0,1,ALL,65,5,true,0,false,false,,1,true,10,200,false,true,500,0,50,VEHICLEBASED,TNorte 3,true,10054,false,1.3,false,true,true,true,0,0,0,3,true,1,LINESTRING EMPTY
10055,60,false,0,1,ALL,75,5,true,0,false,false,,1,true,10,200,false,true,500,0,50,VEHICLEBASED,TGS 13,true,10055,false,1.3,false,true,true,true,0,0,0,3,true,1,LINESTRING EMPTY
10056,60,false,0,1,ALL,75,5,true,0,false,false,,1,true,10,200,false,true,500,0,50,VEHICLEBASED,TGS 13,true,10056,false,1.3,false,true,true,true,0,0,0,3,true,1,LINESTRING EMPTY
10057,60,false,0,1,ALL,75,5,true,0,false,false,,1,true,10,200,false,true,500,0,50,VEHICLEBASED,TGS 13,true,10057,false,1.3,false,true,true,true,0,0,0,3,true,1,LINESTRING EMPTY
10058,60,false,0,1,ALL,75,5,true,0,false,false,,1,true,10,200,false,true,500,0,50,VEHICLEBASED,TGS 13,true,10058,false,1.3,false,true,true,true,0,0,0,3,true,1,LINESTRING EMPTY
10059,60,false,0,1,ALL,66,5,true,0,false,false,,1,true,10,200,false,true,500,0,50,VEHICLEBASED,TNorte 4,true,10059,false,1.3,false,true,true,true,0,0,0,3,true,1,LINESTRING EMPTY
10060,60,false,0,1,ALL,66,5,true,0,false,false,,1,true,10,200,false,true,500,0,50,VEHICLEBASED,TNorte 4,true,10060,false,1.3,false,true,true,true,0,0,0,3,true,1,LINESTRING EMPTY
10061,60,false,0,1,ALL,64,5,true,0,false,false,,1,true,10,200,false,true,500,0,50,VEHICLEBASED,TNorte 2,true,10061,false,1.3,false,true,true,true,0,0,0,3,true,1,LINESTRING EMPTY
10062,60,false,0,1,ALL,64,5,true,0,false,false,,1,true,10,200,false,true,500,0,50,VEHICLEBASED,TNorte 2,true,10062,false,1.3,false,true,true,true,0,0,0,3,true,1,LINESTRING EMPTY
10063,60,false,0,1,ALL,64,5,true,0,false,false,,1,true,10,200,false,true,500,0,50,VEHICLEBASED,TNorte 2,true,10063,false,1.3,false,true,true,true,0,0,0,3,true,1,LINESTRING EMPTY
10064,60,false,0,1,ALL,64,5,true,0,false,false,,1,true,10,200,false,true,500,0,50,VEHICLEBASED,TNorte 2,true,10064,false,1.3,false,true,true,true,0,0,0,3,true,1,LINESTRING EMPTY
10065,60,false,0,1,ALL,63,5,true,0,false,false,,1,true,10,200,false,true,500,0,50,VEHICLEBASED,TNorte 1,true,10065,false,1.3,false,true,true,true,0,0,0,3,true,1,LINESTRING EMPTY
10066,60,false,0,1,ALL,63,5,true,0,false,false,,1,true,10,200,false,true,500,0,50,VEHICLEBASED,TNorte 1,true,10066,false,1.3,false,true,true,true,0,0,0,3,true,1,LINESTRING EMPTY
10067,60,false,0,1,ALL,63,5,true,0,false,false,,1,true,10,200,false,true,500,0,50,VEHICLEBASED,TNorte 1,true,10067,false,1.3,false,true,true,true,0,0,0,3,true,1,LINESTRING EMPTY
10068,60,false,0,1,ALL,64,5,true,0,false,false,,1,true,10,200,false,true,500,0,50,VEHICLEBASED,TNorte 2,true,10068,false,1.3,false,true,true,true,0,0,0,3,true,1,LINESTRING EMPTY
10069,60,false,0,1,ALL,65,5,true,0,false,false,,1,true,10,200,false,true,500,0,50,VEHICLEBASED,TNorte 3,true,10069,false,1.3,false,true,true,true,0,0,0,3,true,1,LINESTRING EMPTY
10070,60,false,0,1,ALL,64,5,true,0,false,false,,1,true,10,200,false,true,500,0,50,VEHICLEBASED,TNorte 2,true,10070,false,1.3,false,true,true,true,0,0,0,3,true,1,LINESTRING EMPTY
10071,60,false,0,1,ALL,64,5,true,0,false,false,,1,true,10,200,false,true,500,0,50,VEHICLEBASED,TNorte 2,true,10071,false,1.3,false,true,true,true,0,0,0,3,true,1,LINESTRING EMPTY
10072,60,false,0,1,ALL,64,5,true,0,false,false,,1,true,10,200,false,true,500,0,50,VEHICLEBASED,TNorte 2,true,10072,false,1.3,false,true,true,true,0,0,0,3,true,1,LINESTRING EMPTY
10073,60,false,0,1,ALL,64,5,true,0,false,false,,1,true,10,200,false,true,500,0,50,VEHICLEBASED,TNorte 2,true,10073,false,1.3,false,true,true,true,0,0,0,3,true,1,LINESTRING EMPTY
10074,60,false,0,1,ALL,64,5,true,0,false,false,,1,true,10,200,false,true,500,0,50,VEHICLEBASED,TNorte 2,true,10074,false,1.3,false,true,true,true,0,0,0,3,true,1,LINESTRING EMPTY
10075,60,false,0,1,ALL,75,5,true,0,false,false,,1,true,10,200,false,true,500,0,50,VEHICLEBASED,TGS 13,true,10075,false,1.3,false,true,true,true,0,0,0,3,true,1,LINESTRING EMPTY
10076,60,false,0,1,ALL,73,5,true,0,false,false,,1,true,10,200,false,true,500,0,50,VEHICLEBASED,TGS 11,true,10076,false,1.3,false,true,true,true,0,0,0,3,true,1,LINESTRING EMPTY
10077,60,false,0,1,ALL,74,5,true,0,false,false,,1,true,10,200,false,true,500,0,50,VEHICLEBASED,TGS 12,true,10077,false,1.3,false,true,true,true,0,0,0,3,true,1,LINESTRING EMPTY
10078,60,false,0,1,ALL,74,5,true,0,false,false,,1,true,10,200,false,true,500,0,50,VEHICLEBASED,TGS 12,true,10078,false,1.3,false,true,true,true,0,0,0,3,true,1,LINESTRING EMPTY
10079,60,false,0,1,ALL,74,5,true,0,false,false,,1,true,10,200,false,true,500,0,50,VEHICLEBASED,TGS 12,true,10079,false,1.3,false,true,true,true,0,0,0,3,true,1,LINESTRING EMPTY
10080,60,false,0,1,ALL,73,5,true,0,false,false,,1,true,10,200,false,true,500,0,50,VEHICLEBASED,TGS 11,true,10080,false,1.3,false,true,true,true,0,0,0,3,true,1,LINESTRING EMPTY
10081,60,false,0,1,ALL,77,5,true,0,false,false,,1,true,10,200,false,true,500,0,50,VEHICLEBASED,TGS Entry/Exit,true,10081,false,1.3,false,true,true,true,0,0,0,3,true,1,LINESTRING EMPTY
10082,60,false,0,1,ALL,76,5,true,0,false,false,,1,true,10,200,false,true,500,0,50,VEHICLEBASED,TGS Circular,true,10082,false,1.3,false,true,true,true,0,0,0,3,true,1,LINESTRING EMPTY
10083,60,false,0,1,ALL,76,5,true,0,false,false,,1,true,10,200,false,true,500,0,50,VEHICLEBASED,TGS Circular,true,10083,false,1.3,false,true,true,true,0,0,0,3,true,1,LINESTRING EMPTY
10084,60,false,0,1,ALL,76,5,true,0,false,false,,1,true,10,200,false,true,500,0,50,VEHICLEBASED,TGS Circular,true,10084,false,1.3,false,true,true,true,0,0,0,3,true,1,LINESTRING EMPTY
10085,60,false,0,1,ALL,76,5,true,0,false,false,,1,true,10,200,false,true,500,0,50,VEHICLEBASED,TGS Circular,true,10085,false,1.3,false,true,true,true,0,0,0,3,true,1,LINESTRING EMPTY
10086,60,false,0,1,ALL,76,5,true,0,false,false,,1,true,10,200,false,true,500,0,50,VEHICLEBASED,TGS Circular,true,10086,false,1.3,false,true,true,true,0,0,0,3,true,1,LINESTRING EMPTY
10087,60,false,0,1,ALL,77,5,true,0,false,false,,1,true,10,200,false,true,500,0,50,VEHICLEBASED,TGS Entry/Exit,true,10087,false,1.3,false,true,true,true,0,0,0,3,true,1,LINESTRING EMPTY
10088,60,false,0,1,ALL,76,5,true,0,false,false,,1,true,10,200,false,true,500,0,50,VEHICLEBASED,TGS Circular,true,10088,false,1.3,false,true,true,true,0,0,0,3,true,1,LINESTRING EMPTY
10089,60,false,0,1,ALL,72,5,true,0,false,false,,1,true,10,200,false,true,500,0,50,VEHICLEBASED,TGS 10,true,10089,false,1.3,false,true,true,true,0,0,0,3,true,1,LINESTRING EMPTY
10090,60,false,0,1,ALL,72,5,true,0,false,false,,1,true,10,200,false,true,500,0,50,VEHICLEBASED,TGS 10,true,10090,false,1.3,false,true,true,true,0,0,0,3,true,1,LINESTRING EMPTY
10091,60,false,0,1,ALL,73,5,true,0,false,false,,1,true,10,200,false,true,500,0,50,VEHICLEBASED,TGS 11,true,10091,false,1.3,false,true,true,true,0,0,0,3,true,1,LINESTRING EMPTY
10092,60,false,0,1,ALL,73,5,true,0,false,false,,1,true,10,200,false,true,500,0,50,VEHICLEBASED,TGS 11,true,10092,false,1.3,false,true,true,true,0,0,0,3,true,1,LINESTRING EMPTY
10093,60,false,0,1,ALL,76,5,true,0,false,false,,1,true,10,200,false,true,500,0,50,VEHICLEBASED,TGS Circular,true,10093,false,1.3,false,true,true,true,0,0,0,3,true,1,LINESTRING EMPTY
10094,60,false,0,1,ALL,86,5,true,0,false,false,,1,true,10,200,false,true,500,0,50,VEHICLEBASED,TGL 1,true,10094,false,1.3,false,true,true,true,0,0,0,3,true,1,LINESTRING EMPTY
10095,60,false,0,1,ALL,86,5,true,0,false,false,,1,true,10,200,false,true,500,0,50,VEHICLEBASED,TGL 1,true,10095,false,1.3,false,true,true,true,0,0,0,3,true,1,LINESTRING EMPTY
10096,60,false,0,1,ALL,74,5,true,0,false,false,,1,true,10,200,false,true,500,0,50,VEHICLEBASED,TGS 12,true,10096,false,1.3,false,true,true,true,0,0,0,3,true,1,LINESTRING EMPTY
10097,60,false,0,1,ALL,87,5,true,0,false,false,,1,true,10,200,false,true,500,0,50,VEHICLEBASED,TGL 2,true,10097,false,1.3,false,true,true,true,0,0,0,3,true,1,LINESTRING EMPTY
10098,60,false,0,1,ALL,73,5,true,0,false,false,,1,true,10,200,false,true,500,0,50,VEHICLEBASED,TGS 11,true,10098,false,1.3,false,true,true,true,0,0,0,3,true,1,LINESTRING EMPTY
10099,60,false,0,1,ALL,73,5,true,0,false,false,,1,true,10,200,false,true,500,0,50,VEHICLEBASED,TGS 11,true,10099,false,1.3,false,true,true,true,0,0,0,3,true,1,LINESTRING EMPTY
10100,60,false,0,1,ALL,73,5,true,0,false,false,,1,true,10,200,false,true,500,0,50,VEHICLEBASED,TGS 11,true,10100,false,1.3,false,true,true,true,0,0,0,3,true,1,LINESTRING EMPTY
10101,60,false,0,1,ALL,73,5,true,0,false,false,,1,true,10,200,false,true,500,0,50,VEHICLEBASED,TGS 11,true,10101,false,1.3,false,true,true,true,0,0,0,3,true,1,LINESTRING EMPTY
10102,60,false,0,1,ALL,75,5,true,0,false,false,,1,true,10,200,false,true,500,0,50,VEHICLEBASED,TGS 13,true,10102,false,1.3,false,true,true,true,0,0,0,3,true,1,LINESTRING EMPTY
10103,60,false,0,1,ALL,77,5,true,0,false,false,,1,true,10,200,false,true,500,0,50,VEHICLEBASED,TGS Entry/Exit,true,10103,false,1.3,false,true,true,true,0,0,0,3,true,1,LINESTRING EMPTY
10104,60,false,0,1,ALL,87,5,true,0,false,false,,1,true,10,200,false,true,500,0,50,VEHICLEBASED,TGL 2,true,10104,false,1.3,false,true,true,true,0,0,0,3,true,1,LINESTRING EMPTY
10105,60,false,0,1,ALL,75,5,true,0,false,false,,1,true,10,200,false,true,500,0,50,VEHICLEBASED,TGS 13,true,10105,false,1.3,false,true,true,true,0,0,0,3,true,1,LINESTRING EMPTY
10106,60,false,0,1,ALL,88,5,true,0,false,false,,1,true,10,200,false,true,500,0,50,VEHICLEBASED,TGL 3,true,10106,false,1.3,false,true,true,true,0,0,0,3,true,1,LINESTRING EMPTY
10107,60,false,0,1,ALL,88,5,true,0,false,false,,1,true,10,200,false,true,500,0,50,VEHICLEBASED,TGL 3,true,10107,false,1.3,false,true,true,true,0,0,0,3,true,1,LINESTRING EMPTY
10108,60,false,0,1,ALL,75,5,true,0,false,false,,1,true,10,200,false,true,500,0,50,VEHICLEBASED,TGS 13,true,10108,false,1.3,false,true,true,true,0,0,0,3,true,1,LINESTRING EMPTY
10109,60,false,0,1,ALL,75,5,true,0,false,false,,1,true,10,200,false,true,500,0,50,VEHICLEBASED,TGS 13,true,10109,false,1.3,false,true,true,true,0,0,0,3,true,1,LINESTRING EMPTY
10110,60,false,0,1,ALL,75,5,true,0,false,false,,1,true,10,200,false,true,500,0,50,VEHICLEBASED,TGS 13,true,10110,false,1.3,false,true,true,true,0,0,0,3,true,1,LINESTRING EMPTY
10111,60,false,0,1,ALL,75,5,true,0,false,false,,1,true,10,200,false,true,500,0,50,VEHICLEBASED,TGS 13,true,10111,false,1.3,false,true,true,true,0,0,0,3,true,1,LINESTRING EMPTY
10112,60,false,0,1,ALL,75,5,true,0,false,false,,1,true,10,200,false,true,500,0,50,VEHICLEBASED,TGS 13,true,10112,false,1.3,false,true,true,true,0,0,0,3,true,1,LINESTRING EMPTY
10113,60,false,0,1,ALL,89,5,true,0,false,false,,1,true,10,200,false,true,500,0,50,VEHICLEBASED,TGL 4,true,10113,false,1.3,false,true,true,true,0,0,0,3,true,1,LINESTRING EMPTY
10114,60,false,0,1,ALL,75,5,true,0,false,false,,1,true,10,200,false,true,500,0,50,VEHICLEBASED,TGS 13,true,10114,false,1.3,false,true,true,true,0,0,0,3,true,1,LINESTRING EMPTY
10115,60,false,0,1,ALL,75,5,true,0,false,false,,1,true,10,200,false,true,500,0,50,VEHICLEBASED,TGS 13,true,10115,false,1.3,false,true,true,true,0,0,0,3,true,1,LINESTRING EMPTY
10116,60,false,0,1,ALL,77,5,true,0,false,false,,1,true,10,200,false,true,500,0,50,VEHICLEBASED,TGS Entry/Exit,true,10116,false,1.3,false,true,true,true,0,0,0,3,true,1,LINESTRING EMPTY
10117,60,false,0,1,ALL,75,5,true,0,false,false,,1,true,10,200,false,true,500,0,50,VEHICLEBASED,TGS 13,true,10117,false,1.3,false,true,true,true,0,0,0,3,true,1,LINESTRING EMPTY
10118,60,false,0,1,ALL,75,5,true,0,false,false,,1,true,10,200,false,true,500,0,50,VEHICLEBASED,TGS 13,true,10118,false,1.3,false,true,true,true,0,0,0,3,true,1,LINESTRING EMPTY
10119,60,false,0,1,ALL,87,5,true,0,false,false,,1,true,10,200,false,true,500,0,50,VEHICLEBASED,TGL 2,true,10119,false,1.3,false,true,true,true,0,0,0,3,true,1,LINESTRING EMPTY
10120,60,false,0,1,ALL,87,5,true,0,false,false,,1,true,10,200,false,true,500,0,50,VEHICLEBASED,TGL 2,true,10120,false,1.3,false,true,true,true,0,0,0,3,true,1,LINESTRING EMPTY
10121,60,false,0,1,ALL,86,5,true,0,false,false,,1,true,10,200,false,true,500,0,50,VEHICLEBASED,TGL 1,true,10121,false,1.3,false,true,true,true,0,0,0,3,true,1,LINESTRING EMPTY
10122,60,false,0,1,ALL,86,5,true,0,false,false,,1,true,10,200,false,true,500,0,50,VEHICLEBASED,TGL 1,true,10122,false,1.3,false,true,true,true,0,0,0,3,true,1,LINESTRING EMPTY
10123,60,false,0,1,ALL,86,5,true,0,false,false,,1,true,10,200,false,true,500,0,50,VEHICLEBASED,TGL 1,true,10123,false,1.3,false,true,true,true,0,0,0,3,true,1,LINESTRING EMPTY
10124,60,false,0,1,ALL,86,5,true,0,false,false,,1,true,10,200,false,true,500,0,50,VEHICLEBASED,TGL 1,true,10124,false,1.3,false,true,true,true,0,0,0,3,true,1,LINESTRING EMPTY
10125,60,false,0,1,ALL,86,5,true,0,false,false,,1,true,10,200,false,true,500,0,50,VEHICLEBASED,TGL 1,true,10125,false,1.3,false,true,true,true,0,0,0,3,true,1,LINESTRING EMPTY
10126,60,false,0,1,ALL,86,5,true,0,false,false,,1,true,10,200,false,true,500,0,50,VEHICLEBASED,TGL 1,true,10126,false,1.3,false,true,true,true,0,0,0,3,true,1,LINESTRING EMPTY
10127,60,false,0,1,ALL,86,5,true,0,false,false,,1,true,10,200,false,true,500,0,50,VEHICLEBASED,TGL 1,true,10127,false,1.3,false,true,true,true,0,0,0,3,true,1,LINESTRING EMPTY
10128,60,false,0,1,ALL,86,5,true,0,false,false,,1,true,10,200,false,true,500,0,50,VEHICLEBASED,TGL 1,true,10128,false,1.3,false,true,true,true,0,0,0,3,true,1,LINESTRING EMPTY
10129,60,false,0,1,ALL,86,5,true,0,false,false,,1,true,10,200,false,true,500,0,50,VEHICLEBASED,TGL 1,true,10129,false,1.3,false,true,true,true,0,0,0,3,true,1,LINESTRING EMPTY
10130,60,false,0,1,ALL,86,5,true,0,false,false,,1,true,10,200,false,true,500,0,50,VEHICLEBASED,TGL 1,true,10130,false,1.3,false,true,true,true,0,0,0,3,true,1,LINESTRING EMPTY
10131,60,false,0,1,ALL,86,5,true,0,false,false,,1,true,10,200,false,true,500,0,50,VEHICLEBASED,TGL 1,true,10131,false,1.3,false,true,true,true,0,0,0,3,true,1,LINESTRING EMPTY
10132,60,false,0,1,ALL,86,5,true,0,false,false,,1,true,10,200,false,true,500,0,50,VEHICLEBASED,TGL 1,true,10132,false,1.3,false,true,true,true,0,0,0,3,true,1,LINESTRING EMPTY
10133,60,false,0,1,ALL,86,5,true,0,false,false,,1,true,10,200,false,true,500,0,50,VEHICLEBASED,TGL 1,true,10133,false,1.3,false,true,true,true,0,0,0,3,true,1,LINESTRING EMPTY
10134,60,false,0,1,ALL,87,5,true,0,false,false,,1,true,10,200,false,true,500,0,50,VEHICLEBASED,TGL 2,true,10134,false,1.3,false,true,true,true,0,0,0,3,true,1,LINESTRING EMPTY
10135,60,false,0,1,ALL,88,5,true,0,false,false,,1,true,10,200,false,true,500,0,50,VEHICLEBASED,TGL 3,true,10135,false,1.3,false,true,true,true,0,0,0,3,true,1,LINESTRING EMPTY
10136,60,false,0,1,ALL,1,5,true,0,false,false,,1,true,10,200,false,true,500,0,50,VEHICLEBASED,,true,10136,false,1.3,false,true,true,true,0,0,0,3,true,1,LINESTRING EMPTY
10137,60,false,0,1,ALL,1,5,true,0,false,false,,1,true,10,200,false,true,500,0,50,VEHICLEBASED,,true,10137,false,1.3,false,true,true,true,0,0,0,3,true,1,LINESTRING EMPTY
10138,60,false,0,1,ALL,69,5,true,0,false,false,,1,true,10,200,false,true,500,0,50,VEHICLEBASED,TNorte 7,true,10138,false,1.3,false,true,true,true,0,0,0,3,true,1,LINESTRING EMPTY
10139,60,false,0,1,ALL,77,5,true,0,false,false,,1,true,10,200,false,true,500,0,50,VEHICLEBASED,TGS Entry/Exit,true,10139,false,1.3,false,true,true,true,0,0,0,3,true,1,LINESTRING EMPTY
10140,60,false,0,1,ALL,79,5,true,0,false,false,,1,true,10,200,false,true,500,0,50,VEHICLEBASED,External Road Ferry,true,10140,false,1.3,false,true,true,true,0,0,0,3,true,1,LINESTRING EMPTY
10141,60,false,0,1,ALL,61,5,true,0,false,false,,3,true,10,200,false,true,500,0,50,VEHICLEBASED,Port Water Channel,true,10141,false,1.3,false,true,true,true,0,0,0,3,true,1,LINESTRING EMPTY
10142,60,false,0,1,ALL,80,5,true,0,false,false,,1,true,10,200,false,true,500,0,50,VEHICLEBASED,TNorte Entry/Exit,true,10142,false,1.3,false,true,true,true,0,0,0,3,true,1,LINESTRING EMPTY
10143,60,false,0,1,ALL,1,5,true,0,false,false,,1,true,10,200,false,true,500,0,50,VEHICLEBASED,,true,10143,false,1.3,false,true,true,true,0,0,0,3,true,1,LINESTRING EMPTY
10144,60,false,0,1,ALL,86,5,true,0,false,false,,1,true,10,200,false,true,500,0,50,VEHICLEBASED,TGL 1,true,10144,false,1.3,false,true,true,true,0,0,0,3,true,1,LINESTRING EMPTY
10145,60,false,0,1,ALL,86,5,true,0,false,false,,1,true,10,200,false,true,500,0,50,VEHICLEBASED,TGL 1,true,10145,false,1.3,false,true,true,true,0,0,0,3,true,1,LINESTRING EMPTY
10146,60,false,0,1,ALL,1,5,true,0,false,false,,1,true,10,200,false,true,500,0,50,VEHICLEBASED,,true,10146,false,1.3,false,true,true,true,0,0,0,3,true,1,LINESTRING EMPTY
10147,60,false,0,1,ALL,86,5,true,0,false,false,,1,true,10,200,false,true,500,0,50,VEHICLEBASED,TGL 1,true,10147,false,1.3,false,true,true,true,0,0,0,3,true,1,LINESTRING EMPTY
10148,60,false,0,1,ALL,86,5,true,0,false,false,,1,true,10,200,false,true,500,0,50,VEHICLEBASED,TGL 1,true,10148,false,1.3,false,true,true,true,0,0,0,3,true,1,LINESTRING EMPTY
10149,60,false,0,1,ALL,87,5,true,0,false,false,,1,true,10,200,false,true,500,0,50,VEHICLEBASED,TGL 2,true,10149,false,1.3,false,true,true,true,0,0,0,3,true,1,LINESTRING EMPTY
10150,60,false,0,1,ALL,87,5,true,0,false,false,,1,true,10,200,false,true,500,0,50,VEHICLEBASED,TGL 2,true,10150,false,1.3,false,true,true,true,0,0,0,3,true,1,LINESTRING EMPTY
10151,60,false,0,1,ALL,89,5,true,0,false,false,,1,true,10,200,false,true,500,0,50,VEHICLEBASED,TGL 4,true,10151,false,1.3,false,true,true,true,0,0,0,3,true,1,LINESTRING EMPTY
10152,60,false,0,1,ALL,89,5,true,0,false,false,,1,true,10,200,false,true,500,0,50,VEHICLEBASED,TGL 4,true,10152,false,1.3,false,true,true,true,0,0,0,3,true,1,LINESTRING EMPTY
10153,60,false,0,1,ALL,89,5,true,0,false,false,,1,true,10,200,false,true,500,0,50,VEHICLEBASED,TGL 4,true,10153,false,1.3,false,true,true,true,0,0,0,3,true,1,LINESTRING EMPTY
10154,60,false,0,1,ALL,89,5,true,0,false,false,,1,true,10,200,false,true,500,0,50,VEHICLEBASED,TGL 4,true,10154,false,1.3,false,true,true,true,0,0,0,3,true,1,LINESTRING EMPTY
10155,60,false,0,1,ALL,89,5,true,0,false,false,,1,true,10,200,false,true,500,0,50,VEHICLEBASED,TGL 4,true,10155,false,1.3,false,true,true,true,0,0,0,3,true,1,LINESTRING EMPTY
10156,60,false,0,1,ALL,89,5,true,0,false,false,,1,true,10,200,false,true,500,0,50,VEHICLEBASED,TGL 4,true,10156,false,1.3,false,true,true,true,0,0,0,3,true,1,LINESTRING EMPTY
10157,60,false,0,1,ALL,89,5,true,0,false,false,,1,true,10,200,false,true,500,0,50,VEHICLEBASED,TGL 4,true,10157,false,1.3,false,true,true,true,0,0,0,3,true,1,LINESTRING EMPTY
10158,60,false,0,1,ALL,89,5,true,0,false,false,,1,true,10,200,false,true,500,0,50,VEHICLEBASED,TGL 4,true,10158,false,1.3,false,true,true,true,0,0,0,3,true,1,LINESTRING EMPTY
10159,60,false,0,1,ALL,89,5,true,0,false,false,,1,true,10,200,false,true,500,0,50,VEHICLEBASED,TGL 4,true,10159,false,1.3,false,true,true,true,0,0,0,3,true,1,LINESTRING EMPTY
10160,60,false,0,1,ALL,89,5,true,0,false,false,,1,true,10,200,false,true,500,0,50,VEHICLEBASED,TGL 4,true,10160,false,1.3,false,true,true,true,0,0,0,3,true,1,LINESTRING EMPTY
10161,60,false,0,1,ALL,89,5,true,0,false,false,,1,true,10,200,false,true,500,0,50,VEHICLEBASED,TGL 4,true,10161,false,1.3,false,true,true,true,0,0,0,3,true,1,LINESTRING EMPTY
10162,60,false,0,1,ALL,89,5,true,0,false,false,,1,true,10,200,false,true,500,0,50,VEHICLEBASED,TGL 4,true,10162,false,1.3,false,true,true,true,0,0,0,3,true,1,LINESTRING EMPTY
10163,60,false,0,1,ALL,89,5,true,0,false,false,,1,true,10,200,false,true,500,0,50,VEHICLEBASED,TGL 4,true,10163,false,1.3,false,true,true,true,0,0,0,3,true,1,LINESTRING EMPTY
10164,60,false,0,1,ALL,89,5,true,0,false,false,,1,true,10,200,false,true,500,0,50,VEHICLEBASED,TGL 4,true,10164,false,1.3,false,true,true,true,0,0,0,3,true,1,LINESTRING EMPTY
10165,60,false,0,1,ALL,89,5,true,0,false,false,,1,true,10,200,false,true,500,0,50,VEHICLEBASED,TGL 4,true,10165,false,1.3,false,true,true,true,0,0,0,3,true,1,LINESTRING EMPTY
10166,60,false,0,1,ALL,89,5,true,0,false,false,,1,true,10,200,false,true,500,0,50,VEHICLEBASED,TGL 4,true,10166,false,1.3,false,true,true,true,0,0,0,3,true,1,LINESTRING EMPTY
10167,60,false,0,1,ALL,89,5,true,0,false,false,,1,true,10,200,false,true,500,0,50,VEHICLEBASED,TGL 4,true,10167,false,1.3,false,true,true,true,0,0,0,3,true,1,LINESTRING EMPTY
10168,60,false,0,1,ALL,89,5,true,0,false,false,,1,true,10,200,false,true,500,0,50,VEHICLEBASED,TGL 4,true,10168,false,1.3,false,true,true,true,0,0,0,3,true,1,LINESTRING EMPTY
10169,60,false,0,1,ALL,63,5,true,0,false,false,,1,true,10,200,false,true,500,0,50,VEHICLEBASED,TNorte 1,true,10169,false,1.3,false,true,true,true,0,0,0,3,true,1,LINESTRING EMPTY
10170,60,false,0,1,ALL,89,5,true,0,false,false,,1,true,10,200,false,true,500,0,50,VEHICLEBASED,TGL 4,true,10170,false,1.3,false,true,true,true,0,0,0,3,true,1,LINESTRING EMPTY
10171,60,false,0,1,ALL,80,5,true,0,false,false,,1,true,10,200,false,true,500,0,50,VEHICLEBASED,TNorte Entry/Exit,true,10171,false,1.3,false,true,true,true,0,0,0,3,true,1,LINESTRING EMPTY
10172,60,false,0,1,ALL,89,5,true,0,false,false,,1,true,10,200,false,true,500,0,50,VEHICLEBASED,TGL 4,true,10172,false,1.3,false,true,true,true,0,0,0,3,true,1,LINESTRING EMPTY
10173,60,false,0,1,ALL,89,5,true,0,false,false,,1,true,10,200,false,true,500,0,50,VEHICLEBASED,TGL 4,true,10173,false,1.3,false,true,true,true,0,0,0,3,true,1,LINESTRING EMPTY
10174,60,false,0,1,ALL,89,5,true,0,false,false,,1,true,10,200,false,true,500,0,50,VEHICLEBASED,TGL 4,true,10174,false,1.3,false,true,true,true,0,0,0,3,true,1,LINESTRING EMPTY
10175,60,false,0,1,ALL,89,5,true,0,false,false,,1,true,10,200,false,true,500,0,50,VEHICLEBASED,TGL 4,true,10175,false,1.3,false,true,true,true,0,0,0,3,true,1,LINESTRING EMPTY
10176,60,false,0,1,ALL,89,5,true,0,false,false,,1,true,10,200,false,true,500,0,50,VEHICLEBASED,TGL 4,true,10176,false,1.3,false,true,true,true,0,0,0,3,true,1,LINESTRING EMPTY
10177,60,false,0,1,ALL,89,5,true,0,false,false,,1,true,10,200,false,true,500,0,50,VEHICLEBASED,TGL 4,true,10177,false,1.3,false,true,true,true,0,0,0,3,true,1,LINESTRING EMPTY
10178,60,false,0,1,ALL,89,5,true,0,false,false,,1,true,10,200,false,true,500,0,50,VEHICLEBASED,TGL 4,true,10178,false,1.3,false,true,true,true,0,0,0,3,true,1,LINESTRING EMPTY
10179,60,false,0,1,ALL,89,5,true,0,false,false,,1,true,10,200,false,true,500,0,50,VEHICLEBASED,TGL 4,true,10179,false,1.3,false,true,true,true,0,0,0,3,true,1,LINESTRING EMPTY
10180,60,false,0,1,ALL,89,5,true,0,false,false,,1,true,10,200,false,true,500,0,50,VEHICLEBASED,TGL 4,true,10180,false,1.3,false,true,true,true,0,0,0,3,true,1,LINESTRING EMPTY
10181,60,false,0,1,ALL,89,5,true,0,false,false,,1,true,10,200,false,true,500,0,50,VEHICLEBASED,TGL 4,true,10181,false,1.3,false,true,true,true,0,0,0,3,true,1,LINESTRING EMPTY
10182,60,false,0,1,ALL,89,5,true,0,false,false,,1,true,10,200,false,true,500,0,50,VEHICLEBASED,TGL 4,true,10182,false,1.3,false,true,true,true,0,0,0,3,true,1,LINESTRING EMPTY
10183,60,false,0,1,ALL,89,5,true,0,false,false,,1,true,10,200,false,true,500,0,50,VEHICLEBASED,TGL 4,true,10183,false,1.3,false,true,true,true,0,0,0,3,true,1,LINESTRING EMPTY
10184,60,false,0,1,ALL,87,5,true,0,false,false,,1,true,10,200,false,true,500,0,50,VEHICLEBASED,TGL 2,true,10184,false,1.3,false,true,true,true,0,0,0,3,true,1,LINESTRING EMPTY
10185,60,false,0,1,ALL,87,5,true,0,false,false,,1,true,10,200,false,true,500,0,50,VEHICLEBASED,TGL 2,true,10185,false,1.3,false,true,true,true,0,0,0,3,true,1,LINESTRING EMPTY
10186,60,false,0,1,ALL,88,5,true,0,false,false,,1,true,10,200,false,true,500,0,50,VEHICLEBASED,TGL 3,true,10186,false,1.3,false,true,true,true,0,0,0,3,true,1,LINESTRING EMPTY
10187,60,false,0,1,ALL,88,5,true,0,false,false,,1,true,10,200,false,true,500,0,50,VEHICLEBASED,TGL 3,true,10187,false,1.3,false,true,true,true,0,0,0,3,true,1,LINESTRING EMPTY
10188,60,false,0,1,ALL,1,5,true,0,false,false,,1,true,10,200,false,true,500,0,50,VEHICLEBASED,,true,10188,false,1.3,false,true,true,true,0,0,0,3,true,1,LINESTRING EMPTY
10189,60,false,0,1,ALL,1,5,true,0,false,false,,1,true,10,200,false,true,500,0,50,VEHICLEBASED,,true,10189,false,1.3,false,true,true,true,0,0,0,3,true,1,LINESTRING EMPTY
10190,60,false,0,1,ALL,80,5,true,0,false,false,,1,true,10,200,false,true,500,0,50,VEHICLEBASED,TNorte Entry/Exit,true,10190,false,1.3,false,true,true,true,0,0,0,3,true,1,LINESTRING EMPTY
10191,60,false,0,1,ALL,63,5,true,0,false,false,,1,true,10,200,false,true,500,0,50,VEHICLEBASED,TNorte 1,true,10191,false,1.3,false,true,true,true,0,0,0,3,true,1,LINESTRING EMPTY
10192,60,false,0,1,ALL,77,5,true,0,false,false,,1,true,10,200,false,true,500,0,50,VEHICLEBASED,TGS Entry/Exit,true,10192,false,1.3,false,true,true,true,0,0,0,3,true,1,LINESTRING EMPTY
10193,60,false,0,1,ALL,77,5,true,0,false,false,,1,true,10,200,false,true,500,0,50,VEHICLEBASED,TGS Entry/Exit,true,10193,false,1.3,false,true,true,true,0,0,0,3,true,1,LINESTRING EMPTY
10194,60,false,0,1,ALL,88,5,true,0,false,false,,1,true,10,200,false,true,500,0,50,VEHICLEBASED,TGL 3,true,10194,false,1.3,false,true,true,true,0,0,0,3,true,1,LINESTRING EMPTY
10195,60,false,0,1,ALL,88,5,true,0,false,false,,1,true,10,200,false,true,500,0,50,VEHICLEBASED,TGL 3,true,10195,false,1.3,false,true,true,true,0,0,0,3,true,1,LINESTRING EMPTY
10196,60,false,0,1,ALL,61,5,true,0,false,false,,3,true,10,200,false,true,500,0,50,VEHICLEBASED,Port Water Channel,true,10196,false,1.3,false,true,true,true,0,0,0,3,true,1,LINESTRING EMPTY
10197,60,false,0,1,ALL,77,5,true,0,false,false,,1,true,10,200,false,true,500,0,50,VEHICLEBASED,TGS Entry/Exit,true,10197,false,1.3,false,true,true,true,0,0,0,3,true,1,LINESTRING EMPTY
10198,60,false,0,1,ALL,88,5,true,0,false,false,,1,true,10,200,false,true,500,0,50,VEHICLEBASED,TGL 3,true,10198,false,1.3,false,true,true,true,0,0,0,3,true,1,LINESTRING EMPTY
10199,60,false,0,1,ALL,88,5,true,0,false,false,,1,true,10,200,false,true,500,0,50,VEHICLEBASED,TGL 3,true,10199,false,1.3,false,true,true,true,0,0,0,3,true,1,LINESTRING EMPTY
10200,60,false,0,1,ALL,88,5,true,0,false,false,,1,true,10,200,false,true,500,0,50,VEHICLEBASED,TGL 3,true,10200,false,1.3,false,true,true,true,0,0,0,3,true,1,LINESTRING EMPTY
10201,60,false,0,1,ALL,88,5,true,0,false,false,,1,true,10,200,false,true,500,0,50,VEHICLEBASED,TGL 3,true,10201,false,1.3,false,true,true,true,0,0,0,3,true,1,LINESTRING EMPTY
10202,60,false,0,1,ALL,88,5,true,0,false,false,,1,true,10,200,false,true,500,0,50,VEHICLEBASED,TGL 3,true,10202,false,1.3,false,true,true,true,0,0,0,3,true,1,LINESTRING EMPTY
10203,60,false,0,1,ALL,88,5,true,0,false,false,,1,true,10,200,false,true,500,0,50,VEHICLEBASED,TGL 3,true,10203,false,1.3,false,true,true,true,0,0,0,3,true,1,LINESTRING EMPTY
10204,60,false,0,1,ALL,88,5,true,0,false,false,,1,true,10,200,false,true,500,0,50,VEHICLEBASED,TGL 3,true,10204,false,1.3,false,true,true,true,0,0,0,3,true,1,LINESTRING EMPTY
10205,60,false,0,1,ALL,88,5,true,0,false,false,,1,true,10,200,false,true,500,0,50,VEHICLEBASED,TGL 3,true,10205,false,1.3,false,true,true,true,0,0,0,3,true,1,LINESTRING EMPTY
10206,60,false,0,1,ALL,88,5,true,0,false,false,,1,true,10,200,false,true,500,0,50,VEHICLEBASED,TGL 3,true,10206,false,1.3,false,true,true,true,0,0,0,3,true,1,LINESTRING EMPTY
10207,60,false,0,1,ALL,78,5,true,0,false,false,,1,true,10,200,false,true,500,0,50,VEHICLEBASED,TGS External Road,true,10207,false,1.3,false,true,true,true,0,0,0,3,true,1,LINESTRING EMPTY
10208,60,false,0,1,ALL,78,5,true,0,false,false,,1,true,10,200,false,true,500,0,50,VEHICLEBASED,TGS External Road,true,10208,false,1.3,false,true,true,true,0,0,0,3,true,1,LINESTRING EMPTY
10209,60,false,0,1,ALL,1,5,true,0,false,false,,1,true,10,200,false,true,500,0,50,VEHICLEBASED,,true,10209,false,1.3,false,true,true,true,0,0,0,3,true,1,LINESTRING EMPTY
10210,60,false,0,1,ALL,1,5,true,0,false,false,,1,true,10,200,false,true,500,0,50,VEHICLEBASED,,true,10210,false,1.3,false,true,true,true,0,0,0,3,true,1,LINESTRING EMPTY
10211,60,false,0,1,ALL,88,5,true,0,false,false,,1,true,10,200,false,true,500,0,50,VEHICLEBASED,TGL 3,true,10211,false,1.3,false,true,true,true,0,0,0,3,true,1,LINESTRING EMPTY
10212,60,false,0,1,ALL,88,5,true,0,false,false,,1,true,10,200,false,true,500,0,50,VEHICLEBASED,TGL 3,true,10212,false,1.3,false,true,true,true,0,0,0,3,true,1,LINESTRING EMPTY
10213,60,false,0,1,ALL,88,5,true,0,false,false,,1,true,10,200,false,true,500,0,50,VEHICLEBASED,TGL 3,true,10213,false,1.3,false,true,true,true,0,0,0,3,true,1,LINESTRING EMPTY
10214,60,false,0,1,ALL,88,5,true,0,false,false,,1,true,10,200,false,true,500,0,50,VEHICLEBASED,TGL 3,true,10214,false,1.3,false,true,true,true,0,0,0,3,true,1,LINESTRING EMPTY
10215,60,false,0,1,ALL,88,5,true,0,false,false,,1,true,10,200,false,true,500,0,50,VEHICLEBASED,TGL 3,true,10215,false,1.3,false,true,true,true,0,0,0,3,true,1,LINESTRING EMPTY
10216,60,false,0,1,ALL,88,5,true,0,false,false,,1,true,10,200,false,true,500,0,50,VEHICLEBASED,TGL 3,true,10216,false,1.3,false,true,true,true,0,0,0,3,true,1,LINESTRING EMPTY
10217,60,false,0,1,ALL,88,5,true,0,false,false,,1,true,10,200,false,true,500,0,50,VEHICLEBASED,TGL 3,true,10217,false,1.3,false,true,true,true,0,0,0,3,true,1,LINESTRING EMPTY
10218,60,false,0,1,ALL,87,5,true,0,false,false,,1,true,10,200,false,true,500,0,50,VEHICLEBASED,TGL 2,true,10218,false,1.3,false,true,true,true,0,0,0,3,true,1,LINESTRING EMPTY
10219,60,false,0,1,ALL,1,5,true,0,false,false,,1,true,10,200,false,true,500,0,50,VEHICLEBASED,,true,10219,false,1.3,false,true,true,true,0,0,0,3,true,1,LINESTRING EMPTY
10220,60,false,0,1,ALL,1,5,true,0,false,false,,1,true,10,200,false,true,500,0,50,VEHICLEBASED,,true,10220,false,1.3,false,true,true,true,0,0,0,3,true,1,LINESTRING EMPTY
10221,60,false,0,1,ALL,1,5,true,0,false,false,,1,true,10,200,false,true,500,0,50,VEHICLEBASED,,true,10221,false,1.3,false,true,true,true,0,0,0,3,true,1,LINESTRING EMPTY
10222,60,false,0,1,ALL,88,5,true,0,false,false,,1,true,10,200,false,true,500,0,50,VEHICLEBASED,TGL 3,true,10222,false,1.3,false,true,true,true,0,0,0,3,true,1,LINESTRING EMPTY
10223,60,false,0,1,ALL,88,5,true,0,false,false,,1,true,10,200,false,true,500,0,50,VEHICLEBASED,TGL 3,true,10223,false,1.3,false,true,true,true,0,0,0,3,true,1,LINESTRING EMPTY
10224,60,false,0,1,ALL,88,5,true,0,false,false,,1,true,10,200,false,true,500,0,50,VEHICLEBASED,TGL 3,true,10224,false,1.3,false,true,true,true,0,0,0,3,true,1,LINESTRING EMPTY
10225,60,false,0,1,ALL,88,5,true,0,false,false,,1,true,10,200,false,true,500,0,50,VEHICLEBASED,TGL 3,true,10225,false,1.3,false,true,true,true,0,0,0,3,true,1,LINESTRING EMPTY
10226,60,false,0,1,ALL,88,5,true,0,false,false,,1,true,10,200,false,true,500,0,50,VEHICLEBASED,TGL 3,true,10226,false,1.3,false,true,true,true,0,0,0,3,true,1,LINESTRING EMPTY
10227,60,false,0,1,ALL,88,5,true,0,false,false,,1,true,10,200,false,true,500,0,50,VEHICLEBASED,TGL 3,true,10227,false,1.3,false,true,true,true,0,0,0,3,true,1,LINESTRING EMPTY
10228,60,false,0,1,ALL,1,5,true,0,false,false,,1,true,10,200,false,true,500,0,50,VEHICLEBASED,,true,10228,false,1.3,false,true,true,true,0,0,0,3,true,1,LINESTRING EMPTY
10229,60,false,0,1,ALL,88,5,true,0,false,false,,1,true,10,200,false,true,500,0,50,VEHICLEBASED,TGL 3,true,10229,false,1.3,false,true,true,true,0,0,0,3,true,1,LINESTRING EMPTY
10230,60,false,0,1,ALL,62,5,true,0,false,false,,1,true,10,200,false,true,500,0,50,VEHICLEBASED,,true,10230,false,1.3,false,true,true,true,0,0,0,3,true,1,LINESTRING EMPTY
10231,60,false,0,1,ALL,88,5,true,0,false,false,,1,true,10,200,false,true,500,0,50,VEHICLEBASED,TGL 3,true,10231,false,1.3,false,true,true,true,0,0,0,3,true,1,LINESTRING EMPTY
10232,60,false,0,1,ALL,88,5,true,0,false,false,,1,true,10,200,false,true,500,0,50,VEHICLEBASED,TGL 3,true,10232,false,1.3,false,true,true,true,0,0,0,3,true,1,LINESTRING EMPTY
10233,60,false,0,1,ALL,87,5,true,0,false,false,,1,true,10,200,false,true,500,0,50,VEHICLEBASED,TGL 2,true,10233,false,1.3,false,true,true,true,0,0,0,3,true,1,LINESTRING EMPTY
10234,60,false,0,1,ALL,88,5,true,0,false,false,,1,true,10,200,false,true,500,0,50,VEHICLEBASED,TGL 3,true,10234,false,1.3,false,true,true,true,0,0,0,3,true,1,LINESTRING EMPTY
10235,60,false,0,1,ALL,1,5,true,0,false,false,,1,true,10,200,false,true,500,0,50,VEHICLEBASED,,true,10235,false,1.3,false,true,true,true,0,0,0,3,true,1,LINESTRING EMPTY
10236,60,false,0,1,ALL,1,5,true,0,false,false,,1,true,10,200,false,true,500,0,50,VEHICLEBASED,,true,10236,false,1.3,false,true,true,true,0,0,0,3,true,1,LINESTRING EMPTY
10237,60,false,0,1,ALL,71,5,true,0,false,false,,1,true,10,200,false,true,500,0,50,VEHICLEBASED,TNorte 9,true,10237,false,1.3,false,true,true,true,0,0,0,3,true,1,LINESTRING EMPTY
10238,60,false,0,1,ALL,87,5,true,0,false,false,,1,true,10,200,false,true,500,0,50,VEHICLEBASED,TGL 2,true,10238,false,1.3,false,true,true,true,0,0,0,3,true,1,LINESTRING EMPTY
10239,60,false,0,1,ALL,1,5,true,0,false,false,,1,true,10,200,false,true,500,0,50,VEHICLEBASED,,true,10239,false,1.3,false,true,true,true,0,0,0,3,true,1,LINESTRING EMPTY
10240,60,false,0,1,ALL,70,5,true,0,false,false,,1,true,10,200,false,true,500,0,50,VEHICLEBASED,TNorte 8,true,10240,false,1.3,false,true,true,true,0,0,0,3,true,1,LINESTRING EMPTY
10241,60,false,0,1,ALL,70,5,true,0,false,false,,1,true,10,200,false,true,500,0,50,VEHICLEBASED,TNorte 8,true,10241,false,1.3,false,true,true,true,0,0,0,3,true,1,LINESTRING EMPTY
10242,60,false,0,1,ALL,70,5,true,0,false,false,,1,true,10,200,false,true,500,0,50,VEHICLEBASED,TNorte 8,true,10242,false,1.3,false,true,true,true,0,0,0,3,true,1,LINESTRING EMPTY
10243,60,false,0,1,ALL,70,5,true,0,false,false,,1,true,10,200,false,true,500,0,50,VEHICLEBASED,TNorte 8,true,10243,false,1.3,false,true,true,true,0,0,0,3,true,1,LINESTRING EMPTY
10244,60,false,0,1,ALL,63,5,true,0,false,false,,1,true,10,200,false,true,500,0,50,VEHICLEBASED,TNorte 1,true,10244,false,1.3,false,true,true,true,0,0,0,3,true,1,LINESTRING EMPTY
10245,60,false,0,1,ALL,1,5,true,0,false,false,,1,true,10,200,false,true,500,0,50,VEHICLEBASED,,true,10245,false,1.3,false,true,true,true,0,0,0,3,true,1,LINESTRING EMPTY
10246,60,false,0,1,ALL,63,5,true,0,false,false,,1,true,10,200,false,true,500,0,50,VEHICLEBASED,TNorte 1,true,10246,false,1.3,false,true,true,true,0,0,0,3,true,1,LINESTRING EMPTY
10247,60,false,0,1,ALL,1,5,true,0,false,false,,1,true,10,200,false,true,500,0,50,VEHICLEBASED,,true,10247,false,1.3,false,true,true,true,0,0,0,3,true,1,LINESTRING EMPTY
10248,60,false,0,1,ALL,86,5,true,0,false,false,,1,true,10,200,false,true,500,0,50,VEHICLEBASED,TGL 1,true,10248,false,1.3,false,true,true,true,0,0,0,3,true,1,LINESTRING EMPTY
10249,60,false,0,1,ALL,86,5,true,0,false,false,,1,true,10,200,false,true,500,0,50,VEHICLEBASED,TGL 1,true,10249,false,1.3,false,true,true,true,0,0,0,3,true,1,LINESTRING EMPTY
10250,60,false,0,1,ALL,86,5,true,0,false,false,,1,true,10,200,false,true,500,0,50,VEHICLEBASED,TGL 1,true,10250,false,1.3,false,true,true,true,0,0,0,3,true,1,LINESTRING EMPTY
10251,60,false,0,1,ALL,86,5,true,0,false,false,,1,true,10,200,false,true,500,0,50,VEHICLEBASED,TGL 1,true,10251,false,1.3,false,true,true,true,0,0,0,3,true,1,LINESTRING EMPTY
10252,60,false,0,1,ALL,62,5,true,0,false,false,,1,true,10,200,false,true,500,0,50,VEHICLEBASED,,true,10252,false,1.3,false,true,true,true,0,0,0,3,true,1,LINESTRING EMPTY
10253,60,false,0,1,ALL,62,5,true,0,false,false,,1,true,10,200,false,true,500,0,50,VEHICLEBASED,,true,10253,false,1.3,false,true,true,true,0,0,0,3,true,1,LINESTRING EMPTY
10254,60,false,0,1,ALL,1,5,true,0,false,false,,1,true,10,200,false,true,500,0,50,VEHICLEBASED,,true,10254,false,1.3,false,true,true,true,0,0,0,3,true,1,LINESTRING EMPTY
10255,60,false,0,1,ALL,1,5,true,0,false,false,,1,true,10,200,false,true,500,0,50,VEHICLEBASED,,true,10255,false,1.3,false,true,true,true,0,0,0,3,true,1,LINESTRING EMPTY
10256,60,false,0,1,ALL,1,5,true,0,false,false,,1,true,10,200,false,true,500,0,50,VEHICLEBASED,,true,10256,false,1.3,false,true,true,true,0,0,0,3,true,1,LINESTRING EMPTY
10257,60,false,0,1,ALL,65,5,true,0,false,false,,1,true,10,200,false,true,500,0,50,VEHICLEBASED,TNorte 3,true,10257,false,1.3,false,true,true,true,0,0,0,3,true,1,LINESTRING EMPTY
10258,60,false,0,1,LEFT,1,5,true,0,false,false,,1,true,10,50,true,true,500,0,50,VEHICLEBASED,,true,10258,false,1.3,false,true,true,true,0,0,0,3,true,1,LINESTRING EMPTY
10259,60,false,0,1,ALL,1,5,true,0,false,false,,1,true,10,200,false,true,500,0,50,VEHICLEBASED,,true,10259,false,1.3,false,true,true,true,0,0,0,3,true,1,LINESTRING EMPTY
10260,60,false,0,1,LEFT,1,5,true,0,false,false,,1,true,10,50,true,true,500,0,50,VEHICLEBASED,,true,10260,false,1.3,true,true,true,true,0,0,0,3,true,1,LINESTRING EMPTY
10261,60,false,0,1,ALL,1,5,true,0,false,false,,1,true,10,200,false,true,500,0,50,VEHICLEBASED,,true,10261,false,1.3,true,true,true,true,0,0,0,3,true,1,LINESTRING EMPTY
10262,60,false,0,1,LEFT,1,5,true,0,false,false,,1,true,10,50,true,true,500,0,50,VEHICLEBASED,,true,10262,false,1.3,false,true,true,true,0,0,0,3,true,1,LINESTRING EMPTY
10263,60,false,0,1,ALL,1,5,true,0,false,false,,1,true,10,200,false,true,500,0,50,VEHICLEBASED,,true,10263,false,1.3,false,true,true,true,0,0,0,3,true,1,LINESTRING EMPTY
10264,60,false,0,1,LEFT,1,5,true,0,false,false,,1,true,10,50,true,true,500,0,50,VEHICLEBASED,,true,10264,false,1.3,true,true,true,true,0,0,0,3,true,1,LINESTRING EMPTY
10265,60,false,0,1,ALL,1,5,true,0,false,false,,1,true,10,200,false,true,500,0,50,VEHICLEBASED,,true,10265,false,1.3,true,true,true,true,0,0,0,3,true,1,LINESTRING EMPTY
10266,60,false,0,1,LEFT,1,5,true,0,false,false,,1,true,10,50,true,true,500,0,50,VEHICLEBASED,,true,10266,false,1.3,false,true,true,true,0,0,0,3,true,1,LINESTRING EMPTY
10267,60,false,0,1,ALL,1,5,true,0,false,false,,1,true,10,200,false,true,500,0,50,VEHICLEBASED,,true,10267,false,1.3,false,true,true,true,0,0,0,3,true,1,LINESTRING EMPTY
10268,60,false,0,1,LEFT,1,5,true,0,false,false,,1,true,10,50,true,true,500,0,50,VEHICLEBASED,,true,10268,false,1.3,true,true,true,true,0,0,0,3,true,1,LINESTRING EMPTY
10269,60,false,0,1,ALL,1,5,true,0,false,false,,1,true,10,200,false,true,500,0,50,VEHICLEBASED,,true,10269,false,1.3,true,true,true,true,0,0,0,3,true,1,LINESTRING EMPTY
10270,60,false,0,1,LEFT,1,5,true,0,false,false,,1,true,10,50,true,true,500,0,50,VEHICLEBASED,,true,10270,false,1.3,false,true,true,true,0,0,0,3,true,1,LINESTRING EMPTY
10271,60,false,0,1,ALL,1,5,true,0,false,false,,1,true,10,200,false,true,500,0,50,VEHICLEBASED,,true,10271,false,1.3,false,true,true,true,0,0,0,3,true,1,LINESTRING EMPTY
10272,60,false,0,1,LEFT,1,5,true,0,false,false,,1,true,10,50,true,true,500,0,50,VEHICLEBASED,,true,10272,false,1.3,true,true,true,true,0,0,0,3,true,1,LINESTRING EMPTY
10273,60,false,0,1,ALL,1,5,true,0,false,false,,1,true,10,200,false,true,500,0,50,VEHICLEBASED,,true,10273,false,1.3,true,true,true,true,0,0,0,3,true,1,LINESTRING EMPTY
10274,60,false,0,1,LEFT,1,5,true,0,false,false,,1,true,10,50,true,true,500,0,50,VEHICLEBASED,,true,10274,false,1.3,false,true,true,true,0,0,0,3,true,1,LINESTRING EMPTY
10275,60,false,0,1,ALL,1,5,true,0,false,false,,1,true,10,200,false,true,500,0,50,VEHICLEBASED,,true,10275,false,1.3,false,true,true,true,0,0,0,3,true,1,LINESTRING EMPTY
10276,60,false,0,1,LEFT,1,5,true,0,false,false,,1,true,10,50,true,true,500,0,50,VEHICLEBASED,,true,10276,false,1.3,true,true,true,true,0,0,0,3,true,1,LINESTRING EMPTY
10277,60,false,0,1,ALL,1,5,true,0,false,false,,1,true,10,200,false,true,500,0,50,VEHICLEBASED,,true,10277,false,1.3,true,true,true,true,0,0,0,3,true,1,LINESTRING EMPTY
10278,60,false,0,1,LEFT,1,5,true,0,false,false,,1,true,10,50,true,true,500,0,50,VEHICLEBASED,,true,10278,false,1.3,false,true,true,true,0,0,0,3,true,1,LINESTRING EMPTY
10279,60,false,0,1,ALL,1,5,true,0,false,false,,1,true,10,200,false,true,500,0,50,VEHICLEBASED,,true,10279,false,1.3,false,true,true,true,0,0,0,3,true,1,LINESTRING EMPTY
10280,60,false,0,1,LEFT,1,5,true,0,false,false,,1,true,10,50,true,true,500,0,50,VEHICLEBASED,,true,10280,false,1.3,true,true,true,true,0,0,0,3,true,1,LINESTRING EMPTY
10281,60,false,0,1,ALL,1,5,true,0,false,false,,1,true,10,200,false,true,500,0,50,VEHICLEBASED,,true,10281,false,1.3,true,true,true,true,0,0,0,3,true,1,LINESTRING EMPTY
10282,60,false,0,1,LEFT,1,5,true,0,false,false,,1,true,10,50,true,true,500,0,50,VEHICLEBASED,,true,10282,false,1.3,false,true,true,true,0,0,0,3,true,1,LINESTRING EMPTY
10283,60,false,0,1,ALL,1,5,true,0,false,false,,1,true,10,200,false,true,500,0,50,VEHICLEBASED,,true,10283,false,1.3,false,true,true,true,0,0,0,3,true,1,LINESTRING EMPTY
10284,60,false,0,1,LEFT,1,5,true,0,false,false,,1,true,10,50,true,true,500,0,50,VEHICLEBASED,,true,10284,false,1.3,true,true,true,true,0,0,0,3,true,1,LINESTRING EMPTY
10285,60,false,0,1,ALL,1,5,true,0,false,false,,1,true,10,200,false,true,500,0,50,VEHICLEBASED,,true,10285,false,1.3,true,true,true,true,0,0,0,3,true,1,LINESTRING EMPTY
10286,60,false,0,1,LEFT,1,5,true,0,false,false,,1,true,10,50,true,true,500,0,50,VEHICLEBASED,,true,10286,false,1.3,false,true,true,true,0,0,0,3,true,1,LINESTRING EMPTY
10287,60,false,0,1,ALL,1,5,true,0,false,false,,1,true,10,200,false,true,500,0,50,VEHICLEBASED,,true,10287,false,1.3,false,true,true,true,0,0,0,3,true,1,LINESTRING EMPTY
10288,60,false,0,1,LEFT,1,5,true,0,false,false,,1,true,10,50,true,true,500,0,50,VEHICLEBASED,,true,10288,false,1.3,true,true,true,true,0,0,0,3,true,1,LINESTRING EMPTY
10289,60,false,0,1,ALL,1,5,true,0,false,false,,1,true,10,200,false,true,500,0,50,VEHICLEBASED,,true,10289,false,1.3,true,true,true,true,0,0,0,3,true,1,LINESTRING EMPTY
10290,60,false,0,1,RIGHT,1,5,true,0,false,false,,1,true,10,50,true,true,500,0,50,VEHICLEBASED,,true,10290,false,1.3,false,true,true,true,0,0,0,3,true,1,LINESTRING EMPTY
10291,60,false,0,1,ALL,1,5,true,0,false,false,,1,true,10,200,false,true,500,0,50,VEHICLEBASED,,true,10291,false,1.3,false,true,true,true,0,0,0,3,true,1,LINESTRING EMPTY
10292,60,false,0,1,RIGHT,1,5,true,0,false,false,,1,true,10,50,true,true,500,0,50,VEHICLEBASED,,true,10292,false,1.3,true,true,true,true,0,0,0,3,true,1,LINESTRING EMPTY
10293,60,false,0,1,ALL,1,5,true,0,false,false,,1,true,10,200,false,true,500,0,50,VEHICLEBASED,,true,10293,false,1.3,true,true,true,true,0,0,0,3,true,1,LINESTRING EMPTY
10294,60,false,0,1,RIGHT,1,5,true,0,false,false,,1,true,10,50,true,true,500,0,50,VEHICLEBASED,,true,10294,false,1.3,false,true,true,true,0,0,0,3,true,1,LINESTRING EMPTY
10295,60,false,0,1,ALL,1,5,true,0,false,false,,1,true,10,200,false,true,500,0,50,VEHICLEBASED,,true,10295,false,1.3,false,true,true,true,0,0,0,3,true,1,LINESTRING EMPTY
10296,60,false,0,1,RIGHT,1,5,true,0,false,false,,1,true,10,50,true,true,500,0,50,VEHICLEBASED,,true,10296,false,1.3,true,true,true,true,0,0,0,3,true,1,LINESTRING EMPTY
10297,60,false,0,1,ALL,1,5,true,0,false,false,,1,true,10,200,false,true,500,0,50,VEHICLEBASED,,true,10297,false,1.3,true,true,true,true,0,0,0,3,true,1,LINESTRING EMPTY
10298,60,false,0,1,RIGHT,1,5,true,0,false,false,,1,true,10,50,true,true,500,0,50,VEHICLEBASED,,true,10298,false,1.3,false,true,true,true,0,0,0,3,true,1,LINESTRING EMPTY
10299,60,false,0,1,ALL,1,5,true,0,false,false,,1,true,10,200,false,true,500,0,50,VEHICLEBASED,,true,10299,false,1.3,false,true,true,true,0,0,0,3,true,1,LINESTRING EMPTY
10300,60,false,0,1,RIGHT,1,5,true,0,false,false,,1,true,10,50,true,true,500,0,50,VEHICLEBASED,,true,10300,false,1.3,true,true,true,true,0,0,0,3,true,1,LINESTRING EMPTY
10301,60,false,0,1,ALL,1,5,true,0,false,false,,1,true,10,200,false,true,500,0,50,VEHICLEBASED,,true,10301,false,1.3,true,true,true,true,0,0,0,3,true,1,LINESTRING EMPTY
10302,60,false,0,1,RIGHT,1,5,true,0,false,false,,1,true,10,50,true,true,500,0,50,VEHICLEBASED,,true,10302,false,1.3,false,true,true,true,0,0,0,3,true,1,LINESTRING EMPTY
10303,60,false,0,1,ALL,1,5,true,0,false,false,,1,true,10,200,false,true,500,0,50,VEHICLEBASED,,true,10303,false,1.3,false,true,true,true,0,0,0,3,true,1,LINESTRING EMPTY
10304,60,false,0,1,RIGHT,1,5,true,0,false,false,,1,true,10,50,true,true,500,0,50,VEHICLEBASED,,true,10304,false,1.3,true,true,true,true,0,0,0,3,true,1,LINESTRING EMPTY
10305,60,false,0,1,ALL,1,5,true,0,false,false,,1,true,10,200,false,true,500,0,50,VEHICLEBASED,,true,10305,false,1.3,true,true,true,true,0,0,0,3,true,1,LINESTRING EMPTY
10306,60,false,0,1,RIGHT,1,5,true,0,false,false,,1,true,10,50,true,true,500,0,50,VEHICLEBASED,,true,10306,false,1.3,false,true,true,true,0,0,0,3,true,1,LINESTRING EMPTY
10307,60,false,0,1,ALL,1,5,true,0,false,false,,1,true,10,200,false,true,500,0,50,VEHICLEBASED,,true,10307,false,1.3,false,true,true,true,0,0,0,3,true,1,LINESTRING EMPTY
10308,60,false,0,1,RIGHT,1,5,true,0,false,false,,1,true,10,50,true,true,500,0,50,VEHICLEBASED,,true,10308,false,1.3,true,true,true,true,0,0,0,3,true,1,LINESTRING EMPTY
10309,60,false,0,1,ALL,1,5,true,0,false,false,,1,true,10,200,false,true,500,0,50,VEHICLEBASED,,true,10309,false,1.3,true,true,true,true,0,0,0,3,true,1,LINESTRING EMPTY
10310,60,false,0,1,RIGHT,1,5,true,0,false,false,,1,true,10,50,true,true,500,0,50,VEHICLEBASED,,true,10310,false,1.3,false,true,true,true,0,0,0,3,true,1,LINESTRING EMPTY
10311,60,false,0,1,ALL,1,5,true,0,false,false,,1,true,10,200,false,true,500,0,50,VEHICLEBASED,,true,10311,false,1.3,false,true,true,true,0,0,0,3,true,1,LINESTRING EMPTY
10312,60,false,0,1,RIGHT,1,5,true,0,false,false,,1,true,10,50,true,true,500,0,50,VEHICLEBASED,,true,10312,false,1.3,true,true,true,true,0,0,0,3,true,1,LINESTRING EMPTY
10313,60,false,0,1,ALL,1,5,true,0,false,false,,1,true,10,200,false,true,500,0,50,VEHICLEBASED,,true,10313,false,1.3,true,true,true,true,0,0,0,3,true,1,LINESTRING EMPTY
10314,60,false,0,1,RIGHT,1,5,true,0,false,false,,1,true,10,50,true,true,500,0,50,VEHICLEBASED,,true,10314,false,1.3,false,true,true,true,0,0,0,3,true,1,LINESTRING EMPTY
10315,60,false,0,1,ALL,1,5,true,0,false,false,,1,true,10,200,false,true,500,0,50,VEHICLEBASED,,true,10315,false,1.3,false,true,true,true,0,0,0,3,true,1,LINESTRING EMPTY
10316,60,false,0,1,RIGHT,1,5,true,0,false,false,,1,true,10,50,true,true,500,0,50,VEHICLEBASED,,true,10316,false,1.3,true,true,true,true,0,0,0,3,true,1,LINESTRING EMPTY
10317,60,false,0,1,ALL,1,5,true,0,false,false,,1,true,10,200,false,true,500,0,50,VEHICLEBASED,,true,10317,false,1.3,true,true,true,true,0,0,0,3,true,1,LINESTRING EMPTY
10318,60,false,0,1,ALL,70,5,true,0,false,false,,1,true,10,200,false,true,500,0,50,VEHICLEBASED,TNorte 8,true,10318,false,1.3,false,true,true,true,0,0,0,3,true,1,LINESTRING EMPTY
10319,60,false,0,1,ALL,61,5,true,0,false,false,,3,true,10,200,false,true,500,0,50,VEHICLEBASED,Port Water Channel,true,10319,false,1.3,false,true,true,true,0,0,0,3,true,1,LINESTRING EMPTY
10320,60,false,0,1,ALL,61,5,true,0,false,false,,3,true,10,200,false,true,500,0,50,VEHICLEBASED,Port Water Channel,true,10320,false,1.3,false,true,true,true,0,0,0,3,true,1,LINESTRING EMPTY
10321,60,false,0,1,ALL,63,5,true,0,false,false,,1,true,10,200,false,true,500,0,50,VEHICLEBASED,TNorte 1,true,10321,false,1.3,false,true,true,true,0,0,0,3,true,1,LINESTRING EMPTY
10322,60,false,0,1,ALL,63,5,true,0,false,false,,1,true,10,200,false,true,500,0,50,VEHICLEBASED,TNorte 1,true,10322,false,1.3,false,true,true,true,0,0,0,3,true,1,LINESTRING EMPTY
10323,60,false,0,1,ALL,65,5,true,0,false,false,,1,true,10,200,false,true,500,0,50,VEHICLEBASED,TNorte 3,true,10323,false,1.3,false,true,true,true,0,0,0,3,true,1,LINESTRING EMPTY
10324,60,false,0,1,ALL,72,5,true,0,false,false,,1,true,10,200,false,true,500,0,50,VEHICLEBASED,,true,10324,false,1.3,false,true,true,true,0,0,0,3,true,1,LINESTRING EMPTY
10325,60,false,0,1,ALL,74,5,true,0,false,false,,1,true,10,200,false,true,500,0,50,VEHICLEBASED,TGS 12,true,10325,false,1.3,false,true,true,true,0,0,0,3,true,1,LINESTRING EMPTY
10326,60,false,0,1,ALL,78,5,true,0,false,false,,1,true,10,200,false,true,500,0,50,VEHICLEBASED,TGS External Road,true,10326,false,1.3,false,true,true,true,0,0,0,3,true,1,LINESTRING EMPTY
10327,60,false,0,1,ALL,69,5,true,0,false,false,,1,true,10,200,false,true,500,0,50,VEHICLEBASED,TNorte 7,true,10327,false,1.3,false,true,true,true,0,0,0,3,true,1,LINESTRING EMPTY
10328,60,false,0,1,ALL,69,5,true,0,false,false,,1,true,10,200,false,true,500,0,50,VEHICLEBASED,TNorte 7,true,10328,false,1.3,false,true,true,true,0,0,0,3,true,1,LINESTRING EMPTY
10329,60,false,0,1,ALL,69,5,true,0,false,false,,1,true,10,200,false,true,500,0,50,VEHICLEBASED,TNorte 7,true,10329,false,1.3,false,true,true,true,0,0,0,3,true,1,LINESTRING EMPTY
10330,60,false,0,1,ALL,1,5,true,0,false,false,,1,true,10,200,false,true,500,0,50,VEHICLEBASED,,true,10330,false,1.3,false,true,true,true,0,0,0,3,true,1,LINESTRING EMPTY
10331,60,false,0,1,ALL,85,5,true,0,false,false,,1,true,10,200,false,true,500,0,50,VEHICLEBASED,TGL Entry/Exit,true,10331,false,1.3,false,true,true,true,0,0,0,3,true,1,LINESTRING EMPTY
10332,60,false,0,1,ALL,84,5,true,0,false,false,,1,true,10,200,false,true,500,0,50,VEHICLEBASED,External Road East,true,10332,false,1.3,false,true,true,true,0,0,0,3,true,1,LINESTRING EMPTY
10333,60,false,0,1,ALL,84,5,true,0,false,false,,1,true,10,200,false,true,500,0,50,VEHICLEBASED,External Road East,true,10333,false,1.3,false,true,true,true,0,0,0,3,true,1,LINESTRING EMPTY
10334,60,false,0,1,ALL,87,5,true,0,false,false,,1,true,10,200,false,true,500,0,50,VEHICLEBASED,TGL 2,true,10334,false,1.3,false,true,true,true,0,0,0,3,true,1,LINESTRING EMPTY
10335,60,false,0,1,ALL,88,5,true,0,false,false,,1,true,10,200,false,true,500,0,50,VEHICLEBASED,TGL 3,true,10335,false,1.3,false,true,true,true,0,0,0,3,true,1,LINESTRING EMPTY
10336,60,false,0,1,ALL,88,5,true,0,false,false,,1,true,10,200,false,true,500,0,50,VEHICLEBASED,TGL 3,true,10336,false,1.3,false,true,true,true,0,0,0,3,true,1,LINESTRING EMPTY
10337,60,false,0,1,ALL,63,5,true,0,false,false,,1,true,10,200,false,true,500,0,50,VEHICLEBASED,TNorte 1,true,10337,false,1.3,false,true,true,true,0,0,0,3,true,1,LINESTRING EMPTY
10338,60,false,0,1,ALL,65,5,true,0,false,false,,1,true,10,200,false,true,500,0,50,VEHICLEBASED,TNorte 3,true,10338,false,1.3,false,true,true,true,0,0,0,3,true,1,LINESTRING EMPTY
10339,60,false,0,1,ALL,63,5,true,0,false,false,,1,true,10,200,false,true,500,0,50,VEHICLEBASED,TNorte 1,true,10339,false,1.3,false,true,true,true,0,0,0,3,true,1,LINESTRING EMPTY
10340,60,false,0,1,ALL,85,5,true,0,false,false,,1,true,10,200,false,true,500,0,50,VEHICLEBASED,TGL Entry/Exit,true,10340,false,1.3,false,true,true,true,0,0,0,3,true,1,LINESTRING EMPTY
10354,60,false,0,1,RIGHT,1,5,true,0,false,false,,1,true,10,50,true,true,500,0,50,VEHICLEBASED,,true,10354,false,1.3,false,true,true,true,0,0,0,3,true,1,LINESTRING EMPTY
10355,60,false,0,1,ALL,1,5,true,0,false,false,,1,true,10,200,false,true,500,0,50,VEHICLEBASED,,true,10355,false,1.3,false,true,true,true,0,0,0,3,true,1,LINESTRING EMPTY
10356,60,false,0,1,RIGHT,1,5,true,0,false,false,,1,true,10,50,true,true,500,0,50,VEHICLEBASED,,true,10356,false,1.3,true,true,true,true,0,0,0,3,true,1,LINESTRING EMPTY
10357,60,false,0,1,ALL,1,5,true,0,false,false,,1,true,10,200,false,true,500,0,50,VEHICLEBASED,,true,10357,false,1.3,true,true,true,true,0,0,0,3,true,1,LINESTRING EMPTY
10358,60,false,0,1,RIGHT,1,5,true,0,false,false,,1,true,10,50,true,true,500,0,50,VEHICLEBASED,,true,10358,false,1.3,false,true,true,true,0,0,0,3,true,1,LINESTRING EMPTY
10359,60,false,0,1,ALL,1,5,true,0,false,false,,1,true,10,200,false,true,500,0,50,VEHICLEBASED,,true,10359,false,1.3,false,true,true,true,0,0,0,3,true,1,LINESTRING EMPTY
10360,60,false,0,1,RIGHT,1,5,true,0,false,false,,1,true,10,50,true,true,500,0,50,VEHICLEBASED,,true,10360,false,1.3,true,true,true,true,0,0,0,3,true,1,LINESTRING EMPTY
10361,60,false,0,1,ALL,1,5,true,0,false,false,,1,true,10,200,false,true,500,0,50,VEHICLEBASED,,true,10361,false,1.3,true,true,true,true,0,0,0,3,true,1,LINESTRING EMPTY
10362,60,false,0,1,RIGHT,1,5,true,0,false,false,,1,true,10,50,true,true,500,0,50,VEHICLEBASED,,true,10362,false,1.3,false,true,true,true,0,0,0,3,true,1,LINESTRING EMPTY
10363,60,false,0,1,ALL,1,5,true,0,false,false,,1,true,10,200,false,true,500,0,50,VEHICLEBASED,,true,10363,false,1.3,false,true,true,true,0,0,0,3,true,1,LINESTRING EMPTY
10364,60,false,0,1,RIGHT,1,5,true,0,false,false,,1,true,10,50,true,true,500,0,50,VEHICLEBASED,,true,10364,false,1.3,true,true,true,true,0,0,0,3,true,1,LINESTRING EMPTY
10365,60,false,0,1,ALL,1,5,true,0,false,false,,1,true,10,200,false,true,500,0,50,VEHICLEBASED,,true,10365,false,1.3,true,true,true,true,0,0,0,3,true,1,LINESTRING EMPTY
10366,60,false,0,1,RIGHT,1,5,true,0,false,false,,1,true,10,50,true,true,500,0,50,VEHICLEBASED,,true,10366,false,1.3,false,true,true,true,0,0,0,3,true,1,LINESTRING EMPTY
10367,60,false,0,1,ALL,1,5,true,0,false,false,,1,true,10,200,false,true,500,0,50,VEHICLEBASED,,true,10367,false,1.3,false,true,true,true,0,0,0,3,true,1,LINESTRING EMPTY
10368,60,false,0,1,RIGHT,1,5,true,0,false,false,,1,true,10,50,true,true,500,0,50,VEHICLEBASED,,true,10368,false,1.3,true,true,true,true,0,0,0,3,true,1,LINESTRING EMPTY
10369,60,false,0,1,ALL,1,5,true,0,false,false,,1,true,10,200,false,true,500,0,50,VEHICLEBASED,,true,10369,false,1.3,true,true,true,true,0,0,0,3,true,1,LINESTRING EMPTY
10370,60,false,0,1,RIGHT,1,5,true,0,false,false,,1,true,10,50,true,true,500,0,50,VEHICLEBASED,,true,10370,false,1.3,false,true,true,true,0,0,0,3,true,1,LINESTRING EMPTY
10371,60,false,0,1,ALL,1,5,true,0,false,false,,1,true,10,200,false,true,500,0,50,VEHICLEBASED,,true,10371,false,1.3,false,true,true,true,0,0,0,3,true,1,LINESTRING EMPTY
10372,60,false,0,1,RIGHT,1,5,true,0,false,false,,1,true,10,50,true,true,500,0,50,VEHICLEBASED,,true,10372,false,1.3,true,true,true,true,0,0,0,3,true,1,LINESTRING EMPTY
10373,60,false,0,1,ALL,1,5,true,0,false,false,,1,true,10,200,false,true,500,0,50,VEHICLEBASED,,true,10373,false,1.3,true,true,true,true,0,0,0,3,true,1,LINESTRING EMPTY
10374,60,false,0,1,RIGHT,1,5,true,0,false,false,,1,true,10,50,true,true,500,0,50,VEHICLEBASED,,true,10374,false,1.3,false,true,true,true,0,0,0,3,true,1,LINESTRING EMPTY
10375,60,false,0,1,ALL,1,5,true,0,false,false,,1,true,10,200,false,true,500,0,50,VEHICLEBASED,,true,10375,false,1.3,false,true,true,true,0,0,0,3,true,1,LINESTRING EMPTY
10376,60,false,0,1,RIGHT,1,5,true,0,false,false,,1,true,10,50,true,true,500,0,50,VEHICLEBASED,,true,10376,false,1.3,true,true,true,true,0,0,0,3,true,1,LINESTRING EMPTY
10377,60,false,0,1,ALL,1,5,true,0,false,false,,1,true,10,200,false,true,500,0,50,VEHICLEBASED,,true,10377,false,1.3,true,true,true,true,0,0,0,3,true,1,LINESTRING EMPTY
10378,60,false,0,1,RIGHT,1,5,true,0,false,false,,1,true,10,50,true,true,500,0,50,VEHICLEBASED,,true,10378,false,1.3,false,true,true,true,0,0,0,3,true,1,LINESTRING EMPTY
10379,60,false,0,1,ALL,1,5,true,0,false,false,,1,true,10,200,false,true,500,0,50,VEHICLEBASED,,true,10379,false,1.3,false,true,true,true,0,0,0,3,true,1,LINESTRING EMPTY
10380,60,false,0,1,RIGHT,1,5,true,0,false,false,,1,true,10,50,true,true,500,0,50,VEHICLEBASED,,true,10380,false,1.3,true,true,true,true,0,0,0,3,true,1,LINESTRING EMPTY
10381,60,false,0,1,ALL,1,5,true,0,false,false,,1,true,10,200,false,true,500,0,50,VEHICLEBASED,,true,10381,false,1.3,true,true,true,true,0,0,0,3,true,1,LINESTRING EMPTY
10382,60,false,0,1,RIGHT,1,5,true,0,false,false,,1,true,10,50,true,true,500,0,50,VEHICLEBASED,,true,10382,false,1.3,false,true,true,true,0,0,0,3,true,1,LINESTRING EMPTY
10383,60,false,0,1,ALL,1,5,true,0,false,false,,1,true,10,200,false,true,500,0,50,VEHICLEBASED,,true,10383,false,1.3,false,true,true,true,0,0,0,3,true,1,LINESTRING EMPTY
10384,60,false,0,1,RIGHT,1,5,true,0,false,false,,1,true,10,50,true,true,500,0,50,VEHICLEBASED,,true,10384,false,1.3,true,true,true,true,0,0,0,3,true,1,LINESTRING EMPTY
10385,60,false,0,1,ALL,1,5,true,0,false,false,,1,true,10,200,false,true,500,0,50,VEHICLEBASED,,true,10385,false,1.3,true,true,true,true,0,0,0,3,true,1,LINESTRING EMPTY
10386,60,false,0,1,RIGHT,1,5,true,0,false,false,,1,true,10,50,true,true,500,0,50,VEHICLEBASED,,true,10386,false,1.3,false,true,true,true,0,0,0,3,true,1,LINESTRING EMPTY
10387,60,false,0,1,ALL,1,5,true,0,false,false,,1,true,10,200,false,true,500,0,50,VEHICLEBASED,,true,10387,false,1.3,false,true,true,true,0,0,0,3,true,1,LINESTRING EMPTY
10388,60,false,0,1,RIGHT,1,5,true,0,false,false,,1,true,10,50,true,true,500,0,50,VEHICLEBASED,,true,10388,false,1.3,true,true,true,true,0,0,0,3,true,1,LINESTRING EMPTY
10389,60,false,0,1,ALL,1,5,true,0,false,false,,1,true,10,200,false,true,500,0,50,VEHICLEBASED,,true,10389,false,1.3,true,true,true,true,0,0,0,3,true,1,LINESTRING EMPTY
10390,60,false,0,1,RIGHT,1,5,true,0,false,false,,1,true,10,50,true,true,500,0,50,VEHICLEBASED,,true,10390,false,1.3,false,true,true,true,0,0,0,3,true,1,LINESTRING EMPTY
10391,60,false,0,1,ALL,1,5,true,0,false,false,,1,true,10,200,false,true,500,0,50,VEHICLEBASED,,true,10391,false,1.3,false,true,true,true,0,0,0,3,true,1,LINESTRING EMPTY
10392,60,false,0,1,RIGHT,1,5,true,0,false,false,,1,true,10,50,true,true,500,0,50,VEHICLEBASED,,true,10392,false,1.3,true,true,true,true,0,0,0,3,true,1,LINESTRING EMPTY
10393,60,false,0,1,ALL,1,5,true,0,false,false,,1,true,10,200,false,true,500,0,50,VEHICLEBASED,,true,10393,false,1.3,true,true,true,true,0,0,0,3,true,1,LINESTRING EMPTY
10394,60,false,0,1,RIGHT,1,5,true,0,false,false,,1,true,10,50,true,true,500,0,50,VEHICLEBASED,,true,10394,false,1.3,false,true,true,true,0,0,0,3,true,1,LINESTRING EMPTY
10395,60,false,0,1,ALL,1,5,true,0,false,false,,1,true,10,200,false,true,500,0,50,VEHICLEBASED,,true,10395,false,1.3,false,true,true,true,0,0,0,3,true,1,LINESTRING EMPTY
10396,60,false,0,1,RIGHT,1,5,true,0,false,false,,1,true,10,50,true,true,500,0,50,VEHICLEBASED,,true,10396,false,1.3,true,true,true,true,0,0,0,3,true,1,LINESTRING EMPTY
10397,60,false,0,1,ALL,1,5,true,0,false,false,,1,true,10,200,false,true,500,0,50,VEHICLEBASED,,true,10397,false,1.3,true,true,true,true,0,0,0,3,true,1,LINESTRING EMPTY
10398,60,false,0,1,RIGHT,1,5,true,0,false,false,,1,true,10,50,true,true,500,0,50,VEHICLEBASED,,true,10398,false,1.3,false,true,true,true,0,0,0,3,true,1,LINESTRING EMPTY
10399,60,false,0,1,ALL,1,5,true,0,false,false,,1,true,10,200,false,true,500,0,50,VEHICLEBASED,,true,10399,false,1.3,false,true,true,true,0,0,0,3,true,1,LINESTRING EMPTY
10400,60,false,0,1,RIGHT,1,5,true,0,false,false,,1,true,10,50,true,true,500,0,50,VEHICLEBASED,,true,10400,false,1.3,true,true,true,true,0,0,0,3,true,1,LINESTRING EMPTY
10401,60,false,0,1,ALL,1,5,true,0,false,false,,1,true,10,200,false,true,500,0,50,VEHICLEBASED,,true,10401,false,1.3,true,true,true,true,0,0,0,3,true,1,LINESTRING EMPTY
10402,60,false,0,1,RIGHT,1,5,true,0,false,false,,1,true,10,50,true,true,500,0,50,VEHICLEBASED,,true,10402,false,1.3,false,true,true,true,0,0,0,3,true,1,LINESTRING EMPTY
10403,60,false,0,1,ALL,1,5,true,0,false,false,,1,true,10,200,false,true,500,0,50,VEHICLEBASED,,true,10403,false,1.3,false,true,true,true,0,0,0,3,true,1,LINESTRING EMPTY
10404,60,false,0,1,RIGHT,1,5,true,0,false,false,,1,true,10,50,true,true,500,0,50,VEHICLEBASED,,true,10404,false,1.3,true,true,true,true,0,0,0,3,true,1,LINESTRING EMPTY
10405,60,false,0,1,ALL,1,5,true,0,false,false,,1,true,10,200,false,true,500,0,50,VEHICLEBASED,,true,10405,false,1.3,true,true,true,true,0,0,0,3,true,1,LINESTRING EMPTY
10406,60,false,0,1,RIGHT,1,5,true,0,false,false,,1,true,10,50,true,true,500,0,50,VEHICLEBASED,,true,10406,false,1.3,false,true,true,true,0,0,0,3,true,1,LINESTRING EMPTY
10407,60,false,0,1,ALL,1,5,true,0,false,false,,1,true,10,200,false,true,500,0,50,VEHICLEBASED,,true,10407,false,1.3,false,true,true,true,0,0,0,3,true,1,LINESTRING EMPTY
10408,60,false,0,1,RIGHT,1,5,true,0,false,false,,1,true,10,50,true,true,500,0,50,VEHICLEBASED,,true,10408,false,1.3,true,true,true,true,0,0,0,3,true,1,LINESTRING EMPTY
10409,60,false,0,1,ALL,1,5,true,0,false,false,,1,true,10,200,false,true,500,0,50,VEHICLEBASED,,true,10409,false,1.3,true,true,true,true,0,0,0,3,true,1,LINESTRING EMPTY
10410,60,false,0,1,RIGHT,1,5,true,0,false,false,,1,true,10,50,true,true,500,0,50,VEHICLEBASED,,true,10410,false,1.3,false,true,true,true,0,0,0,3,true,1,LINESTRING EMPTY
10411,60,false,0,1,ALL,1,5,true,0,false,false,,1,true,10,200,false,true,500,0,50,VEHICLEBASED,,true,10411,false,1.3,false,true,true,true,0,0,0,3,true,1,LINESTRING EMPTY
10412,60,false,0,1,RIGHT,1,5,true,0,false,false,,1,true,10,50,true,true,500,0,50,VEHICLEBASED,,true,10412,false,1.3,true,true,true,true,0,0,0,3,true,1,LINESTRING EMPTY
10413,60,false,0,1,ALL,1,5,true,0,false,false,,1,true,10,200,false,true,500,0,50,VEHICLEBASED,,true,10413,false,1.3,true,true,true,true,0,0,0,3,true,1,LINESTRING EMPTY
10414,60,false,0,1,RIGHT,1,5,true,0,false,false,,1,true,10,50,true,true,500,0,50,VEHICLEBASED,,true,10414,false,1.3,false,true,true,true,0,0,0,3,true,1,LINESTRING EMPTY
10415,60,false,0,1,ALL,1,5,true,0,false,false,,1,true,10,200,false,true,500,0,50,VEHICLEBASED,,true,10415,false,1.3,false,true,true,true,0,0,0,3,true,1,LINESTRING EMPTY
10416,60,false,0,1,RIGHT,1,5,true,0,false,false,,1,true,10,50,true,true,500,0,50,VEHICLEBASED,,true,10416,false,1.3,true,true,true,true,0,0,0,3,true,1,LINESTRING EMPTY
10417,60,false,0,1,ALL,1,5,true,0,false,false,,1,true,10,200,false,true,500,0,50,VEHICLEBASED,,true,10417,false,1.3,true,true,true,true,0,0,0,3,true,1,LINESTRING EMPTY
10418,60,false,0,1,RIGHT,1,5,true,0,false,false,,1,true,10,50,true,true,500,0,50,VEHICLEBASED,,true,10418,false,1.3,false,true,true,true,0,0,0,3,true,1,LINESTRING EMPTY
10419,60,false,0,1,ALL,1,5,true,0,false,false,,1,true,10,200,false,true,500,0,50,VEHICLEBASED,,true,10419,false,1.3,false,true,true,true,0,0,0,3,true,1,LINESTRING EMPTY
10420,60,false,0,1,RIGHT,1,5,true,0,false,false,,1,true,10,50,true,true,500,0,50,VEHICLEBASED,,true,10420,false,1.3,true,true,true,true,0,0,0,3,true,1,LINESTRING EMPTY
10421,60,false,0,1,ALL,1,5,true,0,false,false,,1,true,10,200,false,true,500,0,50,VEHICLEBASED,,true,10421,false,1.3,true,true,true,true,0,0,0,3,true,1,LINESTRING EMPTY
10422,60,false,0,1,RIGHT,1,5,true,0,false,false,,1,true,10,50,true,true,500,0,50,VEHICLEBASED,,true,10422,false,1.3,false,true,true,true,0,0,0,3,true,1,LINESTRING EMPTY
10423,60,false,0,1,ALL,1,5,true,0,false,false,,1,true,10,200,false,true,500,0,50,VEHICLEBASED,,true,10423,false,1.3,false,true,true,true,0,0,0,3,true,1,LINESTRING EMPTY
10424,60,false,0,1,RIGHT,1,5,true,0,false,false,,1,true,10,50,true,true,500,0,50,VEHICLEBASED,,true,10424,false,1.3,true,true,true,true,0,0,0,3,true,1,LINESTRING EMPTY
10425,60,false,0,1,ALL,1,5,true,0,false,false,,1,true,10,200,false,true,500,0,50,VEHICLEBASED,,true,10425,false,1.3,true,true,true,true,0,0,0,3,true,1,LINESTRING EMPTY
10426,60,false,0,1,RIGHT,1,5,true,0,false,false,,1,true,10,50,true,true,500,0,50,VEHICLEBASED,,true,10426,false,1.3,false,true,true,true,0,0,0,3,true,1,LINESTRING EMPTY
10427,60,false,0,1,ALL,1,5,true,0,false,false,,1,true,10,200,false,true,500,0,50,VEHICLEBASED,,true,10427,false,1.3,false,true,true,true,0,0,0,3,true,1,LINESTRING EMPTY
10428,60,false,0,1,RIGHT,1,5,true,0,false,false,,1,true,10,50,true,true,500,0,50,VEHICLEBASED,,true,10428,false,1.3,true,true,true,true,0,0,0,3,true,1,LINESTRING EMPTY
10429,60,false,0,1,ALL,1,5,true,0,false,false,,1,true,10,200,false,true,500,0,50,VEHICLEBASED,,true,10429,false,1.3,true,true,true,true,0,0,0,3,true,1,LINESTRING EMPTY
10430,60,false,0,1,RIGHT,1,5,true,0,false,false,,1,true,10,50,true,true,500,0,50,VEHICLEBASED,,true,10430,false,1.3,false,true,true,true,0,0,0,3,true,1,LINESTRING EMPTY
10431,60,false,0,1,ALL,1,5,true,0,false,false,,1,true,10,200,false,true,500,0,50,VEHICLEBASED,,true,10431,false,1.3,false,true,true,true,0,0,0,3,true,1,LINESTRING EMPTY
10432,60,false,0,1,RIGHT,1,5,true,0,false,false,,1,true,10,50,true,true,500,0,50,VEHICLEBASED,,true,10432,false,1.3,true,true,true,true,0,0,0,3,true,1,LINESTRING EMPTY
10433,60,false,0,1,ALL,1,5,true,0,false,false,,1,true,10,200,false,true,500,0,50,VEHICLEBASED,,true,10433,false,1.3,true,true,true,true,0,0,0,3,true,1,LINESTRING EMPTY
10434,60,false,0,1,RIGHT,1,5,true,0,false,false,,1,true,10,50,true,true,500,0,50,VEHICLEBASED,,true,10434,false,1.3,false,true,true,true,0,0,0,3,true,1,LINESTRING EMPTY
10435,60,false,0,1,ALL,1,5,true,0,false,false,,1,true,10,200,false,true,500,0,50,VEHICLEBASED,,true,10435,false,1.3,false,true,true,true,0,0,0,3,true,1,LINESTRING EMPTY
10436,60,false,0,1,RIGHT,1,5,true,0,false,false,,1,true,10,50,true,true,500,0,50,VEHICLEBASED,,true,10436,false,1.3,true,true,true,true,0,0,0,3,true,1,LINESTRING EMPTY
10437,60,false,0,1,ALL,1,5,true,0,false,false,,1,true,10,200,false,true,500,0,50,VEHICLEBASED,,true,10437,false,1.3,true,true,true,true,0,0,0,3,true,1,LINESTRING EMPTY
10438,60,false,0,1,RIGHT,1,5,true,0,false,false,,1,true,10,50,true,true,500,0,50,VEHICLEBASED,,true,10438,false,1.3,false,true,true,true,0,0,0,3,true,1,LINESTRING EMPTY
10439,60,false,0,1,ALL,1,5,true,0,false,false,,1,true,10,200,false,true,500,0,50,VEHICLEBASED,,true,10439,false,1.3,false,true,true,true,0,0,0,3,true,1,LINESTRING EMPTY
10440,60,false,0,1,RIGHT,1,5,true,0,false,false,,1,true,10,50,true,true,500,0,50,VEHICLEBASED,,true,10440,false,1.3,true,true,true,true,0,0,0,3,true,1,LINESTRING EMPTY
10441,60,false,0,1,ALL,1,5,true,0,false,false,,1,true,10,200,false,true,500,0,50,VEHICLEBASED,,true,10441,false,1.3,true,true,true,true,0,0,0,3,true,1,LINESTRING EMPTY
10442,60,false,0,1,RIGHT,1,5,true,0,false,false,,1,true,10,50,true,true,500,0,50,VEHICLEBASED,,true,10442,false,1.3,false,true,true,true,0,0,0,3,true,1,LINESTRING EMPTY
10443,60,false,0,1,ALL,1,5,true,0,false,false,,1,true,10,200,false,true,500,0,50,VEHICLEBASED,,true,10443,false,1.3,false,true,true,true,0,0,0,3,true,1,LINESTRING EMPTY
10444,60,false,0,1,RIGHT,1,5,true,0,false,false,,1,true,10,50,true,true,500,0,50,VEHICLEBASED,,true,10444,false,1.3,true,true,true,true,0,0,0,3,true,1,LINESTRING EMPTY
10445,60,false,0,1,ALL,1,5,true,0,false,false,,1,true,10,200,false,true,500,0,50,VEHICLEBASED,,true,10445,false,1.3,true,true,true,true,0,0,0,3,true,1,LINESTRING EMPTY
10446,60,false,0,1,RIGHT,1,5,true,0,false,false,,1,true,10,50,true,true,500,0,50,VEHICLEBASED,,true,10446,false,1.3,false,true,true,true,0,0,0,3,true,1,LINESTRING EMPTY
10447,60,false,0,1,ALL,1,5,true,0,false,false,,1,true,10,200,false,true,500,0,50,VEHICLEBASED,,true,10447,false,1.3,false,true,true,true,0,0,0,3,true,1,LINESTRING EMPTY
10448,60,false,0,1,RIGHT,1,5,true,0,false,false,,1,true,10,50,true,true,500,0,50,VEHICLEBASED,,true,10448,false,1.3,true,true,true,true,0,0,0,3,true,1,LINESTRING EMPTY
10449,60,false,0,1,ALL,1,5,true,0,false,false,,1,true,10,200,false,true,500,0,50,VEHICLEBASED,,true,10449,false,1.3,true,true,true,true,0,0,0,3,true,1,LINESTRING EMPTY
10450,60,false,0,1,RIGHT,1,5,true,0,false,false,,1,true,10,50,true,true,500,0,50,VEHICLEBASED,,true,10450,false,1.3,false,true,true,true,0,0,0,3,true,1,LINESTRING EMPTY
10451,60,false,0,1,ALL,1,5,true,0,false,false,,1,true,10,200,false,true,500,0,50,VEHICLEBASED,,true,10451,false,1.3,false,true,true,true,0,0,0,3,true,1,LINESTRING EMPTY
10452,60,false,0,1,RIGHT,1,5,true,0,false,false,,1,true,10,50,true,true,500,0,50,VEHICLEBASED,,true,10452,false,1.3,true,true,true,true,0,0,0,3,true,1,LINESTRING EMPTY
10453,60,false,0,1,ALL,1,5,true,0,false,false,,1,true,10,200,false,true,500,0,50,VEHICLEBASED,,true,10453,false,1.3,true,true,true,true,0,0,0,3,true,1,LINESTRING EMPTY
10454,60,false,0,1,RIGHT,1,5,true,0,false,false,,1,true,10,50,true,true,500,0,50,VEHICLEBASED,,true,10454,false,1.3,false,true,true,true,0,0,0,3,true,1,LINESTRING EMPTY
10455,60,false,0,1,ALL,1,5,true,0,false,false,,1,true,10,200,false,true,500,0,50,VEHICLEBASED,,true,10455,false,1.3,false,true,true,true,0,0,0,3,true,1,LINESTRING EMPTY
10456,60,false,0,1,RIGHT,1,5,true,0,false,false,,1,true,10,50,true,true,500,0,50,VEHICLEBASED,,true,10456,false,1.3,true,true,true,true,0,0,0,3,true,1,LINESTRING EMPTY
10457,60,false,0,1,ALL,1,5,true,0,false,false,,1,true,10,200,false,true,500,0,50,VEHICLEBASED,,true,10457,false,1.3,true,true,true,true,0,0,0,3,true,1,LINESTRING EMPTY
10458,60,false,0,1,RIGHT,1,5,true,0,false,false,,1,true,10,50,true,true,500,0,50,VEHICLEBASED,,true,10458,false,1.3,false,true,true,true,0,0,0,3,true,1,LINESTRING EMPTY
10459,60,false,0,1,ALL,1,5,true,0,false,false,,1,true,10,200,false,true,500,0,50,VEHICLEBASED,,true,10459,false,1.3,false,true,true,true,0,0,0,3,true,1,LINESTRING EMPTY
10460,60,false,0,1,RIGHT,1,5,true,0,false,false,,1,true,10,50,true,true,500,0,50,VEHICLEBASED,,true,10460,false,1.3,true,true,true,true,0,0,0,3,true,1,LINESTRING EMPTY
10461,60,false,0,1,ALL,1,5,true,0,false,false,,1,true,10,200,false,true,500,0,50,VEHICLEBASED,,true,10461,false,1.3,true,true,true,true,0,0,0,3,true,1,LINESTRING EMPTY
10462,60,false,0,1,RIGHT,1,5,true,0,false,false,,1,true,10,50,true,true,500,0,50,VEHICLEBASED,,true,10462,false,1.3,false,true,true,true,0,0,0,3,true,1,LINESTRING EMPTY
10463,60,false,0,1,ALL,1,5,true,0,false,false,,1,true,10,200,false,true,500,0,50,VEHICLEBASED,,true,10463,false,1.3,false,true,true,true,0,0,0,3,true,1,LINESTRING EMPTY
10464,60,false,0,1,RIGHT,1,5,true,0,false,false,,1,true,10,50,true,true,500,0,50,VEHICLEBASED,,true,10464,false,1.3,true,true,true,true,0,0,0,3,true,1,LINESTRING EMPTY
10465,60,false,0,1,ALL,1,5,true,0,false,false,,1,true,10,200,false,true,500,0,50,VEHICLEBASED,,true,10465,false,1.3,true,true,true,true,0,0,0,3,true,1,LINESTRING EMPTY
10466,60,false,0,1,LEFT,63,5,true,0,false,false,,1,true,10,50,true,true,500,0,50,VEHICLEBASED,TNorte 1,true,10466,false,1.3,false,true,true,true,0,0,0,3,true,1,LINESTRING EMPTY
10467,60,false,0,1,ALL,63,5,true,0,false,false,,1,true,10,200,false,true,500,0,50,VEHICLEBASED,TNorte 1,true,10467,false,1.3,false,true,true,true,0,0,0,3,true,1,LINESTRING EMPTY
10468,60,false,0,1,LEFT,63,5,true,0,false,false,,1,true,10,50,true,true,500,0,50,VEHICLEBASED,TNorte 1,true,10468,false,1.3,true,true,true,true,0,0,0,3,true,1,LINESTRING EMPTY
10469,60,false,0,1,ALL,63,5,true,0,false,false,,1,true,10,200,false,true,500,0,50,VEHICLEBASED,TNorte 1,true,10469,false,1.3,true,true,true,true,0,0,0,3,true,1,LINESTRING EMPTY
10470,60,false,0,1,LEFT,63,5,true,0,false,false,,1,true,10,50,true,true,500,0,50,VEHICLEBASED,TNorte 1,true,10470,false,1.3,false,true,true,true,0,0,0,3,true,1,LINESTRING EMPTY
10471,60,false,0,1,ALL,63,5,true,0,false,false,,1,true,10,200,false,true,500,0,50,VEHICLEBASED,TNorte 1,true,10471,false,1.3,false,true,true,true,0,0,0,3,true,1,LINESTRING EMPTY
10472,60,false,0,1,LEFT,63,5,true,0,false,false,,1,true,10,50,true,true,500,0,50,VEHICLEBASED,TNorte 1,true,10472,false,1.3,true,true,true,true,0,0,0,3,true,1,LINESTRING EMPTY
10473,60,false,0,1,ALL,63,5,true,0,false,false,,1,true,10,200,false,true,500,0,50,VEHICLEBASED,TNorte 1,true,10473,false,1.3,true,true,true,true,0,0,0,3,true,1,LINESTRING EMPTY
10474,60,false,0,1,LEFT,63,5,true,0,false,false,,1,true,10,50,true,true,500,0,50,VEHICLEBASED,TNorte 1,true,10474,false,1.3,false,true,true,true,0,0,0,3,true,1,LINESTRING EMPTY
10475,60,false,0,1,ALL,63,5,true,0,false,false,,1,true,10,200,false,true,500,0,50,VEHICLEBASED,TNorte 1,true,10475,false,1.3,false,true,true,true,0,0,0,3,true,1,LINESTRING EMPTY
10476,60,false,0,1,LEFT,63,5,true,0,false,false,,1,true,10,50,true,true,500,0,50,VEHICLEBASED,TNorte 1,true,10476,false,1.3,true,true,true,true,0,0,0,3,true,1,LINESTRING EMPTY
10477,60,false,0,1,ALL,63,5,true,0,false,false,,1,true,10,200,false,true,500,0,50,VEHICLEBASED,TNorte 1,true,10477,false,1.3,true,true,true,true,0,0,0,3,true,1,LINESTRING EMPTY
10478,60,false,0,1,LEFT,63,5,true,0,false,false,,1,true,10,50,true,true,500,0,50,VEHICLEBASED,TNorte 1,true,10478,false,1.3,false,true,true,true,0,0,0,3,true,1,LINESTRING EMPTY
10479,60,false,0,1,ALL,63,5,true,0,false,false,,1,true,10,200,false,true,500,0,50,VEHICLEBASED,TNorte 1,true,10479,false,1.3,false,true,true,true,0,0,0,3,true,1,LINESTRING EMPTY
10480,60,false,0,1,LEFT,63,5,true,0,false,false,,1,true,10,50,true,true,500,0,50,VEHICLEBASED,TNorte 1,true,10480,false,1.3,true,true,true,true,0,0,0,3,true,1,LINESTRING EMPTY
10481,60,false,0,1,ALL,63,5,true,0,false,false,,1,true,10,200,false,true,500,0,50,VEHICLEBASED,TNorte 1,true,10481,false,1.3,true,true,true,true,0,0,0,3,true,1,LINESTRING EMPTY
10482,60,false,0,1,LEFT,63,5,true,0,false,false,,1,true,10,50,true,true,500,0,50,VEHICLEBASED,TNorte 1,true,10482,false,1.3,false,true,true,true,0,0,0,3,true,1,LINESTRING EMPTY
10483,60,false,0,1,ALL,63,5,true,0,false,false,,1,true,10,200,false,true,500,0,50,VEHICLEBASED,TNorte 1,true,10483,false,1.3,false,true,true,true,0,0,0,3,true,1,LINESTRING EMPTY
10484,60,false,0,1,LEFT,63,5,true,0,false,false,,1,true,10,50,true,true,500,0,50,VEHICLEBASED,TNorte 1,true,10484,false,1.3,true,true,true,true,0,0,0,3,true,1,LINESTRING EMPTY
10485,60,false,0,1,ALL,63,5,true,0,false,false,,1,true,10,200,false,true,500,0,50,VEHICLEBASED,TNorte 1,true,10485,false,1.3,true,true,true,true,0,0,0,3,true,1,LINESTRING EMPTY
10486,60,false,0,1,LEFT,63,5,true,0,false,false,,1,true,10,50,true,true,500,0,50,VEHICLEBASED,TNorte 1,true,10486,false,1.3,false,true,true,true,0,0,0,3,true,1,LINESTRING EMPTY
10487,60,false,0,1,ALL,63,5,true,0,false,false,,1,true,10,200,false,true,500,0,50,VEHICLEBASED,TNorte 1,true,10487,false,1.3,false,true,true,true,0,0,0,3,true,1,LINESTRING EMPTY
10488,60,false,0,1,LEFT,63,5,true,0,false,false,,1,true,10,50,true,true,500,0,50,VEHICLEBASED,TNorte 1,true,10488,false,1.3,true,true,true,true,0,0,0,3,true,1,LINESTRING EMPTY
10489,60,false,0,1,ALL,63,5,true,0,false,false,,1,true,10,200,false,true,500,0,50,VEHICLEBASED,TNorte 1,true,10489,false,1.3,true,true,true,true,0,0,0,3,true,1,LINESTRING EMPTY
10490,60,false,0,1,LEFT,63,5,true,0,false,false,,1,true,10,50,true,true,500,0,50,VEHICLEBASED,TNorte 1,true,10490,false,1.3,false,true,true,true,0,0,0,3,true,1,LINESTRING EMPTY
10491,60,false,0,1,ALL,63,5,true,0,false,false,,1,true,10,200,false,true,500,0,50,VEHICLEBASED,TNorte 1,true,10491,false,1.3,false,true,true,true,0,0,0,3,true,1,LINESTRING EMPTY
10492,60,false,0,1,LEFT,63,5,true,0,false,false,,1,true,10,50,true,true,500,0,50,VEHICLEBASED,TNorte 1,true,10492,false,1.3,true,true,true,true,0,0,0,3,true,1,LINESTRING EMPTY
10493,60,false,0,1,ALL,63,5,true,0,false,false,,1,true,10,200,false,true,500,0,50,VEHICLEBASED,TNorte 1,true,10493,false,1.3,true,true,true,true,0,0,0,3,true,1,LINESTRING EMPTY
10494,60,false,0,1,LEFT,63,5,true,0,false,false,,1,true,10,50,true,true,500,0,50,VEHICLEBASED,TNorte 1,true,10494,false,1.3,false,true,true,true,0,0,0,3,true,1,LINESTRING EMPTY
10495,60,false,0,1,ALL,63,5,true,0,false,false,,1,true,10,200,false,true,500,0,50,VEHICLEBASED,TNorte 1,true,10495,false,1.3,false,true,true,true,0,0,0,3,true,1,LINESTRING EMPTY
10496,60,false,0,1,LEFT,63,5,true,0,false,false,,1,true,10,50,true,true,500,0,50,VEHICLEBASED,TNorte 1,true,10496,false,1.3,true,true,true,true,0,0,0,3,true,1,LINESTRING EMPTY
10497,60,false,0,1,ALL,63,5,true,0,false,false,,1,true,10,200,false,true,500,0,50,VEHICLEBASED,TNorte 1,true,10497,false,1.3,true,true,true,true,0,0,0,3,true,1,LINESTRING EMPTY
10542,60,false,0,1,RIGHT,63,5,true,0,false,false,,1,true,10,50,true,true,500,0,50,VEHICLEBASED,TNorte 1,true,10542,false,1.3,false,true,true,true,0,0,0,3,true,1,LINESTRING EMPTY
10543,60,false,0,1,ALL,63,5,true,0,false,false,,1,true,10,200,false,true,500,0,50,VEHICLEBASED,TNorte 1,true,10543,false,1.3,false,true,true,true,0,0,0,3,true,1,LINESTRING EMPTY
10544,60,false,0,1,RIGHT,63,5,true,0,false,false,,1,true,10,50,true,true,500,0,50,VEHICLEBASED,TNorte 1,true,10544,false,1.3,true,true,true,true,0,0,0,3,true,1,LINESTRING EMPTY
10545,60,false,0,1,ALL,63,5,true,0,false,false,,1,true,10,200,false,true,500,0,50,VEHICLEBASED,TNorte 1,true,10545,false,1.3,true,true,true,true,0,0,0,3,true,1,LINESTRING EMPTY
10546,60,false,0,1,RIGHT,63,5,true,0,false,false,,1,true,10,50,true,true,500,0,50,VEHICLEBASED,TNorte 1,true,10546,false,1.3,false,true,true,true,0,0,0,3,true,1,LINESTRING EMPTY
10547,60,false,0,1,ALL,63,5,true,0,false,false,,1,true,10,200,false,true,500,0,50,VEHICLEBASED,TNorte 1,true,10547,false,1.3,false,true,true,true,0,0,0,3,true,1,LINESTRING EMPTY
10548,60,false,0,1,RIGHT,63,5,true,0,false,false,,1,true,10,50,true,true,500,0,50,VEHICLEBASED,TNorte 1,true,10548,false,1.3,true,true,true,true,0,0,0,3,true,1,LINESTRING EMPTY
10549,60,false,0,1,ALL,63,5,true,0,false,false,,1,true,10,200,false,true,500,0,50,VEHICLEBASED,TNorte 1,true,10549,false,1.3,true,true,true,true,0,0,0,3,true,1,LINESTRING EMPTY
10550,60,false,0,1,RIGHT,63,5,true,0,false,false,,1,true,10,50,true,true,500,0,50,VEHICLEBASED,TNorte 1,true,10550,false,1.3,false,true,true,true,0,0,0,3,true,1,LINESTRING EMPTY
10551,60,false,0,1,ALL,63,5,true,0,false,false,,1,true,10,200,false,true,500,0,50,VEHICLEBASED,TNorte 1,true,10551,false,1.3,false,true,true,true,0,0,0,3,true,1,LINESTRING EMPTY
10552,60,false,0,1,RIGHT,63,5,true,0,false,false,,1,true,10,50,true,true,500,0,50,VEHICLEBASED,TNorte 1,true,10552,false,1.3,true,true,true,true,0,0,0,3,true,1,LINESTRING EMPTY
10553,60,false,0,1,ALL,63,5,true,0,false,false,,1,true,10,200,false,true,500,0,50,VEHICLEBASED,TNorte 1,true,10553,false,1.3,true,true,true,true,0,0,0,3,true,1,LINESTRING EMPTY
10554,60,false,0,1,RIGHT,63,5,true,0,false,false,,1,true,10,50,true,true,500,0,50,VEHICLEBASED,TNorte 1,true,10554,false,1.3,false,true,true,true,0,0,0,3,true,1,LINESTRING EMPTY
10555,60,false,0,1,ALL,63,5,true,0,false,false,,1,true,10,200,false,true,500,0,50,VEHICLEBASED,TNorte 1,true,10555,false,1.3,false,true,true,true,0,0,0,3,true,1,LINESTRING EMPTY
10556,60,false,0,1,RIGHT,63,5,true,0,false,false,,1,true,10,50,true,true,500,0,50,VEHICLEBASED,TNorte 1,true,10556,false,1.3,true,true,true,true,0,0,0,3,true,1,LINESTRING EMPTY
10557,60,false,0,1,ALL,63,5,true,0,false,false,,1,true,10,200,false,true,500,0,50,VEHICLEBASED,TNorte 1,true,10557,false,1.3,true,true,true,true,0,0,0,3,true,1,LINESTRING EMPTY
10558,60,false,0,1,RIGHT,63,5,true,0,false,false,,1,true,10,50,true,true,500,0,50,VEHICLEBASED,TNorte 1,true,10558,false,1.3,false,true,true,true,0,0,0,3,true,1,LINESTRING EMPTY
10559,60,false,0,1,ALL,63,5,true,0,false,false,,1,true,10,200,false,true,500,0,50,VEHICLEBASED,TNorte 1,true,10559,false,1.3,false,true,true,true,0,0,0,3,true,1,LINESTRING EMPTY
10560,60,false,0,1,RIGHT,63,5,true,0,false,false,,1,true,10,50,true,true,500,0,50,VEHICLEBASED,TNorte 1,true,10560,false,1.3,true,true,true,true,0,0,0,3,true,1,LINESTRING EMPTY
10561,60,false,0,1,ALL,63,5,true,0,false,false,,1,true,10,200,false,true,500,0,50,VEHICLEBASED,TNorte 1,true,10561,false,1.3,true,true,true,true,0,0,0,3,true,1,LINESTRING EMPTY
10562,60,false,0,1,RIGHT,63,5,true,0,false,false,,1,true,10,50,true,true,500,0,50,VEHICLEBASED,TNorte 1,true,10562,false,1.3,false,true,true,true,0,0,0,3,true,1,LINESTRING EMPTY
10563,60,false,0,1,ALL,63,5,true,0,false,false,,1,true,10,200,false,true,500,0,50,VEHICLEBASED,TNorte 1,true,10563,false,1.3,false,true,true,true,0,0,0,3,true,1,LINESTRING EMPTY
10564,60,false,0,1,RIGHT,63,5,true,0,false,false,,1,true,10,50,true,true,500,0,50,VEHICLEBASED,TNorte 1,true,10564,false,1.3,true,true,true,true,0,0,0,3,true,1,LINESTRING EMPTY
10565,60,false,0,1,ALL,63,5,true,0,false,false,,1,true,10,200,false,true,500,0,50,VEHICLEBASED,TNorte 1,true,10565,false,1.3,true,true,true,true,0,0,0,3,true,1,LINESTRING EMPTY
10566,60,false,0,1,RIGHT,63,5,true,0,false,false,,1,true,10,50,true,true,500,0,50,VEHICLEBASED,TNorte 1,true,10566,false,1.3,false,true,true,true,0,0,0,3,true,1,LINESTRING EMPTY
10567,60,false,0,1,ALL,63,5,true,0,false,false,,1,true,10,200,false,true,500,0,50,VEHICLEBASED,TNorte 1,true,10567,false,1.3,false,true,true,true,0,0,0,3,true,1,LINESTRING EMPTY
10568,60,false,0,1,RIGHT,63,5,true,0,false,false,,1,true,10,50,true,true,500,0,50,VEHICLEBASED,TNorte 1,true,10568,false,1.3,true,true,true,true,0,0,0,3,true,1,LINESTRING EMPTY
10569,60,false,0,1,ALL,63,5,true,0,false,false,,1,true,10,200,false,true,500,0,50,VEHICLEBASED,TNorte 1,true,10569,false,1.3,true,true,true,true,0,0,0,3,true,1,LINESTRING EMPTY
10570,60,false,0,1,RIGHT,63,5,true,0,false,false,,1,true,10,50,true,true,500,0,50,VEHICLEBASED,TNorte 1,true,10570,false,1.3,false,true,true,true,0,0,0,3,true,1,LINESTRING EMPTY
10571,60,false,0,1,ALL,63,5,true,0,false,false,,1,true,10,200,false,true,500,0,50,VEHICLEBASED,TNorte 1,true,10571,false,1.3,false,true,true,true,0,0,0,3,true,1,LINESTRING EMPTY
10572,60,false,0,1,RIGHT,63,5,true,0,false,false,,1,true,10,50,true,true,500,0,50,VEHICLEBASED,TNorte 1,true,10572,false,1.3,true,true,true,true,0,0,0,3,true,1,LINESTRING EMPTY
10573,60,false,0,1,ALL,63,5,true,0,false,false,,1,true,10,200,false,true,500,0,50,VEHICLEBASED,TNorte 1,true,10573,false,1.3,true,true,true,true,0,0,0,3,true,1,LINESTRING EMPTY
10574,60,false,0,1,RIGHT,63,5,true,0,false,false,,1,true,10,50,true,true,500,0,50,VEHICLEBASED,TNorte 1,true,10574,false,1.3,false,true,true,true,0,0,0,3,true,1,LINESTRING EMPTY
10575,60,false,0,1,ALL,63,5,true,0,false,false,,1,true,10,200,false,true,500,0,50,VEHICLEBASED,TNorte 1,true,10575,false,1.3,false,true,true,true,0,0,0,3,true,1,LINESTRING EMPTY
10576,60,false,0,1,RIGHT,63,5,true,0,false,false,,1,true,10,50,true,true,500,0,50,VEHICLEBASED,TNorte 1,true,10576,false,1.3,true,true,true,true,0,0,0,3,true,1,LINESTRING EMPTY
10577,60,false,0,1,ALL,63,5,true,0,false,false,,1,true,10,200,false,true,500,0,50,VEHICLEBASED,TNorte 1,true,10577,false,1.3,true,true,true,true,0,0,0,3,true,1,LINESTRING EMPTY
10578,60,false,0,1,RIGHT,87,5,true,0,false,false,,1,true,10,50,true,true,500,0,50,VEHICLEBASED,TGL 2,true,10578,false,1.3,false,true,true,true,0,0,0,3,true,1,LINESTRING EMPTY
10579,60,false,0,1,LEFT,87,5,true,0,false,false,,1,true,10,50,true,true,500,0,50,VEHICLEBASED,TGL 2,true,10579,false,1.3,false,true,true,true,0,0,0,3,true,1,LINESTRING EMPTY
10580,60,false,0,1,ALL,87,5,true,0,false,false,,1,true,10,200,false,true,500,0,50,VEHICLEBASED,TGL 2,true,10580,false,1.3,false,true,true,true,0,0,0,3,true,1,LINESTRING EMPTY
10581,60,false,0,1,RIGHT,87,5,true,0,false,false,,1,true,10,50,true,true,500,0,50,VEHICLEBASED,TGL 2,true,10581,false,1.3,true,true,true,true,0,0,0,3,true,1,LINESTRING EMPTY
10582,60,false,0,1,LEFT,87,5,true,0,false,false,,1,true,10,50,true,true,500,0,50,VEHICLEBASED,TGL 2,true,10582,false,1.3,true,true,true,true,0,0,0,3,true,1,LINESTRING EMPTY
10583,60,false,0,1,ALL,87,5,true,0,false,false,,1,true,10,200,false,true,500,0,50,VEHICLEBASED,TGL 2,true,10583,false,1.3,true,true,true,true,0,0,0,3,true,1,LINESTRING EMPTY
10584,60,false,0,1,RIGHT,87,5,true,0,false,false,,1,true,10,50,true,true,500,0,50,VEHICLEBASED,TGL 2,true,10584,false,1.3,false,true,true,true,0,0,0,3,true,1,LINESTRING EMPTY
10585,60,false,0,1,LEFT,87,5,true,0,false,false,,1,true,10,50,true,true,500,0,50,VEHICLEBASED,TGL 2,true,10585,false,1.3,false,true,true,true,0,0,0,3,true,1,LINESTRING EMPTY
10586,60,false,0,1,ALL,87,5,true,0,false,false,,1,true,10,200,false,true,500,0,50,VEHICLEBASED,TGL 2,true,10586,false,1.3,false,true,true,true,0,0,0,3,true,1,LINESTRING EMPTY
10587,60,false,0,1,RIGHT,87,5,true,0,false,false,,1,true,10,50,true,true,500,0,50,VEHICLEBASED,TGL 2,true,10587,false,1.3,true,true,true,true,0,0,0,3,true,1,LINESTRING EMPTY
10588,60,false,0,1,LEFT,87,5,true,0,false,false,,1,true,10,50,true,true,500,0,50,VEHICLEBASED,TGL 2,true,10588,false,1.3,true,true,true,true,0,0,0,3,true,1,LINESTRING EMPTY
10589,60,false,0,1,ALL,87,5,true,0,false,false,,1,true,10,200,false,true,500,0,50,VEHICLEBASED,TGL 2,true,10589,false,1.3,true,true,true,true,0,0,0,3,true,1,LINESTRING EMPTY
10590,60,false,0,1,RIGHT,87,5,true,0,false,false,,1,true,10,50,true,true,500,0,50,VEHICLEBASED,TGL 2,true,10590,false,1.3,false,true,true,true,0,0,0,3,true,1,LINESTRING EMPTY
10591,60,false,0,1,LEFT,87,5,true,0,false,false,,1,true,10,50,true,true,500,0,50,VEHICLEBASED,TGL 2,true,10591,false,1.3,false,true,true,true,0,0,0,3,true,1,LINESTRING EMPTY
10592,60,false,0,1,ALL,87,5,true,0,false,false,,1,true,10,200,false,true,500,0,50,VEHICLEBASED,TGL 2,true,10592,false,1.3,false,true,true,true,0,0,0,3,true,1,LINESTRING EMPTY
10593,60,false,0,1,RIGHT,87,5,true,0,false,false,,1,true,10,50,true,true,500,0,50,VEHICLEBASED,TGL 2,true,10593,false,1.3,true,true,true,true,0,0,0,3,true,1,LINESTRING EMPTY
10594,60,false,0,1,LEFT,87,5,true,0,false,false,,1,true,10,50,true,true,500,0,50,VEHICLEBASED,TGL 2,true,10594,false,1.3,true,true,true,true,0,0,0,3,true,1,LINESTRING EMPTY
10595,60,false,0,1,ALL,87,5,true,0,false,false,,1,true,10,200,false,true,500,0,50,VEHICLEBASED,TGL 2,true,10595,false,1.3,true,true,true,true,0,0,0,3,true,1,LINESTRING EMPTY
10596,60,false,0,1,RIGHT,87,5,true,0,false,false,,1,true,10,50,true,true,500,0,50,VEHICLEBASED,TGL 2,true,10596,false,1.3,false,true,true,true,0,0,0,3,true,1,LINESTRING EMPTY
10597,60,false,0,1,LEFT,87,5,true,0,false,false,,1,true,10,50,true,true,500,0,50,VEHICLEBASED,TGL 2,true,10597,false,1.3,false,true,true,true,0,0,0,3,true,1,LINESTRING EMPTY
10598,60,false,0,1,ALL,87,5,true,0,false,false,,1,true,10,200,false,true,500,0,50,VEHICLEBASED,TGL 2,true,10598,false,1.3,false,true,true,true,0,0,0,3,true,1,LINESTRING EMPTY
10599,60,false,0,1,RIGHT,87,5,true,0,false,false,,1,true,10,50,true,true,500,0,50,VEHICLEBASED,TGL 2,true,10599,false,1.3,true,true,true,true,0,0,0,3,true,1,LINESTRING EMPTY
10600,60,false,0,1,LEFT,87,5,true,0,false,false,,1,true,10,50,true,true,500,0,50,VEHICLEBASED,TGL 2,true,10600,false,1.3,true,true,true,true,0,0,0,3,true,1,LINESTRING EMPTY
10601,60,false,0,1,ALL,87,5,true,0,false,false,,1,true,10,200,false,true,500,0,50,VEHICLEBASED,TGL 2,true,10601,false,1.3,true,true,true,true,0,0,0,3,true,1,LINESTRING EMPTY
10602,60,false,0,1,RIGHT,87,5,true,0,false,false,,1,true,10,50,true,true,500,0,50,VEHICLEBASED,TGL 2,true,10602,false,1.3,false,true,true,true,0,0,0,3,true,1,LINESTRING EMPTY
10603,60,false,0,1,LEFT,87,5,true,0,false,false,,1,true,10,50,true,true,500,0,50,VEHICLEBASED,TGL 2,true,10603,false,1.3,false,true,true,true,0,0,0,3,true,1,LINESTRING EMPTY
10604,60,false,0,1,ALL,87,5,true,0,false,false,,1,true,10,200,false,true,500,0,50,VEHICLEBASED,TGL 2,true,10604,false,1.3,false,true,true,true,0,0,0,3,true,1,LINESTRING EMPTY
10605,60,false,0,1,RIGHT,87,5,true,0,false,false,,1,true,10,50,true,true,500,0,50,VEHICLEBASED,TGL 2,true,10605,false,1.3,true,true,true,true,0,0,0,3,true,1,LINESTRING EMPTY
10606,60,false,0,1,LEFT,87,5,true,0,false,false,,1,true,10,50,true,true,500,0,50,VEHICLEBASED,TGL 2,true,10606,false,1.3,true,true,true,true,0,0,0,3,true,1,LINESTRING EMPTY
10607,60,false,0,1,ALL,87,5,true,0,false,false,,1,true,10,200,false,true,500,0,50,VEHICLEBASED,TGL 2,true,10607,false,1.3,true,true,true,true,0,0,0,3,true,1,LINESTRING EMPTY
10608,60,false,0,1,RIGHT,87,5,true,0,false,false,,1,true,10,50,true,true,500,0,50,VEHICLEBASED,TGL 2,true,10608,false,1.3,false,true,true,true,0,0,0,3,true,1,LINESTRING EMPTY
10609,60,false,0,1,LEFT,87,5,true,0,false,false,,1,true,10,50,true,true,500,0,50,VEHICLEBASED,TGL 2,true,10609,false,1.3,false,true,true,true,0,0,0,3,true,1,LINESTRING EMPTY
10610,60,false,0,1,ALL,87,5,true,0,false,false,,1,true,10,200,false,true,500,0,50,VEHICLEBASED,TGL 2,true,10610,false,1.3,false,true,true,true,0,0,0,3,true,1,LINESTRING EMPTY
10611,60,false,0,1,RIGHT,87,5,true,0,false,false,,1,true,10,50,true,true,500,0,50,VEHICLEBASED,TGL 2,true,10611,false,1.3,true,true,true,true,0,0,0,3,true,1,LINESTRING EMPTY
10612,60,false,0,1,LEFT,87,5,true,0,false,false,,1,true,10,50,true,true,500,0,50,VEHICLEBASED,TGL 2,true,10612,false,1.3,true,true,true,true,0,0,0,3,true,1,LINESTRING EMPTY
10613,60,false,0,1,ALL,87,5,true,0,false,false,,1,true,10,200,false,true,500,0,50,VEHICLEBASED,TGL 2,true,10613,false,1.3,true,true,true,true,0,0,0,3,true,1,LINESTRING EMPTY
10614,60,false,0,1,RIGHT,87,5,true,0,false,false,,1,true,10,50,true,true,500,0,50,VEHICLEBASED,TGL 2,true,10614,false,1.3,false,true,true,true,0,0,0,3,true,1,LINESTRING EMPTY
10615,60,false,0,1,LEFT,87,5,true,0,false,false,,1,true,10,50,true,true,500,0,50,VEHICLEBASED,TGL 2,true,10615,false,1.3,false,true,true,true,0,0,0,3,true,1,LINESTRING EMPTY
10616,60,false,0,1,ALL,87,5,true,0,false,false,,1,true,10,200,false,true,500,0,50,VEHICLEBASED,TGL 2,true,10616,false,1.3,false,true,true,true,0,0,0,3,true,1,LINESTRING EMPTY
10617,60,false,0,1,RIGHT,87,5,true,0,false,false,,1,true,10,50,true,true,500,0,50,VEHICLEBASED,TGL 2,true,10617,false,1.3,true,true,true,true,0,0,0,3,true,1,LINESTRING EMPTY
10618,60,false,0,1,LEFT,87,5,true,0,false,false,,1,true,10,50,true,true,500,0,50,VEHICLEBASED,TGL 2,true,10618,false,1.3,true,true,true,true,0,0,0,3,true,1,LINESTRING EMPTY
10619,60,false,0,1,ALL,87,5,true,0,false,false,,1,true,10,200,false,true,500,0,50,VEHICLEBASED,TGL 2,true,10619,false,1.3,true,true,true,true,0,0,0,3,true,1,LINESTRING EMPTY
10620,60,false,0,1,RIGHT,87,5,true,0,false,false,,1,true,10,50,true,true,500,0,50,VEHICLEBASED,TGL 2,true,10620,false,1.3,false,true,true,true,0,0,0,3,true,1,LINESTRING EMPTY
10621,60,false,0,1,LEFT,87,5,true,0,false,false,,1,true,10,50,true,true,500,0,50,VEHICLEBASED,TGL 2,true,10621,false,1.3,false,true,true,true,0,0,0,3,true,1,LINESTRING EMPTY
10622,60,false,0,1,ALL,87,5,true,0,false,false,,1,true,10,200,false,true,500,0,50,VEHICLEBASED,TGL 2,true,10622,false,1.3,false,true,true,true,0,0,0,3,true,1,LINESTRING EMPTY
10623,60,false,0,1,RIGHT,87,5,true,0,false,false,,1,true,10,50,true,true,500,0,50,VEHICLEBASED,TGL 2,true,10623,false,1.3,true,true,true,true,0,0,0,3,true,1,LINESTRING EMPTY
10624,60,false,0,1,LEFT,87,5,true,0,false,false,,1,true,10,50,true,true,500,0,50,VEHICLEBASED,TGL 2,true,10624,false,1.3,true,true,true,true,0,0,0,3,true,1,LINESTRING EMPTY
10625,60,false,0,1,ALL,87,5,true,0,false,false,,1,true,10,200,false,true,500,0,50,VEHICLEBASED,TGL 2,true,10625,false,1.3,true,true,true,true,0,0,0,3,true,1,LINESTRING EMPTY
10626,60,false,0,1,RIGHT,87,5,true,0,false,false,,1,true,10,50,true,true,500,0,50,VEHICLEBASED,TGL 2,true,10626,false,1.3,false,true,true,true,0,0,0,3,true,1,LINESTRING EMPTY
10627,60,false,0,1,LEFT,87,5,true,0,false,false,,1,true,10,50,true,true,500,0,50,VEHICLEBASED,TGL 2,true,10627,false,1.3,false,true,true,true,0,0,0,3,true,1,LINESTRING EMPTY
10628,60,false,0,1,ALL,87,5,true,0,false,false,,1,true,10,200,false,true,500,0,50,VEHICLEBASED,TGL 2,true,10628,false,1.3,false,true,true,true,0,0,0,3,true,1,LINESTRING EMPTY
10629,60,false,0,1,RIGHT,87,5,true,0,false,false,,1,true,10,50,true,true,500,0,50,VEHICLEBASED,TGL 2,true,10629,false,1.3,true,true,true,true,0,0,0,3,true,1,LINESTRING EMPTY
10630,60,false,0,1,LEFT,87,5,true,0,false,false,,1,true,10,50,true,true,500,0,50,VEHICLEBASED,TGL 2,true,10630,false,1.3,true,true,true,true,0,0,0,3,true,1,LINESTRING EMPTY
10631,60,false,0,1,ALL,87,5,true,0,false,false,,1,true,10,200,false,true,500,0,50,VEHICLEBASED,TGL 2,true,10631,false,1.3,true,true,true,true,0,0,0,3,true,1,LINESTRING EMPTY
10632,60,false,0,1,RIGHT,87,5,true,0,false,false,,1,true,10,50,true,true,500,0,50,VEHICLEBASED,TGL 2,true,10632,false,1.3,false,true,true,true,0,0,0,3,true,1,LINESTRING EMPTY
10633,60,false,0,1,LEFT,87,5,true,0,false,false,,1,true,10,50,true,true,500,0,50,VEHICLEBASED,TGL 2,true,10633,false,1.3,false,true,true,true,0,0,0,3,true,1,LINESTRING EMPTY
10634,60,false,0,1,ALL,87,5,true,0,false,false,,1,true,10,200,false,true,500,0,50,VEHICLEBASED,TGL 2,true,10634,false,1.3,false,true,true,true,0,0,0,3,true,1,LINESTRING EMPTY
10635,60,false,0,1,RIGHT,87,5,true,0,false,false,,1,true,10,50,true,true,500,0,50,VEHICLEBASED,TGL 2,true,10635,false,1.3,true,true,true,true,0,0,0,3,true,1,LINESTRING EMPTY
10636,60,false,0,1,LEFT,87,5,true,0,false,false,,1,true,10,50,true,true,500,0,50,VEHICLEBASED,TGL 2,true,10636,false,1.3,true,true,true,true,0,0,0,3,true,1,LINESTRING EMPTY
10637,60,false,0,1,ALL,87,5,true,0,false,false,,1,true,10,200,false,true,500,0,50,VEHICLEBASED,TGL 2,true,10637,false,1.3,true,true,true,true,0,0,0,3,true,1,LINESTRING EMPTY
10638,60,false,0,1,RIGHT,87,5,true,0,false,false,,1,true,10,50,true,true,500,0,50,VEHICLEBASED,TGL 2,true,10638,false,1.3,false,true,true,true,0,0,0,3,true,1,LINESTRING EMPTY
10639,60,false,0,1,LEFT,87,5,true,0,false,false,,1,true,10,50,true,true,500,0,50,VEHICLEBASED,TGL 2,true,10639,false,1.3,false,true,true,true,0,0,0,3,true,1,LINESTRING EMPTY
10640,60,false,0,1,ALL,87,5,true,0,false,false,,1,true,10,200,false,true,500,0,50,VEHICLEBASED,TGL 2,true,10640,false,1.3,false,true,true,true,0,0,0,3,true,1,LINESTRING EMPTY
10641,60,false,0,1,RIGHT,87,5,true,0,false,false,,1,true,10,50,true,true,500,0,50,VEHICLEBASED,TGL 2,true,10641,false,1.3,true,true,true,true,0,0,0,3,true,1,LINESTRING EMPTY
10642,60,false,0,1,LEFT,87,5,true,0,false,false,,1,true,10,50,true,true,500,0,50,VEHICLEBASED,TGL 2,true,10642,false,1.3,true,true,true,true,0,0,0,3,true,1,LINESTRING EMPTY
10643,60,false,0,1,ALL,87,5,true,0,false,false,,1,true,10,200,false,true,500,0,50,VEHICLEBASED,TGL 2,true,10643,false,1.3,true,true,true,true,0,0,0,3,true,1,LINESTRING EMPTY
10644,60,false,0,1,RIGHT,87,5,true,0,false,false,,1,true,10,50,true,true,500,0,50,VEHICLEBASED,TGL 2,true,10644,false,1.3,false,true,true,true,0,0,0,3,true,1,LINESTRING EMPTY
10645,60,false,0,1,LEFT,87,5,true,0,false,false,,1,true,10,50,true,true,500,0,50,VEHICLEBASED,TGL 2,true,10645,false,1.3,false,true,true,true,0,0,0,3,true,1,LINESTRING EMPTY
10646,60,false,0,1,ALL,87,5,true,0,false,false,,1,true,10,200,false,true,500,0,50,VEHICLEBASED,TGL 2,true,10646,false,1.3,false,true,true,true,0,0,0,3,true,1,LINESTRING EMPTY
10647,60,false,0,1,RIGHT,87,5,true,0,false,false,,1,true,10,50,true,true,500,0,50,VEHICLEBASED,TGL 2,true,10647,false,1.3,true,true,true,true,0,0,0,3,true,1,LINESTRING EMPTY
10648,60,false,0,1,LEFT,87,5,true,0,false,false,,1,true,10,50,true,true,500,0,50,VEHICLEBASED,TGL 2,true,10648,false,1.3,true,true,true,true,0,0,0,3,true,1,LINESTRING EMPTY
10649,60,false,0,1,ALL,87,5,true,0,false,false,,1,true,10,200,false,true,500,0,50,VEHICLEBASED,TGL 2,true,10649,false,1.3,true,true,true,true,0,0,0,3,true,1,LINESTRING EMPTY
10650,60,false,0,1,RIGHT,87,5,true,0,false,false,,1,true,10,50,true,true,500,0,50,VEHICLEBASED,TGL 2,true,10650,false,1.3,false,true,true,true,0,0,0,3,true,1,LINESTRING EMPTY
10651,60,false,0,1,LEFT,87,5,true,0,false,false,,1,true,10,50,true,true,500,0,50,VEHICLEBASED,TGL 2,true,10651,false,1.3,false,true,true,true,0,0,0,3,true,1,LINESTRING EMPTY
10652,60,false,0,1,ALL,87,5,true,0,false,false,,1,true,10,200,false,true,500,0,50,VEHICLEBASED,TGL 2,true,10652,false,1.3,false,true,true,true,0,0,0,3,true,1,LINESTRING EMPTY
10653,60,false,0,1,RIGHT,87,5,true,0,false,false,,1,true,10,50,true,true,500,0,50,VEHICLEBASED,TGL 2,true,10653,false,1.3,true,true,true,true,0,0,0,3,true,1,LINESTRING EMPTY
10654,60,false,0,1,LEFT,87,5,true,0,false,false,,1,true,10,50,true,true,500,0,50,VEHICLEBASED,TGL 2,true,10654,false,1.3,true,true,true,true,0,0,0,3,true,1,LINESTRING EMPTY
10655,60,false,0,1,ALL,87,5,true,0,false,false,,1,true,10,200,false,true,500,0,50,VEHICLEBASED,TGL 2,true,10655,false,1.3,true,true,true,true,0,0,0,3,true,1,LINESTRING EMPTY
10656,60,false,0,1,RIGHT,87,5,true,0,false,false,,1,true,10,50,true,true,500,0,50,VEHICLEBASED,TGL 2,true,10656,false,1.3,false,true,true,true,0,0,0,3,true,1,LINESTRING EMPTY
10657,60,false,0,1,LEFT,87,5,true,0,false,false,,1,true,10,50,true,true,500,0,50,VEHICLEBASED,TGL 2,true,10657,false,1.3,false,true,true,true,0,0,0,3,true,1,LINESTRING EMPTY
10658,60,false,0,1,ALL,87,5,true,0,false,false,,1,true,10,200,false,true,500,0,50,VEHICLEBASED,TGL 2,true,10658,false,1.3,false,true,true,true,0,0,0,3,true,1,LINESTRING EMPTY
10659,60,false,0,1,RIGHT,87,5,true,0,false,false,,1,true,10,50,true,true,500,0,50,VEHICLEBASED,TGL 2,true,10659,false,1.3,true,true,true,true,0,0,0,3,true,1,LINESTRING EMPTY
10660,60,false,0,1,LEFT,87,5,true,0,false,false,,1,true,10,50,true,true,500,0,50,VEHICLEBASED,TGL 2,true,10660,false,1.3,true,true,true,true,0,0,0,3,true,1,LINESTRING EMPTY
10661,60,false,0,1,ALL,87,5,true,0,false,false,,1,true,10,200,false,true,500,0,50,VEHICLEBASED,TGL 2,true,10661,false,1.3,true,true,true,true,0,0,0,3,true,1,LINESTRING EMPTY
10662,60,false,0,1,RIGHT,87,5,true,0,false,false,,1,true,10,50,true,true,500,0,50,VEHICLEBASED,TGL 2,true,10662,false,1.3,false,true,true,true,0,0,0,3,true,1,LINESTRING EMPTY
10663,60,false,0,1,LEFT,87,5,true,0,false,false,,1,true,10,50,true,true,500,0,50,VEHICLEBASED,TGL 2,true,10663,false,1.3,false,true,true,true,0,0,0,3,true,1,LINESTRING EMPTY
10664,60,false,0,1,ALL,87,5,true,0,false,false,,1,true,10,200,false,true,500,0,50,VEHICLEBASED,TGL 2,true,10664,false,1.3,false,true,true,true,0,0,0,3,true,1,LINESTRING EMPTY
10665,60,false,0,1,RIGHT,87,5,true,0,false,false,,1,true,10,50,true,true,500,0,50,VEHICLEBASED,TGL 2,true,10665,false,1.3,true,true,true,true,0,0,0,3,true,1,LINESTRING EMPTY
10666,60,false,0,1,LEFT,87,5,true,0,false,false,,1,true,10,50,true,true,500,0,50,VEHICLEBASED,TGL 2,true,10666,false,1.3,true,true,true,true,0,0,0,3,true,1,LINESTRING EMPTY
10667,60,false,0,1,ALL,87,5,true,0,false,false,,1,true,10,200,false,true,500,0,50,VEHICLEBASED,TGL 2,true,10667,false,1.3,true,true,true,true,0,0,0,3,true,1,LINESTRING EMPTY
10668,60,false,0,1,RIGHT,87,5,true,0,false,false,,1,true,10,50,true,true,500,0,50,VEHICLEBASED,TGL 2,true,10668,false,1.3,false,true,true,true,0,0,0,3,true,1,LINESTRING EMPTY
10669,60,false,0,1,LEFT,87,5,true,0,false,false,,1,true,10,50,true,true,500,0,50,VEHICLEBASED,TGL 2,true,10669,false,1.3,false,true,true,true,0,0,0,3,true,1,LINESTRING EMPTY
10670,60,false,0,1,ALL,87,5,true,0,false,false,,1,true,10,200,false,true,500,0,50,VEHICLEBASED,TGL 2,true,10670,false,1.3,false,true,true,true,0,0,0,3,true,1,LINESTRING EMPTY
10671,60,false,0,1,RIGHT,87,5,true,0,false,false,,1,true,10,50,true,true,500,0,50,VEHICLEBASED,TGL 2,true,10671,false,1.3,true,true,true,true,0,0,0,3,true,1,LINESTRING EMPTY
10672,60,false,0,1,LEFT,87,5,true,0,false,false,,1,true,10,50,true,true,500,0,50,VEHICLEBASED,TGL 2,true,10672,false,1.3,true,true,true,true,0,0,0,3,true,1,LINESTRING EMPTY
10673,60,false,0,1,ALL,87,5,true,0,false,false,,1,true,10,200,false,true,500,0,50,VEHICLEBASED,TGL 2,true,10673,false,1.3,true,true,true,true,0,0,0,3,true,1,LINESTRING EMPTY
10674,60,false,0,1,RIGHT,87,5,true,0,false,false,,1,true,10,50,true,true,500,0,50,VEHICLEBASED,TGL 2,true,10674,false,1.3,false,true,true,true,0,0,0,3,true,1,LINESTRING EMPTY
10675,60,false,0,1,LEFT,87,5,true,0,false,false,,1,true,10,50,true,true,500,0,50,VEHICLEBASED,TGL 2,true,10675,false,1.3,false,true,true,true,0,0,0,3,true,1,LINESTRING EMPTY
10676,60,false,0,1,ALL,87,5,true,0,false,false,,1,true,10,200,false,true,500,0,50,VEHICLEBASED,TGL 2,true,10676,false,1.3,false,true,true,true,0,0,0,3,true,1,LINESTRING EMPTY
10677,60,false,0,1,RIGHT,87,5,true,0,false,false,,1,true,10,50,true,true,500,0,50,VEHICLEBASED,TGL 2,true,10677,false,1.3,true,true,true,true,0,0,0,3,true,1,LINESTRING EMPTY
10678,60,false,0,1,LEFT,87,5,true,0,false,false,,1,true,10,50,true,true,500,0,50,VEHICLEBASED,TGL 2,true,10678,false,1.3,true,true,true,true,0,0,0,3,true,1,LINESTRING EMPTY
10679,60,false,0,1,ALL,87,5,true,0,false,false,,1,true,10,200,false,true,500,0,50,VEHICLEBASED,TGL 2,true,10679,false,1.3,true,true,true,true,0,0,0,3,true,1,LINESTRING EMPTY
10680,60,false,0,1,RIGHT,87,5,true,0,false,false,,1,true,10,50,true,true,500,0,50,VEHICLEBASED,TGL 2,true,10680,false,1.3,false,true,true,true,0,0,0,3,true,1,LINESTRING EMPTY
10681,60,false,0,1,LEFT,87,5,true,0,false,false,,1,true,10,50,true,true,500,0,50,VEHICLEBASED,TGL 2,true,10681,false,1.3,false,true,true,true,0,0,0,3,true,1,LINESTRING EMPTY
10682,60,false,0,1,ALL,87,5,true,0,false,false,,1,true,10,200,false,true,500,0,50,VEHICLEBASED,TGL 2,true,10682,false,1.3,false,true,true,true,0,0,0,3,true,1,LINESTRING EMPTY
10683,60,false,0,1,RIGHT,87,5,true,0,false,false,,1,true,10,50,true,true,500,0,50,VEHICLEBASED,TGL 2,true,10683,false,1.3,true,true,true,true,0,0,0,3,true,1,LINESTRING EMPTY
10684,60,false,0,1,LEFT,87,5,true,0,false,false,,1,true,10,50,true,true,500,0,50,VEHICLEBASED,TGL 2,true,10684,false,1.3,true,true,true,true,0,0,0,3,true,1,LINESTRING EMPTY
10685,60,false,0,1,ALL,87,5,true,0,false,false,,1,true,10,200,false,true,500,0,50,VEHICLEBASED,TGL 2,true,10685,false,1.3,true,true,true,true,0,0,0,3,true,1,LINESTRING EMPTY
10686,60,false,0,1,RIGHT,87,5,true,0,false,false,,1,true,10,50,true,true,500,0,50,VEHICLEBASED,TGL 2,true,10686,false,1.3,false,true,true,true,0,0,0,3,true,1,LINESTRING EMPTY
10687,60,false,0,1,LEFT,87,5,true,0,false,false,,1,true,10,50,true,true,500,0,50,VEHICLEBASED,TGL 2,true,10687,false,1.3,false,true,true,true,0,0,0,3,true,1,LINESTRING EMPTY
10688,60,false,0,1,ALL,87,5,true,0,false,false,,1,true,10,200,false,true,500,0,50,VEHICLEBASED,TGL 2,true,10688,false,1.3,false,true,true,true,0,0,0,3,true,1,LINESTRING EMPTY
10689,60,false,0,1,RIGHT,87,5,true,0,false,false,,1,true,10,50,true,true,500,0,50,VEHICLEBASED,TGL 2,true,10689,false,1.3,true,true,true,true,0,0,0,3,true,1,LINESTRING EMPTY
10690,60,false,0,1,LEFT,87,5,true,0,false,false,,1,true,10,50,true,true,500,0,50,VEHICLEBASED,TGL 2,true,10690,false,1.3,true,true,true,true,0,0,0,3,true,1,LINESTRING EMPTY
10691,60,false,0,1,ALL,87,5,true,0,false,false,,1,true,10,200,false,true,500,0,50,VEHICLEBASED,TGL 2,true,10691,false,1.3,true,true,true,true,0,0,0,3,true,1,LINESTRING EMPTY
10692,60,false,0,1,RIGHT,87,5,true,0,false,false,,1,true,10,50,true,true,500,0,50,VEHICLEBASED,TGL 2,true,10692,false,1.3,false,true,true,true,0,0,0,3,true,1,LINESTRING EMPTY
10693,60,false,0,1,LEFT,87,5,true,0,false,false,,1,true,10,50,true,true,500,0,50,VEHICLEBASED,TGL 2,true,10693,false,1.3,false,true,true,true,0,0,0,3,true,1,LINESTRING EMPTY
10694,60,false,0,1,ALL,87,5,true,0,false,false,,1,true,10,200,false,true,500,0,50,VEHICLEBASED,TGL 2,true,10694,false,1.3,false,true,true,true,0,0,0,3,true,1,LINESTRING EMPTY
10695,60,false,0,1,RIGHT,87,5,true,0,false,false,,1,true,10,50,true,true,500,0,50,VEHICLEBASED,TGL 2,true,10695,false,1.3,true,true,true,true,0,0,0,3,true,1,LINESTRING EMPTY
10696,60,false,0,1,LEFT,87,5,true,0,false,false,,1,true,10,50,true,true,500,0,50,VEHICLEBASED,TGL 2,true,10696,false,1.3,true,true,true,true,0,0,0,3,true,1,LINESTRING EMPTY
10697,60,false,0,1,ALL,87,5,true,0,false,false,,1,true,10,200,false,true,500,0,50,VEHICLEBASED,TGL 2,true,10697,false,1.3,true,true,true,true,0,0,0,3,true,1,LINESTRING EMPTY
10698,60,false,0,1,RIGHT,87,5,true,0,false,false,,1,true,10,50,true,true,500,0,50,VEHICLEBASED,TGL 2,true,10698,false,1.3,false,true,true,true,0,0,0,3,true,1,LINESTRING EMPTY
10699,60,false,0,1,LEFT,87,5,true,0,false,false,,1,true,10,50,true,true,500,0,50,VEHICLEBASED,TGL 2,true,10699,false,1.3,false,true,true,true,0,0,0,3,true,1,LINESTRING EMPTY
10700,60,false,0,1,ALL,87,5,true,0,false,false,,1,true,10,200,false,true,500,0,50,VEHICLEBASED,TGL 2,true,10700,false,1.3,false,true,true,true,0,0,0,3,true,1,LINESTRING EMPTY
10701,60,false,0,1,RIGHT,87,5,true,0,false,false,,1,true,10,50,true,true,500,0,50,VEHICLEBASED,TGL 2,true,10701,false,1.3,true,true,true,true,0,0,0,3,true,1,LINESTRING EMPTY
10702,60,false,0,1,LEFT,87,5,true,0,false,false,,1,true,10,50,true,true,500,0,50,VEHICLEBASED,TGL 2,true,10702,false,1.3,true,true,true,true,0,0,0,3,true,1,LINESTRING EMPTY
10703,60,false,0,1,ALL,87,5,true,0,false,false,,1,true,10,200,false,true,500,0,50,VEHICLEBASED,TGL 2,true,10703,false,1.3,true,true,true,true,0,0,0,3,true,1,LINESTRING EMPTY
10704,60,false,0,1,RIGHT,87,5,true,0,false,false,,1,true,10,50,true,true,500,0,50,VEHICLEBASED,TGL 2,true,10704,false,1.3,false,true,true,true,0,0,0,3,true,1,LINESTRING EMPTY
10705,60,false,0,1,LEFT,87,5,true,0,false,false,,1,true,10,50,true,true,500,0,50,VEHICLEBASED,TGL 2,true,10705,false,1.3,false,true,true,true,0,0,0,3,true,1,LINESTRING EMPTY
10706,60,false,0,1,ALL,87,5,true,0,false,false,,1,true,10,200,false,true,500,0,50,VEHICLEBASED,TGL 2,true,10706,false,1.3,false,true,true,true,0,0,0,3,true,1,LINESTRING EMPTY
10707,60,false,0,1,RIGHT,87,5,true,0,false,false,,1,true,10,50,true,true,500,0,50,VEHICLEBASED,TGL 2,true,10707,false,1.3,true,true,true,true,0,0,0,3,true,1,LINESTRING EMPTY
10708,60,false,0,1,LEFT,87,5,true,0,false,false,,1,true,10,50,true,true,500,0,50,VEHICLEBASED,TGL 2,true,10708,false,1.3,true,true,true,true,0,0,0,3,true,1,LINESTRING EMPTY
10709,60,false,0,1,ALL,87,5,true,0,false,false,,1,true,10,200,false,true,500,0,50,VEHICLEBASED,TGL 2,true,10709,false,1.3,true,true,true,true,0,0,0,3,true,1,LINESTRING EMPTY
10710,60,false,0,1,RIGHT,87,5,true,0,false,false,,1,true,10,50,true,true,500,0,50,VEHICLEBASED,TGL 2,true,10710,false,1.3,false,true,true,true,0,0,0,3,true,1,LINESTRING EMPTY
10711,60,false,0,1,LEFT,87,5,true,0,false,false,,1,true,10,50,true,true,500,0,50,VEHICLEBASED,TGL 2,true,10711,false,1.3,false,true,true,true,0,0,0,3,true,1,LINESTRING EMPTY
10712,60,false,0,1,ALL,87,5,true,0,false,false,,1,true,10,200,false,true,500,0,50,VEHICLEBASED,TGL 2,true,10712,false,1.3,false,true,true,true,0,0,0,3,true,1,LINESTRING EMPTY
10713,60,false,0,1,RIGHT,87,5,true,0,false,false,,1,true,10,50,true,true,500,0,50,VEHICLEBASED,TGL 2,true,10713,false,1.3,true,true,true,true,0,0,0,3,true,1,LINESTRING EMPTY
10714,60,false,0,1,LEFT,87,5,true,0,false,false,,1,true,10,50,true,true,500,0,50,VEHICLEBASED,TGL 2,true,10714,false,1.3,true,true,true,true,0,0,0,3,true,1,LINESTRING EMPTY
10715,60,false,0,1,ALL,87,5,true,0,false,false,,1,true,10,200,false,true,500,0,50,VEHICLEBASED,TGL 2,true,10715,false,1.3,true,true,true,true,0,0,0,3,true,1,LINESTRING EMPTY
10716,60,false,0,1,RIGHT,87,5,true,0,false,false,,1,true,10,50,true,true,500,0,50,VEHICLEBASED,TGL 2,true,10716,false,1.3,false,true,true,true,0,0,0,3,true,1,LINESTRING EMPTY
10717,60,false,0,1,LEFT,87,5,true,0,false,false,,1,true,10,50,true,true,500,0,50,VEHICLEBASED,TGL 2,true,10717,false,1.3,false,true,true,true,0,0,0,3,true,1,LINESTRING EMPTY
10718,60,false,0,1,ALL,87,5,true,0,false,false,,1,true,10,200,false,true,500,0,50,VEHICLEBASED,TGL 2,true,10718,false,1.3,false,true,true,true,0,0,0,3,true,1,LINESTRING EMPTY
10719,60,false,0,1,RIGHT,87,5,true,0,false,false,,1,true,10,50,true,true,500,0,50,VEHICLEBASED,TGL 2,true,10719,false,1.3,true,true,true,true,0,0,0,3,true,1,LINESTRING EMPTY
10720,60,false,0,1,LEFT,87,5,true,0,false,false,,1,true,10,50,true,true,500,0,50,VEHICLEBASED,TGL 2,true,10720,false,1.3,true,true,true,true,0,0,0,3,true,1,LINESTRING EMPTY
10721,60,false,0,1,ALL,87,5,true,0,false,false,,1,true,10,200,false,true,500,0,50,VEHICLEBASED,TGL 2,true,10721,false,1.3,true,true,true,true,0,0,0,3,true,1,LINESTRING EMPTY
10722,60,false,0,1,RIGHT,87,5,true,0,false,false,,1,true,10,50,true,true,500,0,50,VEHICLEBASED,TGL 2,true,10722,false,1.3,false,true,true,true,0,0,0,3,true,1,LINESTRING EMPTY
10723,60,false,0,1,LEFT,87,5,true,0,false,false,,1,true,10,50,true,true,500,0,50,VEHICLEBASED,TGL 2,true,10723,false,1.3,false,true,true,true,0,0,0,3,true,1,LINESTRING EMPTY
10724,60,false,0,1,ALL,87,5,true,0,false,false,,1,true,10,200,false,true,500,0,50,VEHICLEBASED,TGL 2,true,10724,false,1.3,false,true,true,true,0,0,0,3,true,1,LINESTRING EMPTY
10725,60,false,0,1,RIGHT,87,5,true,0,false,false,,1,true,10,50,true,true,500,0,50,VEHICLEBASED,TGL 2,true,10725,false,1.3,true,true,true,true,0,0,0,3,true,1,LINESTRING EMPTY
10726,60,false,0,1,LEFT,87,5,true,0,false,false,,1,true,10,50,true,true,500,0,50,VEHICLEBASED,TGL 2,true,10726,false,1.3,true,true,true,true,0,0,0,3,true,1,LINESTRING EMPTY
10727,60,false,0,1,ALL,87,5,true,0,false,false,,1,true,10,200,false,true,500,0,50,VEHICLEBASED,TGL 2,true,10727,false,1.3,true,true,true,true,0,0,0,3,true,1,LINESTRING EMPTY
10728,60,false,0,1,RIGHT,87,5,true,0,false,false,,1,true,10,50,true,true,500,0,50,VEHICLEBASED,TGL 2,true,10728,false,1.3,false,true,true,true,0,0,0,3,true,1,LINESTRING EMPTY
10729,60,false,0,1,LEFT,87,5,true,0,false,false,,1,true,10,50,true,true,500,0,50,VEHICLEBASED,TGL 2,true,10729,false,1.3,false,true,true,true,0,0,0,3,true,1,LINESTRING EMPTY
10730,60,false,0,1,ALL,87,5,true,0,false,false,,1,true,10,200,false,true,500,0,50,VEHICLEBASED,TGL 2,true,10730,false,1.3,false,true,true,true,0,0,0,3,true,1,LINESTRING EMPTY
10731,60,false,0,1,RIGHT,87,5,true,0,false,false,,1,true,10,50,true,true,500,0,50,VEHICLEBASED,TGL 2,true,10731,false,1.3,true,true,true,true,0,0,0,3,true,1,LINESTRING EMPTY
10732,60,false,0,1,LEFT,87,5,true,0,false,false,,1,true,10,50,true,true,500,0,50,VEHICLEBASED,TGL 2,true,10732,false,1.3,true,true,true,true,0,0,0,3,true,1,LINESTRING EMPTY
10733,60,false,0,1,ALL,87,5,true,0,false,false,,1,true,10,200,false,true,500,0,50,VEHICLEBASED,TGL 2,true,10733,false,1.3,true,true,true,true,0,0,0,3,true,1,LINESTRING EMPTY
10734,60,false,0,1,RIGHT,87,5,true,0,false,false,,1,true,10,50,true,true,500,0,50,VEHICLEBASED,TGL 2,true,10734,false,1.3,false,true,true,true,0,0,0,3,true,1,LINESTRING EMPTY
10735,60,false,0,1,LEFT,87,5,true,0,false,false,,1,true,10,50,true,true,500,0,50,VEHICLEBASED,TGL 2,true,10735,false,1.3,false,true,true,true,0,0,0,3,true,1,LINESTRING EMPTY
10736,60,false,0,1,ALL,87,5,true,0,false,false,,1,true,10,200,false,true,500,0,50,VEHICLEBASED,TGL 2,true,10736,false,1.3,false,true,true,true,0,0,0,3,true,1,LINESTRING EMPTY
10737,60,false,0,1,RIGHT,87,5,true,0,false,false,,1,true,10,50,true,true,500,0,50,VEHICLEBASED,TGL 2,true,10737,false,1.3,true,true,true,true,0,0,0,3,true,1,LINESTRING EMPTY
10738,60,false,0,1,LEFT,87,5,true,0,false,false,,1,true,10,50,true,true,500,0,50,VEHICLEBASED,TGL 2,true,10738,false,1.3,true,true,true,true,0,0,0,3,true,1,LINESTRING EMPTY
10739,60,false,0,1,ALL,87,5,true,0,false,false,,1,true,10,200,false,true,500,0,50,VEHICLEBASED,TGL 2,true,10739,false,1.3,true,true,true,true,0,0,0,3,true,1,LINESTRING EMPTY
10740,60,false,0,1,RIGHT,87,5,true,0,false,false,,1,true,10,50,true,true,500,0,50,VEHICLEBASED,TGL 2,true,10740,false,1.3,false,true,true,true,0,0,0,3,true,1,LINESTRING EMPTY
10741,60,false,0,1,LEFT,87,5,true,0,false,false,,1,true,10,50,true,true,500,0,50,VEHICLEBASED,TGL 2,true,10741,false,1.3,false,true,true,true,0,0,0,3,true,1,LINESTRING EMPTY
10742,60,false,0,1,ALL,87,5,true,0,false,false,,1,true,10,200,false,true,500,0,50,VEHICLEBASED,TGL 2,true,10742,false,1.3,false,true,true,true,0,0,0,3,true,1,LINESTRING EMPTY
10743,60,false,0,1,RIGHT,87,5,true,0,false,false,,1,true,10,50,true,true,500,0,50,VEHICLEBASED,TGL 2,true,10743,false,1.3,true,true,true,true,0,0,0,3,true,1,LINESTRING EMPTY
10744,60,false,0,1,LEFT,87,5,true,0,false,false,,1,true,10,50,true,true,500,0,50,VEHICLEBASED,TGL 2,true,10744,false,1.3,true,true,true,true,0,0,0,3,true,1,LINESTRING EMPTY
10745,60,false,0,1,ALL,87,5,true,0,false,false,,1,true,10,200,false,true,500,0,50,VEHICLEBASED,TGL 2,true,10745,false,1.3,true,true,true,true,0,0,0,3,true,1,LINESTRING EMPTY
10746,60,false,0,1,LEFT,86,5,true,0,false,false,,1,true,10,50,true,true,500,0,50,VEHICLEBASED,TGL 1,true,10746,false,1.3,false,true,true,true,0,0,0,3,true,1,LINESTRING EMPTY
10747,60,false,0,1,ALL,86,5,true,0,false,false,,1,true,10,200,false,true,500,0,50,VEHICLEBASED,TGL 1,true,10747,false,1.3,false,true,true,true,0,0,0,3,true,1,LINESTRING EMPTY
10748,60,false,0,1,LEFT,86,5,true,0,false,false,,1,true,10,50,true,true,500,0,50,VEHICLEBASED,TGL 1,true,10748,false,1.3,true,true,true,true,0,0,0,3,true,1,LINESTRING EMPTY
10749,60,false,0,1,ALL,86,5,true,0,false,false,,1,true,10,200,false,true,500,0,50,VEHICLEBASED,TGL 1,true,10749,false,1.3,true,true,true,true,0,0,0,3,true,1,LINESTRING EMPTY
10750,60,false,0,1,LEFT,86,5,true,0,false,false,,1,true,10,50,true,true,500,0,50,VEHICLEBASED,TGL 1,true,10750,false,1.3,false,true,true,true,0,0,0,3,true,1,LINESTRING EMPTY
10751,60,false,0,1,ALL,86,5,true,0,false,false,,1,true,10,200,false,true,500,0,50,VEHICLEBASED,TGL 1,true,10751,false,1.3,false,true,true,true,0,0,0,3,true,1,LINESTRING EMPTY
10752,60,false,0,1,LEFT,86,5,true,0,false,false,,1,true,10,50,true,true,500,0,50,VEHICLEBASED,TGL 1,true,10752,false,1.3,true,true,true,true,0,0,0,3,true,1,LINESTRING EMPTY
10753,60,false,0,1,ALL,86,5,true,0,false,false,,1,true,10,200,false,true,500,0,50,VEHICLEBASED,TGL 1,true,10753,false,1.3,true,true,true,true,0,0,0,3,true,1,LINESTRING EMPTY
10754,60,false,0,1,LEFT,86,5,true,0,false,false,,1,true,10,50,true,true,500,0,50,VEHICLEBASED,TGL 1,true,10754,false,1.3,false,true,true,true,0,0,0,3,true,1,LINESTRING EMPTY
10755,60,false,0,1,ALL,86,5,true,0,false,false,,1,true,10,200,false,true,500,0,50,VEHICLEBASED,TGL 1,true,10755,false,1.3,false,true,true,true,0,0,0,3,true,1,LINESTRING EMPTY
10756,60,false,0,1,LEFT,86,5,true,0,false,false,,1,true,10,50,true,true,500,0,50,VEHICLEBASED,TGL 1,true,10756,false,1.3,true,true,true,true,0,0,0,3,true,1,LINESTRING EMPTY
10757,60,false,0,1,ALL,86,5,true,0,false,false,,1,true,10,200,false,true,500,0,50,VEHICLEBASED,TGL 1,true,10757,false,1.3,true,true,true,true,0,0,0,3,true,1,LINESTRING EMPTY
10758,60,false,0,1,LEFT,86,5,true,0,false,false,,1,true,10,50,true,true,500,0,50,VEHICLEBASED,TGL 1,true,10758,false,1.3,false,true,true,true,0,0,0,3,true,1,LINESTRING EMPTY
10759,60,false,0,1,ALL,86,5,true,0,false,false,,1,true,10,200,false,true,500,0,50,VEHICLEBASED,TGL 1,true,10759,false,1.3,false,true,true,true,0,0,0,3,true,1,LINESTRING EMPTY
10760,60,false,0,1,LEFT,86,5,true,0,false,false,,1,true,10,50,true,true,500,0,50,VEHICLEBASED,TGL 1,true,10760,false,1.3,true,true,true,true,0,0,0,3,true,1,LINESTRING EMPTY
10761,60,false,0,1,ALL,86,5,true,0,false,false,,1,true,10,200,false,true,500,0,50,VEHICLEBASED,TGL 1,true,10761,false,1.3,true,true,true,true,0,0,0,3,true,1,LINESTRING EMPTY
10762,60,false,0,1,LEFT,86,5,true,0,false,false,,1,true,10,50,true,true,500,0,50,VEHICLEBASED,TGL 1,true,10762,false,1.3,false,true,true,true,0,0,0,3,true,1,LINESTRING EMPTY
10763,60,false,0,1,ALL,86,5,true,0,false,false,,1,true,10,200,false,true,500,0,50,VEHICLEBASED,TGL 1,true,10763,false,1.3,false,true,true,true,0,0,0,3,true,1,LINESTRING EMPTY
10764,60,false,0,1,LEFT,86,5,true,0,false,false,,1,true,10,50,true,true,500,0,50,VEHICLEBASED,TGL 1,true,10764,false,1.3,true,true,true,true,0,0,0,3,true,1,LINESTRING EMPTY
10765,60,false,0,1,ALL,86,5,true,0,false,false,,1,true,10,200,false,true,500,0,50,VEHICLEBASED,TGL 1,true,10765,false,1.3,true,true,true,true,0,0,0,3,true,1,LINESTRING EMPTY
10766,60,false,0,1,LEFT,89,5,true,0,false,false,,1,true,10,50,true,true,500,0,50,VEHICLEBASED,TGL 4,true,10766,false,1.3,false,true,true,true,0,0,0,3,true,1,LINESTRING EMPTY
10767,60,false,0,1,ALL,89,5,true,0,false,false,,1,true,10,200,false,true,500,0,50,VEHICLEBASED,TGL 4,true,10767,false,1.3,false,true,true,true,0,0,0,3,true,1,LINESTRING EMPTY
10768,60,false,0,1,LEFT,89,5,true,0,false,false,,1,true,10,50,true,true,500,0,50,VEHICLEBASED,TGL 4,true,10768,false,1.3,true,true,true,true,0,0,0,3,true,1,LINESTRING EMPTY
10769,60,false,0,1,ALL,89,5,true,0,false,false,,1,true,10,200,false,true,500,0,50,VEHICLEBASED,TGL 4,true,10769,false,1.3,true,true,true,true,0,0,0,3,true,1,LINESTRING EMPTY
10770,60,false,0,1,LEFT,89,5,true,0,false,false,,1,true,10,50,true,true,500,0,50,VEHICLEBASED,TGL 4,true,10770,false,1.3,false,true,true,true,0,0,0,3,true,1,LINESTRING EMPTY
10771,60,false,0,1,ALL,89,5,true,0,false,false,,1,true,10,200,false,true,500,0,50,VEHICLEBASED,TGL 4,true,10771,false,1.3,false,true,true,true,0,0,0,3,true,1,LINESTRING EMPTY
10772,60,false,0,1,LEFT,89,5,true,0,false,false,,1,true,10,50,true,true,500,0,50,VEHICLEBASED,TGL 4,true,10772,false,1.3,true,true,true,true,0,0,0,3,true,1,LINESTRING EMPTY
10773,60,false,0,1,ALL,89,5,true,0,false,false,,1,true,10,200,false,true,500,0,50,VEHICLEBASED,TGL 4,true,10773,false,1.3,true,true,true,true,0,0,0,3,true,1,LINESTRING EMPTY
10774,60,false,0,1,LEFT,89,5,true,0,false,false,,1,true,10,50,true,true,500,0,50,VEHICLEBASED,TGL 4,true,10774,false,1.3,false,true,true,true,0,0,0,3,true,1,LINESTRING EMPTY
10775,60,false,0,1,ALL,89,5,true,0,false,false,,1,true,10,200,false,true,500,0,50,VEHICLEBASED,TGL 4,true,10775,false,1.3,false,true,true,true,0,0,0,3,true,1,LINESTRING EMPTY
10776,60,false,0,1,LEFT,89,5,true,0,false,false,,1,true,10,50,true,true,500,0,50,VEHICLEBASED,TGL 4,true,10776,false,1.3,true,true,true,true,0,0,0,3,true,1,LINESTRING EMPTY
10777,60,false,0,1,ALL,89,5,true,0,false,false,,1,true,10,200,false,true,500,0,50,VEHICLEBASED,TGL 4,true,10777,false,1.3,true,true,true,true,0,0,0,3,true,1,LINESTRING EMPTY
10778,60,false,0,1,LEFT,89,5,true,0,false,false,,1,true,10,50,true,true,500,0,50,VEHICLEBASED,TGL 4,true,10778,false,1.3,false,true,true,true,0,0,0,3,true,1,LINESTRING EMPTY
10779,60,false,0,1,ALL,89,5,true,0,false,false,,1,true,10,200,false,true,500,0,50,VEHICLEBASED,TGL 4,true,10779,false,1.3,false,true,true,true,0,0,0,3,true,1,LINESTRING EMPTY
10780,60,false,0,1,LEFT,89,5,true,0,false,false,,1,true,10,50,true,true,500,0,50,VEHICLEBASED,TGL 4,true,10780,false,1.3,true,true,true,true,0,0,0,3,true,1,LINESTRING EMPTY
10781,60,false,0,1,ALL,89,5,true,0,false,false,,1,true,10,200,false,true,500,0,50,VEHICLEBASED,TGL 4,true,10781,false,1.3,true,true,true,true,0,0,0,3,true,1,LINESTRING EMPTY
10782,60,false,0,1,LEFT,89,5,true,0,false,false,,1,true,10,50,true,true,500,0,50,VEHICLEBASED,TGL 4,true,10782,false,1.3,false,true,true,true,0,0,0,3,true,1,LINESTRING EMPTY
10783,60,false,0,1,ALL,89,5,true,0,false,false,,1,true,10,200,false,true,500,0,50,VEHICLEBASED,TGL 4,true,10783,false,1.3,false,true,true,true,0,0,0,3,true,1,LINESTRING EMPTY
10784,60,false,0,1,LEFT,89,5,true,0,false,false,,1,true,10,50,true,true,500,0,50,VEHICLEBASED,TGL 4,true,10784,false,1.3,true,true,true,true,0,0,0,3,true,1,LINESTRING EMPTY
10785,60,false,0,1,ALL,89,5,true,0,false,false,,1,true,10,200,false,true,500,0,50,VEHICLEBASED,TGL 4,true,10785,false,1.3,true,true,true,true,0,0,0,3,true,1,LINESTRING EMPTY
10786,60,false,0,1,LEFT,89,5,true,0,false,false,,1,true,10,50,true,true,500,0,50,VEHICLEBASED,TGL 4,true,10786,false,1.3,false,true,true,true,0,0,0,3,true,1,LINESTRING EMPTY
10787,60,false,0,1,ALL,89,5,true,0,false,false,,1,true,10,200,false,true,500,0,50,VEHICLEBASED,TGL 4,true,10787,false,1.3,false,true,true,true,0,0,0,3,true,1,LINESTRING EMPTY
10788,60,false,0,1,LEFT,89,5,true,0,false,false,,1,true,10,50,true,true,500,0,50,VEHICLEBASED,TGL 4,true,10788,false,1.3,true,true,true,true,0,0,0,3,true,1,LINESTRING EMPTY
10789,60,false,0,1,ALL,89,5,true,0,false,false,,1,true,10,200,false,true,500,0,50,VEHICLEBASED,TGL 4,true,10789,false,1.3,true,true,true,true,0,0,0,3,true,1,LINESTRING EMPTY
10790,60,false,0,1,LEFT,89,5,true,0,false,false,,1,true,10,50,true,true,500,0,50,VEHICLEBASED,TGL 4,true,10790,false,1.3,false,true,true,true,0,0,0,3,true,1,LINESTRING EMPTY
10791,60,false,0,1,ALL,89,5,true,0,false,false,,1,true,10,200,false,true,500,0,50,VEHICLEBASED,TGL 4,true,10791,false,1.3,false,true,true,true,0,0,0,3,true,1,LINESTRING EMPTY
10792,60,false,0,1,LEFT,89,5,true,0,false,false,,1,true,10,50,true,true,500,0,50,VEHICLEBASED,TGL 4,true,10792,false,1.3,true,true,true,true,0,0,0,3,true,1,LINESTRING EMPTY
10793,60,false,0,1,ALL,89,5,true,0,false,false,,1,true,10,200,false,true,500,0,50,VEHICLEBASED,TGL 4,true,10793,false,1.3,true,true,true,true,0,0,0,3,true,1,LINESTRING EMPTY
10794,60,false,0,1,LEFT,89,5,true,0,false,false,,1,true,10,50,true,true,500,0,50,VEHICLEBASED,TGL 4,true,10794,false,1.3,false,true,true,true,0,0,0,3,true,1,LINESTRING EMPTY
10795,60,false,0,1,ALL,89,5,true,0,false,false,,1,true,10,200,false,true,500,0,50,VEHICLEBASED,TGL 4,true,10795,false,1.3,false,true,true,true,0,0,0,3,true,1,LINESTRING EMPTY
10796,60,false,0,1,LEFT,89,5,true,0,false,false,,1,true,10,50,true,true,500,0,50,VEHICLEBASED,TGL 4,true,10796,false,1.3,true,true,true,true,0,0,0,3,true,1,LINESTRING EMPTY
10797,60,false,0,1,ALL,89,5,true,0,false,false,,1,true,10,200,false,true,500,0,50,VEHICLEBASED,TGL 4,true,10797,false,1.3,true,true,true,true,0,0,0,3,true,1,LINESTRING EMPTY
10798,60,false,0,1,LEFT,89,5,true,0,false,false,,1,true,10,50,true,true,500,0,50,VEHICLEBASED,TGL 4,true,10798,false,1.3,false,true,true,true,0,0,0,3,true,1,LINESTRING EMPTY
10799,60,false,0,1,ALL,89,5,true,0,false,false,,1,true,10,200,false,true,500,0,50,VEHICLEBASED,TGL 4,true,10799,false,1.3,false,true,true,true,0,0,0,3,true,1,LINESTRING EMPTY
10800,60,false,0,1,LEFT,89,5,true,0,false,false,,1,true,10,50,true,true,500,0,50,VEHICLEBASED,TGL 4,true,10800,false,1.3,true,true,true,true,0,0,0,3,true,1,LINESTRING EMPTY
10801,60,false,0,1,ALL,89,5,true,0,false,false,,1,true,10,200,false,true,500,0,50,VEHICLEBASED,TGL 4,true,10801,false,1.3,true,true,true,true,0,0,0,3,true,1,LINESTRING EMPTY
10802,60,false,0,1,RIGHT,89,5,true,0,false,false,,1,true,10,50,true,true,500,0,50,VEHICLEBASED,TGL 4,true,10802,false,1.3,false,true,true,true,0,0,0,3,true,1,LINESTRING EMPTY
10803,60,false,0,1,ALL,89,5,true,0,false,false,,1,true,10,200,false,true,500,0,50,VEHICLEBASED,TGL 4,true,10803,false,1.3,false,true,true,true,0,0,0,3,true,1,LINESTRING EMPTY
10804,60,false,0,1,RIGHT,89,5,true,0,false,false,,1,true,10,50,true,true,500,0,50,VEHICLEBASED,TGL 4,true,10804,false,1.3,true,true,true,true,0,0,0,3,true,1,LINESTRING EMPTY
10805,60,false,0,1,ALL,89,5,true,0,false,false,,1,true,10,200,false,true,500,0,50,VEHICLEBASED,TGL 4,true,10805,false,1.3,true,true,true,true,0,0,0,3,true,1,LINESTRING EMPTY
10806,60,false,0,1,RIGHT,89,5,true,0,false,false,,1,true,10,50,true,true,500,0,50,VEHICLEBASED,TGL 4,true,10806,false,1.3,false,true,true,true,0,0,0,3,true,1,LINESTRING EMPTY
10807,60,false,0,1,ALL,89,5,true,0,false,false,,1,true,10,200,false,true,500,0,50,VEHICLEBASED,TGL 4,true,10807,false,1.3,false,true,true,true,0,0,0,3,true,1,LINESTRING EMPTY
10808,60,false,0,1,RIGHT,89,5,true,0,false,false,,1,true,10,50,true,true,500,0,50,VEHICLEBASED,TGL 4,true,10808,false,1.3,true,true,true,true,0,0,0,3,true,1,LINESTRING EMPTY
10809,60,false,0,1,ALL,89,5,true,0,false,false,,1,true,10,200,false,true,500,0,50,VEHICLEBASED,TGL 4,true,10809,false,1.3,true,true,true,true,0,0,0,3,true,1,LINESTRING EMPTY
10810,60,false,0,1,RIGHT,89,5,true,0,false,false,,1,true,10,50,true,true,500,0,50,VEHICLEBASED,TGL 4,true,10810,false,1.3,false,true,true,true,0,0,0,3,true,1,LINESTRING EMPTY
10811,60,false,0,1,ALL,89,5,true,0,false,false,,1,true,10,200,false,true,500,0,50,VEHICLEBASED,TGL 4,true,10811,false,1.3,false,true,true,true,0,0,0,3,true,1,LINESTRING EMPTY
10812,60,false,0,1,RIGHT,89,5,true,0,false,false,,1,true,10,50,true,true,500,0,50,VEHICLEBASED,TGL 4,true,10812,false,1.3,true,true,true,true,0,0,0,3,true,1,LINESTRING EMPTY
10813,60,false,0,1,ALL,89,5,true,0,false,false,,1,true,10,200,false,true,500,0,50,VEHICLEBASED,TGL 4,true,10813,false,1.3,true,true,true,true,0,0,0,3,true,1,LINESTRING EMPTY
10814,60,false,0,1,RIGHT,89,5,true,0,false,false,,1,true,10,50,true,true,500,0,50,VEHICLEBASED,TGL 4,true,10814,false,1.3,false,true,true,true,0,0,0,3,true,1,LINESTRING EMPTY
10815,60,false,0,1,ALL,89,5,true,0,false,false,,1,true,10,200,false,true,500,0,50,VEHICLEBASED,TGL 4,true,10815,false,1.3,false,true,true,true,0,0,0,3,true,1,LINESTRING EMPTY
10816,60,false,0,1,RIGHT,89,5,true,0,false,false,,1,true,10,50,true,true,500,0,50,VEHICLEBASED,TGL 4,true,10816,false,1.3,true,true,true,true,0,0,0,3,true,1,LINESTRING EMPTY
10817,60,false,0,1,ALL,89,5,true,0,false,false,,1,true,10,200,false,true,500,0,50,VEHICLEBASED,TGL 4,true,10817,false,1.3,true,true,true,true,0,0,0,3,true,1,LINESTRING EMPTY
10818,60,false,0,1,RIGHT,89,5,true,0,false,false,,1,true,10,50,true,true,500,0,50,VEHICLEBASED,TGL 4,true,10818,false,1.3,false,true,true,true,0,0,0,3,true,1,LINESTRING EMPTY
10819,60,false,0,1,ALL,89,5,true,0,false,false,,1,true,10,200,false,true,500,0,50,VEHICLEBASED,TGL 4,true,10819,false,1.3,false,true,true,true,0,0,0,3,true,1,LINESTRING EMPTY
10820,60,false,0,1,RIGHT,89,5,true,0,false,false,,1,true,10,50,true,true,500,0,50,VEHICLEBASED,TGL 4,true,10820,false,1.3,true,true,true,true,0,0,0,3,true,1,LINESTRING EMPTY
10821,60,false,0,1,ALL,89,5,true,0,false,false,,1,true,10,200,false,true,500,0,50,VEHICLEBASED,TGL 4,true,10821,false,1.3,true,true,true,true,0,0,0,3,true,1,LINESTRING EMPTY
10822,60,false,0,1,RIGHT,89,5,true,0,false,false,,1,true,10,50,true,true,500,0,50,VEHICLEBASED,TGL 4,true,10822,false,1.3,false,true,true,true,0,0,0,3,true,1,LINESTRING EMPTY
10823,60,false,0,1,ALL,89,5,true,0,false,false,,1,true,10,200,false,true,500,0,50,VEHICLEBASED,TGL 4,true,10823,false,1.3,false,true,true,true,0,0,0,3,true,1,LINESTRING EMPTY
10824,60,false,0,1,RIGHT,89,5,true,0,false,false,,1,true,10,50,true,true,500,0,50,VEHICLEBASED,TGL 4,true,10824,false,1.3,true,true,true,true,0,0,0,3,true,1,LINESTRING EMPTY
10825,60,false,0,1,ALL,89,5,true,0,false,false,,1,true,10,200,false,true,500,0,50,VEHICLEBASED,TGL 4,true,10825,false,1.3,true,true,true,true,0,0,0,3,true,1,LINESTRING EMPTY
10826,60,false,0,1,RIGHT,89,5,true,0,false,false,,1,true,10,50,true,true,500,0,50,VEHICLEBASED,TGL 4,true,10826,false,1.3,false,true,true,true,0,0,0,3,true,1,LINESTRING EMPTY
10827,60,false,0,1,ALL,89,5,true,0,false,false,,1,true,10,200,false,true,500,0,50,VEHICLEBASED,TGL 4,true,10827,false,1.3,false,true,true,true,0,0,0,3,true,1,LINESTRING EMPTY
10828,60,false,0,1,RIGHT,89,5,true,0,false,false,,1,true,10,50,true,true,500,0,50,VEHICLEBASED,TGL 4,true,10828,false,1.3,true,true,true,true,0,0,0,3,true,1,LINESTRING EMPTY
10829,60,false,0,1,ALL,89,5,true,0,false,false,,1,true,10,200,false,true,500,0,50,VEHICLEBASED,TGL 4,true,10829,false,1.3,true,true,true,true,0,0,0,3,true,1,LINESTRING EMPTY
10830,60,false,0,1,RIGHT,89,5,true,0,false,false,,1,true,10,50,true,true,500,0,50,VEHICLEBASED,TGL 4,true,10830,false,1.3,false,true,true,true,0,0,0,3,true,1,LINESTRING EMPTY
10831,60,false,0,1,ALL,89,5,true,0,false,false,,1,true,10,200,false,true,500,0,50,VEHICLEBASED,TGL 4,true,10831,false,1.3,false,true,true,true,0,0,0,3,true,1,LINESTRING EMPTY
10832,60,false,0,1,RIGHT,89,5,true,0,false,false,,1,true,10,50,true,true,500,0,50,VEHICLEBASED,TGL 4,true,10832,false,1.3,true,true,true,true,0,0,0,3,true,1,LINESTRING EMPTY
10833,60,false,0,1,ALL,89,5,true,0,false,false,,1,true,10,200,false,true,500,0,50,VEHICLEBASED,TGL 4,true,10833,false,1.3,true,true,true,true,0,0,0,3,true,1,LINESTRING EMPTY
10834,60,false,0,1,RIGHT,89,5,true,0,false,false,,1,true,10,50,true,true,500,0,50,VEHICLEBASED,TGL 4,true,10834,false,1.3,false,true,true,true,0,0,0,3,true,1,LINESTRING EMPTY
10835,60,false,0,1,ALL,89,5,true,0,false,false,,1,true,10,200,false,true,500,0,50,VEHICLEBASED,TGL 4,true,10835,false,1.3,false,true,true,true,0,0,0,3,true,1,LINESTRING EMPTY
10836,60,false,0,1,RIGHT,89,5,true,0,false,false,,1,true,10,50,true,true,500,0,50,VEHICLEBASED,TGL 4,true,10836,false,1.3,true,true,true,true,0,0,0,3,true,1,LINESTRING EMPTY
10837,60,false,0,1,ALL,89,5,true,0,false,false,,1,true,10,200,false,true,500,0,50,VEHICLEBASED,TGL 4,true,10837,false,1.3,true,true,true,true,0,0,0,3,true,1,LINESTRING EMPTY
10838,60,false,0,1,ALL,80,5,true,0,false,false,,1,true,10,200,false,true,500,0,50,VEHICLEBASED,TNorte Entry/Exit,true,10838,false,1.3,false,true,true,true,0,0,0,3,true,1,LINESTRING EMPTY
10839,60,false,0,1,ALL,80,5,true,0,false,false,,1,true,10,200,false,true,500,0,50,VEHICLEBASED,TNorte Entry/Exit,true,10839,false,1.3,false,true,true,true,0,0,0,3,true,1,LINESTRING EMPTY
10840,60,false,0,1,ALL,80,5,true,0,false,false,,1,true,10,200,false,true,500,0,50,VEHICLEBASED,TNorte Entry/Exit,true,10840,false,1.3,false,true,true,true,0,0,0,3,true,1,LINESTRING EMPTY
10841,60,false,0,1,ALL,80,5,true,0,false,false,,1,true,10,200,false,true,500,0,50,VEHICLEBASED,TNorte Entry/Exit,true,10841,false,1.3,false,true,true,true,0,0,0,3,true,1,LINESTRING EMPTY
10842,60,false,0,1,ALL,80,5,true,0,false,false,,1,true,10,200,false,true,500,0,50,VEHICLEBASED,TNorte Entry/Exit,true,10842,false,1.3,false,true,true,true,0,0,0,3,true,1,LINESTRING EMPTY
10843,60,false,0,1,ALL,80,5,true,0,false,false,,1,true,10,200,false,true,500,0,50,VEHICLEBASED,TNorte Entry/Exit,true,10843,false,1.3,false,true,true,true,0,0,0,3,true,1,LINESTRING EMPTY
10844,60,false,0,1,ALL,80,5,true,0,false,false,,1,true,10,200,false,true,500,0,50,VEHICLEBASED,TNorte Entry/Exit,true,10844,false,1.3,false,true,true,true,0,0,0,3,true,1,LINESTRING EMPTY
10845,60,false,0,1,ALL,62,5,true,0,false,false,,1,true,10,200,false,true,500,0,50,VEHICLEBASED,,true,10845,false,1.3,false,true,true,true,0,0,0,3,true,1,LINESTRING EMPTY
10846,60,false,0,1,ALL,1,5,true,0,false,false,,1,true,10,200,false,true,500,0,50,VEHICLEBASED,,true,10846,false,1.3,false,true,true,true,0,0,0,3,true,1,LINESTRING EMPTY
10847,60,false,0,1,ALL,80,5,true,0,false,false,,1,true,10,200,false,true,500,0,50,VEHICLEBASED,TNorte Entry/Exit,true,10847,false,1.3,false,true,true,true,0,0,0,3,true,1,LINESTRING EMPTY
10848,60,false,0,1,ALL,80,5,true,0,false,false,,1,true,10,200,false,true,500,0,50,VEHICLEBASED,TNorte Entry/Exit,true,10848,false,1.3,false,true,true,true,0,0,0,3,true,1,LINESTRING EMPTY
10849,60,false,0,1,ALL,80,5,true,0,false,false,,1,true,10,200,false,true,500,0,50,VEHICLEBASED,TNorte Entry/Exit,true,10849,false,1.3,false,true,true,true,0,0,0,3,true,1,LINESTRING EMPTY
10850,60,false,0,1,ALL,80,5,true,0,false,false,,1,true,10,200,false,true,500,0,50,VEHICLEBASED,TNorte Entry/Exit,true,10850,false,1.3,false,true,true,true,0,0,0,3,true,1,LINESTRING EMPTY
10851,60,false,0,1,ALL,79,5,true,0,false,false,,1,true,10,200,false,true,500,0,50,VEHICLEBASED,External Road Ferry,true,10851,false,1.3,false,true,true,true,0,0,0,3,true,1,LINESTRING EMPTY
10852,60,false,0,1,ALL,79,5,true,0,false,false,,1,true,10,200,false,true,500,0,50,VEHICLEBASED,External Road Ferry,true,10852,false,1.3,false,true,true,true,0,0,0,3,true,1,LINESTRING EMPTY
10853,60,false,0,1,ALL,79,5,true,0,false,false,,1,true,10,200,false,true,500,0,50,VEHICLEBASED,External Road Ferry,true,10853,false,1.3,false,true,true,true,0,0,0,3,true,1,LINESTRING EMPTY
10854,60,false,0,1,ALL,79,5,true,0,false,false,,1,true,10,200,false,true,500,0,50,VEHICLEBASED,External Road Ferry,true,10854,false,1.3,false,true,true,true,0,0,0,3,true,1,LINESTRING EMPTY
10855,60,false,0,1,ALL,63,5,true,0,false,false,,1,true,10,200,false,true,500,0,50,VEHICLEBASED,TNorte 1,true,10855,false,1.3,false,true,true,true,0,0,0,3,true,1,LINESTRING EMPTY
10856,60,false,0,1,ALL,79,5,true,0,false,false,,1,true,10,200,false,true,500,0,50,VEHICLEBASED,External Road Ferry,true,10856,false,1.3,false,true,true,true,0,0,0,3,true,1,LINESTRING EMPTY
10857,60,false,0,1,ALL,80,5,true,0,false,false,,1,true,10,200,false,true,500,0,50,VEHICLEBASED,TNorte Entry/Exit,true,10857,false,1.3,false,true,true,true,0,0,0,3,true,1,LINESTRING EMPTY
10858,60,false,0,1,ALL,90,5,true,0,false,false,,1,true,10,200,false,true,500,0,50,VEHICLEBASED,External Road Central West,true,10858,false,1.3,false,true,true,true,0,0,0,3,true,1,LINESTRING EMPTY
10859,60,false,0,1,ALL,90,5,true,0,false,false,,1,true,10,200,false,true,500,0,50,VEHICLEBASED,External Road Central West,true,10859,false,1.3,false,true,true,true,0,0,0,3,true,1,LINESTRING EMPTY
10860,60,false,0,1,ALL,90,5,true,0,false,false,,1,true,10,200,false,true,500,0,50,VEHICLEBASED,External Road Central West,true,10860,false,1.3,false,true,true,true,0,0,0,3,true,1,LINESTRING EMPTY
10861,60,false,0,1,ALL,90,5,true,0,false,false,,1,true,10,200,false,true,500,0,50,VEHICLEBASED,External Road Central West,true,10861,false,1.3,false,true,true,true,0,0,0,3,true,1,LINESTRING EMPTY
10862,60,false,0,1,ALL,90,5,true,0,false,false,,1,true,10,200,false,true,500,0,50,VEHICLEBASED,External Road Central West,true,10862,false,1.3,false,true,true,true,0,0,0,3,true,1,LINESTRING EMPTY
10863,60,false,0,1,ALL,90,5,true,0,false,false,,1,true,10,200,false,true,500,0,50,VEHICLEBASED,External Road Central West,true,10863,false,1.3,false,true,true,true,0,0,0,3,true,1,LINESTRING EMPTY
10864,60,false,0,1,ALL,90,5,true,0,false,false,,1,true,10,200,false,true,500,0,50,VEHICLEBASED,External Road Central West,true,10864,false,1.3,false,true,true,true,0,0,0,3,true,1,LINESTRING EMPTY
10865,60,false,0,1,ALL,90,5,true,0,false,false,,1,true,10,200,false,true,500,0,50,VEHICLEBASED,External Road Central West,true,10865,false,1.3,false,true,true,true,0,0,0,3,true,1,LINESTRING EMPTY
10866,60,false,0,1,ALL,90,5,true,0,false,false,,1,true,10,200,false,true,500,0,50,VEHICLEBASED,External Road Central West,true,10866,false,1.3,false,true,true,true,0,0,0,3,true,1,LINESTRING EMPTY
10867,60,false,0,1,ALL,90,5,true,0,false,false,,1,true,10,200,false,true,500,0,50,VEHICLEBASED,External Road Central West,true,10867,false,1.3,false,true,true,true,0,0,0,3,true,1,LINESTRING EMPTY
10868,60,false,0,1,ALL,1,5,true,0,false,false,,1,true,10,200,false,true,500,0,50,VEHICLEBASED,,true,10868,false,1.3,false,true,true,true,0,0,0,3,true,1,LINESTRING EMPTY
10869,60,false,0,1,ALL,90,5,true,0,false,false,,1,true,10,200,false,true,500,0,50,VEHICLEBASED,External Road Central West,true,10869,false,1.3,false,true,true,true,0,0,0,3,true,1,LINESTRING EMPTY
10870,60,false,0,1,ALL,1,5,true,0,false,false,,1,true,10,200,false,true,500,0,50,VEHICLEBASED,,true,10870,false,1.3,false,true,true,true,0,0,0,3,true,1,LINESTRING EMPTY
10875,60,false,0,1,ALL,61,5,true,0,false,false,,3,true,10,200,false,true,500,0,50,VEHICLEBASED,Port Water Channel,true,10875,false,1.3,false,true,true,true,0,0,0,3,true,1,LINESTRING EMPTY
10876,60,false,0,1,ALL,61,5,true,0,false,false,,3,true,10,200,false,true,500,0,50,VEHICLEBASED,Port Water Channel,true,10876,false,1.3,false,true,true,true,0,0,0,3,true,1,LINESTRING EMPTY
10877,60,false,0,1,ALL,90,5,true,0,false,false,,1,true,10,200,false,true,500,0,50,VEHICLEBASED,External Road Central West,true,10877,false,1.3,false,true,true,true,0,0,0,3,true,1,LINESTRING EMPTY
10878,60,false,0,1,ALL,90,5,true,0,false,false,,1,true,10,200,false,true,500,0,50,VEHICLEBASED,External Road Central West,true,10878,false,1.3,false,true,true,true,0,0,0,3,true,1,LINESTRING EMPTY
10879,60,false,0,1,ALL,81,5,true,0,false,false,,1,true,10,200,false,true,500,0,50,VEHICLEBASED,External Road South,true,10879,false,1.3,false,true,true,true,0,0,0,3,true,1,LINESTRING EMPTY
10882,60,false,0,1,ALL,81,5,true,0,false,false,,1,true,10,200,false,true,500,0,50,VEHICLEBASED,External Road South,true,10882,false,1.3,false,true,true,true,0,0,0,3,true,1,LINESTRING EMPTY
10883,60,false,0,1,ALL,81,5,true,0,false,false,,1,true,10,200,false,true,500,0,50,VEHICLEBASED,External Road South,true,10883,false,1.3,false,true,true,true,0,0,0,3,true,1,LINESTRING EMPTY
10884,60,false,0,1,ALL,81,5,true,0,false,false,,1,true,10,200,false,true,500,0,50,VEHICLEBASED,External Road South,true,10884,false,1.3,false,true,true,true,0,0,0,3,true,1,LINESTRING EMPTY
10885,60,false,0,1,ALL,81,5,true,0,false,false,,1,true,10,200,false,true,500,0,50,VEHICLEBASED,External Road South,true,10885,false,1.3,false,true,true,true,0,0,0,3,true,1,LINESTRING EMPTY
10886,60,false,0,1,ALL,81,5,true,0,false,false,,1,true,10,200,false,true,500,0,50,VEHICLEBASED,External Road South,true,10886,false,1.3,false,true,true,true,0,0,0,3,true,1,LINESTRING EMPTY
10887,60,false,0,1,ALL,90,5,true,0,false,false,,1,true,10,200,false,true,500,0,50,VEHICLEBASED,External Road Central West,true,10887,false,1.3,false,true,true,true,0,0,0,3,true,1,LINESTRING EMPTY
10888,60,false,0,1,ALL,90,5,true,0,false,false,,1,true,10,200,false,true,500,0,50,VEHICLEBASED,External Road Central West,true,10888,false,1.3,false,true,true,true,0,0,0,3,true,1,LINESTRING EMPTY
10889,60,false,0,1,ALL,84,5,true,0,false,false,,1,true,10,200,false,true,500,0,50,VEHICLEBASED,External Road East,true,10889,false,1.3,false,true,true,true,0,0,0,3,true,1,LINESTRING EMPTY
10890,60,false,0,1,ALL,90,5,true,0,false,false,,1,true,10,200,false,true,500,0,50,VEHICLEBASED,External Road Central West,true,10890,false,1.3,false,true,true,true,0,0,0,3,true,1,LINESTRING EMPTY
10891,60,false,0,1,ALL,90,5,true,0,false,false,,1,true,10,200,false,true,500,0,50,VEHICLEBASED,External Road Central West,true,10891,false,1.3,false,true,true,true,0,0,0,3,true,1,LINESTRING EMPTY
10892,60,false,0,1,ALL,90,5,true,0,false,false,,1,true,10,200,false,true,500,0,50,VEHICLEBASED,External Road Central West,true,10892,false,1.3,false,true,true,true,0,0,0,3,true,1,LINESTRING EMPTY
10893,60,false,0,1,ALL,84,5,true,0,false,false,,1,true,10,200,false,true,500,0,50,VEHICLEBASED,External Road East,true,10893,false,1.3,false,true,true,true,0,0,0,3,true,1,LINESTRING EMPTY
10894,60,false,0,1,ALL,90,5,true,0,false,false,,1,true,10,200,false,true,500,0,50,VEHICLEBASED,External Road Central West,true,10894,false,1.3,false,true,true,true,0,0,0,3,true,1,LINESTRING EMPTY
10895,60,false,0,1,ALL,83,5,true,0,false,false,,1,true,10,200,false,true,500,0,50,VEHICLEBASED,External Road Centre,true,10895,false,1.3,false,true,true,true,0,0,0,3,true,1,LINESTRING EMPTY
10896,60,false,0,1,ALL,83,5,true,0,false,false,,1,true,10,200,false,true,500,0,50,VEHICLEBASED,External Road Centre,true,10896,false,1.3,false,true,true,true,0,0,0,3,true,1,LINESTRING EMPTY
10897,60,false,0,1,ALL,83,5,true,0,false,false,,1,true,10,200,false,true,500,0,50,VEHICLEBASED,External Road Centre,true,10897,false,1.3,false,true,true,true,0,0,0,3,true,1,LINESTRING EMPTY
10898,60,false,0,1,ALL,83,5,true,0,false,false,,1,true,10,200,false,true,500,0,50,VEHICLEBASED,External Road Centre,true,10898,false,1.3,false,true,true,true,0,0,0,3,true,1,LINESTRING EMPTY
10899,60,false,0,1,ALL,83,5,true,0,false,false,,1,true,10,200,false,true,500,0,50,VEHICLEBASED,External Road Centre,true,10899,false,1.3,false,true,true,true,0,0,0,3,true,1,LINESTRING EMPTY
10900,60,false,0,1,ALL,83,5,true,0,false,false,,1,true,10,200,false,true,500,0,50,VEHICLEBASED,External Road Centre,true,10900,false,1.3,false,true,true,true,0,0,0,3,true,1,LINESTRING EMPTY
10901,60,false,0,1,ALL,84,5,true,0,false,false,,1,true,10,200,false,true,500,0,50,VEHICLEBASED,External Road East,true,10901,false,1.3,false,true,true,true,0,0,0,3,true,1,LINESTRING EMPTY
10902,60,false,0,1,ALL,84,5,true,0,false,false,,1,true,10,200,false,true,500,0,50,VEHICLEBASED,External Road East,true,10902,false,1.3,false,true,true,true,0,0,0,3,true,1,LINESTRING EMPTY
10904,60,false,0,1,ALL,83,5,true,0,false,false,,1,true,10,200,false,true,500,0,50,VEHICLEBASED,External Road Centre,true,10904,false,1.3,false,true,true,true,0,0,0,3,true,1,LINESTRING EMPTY
10905,60,false,0,1,ALL,83,5,true,0,false,false,,1,true,10,200,false,true,500,0,50,VEHICLEBASED,External Road Centre,true,10905,false,1.3,false,true,true,true,0,0,0,3,true,1,LINESTRING EMPTY
10906,60,false,0,1,ALL,83,5,true,0,false,false,,1,true,10,200,false,true,500,0,50,VEHICLEBASED,External Road Centre,true,10906,false,1.3,false,true,true,true,0,0,0,3,true,1,LINESTRING EMPTY
10907,60,false,0,1,ALL,83,5,true,0,false,false,,1,true,10,200,false,true,500,0,50,VEHICLEBASED,External Road Centre,true,10907,false,1.3,false,true,true,true,0,0,0,3,true,1,LINESTRING EMPTY
10908,60,false,0,1,ALL,84,5,true,0,false,false,,1,true,10,200,false,true,500,0,50,VEHICLEBASED,External Road East,true,10908,false,1.3,false,true,true,true,0,0,0,3,true,1,LINESTRING EMPTY
10909,60,false,0,1,ALL,84,5,true,0,false,false,,1,true,10,200,false,true,500,0,50,VEHICLEBASED,External Road East,true,10909,false,1.3,false,true,true,true,0,0,0,3,true,1,LINESTRING EMPTY
10910,60,false,0,1,ALL,84,5,true,0,false,false,,1,true,10,200,false,true,500,0,50,VEHICLEBASED,External Road East,true,10910,false,1.3,false,true,true,true,0,0,0,3,true,1,LINESTRING EMPTY
10911,60,false,0,1,ALL,84,5,true,0,false,false,,1,true,10,200,false,true,500,0,50,VEHICLEBASED,External Road East,true,10911,false,1.3,false,true,true,true,0,0,0,3,true,1,LINESTRING EMPTY
10912,60,false,0,1,ALL,84,5,true,0,false,false,,1,true,10,200,false,true,500,0,50,VEHICLEBASED,External Road East,true,10912,false,1.3,false,true,true,true,0,0,0,3,true,1,LINESTRING EMPTY
10913,60,false,0,1,ALL,84,5,true,0,false,false,,1,true,10,200,false,true,500,0,50,VEHICLEBASED,External Road East,true,10913,false,1.3,false,true,true,true,0,0,0,3,true,1,LINESTRING EMPTY
10914,60,false,0,1,ALL,84,5,true,0,false,false,,1,true,10,200,false,true,500,0,50,VEHICLEBASED,External Road East,true,10914,false,1.3,false,true,true,true,0,0,0,3,true,1,LINESTRING EMPTY
10915,60,false,0,1,ALL,84,5,true,0,false,false,,1,true,10,200,false,true,500,0,50,VEHICLEBASED,External Road East,true,10915,false,1.3,false,true,true,true,0,0,0,3,true,1,LINESTRING EMPTY
10916,60,false,0,1,ALL,84,5,true,0,false,false,,1,true,10,200,false,true,500,0,50,VEHICLEBASED,External Road East,true,10916,false,1.3,false,true,true,true,0,0,0,3,true,1,LINESTRING EMPTY
10917,60,false,0,1,ALL,84,5,true,0,false,false,,1,true,10,200,false,true,500,0,50,VEHICLEBASED,External Road East,true,10917,false,1.3,false,true,true,true,0,0,0,3,true,1,LINESTRING EMPTY
10918,60,false,0,1,ALL,84,5,true,0,false,false,,1,true,10,200,false,true,500,0,50,VEHICLEBASED,External Road East,true,10918,false,1.3,false,true,true,true,0,0,0,3,true,1,LINESTRING EMPTY
10919,60,false,0,1,ALL,84,5,true,0,false,false,,1,true,10,200,false,true,500,0,50,VEHICLEBASED,External Road East,true,10919,false,1.3,false,true,true,true,0,0,0,3,true,1,LINESTRING EMPTY
10920,60,false,0,1,ALL,84,5,true,0,false,false,,1,true,10,200,false,true,500,0,50,VEHICLEBASED,External Road East,true,10920,false,1.3,false,true,true,true,0,0,0,3,true,1,LINESTRING EMPTY
10921,60,false,0,1,ALL,84,5,true,0,false,false,,1,true,10,200,false,true,500,0,50,VEHICLEBASED,External Road East,true,10921,false,1.3,false,true,true,true,0,0,0,3,true,1,LINESTRING EMPTY
10922,60,false,0,1,ALL,84,5,true,0,false,false,,1,true,10,200,false,true,500,0,50,VEHICLEBASED,External Road East,true,10922,false,1.3,false,true,true,true,0,0,0,3,true,1,LINESTRING EMPTY
10923,60,false,0,1,ALL,84,5,true,0,false,false,,1,true,10,200,false,true,500,0,50,VEHICLEBASED,External Road East,true,10923,false,1.3,false,true,true,true,0,0,0,3,true,1,LINESTRING EMPTY
10924,60,false,0,1,ALL,84,5,true,0,false,false,,1,true,10,200,false,true,500,0,50,VEHICLEBASED,External Road East,true,10924,false,1.3,false,true,true,true,0,0,0,3,true,1,LINESTRING EMPTY
10925,60,false,0,1,ALL,84,5,true,0,false,false,,1,true,10,200,false,true,500,0,50,VEHICLEBASED,External Road East,true,10925,false,1.3,false,true,true,true,0,0,0,3,true,1,LINESTRING EMPTY
10927,60,false,0,1,ALL,90,5,true,0,false,false,,1,true,10,200,false,true,500,0,50,VEHICLEBASED,External Road Central West,true,10927,false,1.3,false,true,true,true,0,0,0,3,true,1,LINESTRING EMPTY
10928,60,false,0,1,ALL,90,5,true,0,false,false,,1,true,10,200,false,true,500,0,50,VEHICLEBASED,External Road Central West,true,10928,false,1.3,false,true,true,true,0,0,0,3,true,1,LINESTRING EMPTY
10929,60,false,0,1,ALL,64,5,true,0,false,false,,1,true,10,200,false,true,500,0,50,VEHICLEBASED,TNorte 2,true,10929,false,1.3,false,true,true,true,0,0,0,3,true,1,LINESTRING EMPTY
10930,60,false,0,1,ALL,80,5,true,0,false,false,,1,true,10,200,false,true,500,0,50,VEHICLEBASED,TNorte Entry/Exit,true,10930,false,1.3,false,true,true,true,0,0,0,3,true,1,LINESTRING EMPTY
10931,60,false,0,1,ALL,83,5,true,0,false,false,,1,true,10,200,false,true,500,0,50,VEHICLEBASED,External Road Centre,true,10931,false,1.3,false,true,true,true,0,0,0,3,true,1,LINESTRING EMPTY
10932,60,false,0,1,ALL,71,5,true,0,false,false,,1,true,10,200,false,true,500,0,50,VEHICLEBASED,TNorte 9,true,10932,false,1.3,false,true,true,true,0,0,0,3,true,1,LINESTRING EMPTY
10933,60,false,0,1,ALL,1,5,true,0,false,false,,1,true,10,200,false,true,500,0,50,VEHICLEBASED,,true,10933,false,1.3,false,true,true,true,0,0,0,3,true,1,LINESTRING EMPTY
10934,60,false,0,1,ALL,84,5,true,0,false,false,,1,true,10,200,false,true,500,0,50,VEHICLEBASED,External Road East,true,10934,false,1.3,false,true,true,true,0,0,0,3,true,1,LINESTRING EMPTY
10935,60,false,0,1,ALL,1,5,true,0,false,false,,1,true,10,200,false,true,500,0,50,VEHICLEBASED,,true,10935,false,1.3,false,true,true,true,0,0,0,3,true,1,LINESTRING EMPTY
10936,60,false,0,1,ALL,71,5,true,0,false,false,,1,true,10,200,false,true,500,0,50,VEHICLEBASED,TNorte 9,true,10936,false,1.3,false,true,true,true,0,0,0,3,true,1,LINESTRING EMPTY
10937,60,false,0,1,ALL,71,5,true,0,false,false,,1,true,10,200,false,true,500,0,50,VEHICLEBASED,TNorte 9,true,10937,false,1.3,false,true,true,true,0,0,0,3,true,1,LINESTRING EMPTY
10938,60,false,0,1,ALL,71,5,true,0,false,false,,1,true,10,200,false,true,500,0,50,VEHICLEBASED,TNorte 9,true,10938,false,1.3,false,true,true,true,0,0,0,3,true,1,LINESTRING EMPTY
10939,60,false,0,1,ALL,71,5,true,0,false,false,,1,true,10,200,false,true,500,0,50,VEHICLEBASED,TNorte 9,true,10939,false,1.3,false,true,true,true,0,0,0,3,true,1,LINESTRING EMPTY
10940,60,false,0,1,ALL,71,5,true,0,false,false,,1,true,10,200,false,true,500,0,50,VEHICLEBASED,TNorte 9,true,10940,false,1.3,false,true,true,true,0,0,0,3,true,1,LINESTRING EMPTY
10941,60,false,0,1,ALL,81,5,true,0,false,false,,1,true,10,200,false,true,500,0,50,VEHICLEBASED,External Road South,true,10941,false,1.3,false,true,true,true,0,0,0,3,true,1,LINESTRING EMPTY
10942,60,false,0,1,ALL,81,5,true,0,false,false,,1,true,10,200,false,true,500,0,50,VEHICLEBASED,External Road South,true,10942,false,1.3,false,true,true,true,0,0,0,3,true,1,LINESTRING EMPTY
10943,60,false,0,1,ALL,81,5,true,0,false,false,,1,true,10,200,false,true,500,0,50,VEHICLEBASED,External Road South,true,10943,false,1.3,false,true,true,true,0,0,0,3,true,1,LINESTRING EMPTY
10944,60,false,0,1,ALL,81,5,true,0,false,false,,1,true,10,200,false,true,500,0,50,VEHICLEBASED,External Road South,true,10944,false,1.3,false,true,true,true,0,0,0,3,true,1,LINESTRING EMPTY
10945,60,false,0,1,ALL,81,5,true,0,false,false,,1,true,10,200,false,true,500,0,50,VEHICLEBASED,External Road South,true,10945,false,1.3,false,true,true,true,0,0,0,3,true,1,LINESTRING EMPTY
10946,60,false,0,1,ALL,81,5,true,0,false,false,,1,true,10,200,false,true,500,0,50,VEHICLEBASED,External Road South,true,10946,false,1.3,false,true,true,true,0,0,0,3,true,1,LINESTRING EMPTY
10947,60,false,0,1,ALL,81,5,true,0,false,false,,1,true,10,200,false,true,500,0,50,VEHICLEBASED,External Road South,true,10947,false,1.3,false,true,true,true,0,0,0,3,true,1,LINESTRING EMPTY
10948,60,false,0,1,ALL,90,5,true,0,false,false,,1,true,10,200,false,true,500,0,50,VEHICLEBASED,External Road Central West,true,10948,false,1.3,false,true,true,true,0,0,0,3,true,1,LINESTRING EMPTY
10949,60,false,0,1,ALL,71,5,true,0,false,false,,1,true,10,200,false,true,500,0,50,VEHICLEBASED,TNorte 9,true,10949,false,1.3,false,true,true,true,0,0,0,3,true,1,LINESTRING EMPTY
10950,60,false,0,1,ALL,69,5,true,0,false,false,,1,true,10,200,false,true,500,0,50,VEHICLEBASED,TNorte 7,true,10950,false,1.3,false,true,true,true,0,0,0,3,true,1,LINESTRING EMPTY
10951,60,false,0,1,ALL,70,5,true,0,false,false,,1,true,10,200,false,true,500,0,50,VEHICLEBASED,TNorte 8,true,10951,false,1.3,false,true,true,true,0,0,0,3,true,1,LINESTRING EMPTY
10953,60,false,0,1,ALL,70,5,true,0,false,false,,1,true,10,200,false,true,500,0,50,VEHICLEBASED,TNorte 8,true,10953,false,1.3,false,true,true,true,0,0,0,3,true,1,LINESTRING EMPTY
10954,60,false,0,1,ALL,70,5,true,0,false,false,,1,true,10,200,false,true,500,0,50,VEHICLEBASED,TNorte 8,true,10954,false,1.3,false,true,true,true,0,0,0,3,true,1,LINESTRING EMPTY
10955,60,false,0,1,ALL,69,5,true,0,false,false,,1,true,10,200,false,true,500,0,50,VEHICLEBASED,TNorte 7,true,10955,false,1.3,false,true,true,true,0,0,0,3,true,1,LINESTRING EMPTY
10956,60,false,0,1,ALL,68,5,true,0,false,false,,1,true,10,200,false,true,500,0,50,VEHICLEBASED,TNorte 6,true,10956,false,1.3,false,true,true,true,0,0,0,3,true,1,LINESTRING EMPTY
10957,60,false,0,1,ALL,61,5,true,0,false,false,,3,true,10,200,false,true,500,0,50,VEHICLEBASED,Port Water Channel,true,10957,false,1.3,false,true,true,true,0,0,0,3,true,1,LINESTRING EMPTY
10961,60,false,0,1,ALL,69,5,true,0,false,false,,1,true,10,200,false,true,500,0,50,VEHICLEBASED,TNorte 7,true,10961,false,1.3,false,true,true,true,0,0,0,3,true,1,LINESTRING EMPTY
10962,60,false,0,1,ALL,69,5,true,0,false,false,,1,true,10,200,false,true,500,0,50,VEHICLEBASED,TNorte 7,true,10962,false,1.3,false,true,true,true,0,0,0,3,true,1,LINESTRING EMPTY
10964,60,false,0,1,ALL,69,5,true,0,false,false,,1,true,10,200,false,true,500,0,50,VEHICLEBASED,TNorte 7,true,10964,false,1.3,false,true,true,true,0,0,0,3,true,1,LINESTRING EMPTY
10966,60,false,0,1,ALL,83,5,true,0,false,false,,1,true,10,200,false,true,500,0,50,VEHICLEBASED,External Road Centre,true,10966,false,1.3,false,true,true,true,0,0,0,3,true,1,LINESTRING EMPTY
10967,60,false,0,1,ALL,83,5,true,0,false,false,,1,true,10,200,false,true,500,0,50,VEHICLEBASED,External Road Centre,true,10967,false,1.3,false,true,true,true,0,0,0,3,true,1,LINESTRING EMPTY
10968,60,false,0,1,ALL,83,5,true,0,false,false,,1,true,10,200,false,true,500,0,50,VEHICLEBASED,External Road Centre,true,10968,false,1.3,false,true,true,true,0,0,0,3,true,1,LINESTRING EMPTY
10969,60,false,0,1,ALL,83,5,true,0,false,false,,1,true,10,200,false,true,500,0,50,VEHICLEBASED,External Road Centre,true,10969,false,1.3,false,true,true,true,0,0,0,3,true,1,LINESTRING EMPTY
10970,60,false,0,1,ALL,83,5,true,0,false,false,,1,true,10,200,false,true,500,0,50,VEHICLEBASED,External Road Centre,true,10970,false,1.3,false,true,true,true,0,0,0,3,true,1,LINESTRING EMPTY
10971,60,false,0,1,ALL,83,5,true,0,false,false,,1,true,10,200,false,true,500,0,50,VEHICLEBASED,External Road Centre,true,10971,false,1.3,false,true,true,true,0,0,0,3,true,1,LINESTRING EMPTY
10972,60,false,0,1,ALL,83,5,true,0,false,false,,1,true,10,200,false,true,500,0,50,VEHICLEBASED,External Road Centre,true,10972,false,1.3,false,true,true,true,0,0,0,3,true,1,LINESTRING EMPTY
10973,60,false,0,1,ALL,83,5,true,0,false,false,,1,true,10,200,false,true,500,0,50,VEHICLEBASED,External Road Centre,true,10973,false,1.3,false,true,true,true,0,0,0,3,true,1,LINESTRING EMPTY
10974,60,false,0,1,ALL,83,5,true,0,false,false,,1,true,10,200,false,true,500,0,50,VEHICLEBASED,External Road Centre,true,10974,false,1.3,false,true,true,true,0,0,0,3,true,1,LINESTRING EMPTY
10975,60,false,0,1,ALL,83,5,true,0,false,false,,1,true,10,200,false,true,500,0,50,VEHICLEBASED,External Road Centre,true,10975,false,1.3,false,true,true,true,0,0,0,3,true,1,LINESTRING EMPTY
10976,60,false,0,1,ALL,83,5,true,0,false,false,,1,true,10,200,false,true,500,0,50,VEHICLEBASED,External Road Centre,true,10976,false,1.3,false,true,true,true,0,0,0,3,true,1,LINESTRING EMPTY
10977,60,false,0,1,ALL,69,5,true,0,false,false,,1,true,10,200,false,true,500,0,50,VEHICLEBASED,TNorte 7,true,10977,false,1.3,false,true,true,true,0,0,0,3,true,1,LINESTRING EMPTY
10978,60,false,0,1,ALL,65,5,true,0,false,false,,1,true,10,200,false,true,500,0,50,VEHICLEBASED,TNorte 3,true,10978,false,1.3,false,true,true,true,0,0,0,3,true,1,LINESTRING EMPTY
10979,60,false,0,1,ALL,65,5,true,0,false,false,,1,true,10,200,false,true,500,0,50,VEHICLEBASED,TNorte 3,true,10979,false,1.3,false,true,true,true,0,0,0,3,true,1,LINESTRING EMPTY
10980,60,false,0,1,ALL,65,5,true,0,false,false,,1,true,10,200,false,true,500,0,50,VEHICLEBASED,TNorte 3,true,10980,false,1.3,false,true,true,true,0,0,0,3,true,1,LINESTRING EMPTY
10981,60,false,0,1,ALL,65,5,true,0,false,false,,1,true,10,200,false,true,500,0,50,VEHICLEBASED,TNorte 3,true,10981,false,1.3,false,true,true,true,0,0,0,3,true,1,LINESTRING EMPTY
10982,60,false,0,1,ALL,65,5,true,0,false,false,,1,true,10,200,false,true,500,0,50,VEHICLEBASED,TNorte 3,true,10982,false,1.3,false,true,true,true,0,0,0,3,true,1,LINESTRING EMPTY
10983,60,false,0,1,ALL,64,5,true,0,false,false,,1,true,10,200,false,true,500,0,50,VEHICLEBASED,TNorte 2,true,10983,false,1.3,false,true,true,true,0,0,0,3,true,1,LINESTRING EMPTY
10984,60,false,0,1,ALL,64,5,true,0,false,false,,1,true,10,200,false,true,500,0,50,VEHICLEBASED,TNorte 2,true,10984,false,1.3,false,true,true,true,0,0,0,3,true,1,LINESTRING EMPTY
10985,60,false,0,1,ALL,65,5,true,0,false,false,,1,true,10,200,false,true,500,0,50,VEHICLEBASED,TNorte 3,true,10985,false,1.3,false,true,true,true,0,0,0,3,true,1,LINESTRING EMPTY
10986,60,false,0,1,ALL,65,5,true,0,false,false,,1,true,10,200,false,true,500,0,50,VEHICLEBASED,TNorte 3,true,10986,false,1.3,false,true,true,true,0,0,0,3,true,1,LINESTRING EMPTY
10987,60,false,0,1,ALL,63,5,true,0,false,false,,1,true,10,200,false,true,500,0,50,VEHICLEBASED,TNorte 1,true,10987,false,1.3,false,true,true,true,0,0,0,3,true,1,LINESTRING EMPTY
10988,60,false,0,1,ALL,63,5,true,0,false,false,,1,true,10,200,false,true,500,0,50,VEHICLEBASED,TNorte 1,true,10988,false,1.3,false,true,true,true,0,0,0,3,true,1,LINESTRING EMPTY
10989,60,false,0,1,ALL,63,5,true,0,false,false,,1,true,10,200,false,true,500,0,50,VEHICLEBASED,TNorte 1,true,10989,false,1.3,false,true,true,true,0,0,0,3,true,1,LINESTRING EMPTY
10990,60,false,0,1,ALL,66,5,true,0,false,false,,1,true,10,200,false,true,500,0,50,VEHICLEBASED,TNorte 4,true,10990,false,1.3,false,true,true,true,0,0,0,3,true,1,LINESTRING EMPTY
10991,60,false,0,1,ALL,66,5,true,0,false,false,,1,true,10,200,false,true,500,0,50,VEHICLEBASED,TNorte 4,true,10991,false,1.3,false,true,true,true,0,0,0,3,true,1,LINESTRING EMPTY
10992,60,false,0,1,ALL,66,5,true,0,false,false,,1,true,10,200,false,true,500,0,50,VEHICLEBASED,TNorte 4,true,10992,false,1.3,false,true,true,true,0,0,0,3,true,1,LINESTRING EMPTY
10993,60,false,0,1,ALL,66,5,true,0,false,false,,1,true,10,200,false,true,500,0,50,VEHICLEBASED,TNorte 4,true,10993,false,1.3,false,true,true,true,0,0,0,3,true,1,LINESTRING EMPTY
10994,60,false,0,1,ALL,66,5,true,0,false,false,,1,true,10,200,false,true,500,0,50,VEHICLEBASED,TNorte 4,true,10994,false,1.3,false,true,true,true,0,0,0,3,true,1,LINESTRING EMPTY
10996,60,false,0,1,ALL,66,5,true,0,false,false,,1,true,10,200,false,true,500,0,50,VEHICLEBASED,TNorte 4,true,10996,false,1.3,false,true,true,true,0,0,0,3,true,1,LINESTRING EMPTY
10997,60,false,0,1,ALL,66,5,true,0,false,false,,1,true,10,200,false,true,500,0,50,VEHICLEBASED,TNorte 4,true,10997,false,1.3,false,true,true,true,0,0,0,3,true,1,LINESTRING EMPTY
10998,60,false,0,1,ALL,66,5,true,0,false,false,,1,true,10,200,false,true,500,0,50,VEHICLEBASED,TNorte 4,true,10998,false,1.3,false,true,true,true,0,0,0,3,true,1,LINESTRING EMPTY
10999,60,false,0,1,ALL,66,5,true,0,false,false,,1,true,10,200,false,true,500,0,50,VEHICLEBASED,TNorte 4,true,10999,false,1.3,false,true,true,true,0,0,0,3,true,1,LINESTRING EMPTY
11000,60,false,0,1,ALL,66,5,true,0,false,false,,1,true,10,200,false,true,500,0,50,VEHICLEBASED,TNorte 4,true,11000,false,1.3,false,true,true,true,0,0,0,3,true,1,LINESTRING EMPTY
11001,60,false,0,1,ALL,83,5,true,0,false,false,,1,true,10,200,false,true,500,0,50,VEHICLEBASED,External Road Centre,true,11001,false,1.3,false,true,true,true,0,0,0,3,true,1,LINESTRING EMPTY
11002,60,false,0,1,ALL,83,5,true,0,false,false,,1,true,10,200,false,true,500,0,50,VEHICLEBASED,External Road Centre,true,11002,false,1.3,false,true,true,true,0,0,0,3,true,1,LINESTRING EMPTY
11003,60,false,0,1,ALL,83,5,true,0,false,false,,1,true,10,200,false,true,500,0,50,VEHICLEBASED,External Road Centre,true,11003,false,1.3,false,true,true,true,0,0,0,3,true,1,LINESTRING EMPTY
11004,60,false,0,1,ALL,82,5,true,0,false,false,,1,true,10,200,false,true,500,0,50,VEHICLEBASED,External Road Gafanha da Nazare,true,11004,false,1.3,false,true,true,true,0,0,0,3,true,1,LINESTRING EMPTY
11005,60,false,0,1,ALL,82,5,true,0,false,false,,1,true,10,200,false,true,500,0,50,VEHICLEBASED,External Road Gafanha da Nazare,true,11005,false,1.3,false,true,true,true,0,0,0,3,true,1,LINESTRING EMPTY
11006,60,false,0,1,ALL,82,5,true,0,false,false,,1,true,10,200,false,true,500,0,50,VEHICLEBASED,External Road Gafanha da Nazare,true,11006,false,1.3,false,true,true,true,0,0,0,3,true,1,LINESTRING EMPTY
11007,60,false,0,1,ALL,82,5,true,0,false,false,,1,true,10,200,false,true,500,0,50,VEHICLEBASED,External Road Gafanha da Nazare,true,11007,false,1.3,false,true,true,true,0,0,0,3,true,1,LINESTRING EMPTY
11008,60,false,0,1,ALL,82,5,true,0,false,false,,1,true,10,200,false,true,500,0,50,VEHICLEBASED,External Road Gafanha da Nazare,true,11008,false,1.3,false,true,true,true,0,0,0,3,true,1,LINESTRING EMPTY
11009,60,false,0,1,ALL,82,5,true,0,false,false,,1,true,10,200,false,true,500,0,50,VEHICLEBASED,External Road Gafanha da Nazare,true,11009,false,1.3,false,true,true,true,0,0,0,3,true,1,LINESTRING EMPTY
11010,60,false,0,1,ALL,82,5,true,0,false,false,,1,true,10,200,false,true,500,0,50,VEHICLEBASED,External Road Gafanha da Nazare,true,11010,false,1.3,false,true,true,true,0,0,0,3,true,1,LINESTRING EMPTY
11011,60,false,0,1,ALL,82,5,true,0,false,false,,1,true,10,200,false,true,500,0,50,VEHICLEBASED,External Road Gafanha da Nazare,true,11011,false,1.3,false,true,true,true,0,0,0,3,true,1,LINESTRING EMPTY
11012,60,false,0,1,ALL,82,5,true,0,false,false,,1,true,10,200,false,true,500,0,50,VEHICLEBASED,External Road Gafanha da Nazare,true,11012,false,1.3,false,true,true,true,0,0,0,3,true,1,LINESTRING EMPTY
11013,60,false,0,1,ALL,82,5,true,0,false,false,,1,true,10,200,false,true,500,0,50,VEHICLEBASED,External Road Gafanha da Nazare,true,11013,false,1.3,false,true,true,true,0,0,0,3,true,1,LINESTRING EMPTY
11014,60,false,0,1,ALL,82,5,true,0,false,false,,1,true,10,200,false,true,500,0,50,VEHICLEBASED,External Road Gafanha da Nazare,true,11014,false,1.3,false,true,true,true,0,0,0,3,true,1,LINESTRING EMPTY
11015,60,false,0,1,ALL,82,5,true,0,false,false,,1,true,10,200,false,true,500,0,50,VEHICLEBASED,External Road Gafanha da Nazare,true,11015,false,1.3,false,true,true,true,0,0,0,3,true,1,LINESTRING EMPTY
11016,60,false,0,1,ALL,82,5,true,0,false,false,,1,true,10,200,false,true,500,0,50,VEHICLEBASED,External Road Gafanha da Nazare,true,11016,false,1.3,false,true,true,true,0,0,0,3,true,1,LINESTRING EMPTY
11017,60,false,0,1,ALL,82,5,true,0,false,false,,1,true,10,200,false,true,500,0,50,VEHICLEBASED,External Road Gafanha da Nazare,true,11017,false,1.3,false,true,true,true,0,0,0,3,true,1,LINESTRING EMPTY
11018,60,false,0,1,ALL,82,5,true,0,false,false,,1,true,10,200,false,true,500,0,50,VEHICLEBASED,External Road Gafanha da Nazare,true,11018,false,1.3,false,true,true,true,0,0,0,3,true,1,LINESTRING EMPTY
11019,60,false,0,1,ALL,82,5,true,0,false,false,,1,true,10,200,false,true,500,0,50,VEHICLEBASED,External Road Gafanha da Nazare,true,11019,false,1.3,false,true,true,true,0,0,0,3,true,1,LINESTRING EMPTY
11020,60,false,0,1,ALL,82,5,true,0,false,false,,1,true,10,200,false,true,500,0,50,VEHICLEBASED,External Road Gafanha da Nazare,true,11020,false,1.3,false,true,true,true,0,0,0,3,true,1,LINESTRING EMPTY
11021,60,false,0,1,ALL,82,5,true,0,false,false,,1,true,10,200,false,true,500,0,50,VEHICLEBASED,External Road Gafanha da Nazare,true,11021,false,1.3,false,true,true,true,0,0,0,3,true,1,LINESTRING EMPTY
11022,60,false,0,1,ALL,90,5,true,0,false,false,,1,true,10,200,false,true,500,0,50,VEHICLEBASED,External Road Central West,true,11022,false,1.3,false,true,true,true,0,0,0,3,true,1,LINESTRING EMPTY
11023,60,false,0,1,ALL,90,5,true,0,false,false,,1,true,10,200,false,true,500,0,50,VEHICLEBASED,External Road Central West,true,11023,false,1.3,false,true,true,true,0,0,0,3,true,1,LINESTRING EMPTY
11024,60,false,0,1,ALL,80,5,true,0,false,false,,1,true,10,200,false,true,500,0,50,VEHICLEBASED,TNorte Entry/Exit,true,11024,false,1.3,false,true,true,true,0,0,0,3,true,1,LINESTRING EMPTY
11025,60,false,0,1,ALL,80,5,true,0,false,false,,1,true,10,200,false,true,500,0,50,VEHICLEBASED,TNorte Entry/Exit,true,11025,false,1.3,false,true,true,true,0,0,0,3,true,1,LINESTRING EMPTY
11026,60,false,0,1,ALL,79,5,true,0,false,false,,1,true,10,200,false,true,500,0,50,VEHICLEBASED,External Road Ferry,true,11026,false,1.3,false,true,true,true,0,0,0,3,true,1,LINESTRING EMPTY
11027,60,false,0,1,ALL,79,5,true,0,false,false,,1,true,10,200,false,true,500,0,50,VEHICLEBASED,External Road Ferry,true,11027,false,1.3,false,true,true,true,0,0,0,3,true,1,LINESTRING EMPTY
11028,60,false,0,1,ALL,79,5,true,0,false,false,,1,true,10,200,false,true,500,0,50,VEHICLEBASED,External Road Ferry,true,11028,false,1.3,false,true,true,true,0,0,0,3,true,1,LINESTRING EMPTY
11029,60,false,0,1,ALL,79,5,true,0,false,false,,1,true,10,200,false,true,500,0,50,VEHICLEBASED,External Road Ferry,true,11029,false,1.3,false,true,true,true,0,0,0,3,true,1,LINESTRING EMPTY
11030,60,false,0,1,ALL,79,5,true,0,false,false,,1,true,10,200,false,true,500,0,50,VEHICLEBASED,External Road Ferry,true,11030,false,1.3,false,true,true,true,0,0,0,3,true,1,LINESTRING EMPTY
11031,60,false,0,1,ALL,79,5,true,0,false,false,,1,true,10,200,false,true,500,0,50,VEHICLEBASED,External Road Ferry,true,11031,false,1.3,false,true,true,true,0,0,0,3,true,1,LINESTRING EMPTY
11032,60,false,0,1,ALL,79,5,true,0,false,false,,1,true,10,200,false,true,500,0,50,VEHICLEBASED,External Road Ferry,true,11032,false,1.3,false,true,true,true,0,0,0,3,true,1,LINESTRING EMPTY
11033,60,false,0,1,ALL,79,5,true,0,false,false,,1,true,10,200,false,true,500,0,50,VEHICLEBASED,External Road Ferry,true,11033,false,1.3,false,true,true,true,0,0,0,3,true,1,LINESTRING EMPTY
11034,60,false,0,1,ALL,79,5,true,0,false,false,,1,true,10,200,false,true,500,0,50,VEHICLEBASED,External Road Ferry,true,11034,false,1.3,false,true,true,true,0,0,0,3,true,1,LINESTRING EMPTY
11035,60,false,0,1,ALL,1,5,true,0,false,false,,1,true,10,200,false,true,500,0,50,VEHICLEBASED,,true,11035,false,1.3,false,true,true,true,0,0,0,3,true,1,LINESTRING EMPTY
11036,60,false,0,1,ALL,1,5,true,0,false,false,,1,true,10,200,false,true,500,0,50,VEHICLEBASED,,true,11036,false,1.3,false,true,true,true,0,0,0,3,true,1,LINESTRING EMPTY
11037,60,false,0,1,ALL,1,5,true,0,false,false,,1,true,10,200,false,true,500,0,50,VEHICLEBASED,,true,11037,false,1.3,false,true,true,true,0,0,0,3,true,1,LINESTRING EMPTY
11038,60,false,0,1,ALL,1,5,true,0,false,false,,1,true,10,200,false,true,500,0,50,VEHICLEBASED,,true,11038,false,1.3,false,true,true,true,0,0,0,3,true,1,LINESTRING EMPTY
11039,60,false,0,1,ALL,1,5,true,0,false,false,,1,true,10,200,false,true,500,0,50,VEHICLEBASED,,true,11039,false,1.3,false,true,true,true,0,0,0,3,true,1,LINESTRING EMPTY
11040,60,false,0,1,ALL,1,5,true,0,false,false,,1,true,10,200,false,true,500,0,50,VEHICLEBASED,,true,11040,false,1.3,false,true,true,true,0,0,0,3,true,1,LINESTRING EMPTY
11041,60,false,0,1,ALL,1,5,true,0,false,false,,1,true,10,200,false,true,500,0,50,VEHICLEBASED,,true,11041,false,1.3,false,true,true,true,0,0,0,3,true,1,LINESTRING EMPTY
11042,60,false,0,1,ALL,1,5,true,0,false,false,,1,true,10,200,false,true,500,0,50,VEHICLEBASED,,true,11042,false,1.3,false,true,true,true,0,0,0,3,true,1,LINESTRING EMPTY
11043,60,false,0,1,ALL,1,5,true,0,false,false,,1,true,10,200,false,true,500,0,50,VEHICLEBASED,,true,11043,false,1.3,false,true,true,true,0,0,0,3,true,1,LINESTRING EMPTY
11044,60,false,0,1,ALL,1,5,true,0,false,false,,1,true,10,200,false,true,500,0,50,VEHICLEBASED,,true,11044,false,1.3,false,true,true,true,0,0,0,3,true,1,LINESTRING EMPTY
11045,60,false,0,1,ALL,1,5,true,0,false,false,,1,true,10,200,false,true,500,0,50,VEHICLEBASED,,true,11045,false,1.3,false,true,true,true,0,0,0,3,true,1,LINESTRING EMPTY
11046,60,false,0,1,ALL,1,5,true,0,false,false,,1,true,10,200,false,true,500,0,50,VEHICLEBASED,,true,11046,false,1.3,false,true,true,true,0,0,0,3,true,1,LINESTRING EMPTY
11047,60,false,0,1,ALL,61,5,true,0,false,false,,3,true,10,200,false,true,500,0,50,VEHICLEBASED,Port Water Channel,true,11047,false,1.3,false,true,true,true,0,0,0,3,true,1,LINESTRING EMPTY
11048,60,false,0,1,ALL,1,5,true,0,false,false,,1,true,10,200,false,true,500,0,50,VEHICLEBASED,,true,11048,false,1.3,false,true,true,true,0,0,0,3,true,1,LINESTRING EMPTY
11049,60,false,0,1,ALL,1,5,true,0,false,false,,1,true,10,200,false,true,500,0,50,VEHICLEBASED,,true,11049,false,1.3,false,true,true,true,0,0,0,3,true,1,LINESTRING EMPTY
11050,60,false,0,1,ALL,1,5,true,0,false,false,,1,true,10,200,false,true,500,0,50,VEHICLEBASED,,true,11050,false,1.3,false,true,true,true,0,0,0,3,true,1,LINESTRING EMPTY
11051,60,false,0,1,ALL,1,5,true,0,false,false,,1,true,10,200,false,true,500,0,50,VEHICLEBASED,,true,11051,false,1.3,false,true,true,true,0,0,0,3,true,1,LINESTRING EMPTY
11052,60,false,0,1,ALL,1,5,true,0,false,false,,1,true,10,200,false,true,500,0,50,VEHICLEBASED,,true,11052,false,1.3,false,true,true,true,0,0,0,3,true,1,LINESTRING EMPTY
11053,60,false,0,1,ALL,1,5,true,0,false,false,,1,true,10,200,false,true,500,0,50,VEHICLEBASED,,true,11053,false,1.3,false,true,true,true,0,0,0,3,true,1,LINESTRING EMPTY
11054,60,false,0,1,ALL,1,5,true,0,false,false,,1,true,10,200,false,true,500,0,50,VEHICLEBASED,,true,11054,false,1.3,false,true,true,true,0,0,0,3,true,1,LINESTRING EMPTY
11055,60,false,0,1,ALL,61,5,true,0,false,false,,3,true,10,200,false,true,500,0,50,VEHICLEBASED,Port Water Channel,true,11055,false,1.3,false,true,true,true,0,0,0,3,true,1,LINESTRING EMPTY
11056,60,false,0,1,ALL,70,5,true,0,false,false,,1,true,10,200,false,true,500,0,50,VEHICLEBASED,TNorte 8,true,11056,false,1.3,false,true,true,true,0,0,0,3,true,1,LINESTRING EMPTY
11057,60,false,0,1,ALL,70,5,true,0,false,false,,1,true,10,200,false,true,500,0,50,VEHICLEBASED,TNorte 8,true,11057,false,1.3,false,true,true,true,0,0,0,3,true,1,LINESTRING EMPTY
11058,60,false,0,1,ALL,63,5,true,0,false,false,,1,true,10,200,false,true,500,0,50,VEHICLEBASED,TNorte 1,true,11058,false,1.3,false,true,true,true,0,0,0,3,true,1,LINESTRING EMPTY
11589,60,false,0,1,ALL,90,5,true,0,false,false,,1,true,10,200,false,true,500,0,50,VEHICLEBASED,External Road Central West,true,11589,false,1.3,false,true,true,true,0,0,0,3,true,1,LINESTRING EMPTY
11601,60,false,0,1,ALL,84,5,true,0,false,false,,1,true,10,200,false,true,500,0,50,VEHICLEBASED,External Road East,true,11601,false,1.3,false,true,true,true,0,0,0,3,true,1,LINESTRING EMPTY
11602,60,false,0,1,ALL,85,5,true,0,false,false,,1,true,10,200,false,true,500,0,50,VEHICLEBASED,TGL Entry/Exit,true,11602,false,1.3,false,true,true,true,0,0,0,3,true,1,LINESTRING EMPTY
11604,60,false,0,1,ALL,85,5,true,0,false,false,,1,true,10,200,false,true,500,0,50,VEHICLEBASED,TGL Entry/Exit,true,11604,false,1.3,false,true,true,true,0,0,0,3,true,1,LINESTRING EMPTY
11605,60,false,0,1,ALL,85,5,true,0,false,false,,1,true,10,200,false,true,500,0,50,VEHICLEBASED,TGL Entry/Exit,true,11605,false,1.3,false,true,true,true,0,0,0,3,true,1,LINESTRING EMPTY
11606,60,false,0,1,ALL,85,5,true,0,false,false,,1,true,10,200,false,true,500,0,50,VEHICLEBASED,TGL Entry/Exit,true,11606,false,1.3,false,true,true,true,0,0,0,3,true,1,LINESTRING EMPTY
11607,60,false,0,1,ALL,85,5,true,0,false,false,,1,true,10,200,false,true,500,0,50,VEHICLEBASED,TGL Entry/Exit,true,11607,false,1.3,false,true,true,true,0,0,0,3,true,1,LINESTRING EMPTY
11608,60,false,0,1,ALL,85,5,true,0,false,false,,1,true,10,200,false,true,500,0,50,VEHICLEBASED,TGL Entry/Exit,true,11608,false,1.3,false,true,true,true,0,0,0,3,true,1,LINESTRING EMPTY
11609,60,false,0,1,ALL,85,5,true,0,false,false,,1,true,10,200,false,true,500,0,50,VEHICLEBASED,TGL Entry/Exit,true,11609,false,1.3,false,true,true,true,0,0,0,3,true,1,LINESTRING EMPTY
11610,60,false,0,1,ALL,85,5,true,0,false,false,,1,true,10,200,false,true,500,0,50,VEHICLEBASED,TGL Entry/Exit,true,11610,false,1.3,false,true,true,true,0,0,0,3,true,1,LINESTRING EMPTY
11611,60,false,0,1,ALL,85,5,true,0,false,false,,1,true,10,200,false,true,500,0,50,VEHICLEBASED,TGL Entry/Exit,true,11611,false,1.3,false,true,true,true,0,0,0,3,true,1,LINESTRING EMPTY
11612,60,false,0,1,ALL,85,5,true,0,false,false,,1,true,10,200,false,true,500,0,50,VEHICLEBASED,TGL Entry/Exit,true,11612,false,1.3,false,true,true,true,0,0,0,3,true,1,LINESTRING EMPTY
11613,60,false,0,1,ALL,85,5,true,0,false,false,,1,true,10,200,false,true,500,0,50,VEHICLEBASED,TGL Entry/Exit,true,11613,false,1.3,false,true,true,true,0,0,0,3,true,1,LINESTRING EMPTY
11614,60,false,0,1,ALL,85,5,true,0,false,false,,1,true,10,200,false,true,500,0,50,VEHICLEBASED,TGL Entry/Exit,true,11614,false,1.3,false,true,true,true,0,0,0,3,true,1,LINESTRING EMPTY
11615,60,false,0,1,ALL,85,5,true,0,false,false,,1,true,10,200,false,true,500,0,50,VEHICLEBASED,TGL Entry/Exit,true,11615,false,1.3,false,true,true,true,0,0,0,3,true,1,LINESTRING EMPTY
11616,60,false,0,1,ALL,85,5,true,0,false,false,,1,true,10,200,false,true,500,0,50,VEHICLEBASED,TGL Entry/Exit,true,11616,false,1.3,false,true,true,true,0,0,0,3,true,1,LINESTRING EMPTY
11617,60,false,0,1,ALL,85,5,true,0,false,false,,1,true,10,200,false,true,500,0,50,VEHICLEBASED,TGL Entry/Exit,true,11617,false,1.3,false,true,true,true,0,0,0,3,true,1,LINESTRING EMPTY
11618,60,false,0,1,ALL,85,5,true,0,false,false,,1,true,10,200,false,true,500,0,50,VEHICLEBASED,TGL Entry/Exit,true,11618,false,1.3,false,true,true,true,0,0,0,3,true,1,LINESTRING EMPTY
11619,60,false,0,1,ALL,85,5,true,0,false,false,,1,true,10,200,false,true,500,0,50,VEHICLEBASED,TGL Entry/Exit,true,11619,false,1.3,false,true,true,true,0,0,0,3,true,1,LINESTRING EMPTY
11645,60,false,0,1,ALL,82,5,true,0,false,false,,1,true,10,200,false,true,500,0,50,VEHICLEBASED,External Road Gafanha da Nazare,true,11645,false,1.3,false,true,true,true,0,0,0,3,true,1,LINESTRING EMPTY
11647,60,false,0,1,ALL,82,5,true,0,false,false,,1,true,10,200,false,true,500,0,50,VEHICLEBASED,External Road Gafanha da Nazare,true,11647,false,1.3,false,true,true,true,0,0,0,3,true,1,LINESTRING EMPTY
11648,60,false,0,1,ALL,82,5,true,0,false,false,,1,true,10,200,false,true,500,0,50,VEHICLEBASED,External Road Gafanha da Nazare,true,11648,false,1.3,false,true,true,true,0,0,0,3,true,1,LINESTRING EMPTY
11649,60,false,0,1,LEFT,1,5,true,0,false,false,,1,true,10,50,true,true,500,0,50,VEHICLEBASED,,true,11649,false,1.3,false,true,true,true,0,0,0,3,true,1,LINESTRING EMPTY
11650,60,false,0,1,ALL,1,5,true,0,false,false,,1,true,10,200,false,true,500,0,50,VEHICLEBASED,,true,11650,false,1.3,false,true,true,true,0,0,0,3,true,1,LINESTRING EMPTY
11651,60,false,0,1,LEFT,1,5,true,0,false,false,,1,true,10,50,true,true,500,0,50,VEHICLEBASED,,true,11651,false,1.3,true,true,true,true,0,0,0,3,true,1,LINESTRING EMPTY
11652,60,false,0,1,ALL,1,5,true,0,false,false,,1,true,10,200,false,true,500,0,50,VEHICLEBASED,,true,11652,false,1.3,true,true,true,true,0,0,0,3,true,1,LINESTRING EMPTY
11653,60,false,0,1,LEFT,1,5,true,0,false,false,,1,true,10,50,true,true,500,0,50,VEHICLEBASED,,true,11653,false,1.3,false,true,true,true,0,0,0,3,true,1,LINESTRING EMPTY
11654,60,false,0,1,ALL,1,5,true,0,false,false,,1,true,10,200,false,true,500,0,50,VEHICLEBASED,,true,11654,false,1.3,false,true,true,true,0,0,0,3,true,1,LINESTRING EMPTY
11655,60,false,0,1,LEFT,1,5,true,0,false,false,,1,true,10,50,true,true,500,0,50,VEHICLEBASED,,true,11655,false,1.3,true,true,true,true,0,0,0,3,true,1,LINESTRING EMPTY
11656,60,false,0,1,ALL,1,5,true,0,false,false,,1,true,10,200,false,true,500,0,50,VEHICLEBASED,,true,11656,false,1.3,true,true,true,true,0,0,0,3,true,1,LINESTRING EMPTY
11657,60,false,0,1,LEFT,1,5,true,0,false,false,,1,true,10,50,true,true,500,0,50,VEHICLEBASED,,true,11657,false,1.3,false,true,true,true,0,0,0,3,true,1,LINESTRING EMPTY
11658,60,false,0,1,ALL,1,5,true,0,false,false,,1,true,10,200,false,true,500,0,50,VEHICLEBASED,,true,11658,false,1.3,false,true,true,true,0,0,0,3,true,1,LINESTRING EMPTY
11659,60,false,0,1,LEFT,1,5,true,0,false,false,,1,true,10,50,true,true,500,0,50,VEHICLEBASED,,true,11659,false,1.3,true,true,true,true,0,0,0,3,true,1,LINESTRING EMPTY
11660,60,false,0,1,ALL,1,5,true,0,false,false,,1,true,10,200,false,true,500,0,50,VEHICLEBASED,,true,11660,false,1.3,true,true,true,true,0,0,0,3,true,1,LINESTRING EMPTY
11661,60,false,0,1,LEFT,1,5,true,0,false,false,,1,true,10,50,true,true,500,0,50,VEHICLEBASED,,true,11661,false,1.3,false,true,true,true,0,0,0,3,true,1,LINESTRING EMPTY
11662,60,false,0,1,ALL,1,5,true,0,false,false,,1,true,10,200,false,true,500,0,50,VEHICLEBASED,,true,11662,false,1.3,false,true,true,true,0,0,0,3,true,1,LINESTRING EMPTY
11663,60,false,0,1,LEFT,1,5,true,0,false,false,,1,true,10,50,true,true,500,0,50,VEHICLEBASED,,true,11663,false,1.3,true,true,true,true,0,0,0,3,true,1,LINESTRING EMPTY
11664,60,false,0,1,ALL,1,5,true,0,false,false,,1,true,10,200,false,true,500,0,50,VEHICLEBASED,,true,11664,false,1.3,true,true,true,true,0,0,0,3,true,1,LINESTRING EMPTY
11665,60,false,0,1,LEFT,1,5,true,0,false,false,,1,true,10,50,true,true,500,0,50,VEHICLEBASED,,true,11665,false,1.3,false,true,true,true,0,0,0,3,true,1,LINESTRING EMPTY
11666,60,false,0,1,ALL,1,5,true,0,false,false,,1,true,10,200,false,true,500,0,50,VEHICLEBASED,,true,11666,false,1.3,false,true,true,true,0,0,0,3,true,1,LINESTRING EMPTY
11667,60,false,0,1,LEFT,1,5,true,0,false,false,,1,true,10,50,true,true,500,0,50,VEHICLEBASED,,true,11667,false,1.3,true,true,true,true,0,0,0,3,true,1,LINESTRING EMPTY
11668,60,false,0,1,ALL,1,5,true,0,false,false,,1,true,10,200,false,true,500,0,50,VEHICLEBASED,,true,11668,false,1.3,true,true,true,true,0,0,0,3,true,1,LINESTRING EMPTY
11669,60,false,0,1,LEFT,1,5,true,0,false,false,,1,true,10,50,true,true,500,0,50,VEHICLEBASED,,true,11669,false,1.3,false,true,true,true,0,0,0,3,true,1,LINESTRING EMPTY
11670,60,false,0,1,ALL,1,5,true,0,false,false,,1,true,10,200,false,true,500,0,50,VEHICLEBASED,,true,11670,false,1.3,false,true,true,true,0,0,0,3,true,1,LINESTRING EMPTY
11671,60,false,0,1,LEFT,1,5,true,0,false,false,,1,true,10,50,true,true,500,0,50,VEHICLEBASED,,true,11671,false,1.3,true,true,true,true,0,0,0,3,true,1,LINESTRING EMPTY
11672,60,false,0,1,ALL,1,5,true,0,false,false,,1,true,10,200,false,true,500,0,50,VEHICLEBASED,,true,11672,false,1.3,true,true,true,true,0,0,0,3,true,1,LINESTRING EMPTY
11673,60,false,0,1,LEFT,1,5,true,0,false,false,,1,true,10,50,true,true,500,0,50,VEHICLEBASED,,true,11673,false,1.3,false,true,true,true,0,0,0,3,true,1,LINESTRING EMPTY
11674,60,false,0,1,ALL,1,5,true,0,false,false,,1,true,10,200,false,true,500,0,50,VEHICLEBASED,,true,11674,false,1.3,false,true,true,true,0,0,0,3,true,1,LINESTRING EMPTY
11675,60,false,0,1,LEFT,1,5,true,0,false,false,,1,true,10,50,true,true,500,0,50,VEHICLEBASED,,true,11675,false,1.3,true,true,true,true,0,0,0,3,true,1,LINESTRING EMPTY
11676,60,false,0,1,ALL,1,5,true,0,false,false,,1,true,10,200,false,true,500,0,50,VEHICLEBASED,,true,11676,false,1.3,true,true,true,true,0,0,0,3,true,1,LINESTRING EMPTY
11677,60,false,0,1,LEFT,1,5,true,0,false,false,,1,true,10,50,true,true,500,0,50,VEHICLEBASED,,true,11677,false,1.3,false,true,true,true,0,0,0,3,true,1,LINESTRING EMPTY
11678,60,false,0,1,ALL,1,5,true,0,false,false,,1,true,10,200,false,true,500,0,50,VEHICLEBASED,,true,11678,false,1.3,false,true,true,true,0,0,0,3,true,1,LINESTRING EMPTY
11679,60,false,0,1,LEFT,1,5,true,0,false,false,,1,true,10,50,true,true,500,0,50,VEHICLEBASED,,true,11679,false,1.3,true,true,true,true,0,0,0,3,true,1,LINESTRING EMPTY
11680,60,false,0,1,ALL,1,5,true,0,false,false,,1,true,10,200,false,true,500,0,50,VEHICLEBASED,,true,11680,false,1.3,true,true,true,true,0,0,0,3,true,1,LINESTRING EMPTY
11681,60,false,0,1,LEFT,1,5,true,0,false,false,,1,true,10,50,true,true,500,0,50,VEHICLEBASED,,true,11681,false,1.3,false,true,true,true,0,0,0,3,true,1,LINESTRING EMPTY
11682,60,false,0,1,ALL,1,5,true,0,false,false,,1,true,10,200,false,true,500,0,50,VEHICLEBASED,,true,11682,false,1.3,false,true,true,true,0,0,0,3,true,1,LINESTRING EMPTY
11683,60,false,0,1,LEFT,1,5,true,0,false,false,,1,true,10,50,true,true,500,0,50,VEHICLEBASED,,true,11683,false,1.3,true,true,true,true,0,0,0,3,true,1,LINESTRING EMPTY
11684,60,false,0,1,ALL,1,5,true,0,false,false,,1,true,10,200,false,true,500,0,50,VEHICLEBASED,,true,11684,false,1.3,true,true,true,true,0,0,0,3,true,1,LINESTRING EMPTY
11685,60,false,0,1,LEFT,1,5,true,0,false,false,,1,true,10,50,true,true,500,0,50,VEHICLEBASED,,true,11685,false,1.3,false,true,true,true,0,0,0,3,true,1,LINESTRING EMPTY
11686,60,false,0,1,ALL,1,5,true,0,false,false,,1,true,10,200,false,true,500,0,50,VEHICLEBASED,,true,11686,false,1.3,false,true,true,true,0,0,0,3,true,1,LINESTRING EMPTY
11687,60,false,0,1,LEFT,1,5,true,0,false,false,,1,true,10,50,true,true,500,0,50,VEHICLEBASED,,true,11687,false,1.3,true,true,true,true,0,0,0,3,true,1,LINESTRING EMPTY
11688,60,false,0,1,ALL,1,5,true,0,false,false,,1,true,10,200,false,true,500,0,50,VEHICLEBASED,,true,11688,false,1.3,true,true,true,true,0,0,0,3,true,1,LINESTRING EMPTY
11689,60,false,0,1,LEFT,1,5,true,0,false,false,,1,true,10,50,true,true,500,0,50,VEHICLEBASED,,true,11689,false,1.3,false,true,true,true,0,0,0,3,true,1,LINESTRING EMPTY
11690,60,false,0,1,ALL,1,5,true,0,false,false,,1,true,10,200,false,true,500,0,50,VEHICLEBASED,,true,11690,false,1.3,false,true,true,true,0,0,0,3,true,1,LINESTRING EMPTY
11691,60,false,0,1,LEFT,1,5,true,0,false,false,,1,true,10,50,true,true,500,0,50,VEHICLEBASED,,true,11691,false,1.3,true,true,true,true,0,0,0,3,true,1,LINESTRING EMPTY
11692,60,false,0,1,ALL,1,5,true,0,false,false,,1,true,10,200,false,true,500,0,50,VEHICLEBASED,,true,11692,false,1.3,true,true,true,true,0,0,0,3,true,1,LINESTRING EMPTY
11693,60,false,0,1,LEFT,1,5,true,0,false,false,,1,true,10,50,true,true,500,0,50,VEHICLEBASED,,true,11693,false,1.3,false,true,true,true,0,0,0,3,true,1,LINESTRING EMPTY
11694,60,false,0,1,ALL,1,5,true,0,false,false,,1,true,10,200,false,true,500,0,50,VEHICLEBASED,,true,11694,false,1.3,false,true,true,true,0,0,0,3,true,1,LINESTRING EMPTY
11695,60,false,0,1,LEFT,1,5,true,0,false,false,,1,true,10,50,true,true,500,0,50,VEHICLEBASED,,true,11695,false,1.3,true,true,true,true,0,0,0,3,true,1,LINESTRING EMPTY
11696,60,false,0,1,ALL,1,5,true,0,false,false,,1,true,10,200,false,true,500,0,50,VEHICLEBASED,,true,11696,false,1.3,true,true,true,true,0,0,0,3,true,1,LINESTRING EMPTY
11697,60,false,0,1,LEFT,1,5,true,0,false,false,,1,true,10,50,true,true,500,0,50,VEHICLEBASED,,true,11697,false,1.3,false,true,true,true,0,0,0,3,true,1,LINESTRING EMPTY
11698,60,false,0,1,ALL,1,5,true,0,false,false,,1,true,10,200,false,true,500,0,50,VEHICLEBASED,,true,11698,false,1.3,false,true,true,true,0,0,0,3,true,1,LINESTRING EMPTY
11699,60,false,0,1,LEFT,1,5,true,0,false,false,,1,true,10,50,true,true,500,0,50,VEHICLEBASED,,true,11699,false,1.3,true,true,true,true,0,0,0,3,true,1,LINESTRING EMPTY
11700,60,false,0,1,ALL,1,5,true,0,false,false,,1,true,10,200,false,true,500,0,50,VEHICLEBASED,,true,11700,false,1.3,true,true,true,true,0,0,0,3,true,1,LINESTRING EMPTY
11701,60,false,0,1,LEFT,1,5,true,0,false,false,,1,true,10,50,true,true,500,0,50,VEHICLEBASED,,true,11701,false,1.3,false,true,true,true,0,0,0,3,true,1,LINESTRING EMPTY
11702,60,false,0,1,ALL,1,5,true,0,false,false,,1,true,10,200,false,true,500,0,50,VEHICLEBASED,,true,11702,false,1.3,false,true,true,true,0,0,0,3,true,1,LINESTRING EMPTY
11703,60,false,0,1,LEFT,1,5,true,0,false,false,,1,true,10,50,true,true,500,0,50,VEHICLEBASED,,true,11703,false,1.3,true,true,true,true,0,0,0,3,true,1,LINESTRING EMPTY
11704,60,false,0,1,ALL,1,5,true,0,false,false,,1,true,10,200,false,true,500,0,50,VEHICLEBASED,,true,11704,false,1.3,true,true,true,true,0,0,0,3,true,1,LINESTRING EMPTY
11705,60,false,0,1,LEFT,1,5,true,0,false,false,,1,true,10,50,true,true,500,0,50,VEHICLEBASED,,true,11705,false,1.3,false,true,true,true,0,0,0,3,true,1,LINESTRING EMPTY
11706,60,false,0,1,ALL,1,5,true,0,false,false,,1,true,10,200,false,true,500,0,50,VEHICLEBASED,,true,11706,false,1.3,false,true,true,true,0,0,0,3,true,1,LINESTRING EMPTY
11707,60,false,0,1,LEFT,1,5,true,0,false,false,,1,true,10,50,true,true,500,0,50,VEHICLEBASED,,true,11707,false,1.3,true,true,true,true,0,0,0,3,true,1,LINESTRING EMPTY
11708,60,false,0,1,ALL,1,5,true,0,false,false,,1,true,10,200,false,true,500,0,50,VEHICLEBASED,,true,11708,false,1.3,true,true,true,true,0,0,0,3,true,1,LINESTRING EMPTY
11709,60,false,0,1,LEFT,1,5,true,0,false,false,,1,true,10,50,true,true,500,0,50,VEHICLEBASED,,true,11709,false,1.3,false,true,true,true,0,0,0,3,true,1,LINESTRING EMPTY
11710,60,false,0,1,ALL,1,5,true,0,false,false,,1,true,10,200,false,true,500,0,50,VEHICLEBASED,,true,11710,false,1.3,false,true,true,true,0,0,0,3,true,1,LINESTRING EMPTY
11711,60,false,0,1,LEFT,1,5,true,0,false,false,,1,true,10,50,true,true,500,0,50,VEHICLEBASED,,true,11711,false,1.3,true,true,true,true,0,0,0,3,true,1,LINESTRING EMPTY
11712,60,false,0,1,ALL,1,5,true,0,false,false,,1,true,10,200,false,true,500,0,50,VEHICLEBASED,,true,11712,false,1.3,true,true,true,true,0,0,0,3,true,1,LINESTRING EMPTY
11713,60,false,0,1,LEFT,1,5,true,0,false,false,,1,true,10,50,true,true,500,0,50,VEHICLEBASED,,true,11713,false,1.3,false,true,true,true,0,0,0,3,true,1,LINESTRING EMPTY
11714,60,false,0,1,ALL,1,5,true,0,false,false,,1,true,10,200,false,true,500,0,50,VEHICLEBASED,,true,11714,false,1.3,false,true,true,true,0,0,0,3,true,1,LINESTRING EMPTY
11715,60,false,0,1,LEFT,1,5,true,0,false,false,,1,true,10,50,true,true,500,0,50,VEHICLEBASED,,true,11715,false,1.3,true,true,true,true,0,0,0,3,true,1,LINESTRING EMPTY
11716,60,false,0,1,ALL,1,5,true,0,false,false,,1,true,10,200,false,true,500,0,50,VEHICLEBASED,,true,11716,false,1.3,true,true,true,true,0,0,0,3,true,1,LINESTRING EMPTY
11717,60,false,0,1,LEFT,1,5,true,0,false,false,,1,true,10,50,true,true,500,0,50,VEHICLEBASED,,true,11717,false,1.3,false,true,true,true,0,0,0,3,true,1,LINESTRING EMPTY
11718,60,false,0,1,ALL,1,5,true,0,false,false,,1,true,10,200,false,true,500,0,50,VEHICLEBASED,,true,11718,false,1.3,false,true,true,true,0,0,0,3,true,1,LINESTRING EMPTY
11719,60,false,0,1,LEFT,1,5,true,0,false,false,,1,true,10,50,true,true,500,0,50,VEHICLEBASED,,true,11719,false,1.3,true,true,true,true,0,0,0,3,true,1,LINESTRING EMPTY
11720,60,false,0,1,ALL,1,5,true,0,false,false,,1,true,10,200,false,true,500,0,50,VEHICLEBASED,,true,11720,false,1.3,true,true,true,true,0,0,0,3,true,1,LINESTRING EMPTY
11721,60,false,0,1,LEFT,1,5,true,0,false,false,,1,true,10,50,true,true,500,0,50,VEHICLEBASED,,true,11721,false,1.3,false,true,true,true,0,0,0,3,true,1,LINESTRING EMPTY
11722,60,false,0,1,ALL,1,5,true,0,false,false,,1,true,10,200,false,true,500,0,50,VEHICLEBASED,,true,11722,false,1.3,false,true,true,true,0,0,0,3,true,1,LINESTRING EMPTY
11723,60,false,0,1,LEFT,1,5,true,0,false,false,,1,true,10,50,true,true,500,0,50,VEHICLEBASED,,true,11723,false,1.3,true,true,true,true,0,0,0,3,true,1,LINESTRING EMPTY
11724,60,false,0,1,ALL,1,5,true,0,false,false,,1,true,10,200,false,true,500,0,50,VEHICLEBASED,,true,11724,false,1.3,true,true,true,true,0,0,0,3,true,1,LINESTRING EMPTY
11725,60,false,0,1,LEFT,1,5,true,0,false,false,,1,true,10,50,true,true,500,0,50,VEHICLEBASED,,true,11725,false,1.3,false,true,true,true,0,0,0,3,true,1,LINESTRING EMPTY
11726,60,false,0,1,ALL,1,5,true,0,false,false,,1,true,10,200,false,true,500,0,50,VEHICLEBASED,,true,11726,false,1.3,false,true,true,true,0,0,0,3,true,1,LINESTRING EMPTY
11727,60,false,0,1,LEFT,1,5,true,0,false,false,,1,true,10,50,true,true,500,0,50,VEHICLEBASED,,true,11727,false,1.3,true,true,true,true,0,0,0,3,true,1,LINESTRING EMPTY
11728,60,false,0,1,ALL,1,5,true,0,false,false,,1,true,10,200,false,true,500,0,50,VEHICLEBASED,,true,11728,false,1.3,true,true,true,true,0,0,0,3,true,1,LINESTRING EMPTY
11729,60,false,0,1,LEFT,1,5,true,0,false,false,,1,true,10,50,true,true,500,0,50,VEHICLEBASED,,true,11729,false,1.3,false,true,true,true,0,0,0,3,true,1,LINESTRING EMPTY
11730,60,false,0,1,ALL,1,5,true,0,false,false,,1,true,10,200,false,true,500,0,50,VEHICLEBASED,,true,11730,false,1.3,false,true,true,true,0,0,0,3,true,1,LINESTRING EMPTY
11731,60,false,0,1,LEFT,1,5,true,0,false,false,,1,true,10,50,true,true,500,0,50,VEHICLEBASED,,true,11731,false,1.3,true,true,true,true,0,0,0,3,true,1,LINESTRING EMPTY
11732,60,false,0,1,ALL,1,5,true,0,false,false,,1,true,10,200,false,true,500,0,50,VEHICLEBASED,,true,11732,false,1.3,true,true,true,true,0,0,0,3,true,1,LINESTRING EMPTY
11733,60,false,0,1,LEFT,1,5,true,0,false,false,,1,true,10,50,true,true,500,0,50,VEHICLEBASED,,true,11733,false,1.3,false,true,true,true,0,0,0,3,true,1,LINESTRING EMPTY
11734,60,false,0,1,ALL,1,5,true,0,false,false,,1,true,10,200,false,true,500,0,50,VEHICLEBASED,,true,11734,false,1.3,false,true,true,true,0,0,0,3,true,1,LINESTRING EMPTY
11735,60,false,0,1,LEFT,1,5,true,0,false,false,,1,true,10,50,true,true,500,0,50,VEHICLEBASED,,true,11735,false,1.3,true,true,true,true,0,0,0,3,true,1,LINESTRING EMPTY
11736,60,false,0,1,ALL,1,5,true,0,false,false,,1,true,10,200,false,true,500,0,50,VEHICLEBASED,,true,11736,false,1.3,true,true,true,true,0,0,0,3,true,1,LINESTRING EMPTY
11737,60,false,0,1,LEFT,1,5,true,0,false,false,,1,true,10,50,true,true,500,0,50,VEHICLEBASED,,true,11737,false,1.3,false,true,true,true,0,0,0,3,true,1,LINESTRING EMPTY
11738,60,false,0,1,ALL,1,5,true,0,false,false,,1,true,10,200,false,true,500,0,50,VEHICLEBASED,,true,11738,false,1.3,false,true,true,true,0,0,0,3,true,1,LINESTRING EMPTY
11739,60,false,0,1,LEFT,1,5,true,0,false,false,,1,true,10,50,true,true,500,0,50,VEHICLEBASED,,true,11739,false,1.3,true,true,true,true,0,0,0,3,true,1,LINESTRING EMPTY
11740,60,false,0,1,ALL,1,5,true,0,false,false,,1,true,10,200,false,true,500,0,50,VEHICLEBASED,,true,11740,false,1.3,true,true,true,true,0,0,0,3,true,1,LINESTRING EMPTY
11741,60,false,0,1,LEFT,1,5,true,0,false,false,,1,true,10,50,true,true,500,0,50,VEHICLEBASED,,true,11741,false,1.3,false,true,true,true,0,0,0,3,true,1,LINESTRING EMPTY
11742,60,false,0,1,ALL,1,5,true,0,false,false,,1,true,10,200,false,true,500,0,50,VEHICLEBASED,,true,11742,false,1.3,false,true,true,true,0,0,0,3,true,1,LINESTRING EMPTY
11743,60,false,0,1,LEFT,1,5,true,0,false,false,,1,true,10,50,true,true,500,0,50,VEHICLEBASED,,true,11743,false,1.3,true,true,true,true,0,0,0,3,true,1,LINESTRING EMPTY
11744,60,false,0,1,ALL,1,5,true,0,false,false,,1,true,10,200,false,true,500,0,50,VEHICLEBASED,,true,11744,false,1.3,true,true,true,true,0,0,0,3,true,1,LINESTRING EMPTY
11745,60,false,0,1,LEFT,1,5,true,0,false,false,,1,true,10,50,true,true,500,0,50,VEHICLEBASED,,true,11745,false,1.3,false,true,true,true,0,0,0,3,true,1,LINESTRING EMPTY
11746,60,false,0,1,ALL,1,5,true,0,false,false,,1,true,10,200,false,true,500,0,50,VEHICLEBASED,,true,11746,false,1.3,false,true,true,true,0,0,0,3,true,1,LINESTRING EMPTY
11747,60,false,0,1,LEFT,1,5,true,0,false,false,,1,true,10,50,true,true,500,0,50,VEHICLEBASED,,true,11747,false,1.3,true,true,true,true,0,0,0,3,true,1,LINESTRING EMPTY
11748,60,false,0,1,ALL,1,5,true,0,false,false,,1,true,10,200,false,true,500,0,50,VEHICLEBASED,,true,11748,false,1.3,true,true,true,true,0,0,0,3,true,1,LINESTRING EMPTY
11749,60,false,0,1,LEFT,1,5,true,0,false,false,,1,true,10,50,true,true,500,0,50,VEHICLEBASED,,true,11749,false,1.3,false,true,true,true,0,0,0,3,true,1,LINESTRING EMPTY
11750,60,false,0,1,ALL,1,5,true,0,false,false,,1,true,10,200,false,true,500,0,50,VEHICLEBASED,,true,11750,false,1.3,false,true,true,true,0,0,0,3,true,1,LINESTRING EMPTY
11751,60,false,0,1,LEFT,1,5,true,0,false,false,,1,true,10,50,true,true,500,0,50,VEHICLEBASED,,true,11751,false,1.3,true,true,true,true,0,0,0,3,true,1,LINESTRING EMPTY
11752,60,false,0,1,ALL,1,5,true,0,false,false,,1,true,10,200,false,true,500,0,50,VEHICLEBASED,,true,11752,false,1.3,true,true,true,true,0,0,0,3,true,1,LINESTRING EMPTY
11753,60,false,0,1,LEFT,1,5,true,0,false,false,,1,true,10,50,true,true,500,0,50,VEHICLEBASED,,true,11753,false,1.3,false,true,true,true,0,0,0,3,true,1,LINESTRING EMPTY
11754,60,false,0,1,ALL,1,5,true,0,false,false,,1,true,10,200,false,true,500,0,50,VEHICLEBASED,,true,11754,false,1.3,false,true,true,true,0,0,0,3,true,1,LINESTRING EMPTY
11755,60,false,0,1,LEFT,1,5,true,0,false,false,,1,true,10,50,true,true,500,0,50,VEHICLEBASED,,true,11755,false,1.3,true,true,true,true,0,0,0,3,true,1,LINESTRING EMPTY
11756,60,false,0,1,ALL,1,5,true,0,false,false,,1,true,10,200,false,true,500,0,50,VEHICLEBASED,,true,11756,false,1.3,true,true,true,true,0,0,0,3,true,1,LINESTRING EMPTY
11757,60,false,0,1,LEFT,1,5,true,0,false,false,,1,true,10,50,true,true,500,0,50,VEHICLEBASED,,true,11757,false,1.3,false,true,true,true,0,0,0,3,true,1,LINESTRING EMPTY
11758,60,false,0,1,ALL,1,5,true,0,false,false,,1,true,10,200,false,true,500,0,50,VEHICLEBASED,,true,11758,false,1.3,false,true,true,true,0,0,0,3,true,1,LINESTRING EMPTY
11759,60,false,0,1,LEFT,1,5,true,0,false,false,,1,true,10,50,true,true,500,0,50,VEHICLEBASED,,true,11759,false,1.3,true,true,true,true,0,0,0,3,true,1,LINESTRING EMPTY
11760,60,false,0,1,ALL,1,5,true,0,false,false,,1,true,10,200,false,true,500,0,50,VEHICLEBASED,,true,11760,false,1.3,true,true,true,true,0,0,0,3,true,1,LINESTRING EMPTY
11761,60,false,0,1,LEFT,1,5,true,0,false,false,,1,true,10,50,true,true,500,0,50,VEHICLEBASED,,true,11761,false,1.3,false,true,true,true,0,0,0,3,true,1,LINESTRING EMPTY
11762,60,false,0,1,ALL,1,5,true,0,false,false,,1,true,10,200,false,true,500,0,50,VEHICLEBASED,,true,11762,false,1.3,false,true,true,true,0,0,0,3,true,1,LINESTRING EMPTY
11763,60,false,0,1,LEFT,1,5,true,0,false,false,,1,true,10,50,true,true,500,0,50,VEHICLEBASED,,true,11763,false,1.3,true,true,true,true,0,0,0,3,true,1,LINESTRING EMPTY
11764,60,false,0,1,ALL,1,5,true,0,false,false,,1,true,10,200,false,true,500,0,50,VEHICLEBASED,,true,11764,false,1.3,true,true,true,true,0,0,0,3,true,1,LINESTRING EMPTY
11765,60,false,0,1,LEFT,1,5,true,0,false,false,,1,true,10,50,true,true,500,0,50,VEHICLEBASED,,true,11765,false,1.3,false,true,true,true,0,0,0,3,true,1,LINESTRING EMPTY
11766,60,false,0,1,ALL,1,5,true,0,false,false,,1,true,10,200,false,true,500,0,50,VEHICLEBASED,,true,11766,false,1.3,false,true,true,true,0,0,0,3,true,1,LINESTRING EMPTY
11767,60,false,0,1,LEFT,1,5,true,0,false,false,,1,true,10,50,true,true,500,0,50,VEHICLEBASED,,true,11767,false,1.3,true,true,true,true,0,0,0,3,true,1,LINESTRING EMPTY
11768,60,false,0,1,ALL,1,5,true,0,false,false,,1,true,10,200,false,true,500,0,50,VEHICLEBASED,,true,11768,false,1.3,true,true,true,true,0,0,0,3,true,1,LINESTRING EMPTY
11769,60,false,0,1,LEFT,1,5,true,0,false,false,,1,true,10,50,true,true,500,0,50,VEHICLEBASED,,true,11769,false,1.3,false,true,true,true,0,0,0,3,true,1,LINESTRING EMPTY
11770,60,false,0,1,ALL,1,5,true,0,false,false,,1,true,10,200,false,true,500,0,50,VEHICLEBASED,,true,11770,false,1.3,false,true,true,true,0,0,0,3,true,1,LINESTRING EMPTY
11771,60,false,0,1,LEFT,1,5,true,0,false,false,,1,true,10,50,true,true,500,0,50,VEHICLEBASED,,true,11771,false,1.3,true,true,true,true,0,0,0,3,true,1,LINESTRING EMPTY
11772,60,false,0,1,ALL,1,5,true,0,false,false,,1,true,10,200,false,true,500,0,50,VEHICLEBASED,,true,11772,false,1.3,true,true,true,true,0,0,0,3,true,1,LINESTRING EMPTY
11773,60,false,0,1,LEFT,1,5,true,0,false,false,,1,true,10,50,true,true,500,0,50,VEHICLEBASED,,true,11773,false,1.3,false,true,true,true,0,0,0,3,true,1,LINESTRING EMPTY
11774,60,false,0,1,ALL,1,5,true,0,false,false,,1,true,10,200,false,true,500,0,50,VEHICLEBASED,,true,11774,false,1.3,false,true,true,true,0,0,0,3,true,1,LINESTRING EMPTY
11775,60,false,0,1,LEFT,1,5,true,0,false,false,,1,true,10,50,true,true,500,0,50,VEHICLEBASED,,true,11775,false,1.3,true,true,true,true,0,0,0,3,true,1,LINESTRING EMPTY
11776,60,false,0,1,ALL,1,5,true,0,false,false,,1,true,10,200,false,true,500,0,50,VEHICLEBASED,,true,11776,false,1.3,true,true,true,true,0,0,0,3,true,1,LINESTRING EMPTY
11777,60,false,0,1,LEFT,1,5,true,0,false,false,,1,true,10,50,true,true,500,0,50,VEHICLEBASED,,true,11777,false,1.3,false,true,true,true,0,0,0,3,true,1,LINESTRING EMPTY
11778,60,false,0,1,ALL,1,5,true,0,false,false,,1,true,10,200,false,true,500,0,50,VEHICLEBASED,,true,11778,false,1.3,false,true,true,true,0,0,0,3,true,1,LINESTRING EMPTY
11779,60,false,0,1,LEFT,1,5,true,0,false,false,,1,true,10,50,true,true,500,0,50,VEHICLEBASED,,true,11779,false,1.3,true,true,true,true,0,0,0,3,true,1,LINESTRING EMPTY
11780,60,false,0,1,ALL,1,5,true,0,false,false,,1,true,10,200,false,true,500,0,50,VEHICLEBASED,,true,11780,false,1.3,true,true,true,true,0,0,0,3,true,1,LINESTRING EMPTY
11781,60,false,0,1,LEFT,1,5,true,0,false,false,,1,true,10,50,true,true,500,0,50,VEHICLEBASED,,true,11781,false,1.3,false,true,true,true,0,0,0,3,true,1,LINESTRING EMPTY
11782,60,false,0,1,ALL,1,5,true,0,false,false,,1,true,10,200,false,true,500,0,50,VEHICLEBASED,,true,11782,false,1.3,false,true,true,true,0,0,0,3,true,1,LINESTRING EMPTY
11783,60,false,0,1,LEFT,1,5,true,0,false,false,,1,true,10,50,true,true,500,0,50,VEHICLEBASED,,true,11783,false,1.3,true,true,true,true,0,0,0,3,true,1,LINESTRING EMPTY
11784,60,false,0,1,ALL,1,5,true,0,false,false,,1,true,10,200,false,true,500,0,50,VEHICLEBASED,,true,11784,false,1.3,true,true,true,true,0,0,0,3,true,1,LINESTRING EMPTY
11785,60,false,0,1,LEFT,1,5,true,0,false,false,,1,true,10,50,true,true,500,0,50,VEHICLEBASED,,true,11785,false,1.3,false,true,true,true,0,0,0,3,true,1,LINESTRING EMPTY
11786,60,false,0,1,ALL,1,5,true,0,false,false,,1,true,10,200,false,true,500,0,50,VEHICLEBASED,,true,11786,false,1.3,false,true,true,true,0,0,0,3,true,1,LINESTRING EMPTY
11787,60,false,0,1,LEFT,1,5,true,0,false,false,,1,true,10,50,true,true,500,0,50,VEHICLEBASED,,true,11787,false,1.3,true,true,true,true,0,0,0,3,true,1,LINESTRING EMPTY
11788,60,false,0,1,ALL,1,5,true,0,false,false,,1,true,10,200,false,true,500,0,50,VEHICLEBASED,,true,11788,false,1.3,true,true,true,true,0,0,0,3,true,1,LINESTRING EMPTY
11789,60,false,0,1,LEFT,1,5,true,0,false,false,,1,true,10,50,true,true,500,0,50,VEHICLEBASED,,true,11789,false,1.3,false,true,true,true,0,0,0,3,true,1,LINESTRING EMPTY
11790,60,false,0,1,ALL,1,5,true,0,false,false,,1,true,10,200,false,true,500,0,50,VEHICLEBASED,,true,11790,false,1.3,false,true,true,true,0,0,0,3,true,1,LINESTRING EMPTY
11791,60,false,0,1,LEFT,1,5,true,0,false,false,,1,true,10,50,true,true,500,0,50,VEHICLEBASED,,true,11791,false,1.3,true,true,true,true,0,0,0,3,true,1,LINESTRING EMPTY
11792,60,false,0,1,ALL,1,5,true,0,false,false,,1,true,10,200,false,true,500,0,50,VEHICLEBASED,,true,11792,false,1.3,true,true,true,true,0,0,0,3,true,1,LINESTRING EMPTY
11793,60,false,0,1,LEFT,1,5,true,0,false,false,,1,true,10,50,true,true,500,0,50,VEHICLEBASED,,true,11793,false,1.3,false,true,true,true,0,0,0,3,true,1,LINESTRING EMPTY
11794,60,false,0,1,ALL,1,5,true,0,false,false,,1,true,10,200,false,true,500,0,50,VEHICLEBASED,,true,11794,false,1.3,false,true,true,true,0,0,0,3,true,1,LINESTRING EMPTY
11795,60,false,0,1,LEFT,1,5,true,0,false,false,,1,true,10,50,true,true,500,0,50,VEHICLEBASED,,true,11795,false,1.3,true,true,true,true,0,0,0,3,true,1,LINESTRING EMPTY
11796,60,false,0,1,ALL,1,5,true,0,false,false,,1,true,10,200,false,true,500,0,50,VEHICLEBASED,,true,11796,false,1.3,true,true,true,true,0,0,0,3,true,1,LINESTRING EMPTY
11797,60,false,0,1,LEFT,1,5,true,0,false,false,,1,true,10,50,true,true,500,0,50,VEHICLEBASED,,true,11797,false,1.3,false,true,true,true,0,0,0,3,true,1,LINESTRING EMPTY
11798,60,false,0,1,ALL,1,5,true,0,false,false,,1,true,10,200,false,true,500,0,50,VEHICLEBASED,,true,11798,false,1.3,false,true,true,true,0,0,0,3,true,1,LINESTRING EMPTY
11799,60,false,0,1,LEFT,1,5,true,0,false,false,,1,true,10,50,true,true,500,0,50,VEHICLEBASED,,true,11799,false,1.3,true,true,true,true,0,0,0,3,true,1,LINESTRING EMPTY
11800,60,false,0,1,ALL,1,5,true,0,false,false,,1,true,10,200,false,true,500,0,50,VEHICLEBASED,,true,11800,false,1.3,true,true,true,true,0,0,0,3,true,1,LINESTRING EMPTY
11801,60,false,0,1,LEFT,1,5,true,0,false,false,,1,true,10,50,true,true,500,0,50,VEHICLEBASED,,true,11801,false,1.3,false,true,true,true,0,0,0,3,true,1,LINESTRING EMPTY
11802,60,false,0,1,ALL,1,5,true,0,false,false,,1,true,10,200,false,true,500,0,50,VEHICLEBASED,,true,11802,false,1.3,false,true,true,true,0,0,0,3,true,1,LINESTRING EMPTY
11803,60,false,0,1,LEFT,1,5,true,0,false,false,,1,true,10,50,true,true,500,0,50,VEHICLEBASED,,true,11803,false,1.3,true,true,true,true,0,0,0,3,true,1,LINESTRING EMPTY
11804,60,false,0,1,ALL,1,5,true,0,false,false,,1,true,10,200,false,true,500,0,50,VEHICLEBASED,,true,11804,false,1.3,true,true,true,true,0,0,0,3,true,1,LINESTRING EMPTY
11805,60,false,0,1,LEFT,1,5,true,0,false,false,,1,true,10,50,true,true,500,0,50,VEHICLEBASED,,true,11805,false,1.3,false,true,true,true,0,0,0,3,true,1,LINESTRING EMPTY
11806,60,false,0,1,ALL,1,5,true,0,false,false,,1,true,10,200,false,true,500,0,50,VEHICLEBASED,,true,11806,false,1.3,false,true,true,true,0,0,0,3,true,1,LINESTRING EMPTY
11807,60,false,0,1,LEFT,1,5,true,0,false,false,,1,true,10,50,true,true,500,0,50,VEHICLEBASED,,true,11807,false,1.3,true,true,true,true,0,0,0,3,true,1,LINESTRING EMPTY
11808,60,false,0,1,ALL,1,5,true,0,false,false,,1,true,10,200,false,true,500,0,50,VEHICLEBASED,,true,11808,false,1.3,true,true,true,true,0,0,0,3,true,1,LINESTRING EMPTY
11809,60,false,0,1,LEFT,1,5,true,0,false,false,,1,true,10,50,true,true,500,0,50,VEHICLEBASED,,true,11809,false,1.3,false,true,true,true,0,0,0,3,true,1,LINESTRING EMPTY
11810,60,false,0,1,ALL,1,5,true,0,false,false,,1,true,10,200,false,true,500,0,50,VEHICLEBASED,,true,11810,false,1.3,false,true,true,true,0,0,0,3,true,1,LINESTRING EMPTY
11811,60,false,0,1,LEFT,1,5,true,0,false,false,,1,true,10,50,true,true,500,0,50,VEHICLEBASED,,true,11811,false,1.3,true,true,true,true,0,0,0,3,true,1,LINESTRING EMPTY
11812,60,false,0,1,ALL,1,5,true,0,false,false,,1,true,10,200,false,true,500,0,50,VEHICLEBASED,,true,11812,false,1.3,true,true,true,true,0,0,0,3,true,1,LINESTRING EMPTY
11813,60,false,0,1,LEFT,1,5,true,0,false,false,,1,true,10,50,true,true,500,0,50,VEHICLEBASED,,true,11813,false,1.3,false,true,true,true,0,0,0,3,true,1,LINESTRING EMPTY
11814,60,false,0,1,ALL,1,5,true,0,false,false,,1,true,10,200,false,true,500,0,50,VEHICLEBASED,,true,11814,false,1.3,false,true,true,true,0,0,0,3,true,1,LINESTRING EMPTY
11815,60,false,0,1,LEFT,1,5,true,0,false,false,,1,true,10,50,true,true,500,0,50,VEHICLEBASED,,true,11815,false,1.3,true,true,true,true,0,0,0,3,true,1,LINESTRING EMPTY
11816,60,false,0,1,ALL,1,5,true,0,false,false,,1,true,10,200,false,true,500,0,50,VEHICLEBASED,,true,11816,false,1.3,true,true,true,true,0,0,0,3,true,1,LINESTRING EMPTY
11817,60,false,0,1,LEFT,1,5,true,0,false,false,,1,true,10,50,true,true,500,0,50,VEHICLEBASED,,true,11817,false,1.3,false,true,true,true,0,0,0,3,true,1,LINESTRING EMPTY
11818,60,false,0,1,ALL,1,5,true,0,false,false,,1,true,10,200,false,true,500,0,50,VEHICLEBASED,,true,11818,false,1.3,false,true,true,true,0,0,0,3,true,1,LINESTRING EMPTY
11819,60,false,0,1,LEFT,1,5,true,0,false,false,,1,true,10,50,true,true,500,0,50,VEHICLEBASED,,true,11819,false,1.3,true,true,true,true,0,0,0,3,true,1,LINESTRING EMPTY
11820,60,false,0,1,ALL,1,5,true,0,false,false,,1,true,10,200,false,true,500,0,50,VEHICLEBASED,,true,11820,false,1.3,true,true,true,true,0,0,0,3,true,1,LINESTRING EMPTY
11821,60,false,0,1,ALL,1,5,true,0,false,false,,1,true,10,200,false,true,500,0,50,VEHICLEBASED,,true,11821,false,1.3,false,true,true,true,0,0,0,3,true,1,LINESTRING EMPTY
11822,60,false,0,1,ALL,1,5,true,0,false,false,,1,true,10,200,false,true,500,0,50,VEHICLEBASED,,true,11822,false,1.3,false,true,true,true,0,0,0,3,true,1,LINESTRING EMPTY
11823,60,false,0,1,ALL,1,5,true,0,false,false,,1,true,10,200,false,true,500,0,50,VEHICLEBASED,,true,11823,false,1.3,false,true,true,true,0,0,0,3,true,1,LINESTRING EMPTY
11824,60,false,0,1,ALL,1,5,true,0,false,false,,1,true,10,200,false,true,500,0,50,VEHICLEBASED,,true,11824,false,1.3,false,true,true,true,0,0,0,3,true,1,LINESTRING EMPTY
11825,60,false,0,1,ALL,1,5,true,0,false,false,,1,true,10,200,false,true,500,0,50,VEHICLEBASED,,true,11825,false,1.3,false,true,true,true,0,0,0,3,true,1,LINESTRING EMPTY
11826,60,false,0,1,ALL,1,5,true,0,false,false,,1,true,10,200,false,true,500,0,50,VEHICLEBASED,,true,11826,false,1.3,false,true,true,true,0,0,0,3,true,1,LINESTRING EMPTY
11827,60,false,0,1,ALL,1,5,true,0,false,false,,1,true,10,200,false,true,500,0,50,VEHICLEBASED,,true,11827,false,1.3,false,true,true,true,0,0,0,3,true,1,LINESTRING EMPTY
11828,60,false,0,1,ALL,1,5,true,0,false,false,,1,true,10,200,false,true,500,0,50,VEHICLEBASED,,true,11828,false,1.3,false,true,true,true,0,0,0,3,true,1,LINESTRING EMPTY
11829,60,false,0,1,ALL,1,5,true,0,false,false,,1,true,10,200,false,true,500,0,50,VEHICLEBASED,,true,11829,false,1.3,false,true,true,true,0,0,0,3,true,1,LINESTRING EMPTY
11830,60,false,0,1,ALL,1,5,true,0,false,false,,1,true,10,200,false,true,500,0,50,VEHICLEBASED,,true,11830,false,1.3,false,true,true,true,0,0,0,3,true,1,LINESTRING EMPTY
11831,60,false,0,1,ALL,1,5,true,0,false,false,,1,true,10,200,false,true,500,0,50,VEHICLEBASED,,true,11831,false,1.3,false,true,true,true,0,0,0,3,true,1,LINESTRING EMPTY
11832,60,false,0,1,ALL,1,5,true,0,false,false,,1,true,10,200,false,true,500,0,50,VEHICLEBASED,,true,11832,false,1.3,false,true,true,true,0,0,0,3,true,1,LINESTRING EMPTY
11833,60,false,0,1,ALL,1,5,true,0,false,false,,1,true,10,200,false,true,500,0,50,VEHICLEBASED,,true,11833,false,1.3,false,true,true,true,0,0,0,3,true,1,LINESTRING EMPTY
11834,60,false,0,1,ALL,1,5,true,0,false,false,,1,true,10,200,false,true,500,0,50,VEHICLEBASED,,true,11834,false,1.3,false,true,true,true,0,0,0,3,true,1,LINESTRING EMPTY
11835,60,false,0,1,ALL,1,5,true,0,false,false,,1,true,10,200,false,true,500,0,50,VEHICLEBASED,,true,11835,false,1.3,false,true,true,true,0,0,0,3,true,1,LINESTRING EMPTY
11836,60,false,0,1,ALL,1,5,true,0,false,false,,1,true,10,200,false,true,500,0,50,VEHICLEBASED,,true,11836,false,1.3,false,true,true,true,0,0,0,3,true,1,LINESTRING EMPTY
11837,60,false,0,1,ALL,1,5,true,0,false,false,,1,true,10,200,false,true,500,0,50,VEHICLEBASED,,true,11837,false,1.3,false,true,true,true,0,0,0,3,true,1,LINESTRING EMPTY
11838,60,false,0,1,ALL,1,5,true,0,false,false,,1,true,10,200,false,true,500,0,50,VEHICLEBASED,,true,11838,false,1.3,false,true,true,true,0,0,0,3,true,1,LINESTRING EMPTY
11839,60,false,0,1,ALL,1,5,true,0,false,false,,1,true,10,200,false,true,500,0,50,VEHICLEBASED,,true,11839,false,1.3,false,true,true,true,0,0,0,3,true,1,LINESTRING EMPTY
11840,60,false,0,1,ALL,1,5,true,0,false,false,,1,true,10,200,false,true,500,0,50,VEHICLEBASED,,true,11840,false,1.3,false,true,true,true,0,0,0,3,true,1,LINESTRING EMPTY
11841,60,false,0,1,ALL,1,5,true,0,false,false,,1,true,10,200,false,true,500,0,50,VEHICLEBASED,,true,11841,false,1.3,false,true,true,true,0,0,0,3,true,1,LINESTRING EMPTY
11842,60,false,0,1,ALL,1,5,true,0,false,false,,1,true,10,200,false,true,500,0,50,VEHICLEBASED,,true,11842,false,1.3,false,true,true,true,0,0,0,3,true,1,LINESTRING EMPTY
11843,60,false,0,1,ALL,1,5,true,0,false,false,,1,true,10,200,false,true,500,0,50,VEHICLEBASED,,true,11843,false,1.3,false,true,true,true,0,0,0,3,true,1,LINESTRING EMPTY
11844,60,false,0,1,ALL,1,5,true,0,false,false,,1,true,10,200,false,true,500,0,50,VEHICLEBASED,,true,11844,false,1.3,false,true,true,true,0,0,0,3,true,1,LINESTRING EMPTY
11845,60,false,0,1,ALL,1,5,true,0,false,false,,1,true,10,200,false,true,500,0,50,VEHICLEBASED,,true,11845,false,1.3,false,true,true,true,0,0,0,3,true,1,LINESTRING EMPTY
11846,60,false,0,1,ALL,1,5,true,0,false,false,,1,true,10,200,false,true,500,0,50,VEHICLEBASED,,true,11846,false,1.3,false,true,true,true,0,0,0,3,true,1,LINESTRING EMPTY
11847,60,false,0,1,ALL,1,5,true,0,false,false,,1,true,10,200,false,true,500,0,50,VEHICLEBASED,,true,11847,false,1.3,false,true,true,true,0,0,0,3,true,1,LINESTRING EMPTY
11848,60,false,0,1,ALL,1,5,true,0,false,false,,1,true,10,200,false,true,500,0,50,VEHICLEBASED,,true,11848,false,1.3,false,true,true,true,0,0,0,3,true,1,LINESTRING EMPTY
11849,60,false,0,1,ALL,1,5,true,0,false,false,,1,true,10,200,false,true,500,0,50,VEHICLEBASED,,true,11849,false,1.3,false,true,true,true,0,0,0,3,true,1,LINESTRING EMPTY
11850,60,false,0,1,ALL,1,5,true,0,false,false,,1,true,10,200,false,true,500,0,50,VEHICLEBASED,,true,11850,false,1.3,false,true,true,true,0,0,0,3,true,1,LINESTRING EMPTY
11851,60,false,0,1,ALL,1,5,true,0,false,false,,1,true,10,200,false,true,500,0,50,VEHICLEBASED,,true,11851,false,1.3,false,true,true,true,0,0,0,3,true,1,LINESTRING EMPTY
11852,60,false,0,1,ALL,1,5,true,0,false,false,,1,true,10,200,false,true,500,0,50,VEHICLEBASED,,true,11852,false,1.3,false,true,true,true,0,0,0,3,true,1,LINESTRING EMPTY
11853,60,false,0,1,ALL,1,5,true,0,false,false,,1,true,10,200,false,true,500,0,50,VEHICLEBASED,,true,11853,false,1.3,false,true,true,true,0,0,0,3,true,1,LINESTRING EMPTY
11854,60,false,0,1,ALL,1,5,true,0,false,false,,1,true,10,200,false,true,500,0,50,VEHICLEBASED,,true,11854,false,1.3,false,true,true,true,0,0,0,3,true,1,LINESTRING EMPTY
11855,60,false,0,1,ALL,1,5,true,0,false,false,,1,true,10,200,false,true,500,0,50,VEHICLEBASED,,true,11855,false,1.3,false,true,true,true,0,0,0,3,true,1,LINESTRING EMPTY
11856,60,false,0,1,ALL,1,5,true,0,false,false,,1,true,10,200,false,true,500,0,50,VEHICLEBASED,,true,11856,false,1.3,false,true,true,true,0,0,0,3,true,1,LINESTRING EMPTY
11857,60,false,0,1,ALL,1,5,true,0,false,false,,1,true,10,200,false,true,500,0,50,VEHICLEBASED,,true,11857,false,1.3,false,true,true,true,0,0,0,3,true,1,LINESTRING EMPTY
11858,60,false,0,1,ALL,1,5,true,0,false,false,,1,true,10,200,false,true,500,0,50,VEHICLEBASED,,true,11858,false,1.3,false,true,true,true,0,0,0,3,true,1,LINESTRING EMPTY
11859,60,false,0,1,ALL,1,5,true,0,false,false,,1,true,10,200,false,true,500,0,50,VEHICLEBASED,,true,11859,false,1.3,false,true,true,true,0,0,0,3,true,1,LINESTRING EMPTY
11860,60,false,0,1,ALL,1,5,true,0,false,false,,1,true,10,200,false,true,500,0,50,VEHICLEBASED,,true,11860,false,1.3,false,true,true,true,0,0,0,3,true,1,LINESTRING EMPTY
11861,60,false,0,1,ALL,1,5,true,0,false,false,,1,true,10,200,false,true,500,0,50,VEHICLEBASED,,true,11861,false,1.3,false,true,true,true,0,0,0,3,true,1,LINESTRING EMPTY
11862,60,false,0,1,LEFT,1,5,true,0,false,false,,1,true,10,50,true,true,500,0,50,VEHICLEBASED,,true,11862,false,1.3,false,true,true,true,0,0,0,3,true,1,LINESTRING EMPTY
11863,60,false,0,1,ALL,1,5,true,0,false,false,,1,true,10,200,false,true,500,0,50,VEHICLEBASED,,true,11863,false,1.3,false,true,true,true,0,0,0,3,true,1,LINESTRING EMPTY
11864,60,false,0,1,LEFT,1,5,true,0,false,false,,1,true,10,50,true,true,500,0,50,VEHICLEBASED,,true,11864,false,1.3,true,true,true,true,0,0,0,3,true,1,LINESTRING EMPTY
11865,60,false,0,1,ALL,1,5,true,0,false,false,,1,true,10,200,false,true,500,0,50,VEHICLEBASED,,true,11865,false,1.3,true,true,true,true,0,0,0,3,true,1,LINESTRING EMPTY
11866,60,false,0,1,LEFT,1,5,true,0,false,false,,1,true,10,50,true,true,500,0,50,VEHICLEBASED,,true,11866,false,1.3,false,true,true,true,0,0,0,3,true,1,LINESTRING EMPTY
11867,60,false,0,1,ALL,1,5,true,0,false,false,,1,true,10,200,false,true,500,0,50,VEHICLEBASED,,true,11867,false,1.3,false,true,true,true,0,0,0,3,true,1,LINESTRING EMPTY
11868,60,false,0,1,LEFT,1,5,true,0,false,false,,1,true,10,50,true,true,500,0,50,VEHICLEBASED,,true,11868,false,1.3,true,true,true,true,0,0,0,3,true,1,LINESTRING EMPTY
11869,60,false,0,1,ALL,1,5,true,0,false,false,,1,true,10,200,false,true,500,0,50,VEHICLEBASED,,true,11869,false,1.3,true,true,true,true,0,0,0,3,true,1,LINESTRING EMPTY
11870,60,false,0,1,LEFT,1,5,true,0,false,false,,1,true,10,50,true,true,500,0,50,VEHICLEBASED,,true,11870,false,1.3,false,true,true,true,0,0,0,3,true,1,LINESTRING EMPTY
11871,60,false,0,1,ALL,1,5,true,0,false,false,,1,true,10,200,false,true,500,0,50,VEHICLEBASED,,true,11871,false,1.3,false,true,true,true,0,0,0,3,true,1,LINESTRING EMPTY
11872,60,false,0,1,LEFT,1,5,true,0,false,false,,1,true,10,50,true,true,500,0,50,VEHICLEBASED,,true,11872,false,1.3,true,true,true,true,0,0,0,3,true,1,LINESTRING EMPTY
11873,60,false,0,1,ALL,1,5,true,0,false,false,,1,true,10,200,false,true,500,0,50,VEHICLEBASED,,true,11873,false,1.3,true,true,true,true,0,0,0,3,true,1,LINESTRING EMPTY
11874,60,false,0,1,LEFT,1,5,true,0,false,false,,1,true,10,50,true,true,500,0,50,VEHICLEBASED,,true,11874,false,1.3,false,true,true,true,0,0,0,3,true,1,LINESTRING EMPTY
11875,60,false,0,1,ALL,1,5,true,0,false,false,,1,true,10,200,false,true,500,0,50,VEHICLEBASED,,true,11875,false,1.3,false,true,true,true,0,0,0,3,true,1,LINESTRING EMPTY
11876,60,false,0,1,LEFT,1,5,true,0,false,false,,1,true,10,50,true,true,500,0,50,VEHICLEBASED,,true,11876,false,1.3,true,true,true,true,0,0,0,3,true,1,LINESTRING EMPTY
11877,60,false,0,1,ALL,1,5,true,0,false,false,,1,true,10,200,false,true,500,0,50,VEHICLEBASED,,true,11877,false,1.3,true,true,true,true,0,0,0,3,true,1,LINESTRING EMPTY
11878,60,false,0,1,LEFT,1,5,true,0,false,false,,1,true,10,50,true,true,500,0,50,VEHICLEBASED,,true,11878,false,1.3,false,true,true,true,0,0,0,3,true,1,LINESTRING EMPTY
11879,60,false,0,1,ALL,1,5,true,0,false,false,,1,true,10,200,false,true,500,0,50,VEHICLEBASED,,true,11879,false,1.3,false,true,true,true,0,0,0,3,true,1,LINESTRING EMPTY
11880,60,false,0,1,LEFT,1,5,true,0,false,false,,1,true,10,50,true,true,500,0,50,VEHICLEBASED,,true,11880,false,1.3,true,true,true,true,0,0,0,3,true,1,LINESTRING EMPTY
11881,60,false,0,1,ALL,1,5,true,0,false,false,,1,true,10,200,false,true,500,0,50,VEHICLEBASED,,true,11881,false,1.3,true,true,true,true,0,0,0,3,true,1,LINESTRING EMPTY
11882,60,false,0,1,RIGHT,1,5,true,0,false,false,,1,true,10,50,true,true,500,0,50,VEHICLEBASED,,true,11882,false,1.3,false,true,true,true,0,0,0,3,true,1,LINESTRING EMPTY
11883,60,false,0,1,ALL,1,5,true,0,false,false,,1,true,10,200,false,true,500,0,50,VEHICLEBASED,,true,11883,false,1.3,false,true,true,true,0,0,0,3,true,1,LINESTRING EMPTY
11884,60,false,0,1,RIGHT,1,5,true,0,false,false,,1,true,10,50,true,true,500,0,50,VEHICLEBASED,,true,11884,false,1.3,true,true,true,true,0,0,0,3,true,1,LINESTRING EMPTY
11885,60,false,0,1,ALL,1,5,true,0,false,false,,1,true,10,200,false,true,500,0,50,VEHICLEBASED,,true,11885,false,1.3,true,true,true,true,0,0,0,3,true,1,LINESTRING EMPTY
11886,60,false,0,1,RIGHT,1,5,true,0,false,false,,1,true,10,50,true,true,500,0,50,VEHICLEBASED,,true,11886,false,1.3,false,true,true,true,0,0,0,3,true,1,LINESTRING EMPTY
11887,60,false,0,1,ALL,1,5,true,0,false,false,,1,true,10,200,false,true,500,0,50,VEHICLEBASED,,true,11887,false,1.3,false,true,true,true,0,0,0,3,true,1,LINESTRING EMPTY
11888,60,false,0,1,RIGHT,1,5,true,0,false,false,,1,true,10,50,true,true,500,0,50,VEHICLEBASED,,true,11888,false,1.3,true,true,true,true,0,0,0,3,true,1,LINESTRING EMPTY
11889,60,false,0,1,ALL,1,5,true,0,false,false,,1,true,10,200,false,true,500,0,50,VEHICLEBASED,,true,11889,false,1.3,true,true,true,true,0,0,0,3,true,1,LINESTRING EMPTY
11890,60,false,0,1,RIGHT,1,5,true,0,false,false,,1,true,10,50,true,true,500,0,50,VEHICLEBASED,,true,11890,false,1.3,false,true,true,true,0,0,0,3,true,1,LINESTRING EMPTY
11891,60,false,0,1,ALL,1,5,true,0,false,false,,1,true,10,200,false,true,500,0,50,VEHICLEBASED,,true,11891,false,1.3,false,true,true,true,0,0,0,3,true,1,LINESTRING EMPTY
11892,60,false,0,1,RIGHT,1,5,true,0,false,false,,1,true,10,50,true,true,500,0,50,VEHICLEBASED,,true,11892,false,1.3,true,true,true,true,0,0,0,3,true,1,LINESTRING EMPTY
11893,60,false,0,1,ALL,1,5,true,0,false,false,,1,true,10,200,false,true,500,0,50,VEHICLEBASED,,true,11893,false,1.3,true,true,true,true,0,0,0,3,true,1,LINESTRING EMPTY
11894,60,false,0,1,RIGHT,1,5,true,0,false,false,,1,true,10,50,true,true,500,0,50,VEHICLEBASED,,true,11894,false,1.3,false,true,true,true,0,0,0,3,true,1,LINESTRING EMPTY
11895,60,false,0,1,ALL,1,5,true,0,false,false,,1,true,10,200,false,true,500,0,50,VEHICLEBASED,,true,11895,false,1.3,false,true,true,true,0,0,0,3,true,1,LINESTRING EMPTY
11896,60,false,0,1,RIGHT,1,5,true,0,false,false,,1,true,10,50,true,true,500,0,50,VEHICLEBASED,,true,11896,false,1.3,true,true,true,true,0,0,0,3,true,1,LINESTRING EMPTY
11897,60,false,0,1,ALL,1,5,true,0,false,false,,1,true,10,200,false,true,500,0,50,VEHICLEBASED,,true,11897,false,1.3,true,true,true,true,0,0,0,3,true,1,LINESTRING EMPTY
11898,60,false,0,1,RIGHT,1,5,true,0,false,false,,1,true,10,50,true,true,500,0,50,VEHICLEBASED,,true,11898,false,1.3,false,true,true,true,0,0,0,3,true,1,LINESTRING EMPTY
11899,60,false,0,1,ALL,1,5,true,0,false,false,,1,true,10,200,false,true,500,0,50,VEHICLEBASED,,true,11899,false,1.3,false,true,true,true,0,0,0,3,true,1,LINESTRING EMPTY
11900,60,false,0,1,RIGHT,1,5,true,0,false,false,,1,true,10,50,true,true,500,0,50,VEHICLEBASED,,true,11900,false,1.3,true,true,true,true,0,0,0,3,true,1,LINESTRING EMPTY
11901,60,false,0,1,ALL,1,5,true,0,false,false,,1,true,10,200,false,true,500,0,50,VEHICLEBASED,,true,11901,false,1.3,true,true,true,true,0,0,0,3,true,1,LINESTRING EMPTY
11902,60,false,0,1,RIGHT,70,5,true,0,false,false,,1,true,10,50,true,true,500,0,50,VEHICLEBASED,TNorte 8,true,11902,false,1.3,false,true,true,true,0,0,0,3,true,1,LINESTRING EMPTY
11903,60,false,0,1,ALL,70,5,true,0,false,false,,1,true,10,200,false,true,500,0,50,VEHICLEBASED,TNorte 8,true,11903,false,1.3,false,true,true,true,0,0,0,3,true,1,LINESTRING EMPTY
11904,60,false,0,1,RIGHT,70,5,true,0,false,false,,1,true,10,50,true,true,500,0,50,VEHICLEBASED,TNorte 8,true,11904,false,1.3,true,true,true,true,0,0,0,3,true,1,LINESTRING EMPTY
11905,60,false,0,1,ALL,70,5,true,0,false,false,,1,true,10,200,false,true,500,0,50,VEHICLEBASED,TNorte 8,true,11905,false,1.3,true,true,true,true,0,0,0,3,true,1,LINESTRING EMPTY
11906,60,false,0,1,RIGHT,70,5,true,0,false,false,,1,true,10,50,true,true,500,0,50,VEHICLEBASED,TNorte 8,true,11906,false,1.3,false,true,true,true,0,0,0,3,true,1,LINESTRING EMPTY
11907,60,false,0,1,ALL,70,5,true,0,false,false,,1,true,10,200,false,true,500,0,50,VEHICLEBASED,TNorte 8,true,11907,false,1.3,false,true,true,true,0,0,0,3,true,1,LINESTRING EMPTY
11908,60,false,0,1,RIGHT,70,5,true,0,false,false,,1,true,10,50,true,true,500,0,50,VEHICLEBASED,TNorte 8,true,11908,false,1.3,true,true,true,true,0,0,0,3,true,1,LINESTRING EMPTY
11909,60,false,0,1,ALL,70,5,true,0,false,false,,1,true,10,200,false,true,500,0,50,VEHICLEBASED,TNorte 8,true,11909,false,1.3,true,true,true,true,0,0,0,3,true,1,LINESTRING EMPTY
11910,60,false,0,1,RIGHT,70,5,true,0,false,false,,1,true,10,50,true,true,500,0,50,VEHICLEBASED,TNorte 8,true,11910,false,1.3,false,true,true,true,0,0,0,3,true,1,LINESTRING EMPTY
11911,60,false,0,1,ALL,70,5,true,0,false,false,,1,true,10,200,false,true,500,0,50,VEHICLEBASED,TNorte 8,true,11911,false,1.3,false,true,true,true,0,0,0,3,true,1,LINESTRING EMPTY
11912,60,false,0,1,RIGHT,70,5,true,0,false,false,,1,true,10,50,true,true,500,0,50,VEHICLEBASED,TNorte 8,true,11912,false,1.3,true,true,true,true,0,0,0,3,true,1,LINESTRING EMPTY
11913,60,false,0,1,ALL,70,5,true,0,false,false,,1,true,10,200,false,true,500,0,50,VEHICLEBASED,TNorte 8,true,11913,false,1.3,true,true,true,true,0,0,0,3,true,1,LINESTRING EMPTY
11914,60,false,0,1,RIGHT,70,5,true,0,false,false,,1,true,10,50,true,true,500,0,50,VEHICLEBASED,TNorte 8,true,11914,false,1.3,false,true,true,true,0,0,0,3,true,1,LINESTRING EMPTY
11915,60,false,0,1,ALL,70,5,true,0,false,false,,1,true,10,200,false,true,500,0,50,VEHICLEBASED,TNorte 8,true,11915,false,1.3,false,true,true,true,0,0,0,3,true,1,LINESTRING EMPTY
11916,60,false,0,1,RIGHT,70,5,true,0,false,false,,1,true,10,50,true,true,500,0,50,VEHICLEBASED,TNorte 8,true,11916,false,1.3,true,true,true,true,0,0,0,3,true,1,LINESTRING EMPTY
11917,60,false,0,1,ALL,70,5,true,0,false,false,,1,true,10,200,false,true,500,0,50,VEHICLEBASED,TNorte 8,true,11917,false,1.3,true,true,true,true,0,0,0,3,true,1,LINESTRING EMPTY
11918,60,false,0,1,RIGHT,70,5,true,0,false,false,,1,true,10,50,true,true,500,0,50,VEHICLEBASED,TNorte 8,true,11918,false,1.3,false,true,true,true,0,0,0,3,true,1,LINESTRING EMPTY
11919,60,false,0,1,ALL,70,5,true,0,false,false,,1,true,10,200,false,true,500,0,50,VEHICLEBASED,TNorte 8,true,11919,false,1.3,false,true,true,true,0,0,0,3,true,1,LINESTRING EMPTY
11920,60,false,0,1,RIGHT,70,5,true,0,false,false,,1,true,10,50,true,true,500,0,50,VEHICLEBASED,TNorte 8,true,11920,false,1.3,true,true,true,true,0,0,0,3,true,1,LINESTRING EMPTY
11921,60,false,0,1,ALL,70,5,true,0,false,false,,1,true,10,200,false,true,500,0,50,VEHICLEBASED,TNorte 8,true,11921,false,1.3,true,true,true,true,0,0,0,3,true,1,LINESTRING EMPTY
11922,60,false,0,1,RIGHT,70,5,true,0,false,false,,1,true,10,50,true,true,500,0,50,VEHICLEBASED,TNorte 8,true,11922,false,1.3,false,true,true,true,0,0,0,3,true,1,LINESTRING EMPTY
11923,60,false,0,1,ALL,70,5,true,0,false,false,,1,true,10,200,false,true,500,0,50,VEHICLEBASED,TNorte 8,true,11923,false,1.3,false,true,true,true,0,0,0,3,true,1,LINESTRING EMPTY
11924,60,false,0,1,RIGHT,70,5,true,0,false,false,,1,true,10,50,true,true,500,0,50,VEHICLEBASED,TNorte 8,true,11924,false,1.3,true,true,true,true,0,0,0,3,true,1,LINESTRING EMPTY
11925,60,false,0,1,ALL,70,5,true,0,false,false,,1,true,10,200,false,true,500,0,50,VEHICLEBASED,TNorte 8,true,11925,false,1.3,true,true,true,true,0,0,0,3,true,1,LINESTRING EMPTY
11926,60,false,0,1,RIGHT,70,5,true,0,false,false,,1,true,10,50,true,true,500,0,50,VEHICLEBASED,TNorte 8,true,11926,false,1.3,false,true,true,true,0,0,0,3,true,1,LINESTRING EMPTY
11927,60,false,0,1,ALL,70,5,true,0,false,false,,1,true,10,200,false,true,500,0,50,VEHICLEBASED,TNorte 8,true,11927,false,1.3,false,true,true,true,0,0,0,3,true,1,LINESTRING EMPTY
11928,60,false,0,1,RIGHT,70,5,true,0,false,false,,1,true,10,50,true,true,500,0,50,VEHICLEBASED,TNorte 8,true,11928,false,1.3,true,true,true,true,0,0,0,3,true,1,LINESTRING EMPTY
11929,60,false,0,1,ALL,70,5,true,0,false,false,,1,true,10,200,false,true,500,0,50,VEHICLEBASED,TNorte 8,true,11929,false,1.3,true,true,true,true,0,0,0,3,true,1,LINESTRING EMPTY
11930,60,false,0,1,RIGHT,70,5,true,0,false,false,,1,true,10,50,true,true,500,0,50,VEHICLEBASED,TNorte 8,true,11930,false,1.3,false,true,true,true,0,0,0,3,true,1,LINESTRING EMPTY
11931,60,false,0,1,ALL,70,5,true,0,false,false,,1,true,10,200,false,true,500,0,50,VEHICLEBASED,TNorte 8,true,11931,false,1.3,false,true,true,true,0,0,0,3,true,1,LINESTRING EMPTY
11932,60,false,0,1,RIGHT,70,5,true,0,false,false,,1,true,10,50,true,true,500,0,50,VEHICLEBASED,TNorte 8,true,11932,false,1.3,true,true,true,true,0,0,0,3,true,1,LINESTRING EMPTY
11933,60,false,0,1,ALL,70,5,true,0,false,false,,1,true,10,200,false,true,500,0,50,VEHICLEBASED,TNorte 8,true,11933,false,1.3,true,true,true,true,0,0,0,3,true,1,LINESTRING EMPTY
11934,60,false,0,1,RIGHT,70,5,true,0,false,false,,1,true,10,50,true,true,500,0,50,VEHICLEBASED,TNorte 8,true,11934,false,1.3,false,true,true,true,0,0,0,3,true,1,LINESTRING EMPTY
11935,60,false,0,1,ALL,70,5,true,0,false,false,,1,true,10,200,false,true,500,0,50,VEHICLEBASED,TNorte 8,true,11935,false,1.3,false,true,true,true,0,0,0,3,true,1,LINESTRING EMPTY
11936,60,false,0,1,RIGHT,70,5,true,0,false,false,,1,true,10,50,true,true,500,0,50,VEHICLEBASED,TNorte 8,true,11936,false,1.3,true,true,true,true,0,0,0,3,true,1,LINESTRING EMPTY
11937,60,false,0,1,ALL,70,5,true,0,false,false,,1,true,10,200,false,true,500,0,50,VEHICLEBASED,TNorte 8,true,11937,false,1.3,true,true,true,true,0,0,0,3,true,1,LINESTRING EMPTY
11938,60,false,0,1,RIGHT,70,5,true,0,false,false,,1,true,10,50,true,true,500,0,50,VEHICLEBASED,TNorte 8,true,11938,false,1.3,false,true,true,true,0,0,0,3,true,1,LINESTRING EMPTY
11939,60,false,0,1,ALL,70,5,true,0,false,false,,1,true,10,200,false,true,500,0,50,VEHICLEBASED,TNorte 8,true,11939,false,1.3,false,true,true,true,0,0,0,3,true,1,LINESTRING EMPTY
11940,60,false,0,1,RIGHT,70,5,true,0,false,false,,1,true,10,50,true,true,500,0,50,VEHICLEBASED,TNorte 8,true,11940,false,1.3,true,true,true,true,0,0,0,3,true,1,LINESTRING EMPTY
11941,60,false,0,1,ALL,70,5,true,0,false,false,,1,true,10,200,false,true,500,0,50,VEHICLEBASED,TNorte 8,true,11941,false,1.3,true,true,true,true,0,0,0,3,true,1,LINESTRING EMPTY
11942,60,false,0,1,RIGHT,70,5,true,0,false,false,,1,true,10,50,true,true,500,0,50,VEHICLEBASED,TNorte 8,true,11942,false,1.3,false,true,true,true,0,0,0,3,true,1,LINESTRING EMPTY
11943,60,false,0,1,ALL,70,5,true,0,false,false,,1,true,10,200,false,true,500,0,50,VEHICLEBASED,TNorte 8,true,11943,false,1.3,false,true,true,true,0,0,0,3,true,1,LINESTRING EMPTY
11944,60,false,0,1,RIGHT,70,5,true,0,false,false,,1,true,10,50,true,true,500,0,50,VEHICLEBASED,TNorte 8,true,11944,false,1.3,true,true,true,true,0,0,0,3,true,1,LINESTRING EMPTY
11945,60,false,0,1,ALL,70,5,true,0,false,false,,1,true,10,200,false,true,500,0,50,VEHICLEBASED,TNorte 8,true,11945,false,1.3,true,true,true,true,0,0,0,3,true,1,LINESTRING EMPTY
11946,60,false,0,1,RIGHT,70,5,true,0,false,false,,1,true,10,50,true,true,500,0,50,VEHICLEBASED,TNorte 8,true,11946,false,1.3,false,true,true,true,0,0,0,3,true,1,LINESTRING EMPTY
11947,60,false,0,1,ALL,70,5,true,0,false,false,,1,true,10,200,false,true,500,0,50,VEHICLEBASED,TNorte 8,true,11947,false,1.3,false,true,true,true,0,0,0,3,true,1,LINESTRING EMPTY
11948,60,false,0,1,RIGHT,70,5,true,0,false,false,,1,true,10,50,true,true,500,0,50,VEHICLEBASED,TNorte 8,true,11948,false,1.3,true,true,true,true,0,0,0,3,true,1,LINESTRING EMPTY
11949,60,false,0,1,ALL,70,5,true,0,false,false,,1,true,10,200,false,true,500,0,50,VEHICLEBASED,TNorte 8,true,11949,false,1.3,true,true,true,true,0,0,0,3,true,1,LINESTRING EMPTY
11950,60,false,0,1,RIGHT,70,5,true,0,false,false,,1,true,10,50,true,true,500,0,50,VEHICLEBASED,TNorte 8,true,11950,false,1.3,false,true,true,true,0,0,0,3,true,1,LINESTRING EMPTY
11951,60,false,0,1,ALL,70,5,true,0,false,false,,1,true,10,200,false,true,500,0,50,VEHICLEBASED,TNorte 8,true,11951,false,1.3,false,true,true,true,0,0,0,3,true,1,LINESTRING EMPTY
11952,60,false,0,1,RIGHT,70,5,true,0,false,false,,1,true,10,50,true,true,500,0,50,VEHICLEBASED,TNorte 8,true,11952,false,1.3,true,true,true,true,0,0,0,3,true,1,LINESTRING EMPTY
11953,60,false,0,1,ALL,70,5,true,0,false,false,,1,true,10,200,false,true,500,0,50,VEHICLEBASED,TNorte 8,true,11953,false,1.3,true,true,true,true,0,0,0,3,true,1,LINESTRING EMPTY
11954,60,false,0,1,RIGHT,70,5,true,0,false,false,,1,true,10,50,true,true,500,0,50,VEHICLEBASED,TNorte 8,true,11954,false,1.3,false,true,true,true,0,0,0,3,true,1,LINESTRING EMPTY
11955,60,false,0,1,ALL,70,5,true,0,false,false,,1,true,10,200,false,true,500,0,50,VEHICLEBASED,TNorte 8,true,11955,false,1.3,false,true,true,true,0,0,0,3,true,1,LINESTRING EMPTY
11956,60,false,0,1,RIGHT,70,5,true,0,false,false,,1,true,10,50,true,true,500,0,50,VEHICLEBASED,TNorte 8,true,11956,false,1.3,true,true,true,true,0,0,0,3,true,1,LINESTRING EMPTY
11957,60,false,0,1,ALL,70,5,true,0,false,false,,1,true,10,200,false,true,500,0,50,VEHICLEBASED,TNorte 8,true,11957,false,1.3,true,true,true,true,0,0,0,3,true,1,LINESTRING EMPTY
11958,60,false,0,1,RIGHT,70,5,true,0,false,false,,1,true,10,50,true,true,500,0,50,VEHICLEBASED,TNorte 8,true,11958,false,1.3,false,true,true,true,0,0,0,3,true,1,LINESTRING EMPTY
11959,60,false,0,1,ALL,70,5,true,0,false,false,,1,true,10,200,false,true,500,0,50,VEHICLEBASED,TNorte 8,true,11959,false,1.3,false,true,true,true,0,0,0,3,true,1,LINESTRING EMPTY
11960,60,false,0,1,RIGHT,70,5,true,0,false,false,,1,true,10,50,true,true,500,0,50,VEHICLEBASED,TNorte 8,true,11960,false,1.3,true,true,true,true,0,0,0,3,true,1,LINESTRING EMPTY
11961,60,false,0,1,ALL,70,5,true,0,false,false,,1,true,10,200,false,true,500,0,50,VEHICLEBASED,TNorte 8,true,11961,false,1.3,true,true,true,true,0,0,0,3,true,1,LINESTRING EMPTY
11962,60,false,0,1,RIGHT,70,5,true,0,false,false,,1,true,10,50,true,true,500,0,50,VEHICLEBASED,TNorte 8,true,11962,false,1.3,false,true,true,true,0,0,0,3,true,1,LINESTRING EMPTY
11963,60,false,0,1,ALL,70,5,true,0,false,false,,1,true,10,200,false,true,500,0,50,VEHICLEBASED,TNorte 8,true,11963,false,1.3,false,true,true,true,0,0,0,3,true,1,LINESTRING EMPTY
11964,60,false,0,1,RIGHT,70,5,true,0,false,false,,1,true,10,50,true,true,500,0,50,VEHICLEBASED,TNorte 8,true,11964,false,1.3,true,true,true,true,0,0,0,3,true,1,LINESTRING EMPTY
11965,60,false,0,1,ALL,70,5,true,0,false,false,,1,true,10,200,false,true,500,0,50,VEHICLEBASED,TNorte 8,true,11965,false,1.3,true,true,true,true,0,0,0,3,true,1,LINESTRING EMPTY
11966,60,false,0,1,RIGHT,70,5,true,0,false,false,,1,true,10,50,true,true,500,0,50,VEHICLEBASED,TNorte 8,true,11966,false,1.3,false,true,true,true,0,0,0,3,true,1,LINESTRING EMPTY
11967,60,false,0,1,ALL,70,5,true,0,false,false,,1,true,10,200,false,true,500,0,50,VEHICLEBASED,TNorte 8,true,11967,false,1.3,false,true,true,true,0,0,0,3,true,1,LINESTRING EMPTY
11968,60,false,0,1,RIGHT,70,5,true,0,false,false,,1,true,10,50,true,true,500,0,50,VEHICLEBASED,TNorte 8,true,11968,false,1.3,true,true,true,true,0,0,0,3,true,1,LINESTRING EMPTY
11969,60,false,0,1,ALL,70,5,true,0,false,false,,1,true,10,200,false,true,500,0,50,VEHICLEBASED,TNorte 8,true,11969,false,1.3,true,true,true,true,0,0,0,3,true,1,LINESTRING EMPTY
11970,60,false,0,1,RIGHT,70,5,true,0,false,false,,1,true,10,50,true,true,500,0,50,VEHICLEBASED,TNorte 8,true,11970,false,1.3,false,true,true,true,0,0,0,3,true,1,LINESTRING EMPTY
11971,60,false,0,1,ALL,70,5,true,0,false,false,,1,true,10,200,false,true,500,0,50,VEHICLEBASED,TNorte 8,true,11971,false,1.3,false,true,true,true,0,0,0,3,true,1,LINESTRING EMPTY
11972,60,false,0,1,RIGHT,70,5,true,0,false,false,,1,true,10,50,true,true,500,0,50,VEHICLEBASED,TNorte 8,true,11972,false,1.3,true,true,true,true,0,0,0,3,true,1,LINESTRING EMPTY
11973,60,false,0,1,ALL,70,5,true,0,false,false,,1,true,10,200,false,true,500,0,50,VEHICLEBASED,TNorte 8,true,11973,false,1.3,true,true,true,true,0,0,0,3,true,1,LINESTRING EMPTY
11974,60,false,0,1,RIGHT,70,5,true,0,false,false,,1,true,10,50,true,true,500,0,50,VEHICLEBASED,TNorte 8,true,11974,false,1.3,false,true,true,true,0,0,0,3,true,1,LINESTRING EMPTY
11975,60,false,0,1,ALL,70,5,true,0,false,false,,1,true,10,200,false,true,500,0,50,VEHICLEBASED,TNorte 8,true,11975,false,1.3,false,true,true,true,0,0,0,3,true,1,LINESTRING EMPTY
11976,60,false,0,1,RIGHT,70,5,true,0,false,false,,1,true,10,50,true,true,500,0,50,VEHICLEBASED,TNorte 8,true,11976,false,1.3,true,true,true,true,0,0,0,3,true,1,LINESTRING EMPTY
11977,60,false,0,1,ALL,70,5,true,0,false,false,,1,true,10,200,false,true,500,0,50,VEHICLEBASED,TNorte 8,true,11977,false,1.3,true,true,true,true,0,0,0,3,true,1,LINESTRING EMPTY
11978,60,false,0,1,RIGHT,70,5,true,0,false,false,,1,true,10,50,true,true,500,0,50,VEHICLEBASED,TNorte 8,true,11978,false,1.3,false,true,true,true,0,0,0,3,true,1,LINESTRING EMPTY
11979,60,false,0,1,ALL,70,5,true,0,false,false,,1,true,10,200,false,true,500,0,50,VEHICLEBASED,TNorte 8,true,11979,false,1.3,false,true,true,true,0,0,0,3,true,1,LINESTRING EMPTY
11980,60,false,0,1,RIGHT,70,5,true,0,false,false,,1,true,10,50,true,true,500,0,50,VEHICLEBASED,TNorte 8,true,11980,false,1.3,true,true,true,true,0,0,0,3,true,1,LINESTRING EMPTY
11981,60,false,0,1,ALL,70,5,true,0,false,false,,1,true,10,200,false,true,500,0,50,VEHICLEBASED,TNorte 8,true,11981,false,1.3,true,true,true,true,0,0,0,3,true,1,LINESTRING EMPTY
11982,60,false,0,1,RIGHT,70,5,true,0,false,false,,1,true,10,50,true,true,500,0,50,VEHICLEBASED,TNorte 8,true,11982,false,1.3,false,true,true,true,0,0,0,3,true,1,LINESTRING EMPTY
11983,60,false,0,1,ALL,70,5,true,0,false,false,,1,true,10,200,false,true,500,0,50,VEHICLEBASED,TNorte 8,true,11983,false,1.3,false,true,true,true,0,0,0,3,true,1,LINESTRING EMPTY
11984,60,false,0,1,RIGHT,70,5,true,0,false,false,,1,true,10,50,true,true,500,0,50,VEHICLEBASED,TNorte 8,true,11984,false,1.3,true,true,true,true,0,0,0,3,true,1,LINESTRING EMPTY
11985,60,false,0,1,ALL,70,5,true,0,false,false,,1,true,10,200,false,true,500,0,50,VEHICLEBASED,TNorte 8,true,11985,false,1.3,true,true,true,true,0,0,0,3,true,1,LINESTRING EMPTY
